{"level":30,"time":1774380398468,"pid":7,"hostname":"f10409d02a48","msg":"Using baseUrl: http://localhost for service connections"}
{"level":30,"time":1774380398859,"pid":7,"hostname":"f10409d02a48","msg":"No existing config found, creating initial config"}
{"level":30,"time":1774380398867,"pid":7,"hostname":"f10409d02a48","msg":"[DATABASE] Config created with ID: 1"}
{"level":30,"time":1774380398868,"pid":7,"hostname":"f10409d02a48","msg":"Creating default Sonarr instance from .env"}
{"level":30,"time":1774380398871,"pid":7,"hostname":"f10409d02a48","msg":"[DATABASE] Sonarr instance created with ID: 1"}
{"level":30,"time":1774380398879,"pid":7,"hostname":"f10409d02a48","msg":"Creating default Radarr instance from .env"}
{"level":30,"time":1774380398881,"pid":7,"hostname":"f10409d02a48","msg":"[DATABASE] Radarr instance created with ID: 1"}
{"level":30,"time":1774380398882,"pid":7,"hostname":"f10409d02a48","msg":"[SCHEDULER] Scheduler service initialized"}
{"level":30,"time":1774380398883,"pid":7,"hostname":"f10409d02a48","msg":"[API_KEY] Initializing ApiKeyService"}
{"level":30,"time":1774380398885,"pid":7,"hostname":"f10409d02a48","msg":"[PLEX_SERVER] Initializing PlexServerService"}
{"level":30,"time":1774380398888,"pid":7,"hostname":"f10409d02a48","msg":"[SONARR] Basic initialization only for Default Sonarr Instance (placeholder credentials)"}
{"level":30,"time":1774380398889,"pid":7,"hostname":"f10409d02a48","msg":"[RADARR] Basic initialization only for Default Radarr Instance (placeholder credentials)"}
{"level":30,"time":1774380398981,"pid":7,"hostname":"f10409d02a48","msg":"[CONTENT_ROUTER] Successfully loaded 9 router evaluators"}
{"level":30,"time":1774380398981,"pid":7,"hostname":"f10409d02a48","msg":"Content router initialized with plugins: Conditional Router, Streaming Availability Router, Genre Router, Ratings Router, User Router, Year Router, Season Router, Language Router, Certification Router"}
{"level":30,"time":1774380398982,"pid":7,"hostname":"f10409d02a48","msg":"[PLEX_LABEL_SYNC] Initializing PlexLabelSyncService"}
{"level":30,"time":1774380398982,"pid":7,"hostname":"f10409d02a48","msg":"[DELETE_SYNC] Initializing Delete Sync Service"}
{"level":30,"time":1774380398983,"pid":7,"hostname":"f10409d02a48","msg":"[PLEX_SESSION_MONITOR] PlexSessionMonitorService initialized"}
{"level":30,"time":1774380398983,"pid":7,"hostname":"f10409d02a48","msg":"[WATCHLIST_WORKFLOW] Initializing Watchlist Workflow Service"}
{"level":30,"time":1774380401868,"pid":7,"hostname":"f10409d02a48","msg":"Anime database is empty, running initial update in background..."}
{"level":30,"time":1774380401869,"pid":7,"hostname":"f10409d02a48","msg":"[PLEX_SERVER] Initializing PlexServerService connections and users"}
{"level":40,"time":1774380401869,"pid":7,"hostname":"f10409d02a48","msg":"[PLEX_SERVER] No Plex admin token available for connection discovery"}
{"level":40,"time":1774380401870,"pid":7,"hostname":"f10409d02a48","msg":"[PLEX_SERVER] No Plex admin token available for user operations"}
{"level":40,"time":1774380401870,"pid":7,"hostname":"f10409d02a48","msg":"[PLEX_SERVER] No Plex users found during initialization"}
{"level":40,"time":1774380401870,"pid":7,"hostname":"f10409d02a48","msg":"[PLEX_SERVER] No Plex admin token available for shared server operations"}
{"level":40,"time":1774380401870,"pid":7,"hostname":"f10409d02a48","msg":"[PLEX_SERVER] No shared server info found during initialization"}
{"level":30,"time":1774380401870,"pid":7,"hostname":"f10409d02a48","msg":"PlexServerService initialized successfully"}
{"level":40,"time":1774380401871,"pid":7,"hostname":"f10409d02a48","msg":"[PLEX_SERVER] No Plex admin token available for connection discovery"}
{"level":40,"time":1774380401871,"pid":7,"hostname":"f10409d02a48","msg":"[PLEX_SERVER] No Plex token available, skipping SSE connection"}
{"level":30,"time":1774380401871,"pid":7,"hostname":"f10409d02a48","msg":"[NOTIFICATIONS] [PLEX_MOBILE] Plex Pass status not yet determined — Plex mobile notifications deferred"}
{"level":30,"time":1774380401871,"pid":7,"hostname":"f10409d02a48","msg":"[NOTIFICATIONS] No Apprise URL configured, Apprise notifications will be disabled"}
{"level":30,"time":1774380401923,"pid":7,"hostname":"f10409d02a48","msg":"[ANIME] Starting anime database update..."}
{"level":30,"time":1774380401923,"pid":7,"hostname":"f10409d02a48","msg":"[ANIME] Downloading anime list XML..."}
{"level":30,"time":1774380401925,"pid":7,"hostname":"f10409d02a48","msg":"Server listening at http://127.0.0.1:3003"}
{"level":30,"time":1774380401925,"pid":7,"hostname":"f10409d02a48","msg":"Server listening at http://192.168.147.6:3003"}
{"level":30,"time":1774380402294,"pid":7,"hostname":"f10409d02a48","msg":"[ANIME] Downloaded anime list XML (1735423 bytes)"}
{"level":30,"time":1774380402580,"pid":7,"hostname":"f10409d02a48","msg":"[ANIME] Processing 10530 anime entries from XML"}
{"level":30,"time":1774380402588,"pid":7,"hostname":"f10409d02a48","msg":"[ANIME] Parsed 10529 anime ID entries"}
{"level":30,"time":1774380402589,"pid":7,"hostname":"f10409d02a48","msg":"[ANIME] Breakdown: 4241 TVDB, 592 TMDB Movie, 4109 TMDB TV, 1587 IMDb"}
{"level":30,"time":1774380402589,"pid":7,"hostname":"f10409d02a48","msg":"[ANIME] Parsed data in memory, now updating database..."}
{"level":30,"time":1774380402590,"pid":7,"hostname":"f10409d02a48","msg":"[ANIME] Cleared existing anime IDs"}
{"level":30,"time":1774380402664,"pid":7,"hostname":"f10409d02a48","msg":"[ANIME] Inserted anime IDs into database"}
{"level":30,"time":1774380402671,"pid":7,"hostname":"f10409d02a48","msg":"[ANIME] Anime database updated successfully with 10529 entries"}
{"level":30,"time":1774380402672,"pid":7,"hostname":"f10409d02a48","msg":"Initial anime database populated: 10529 entries"}
{"level":30,"time":1774387030583,"pid":7,"hostname":"f10409d02a48","msg":"SIGTERM received, server closing"}
{"level":30,"time":1774387141868,"pid":7,"hostname":"f10409d02a48","msg":"Using baseUrl: http://localhost for service connections"}
{"level":30,"time":1774387142780,"pid":7,"hostname":"f10409d02a48","msg":"[SCHEDULER] Scheduler service initialized"}
{"level":30,"time":1774387142782,"pid":7,"hostname":"f10409d02a48","msg":"[API_KEY] Initializing ApiKeyService"}
{"level":30,"time":1774387142784,"pid":7,"hostname":"f10409d02a48","msg":"[PLEX_SERVER] Initializing PlexServerService"}
{"level":30,"time":1774387142788,"pid":7,"hostname":"f10409d02a48","msg":"[SONARR] Basic initialization only for Default Sonarr Instance (placeholder credentials)"}
{"level":30,"time":1774387142790,"pid":7,"hostname":"f10409d02a48","msg":"[RADARR] Basic initialization only for Default Radarr Instance (placeholder credentials)"}
{"level":30,"time":1774387142816,"pid":7,"hostname":"f10409d02a48","msg":"[CONTENT_ROUTER] Successfully loaded 9 router evaluators"}
{"level":30,"time":1774387142818,"pid":7,"hostname":"f10409d02a48","msg":"Content router initialized with plugins: Conditional Router, Streaming Availability Router, Genre Router, Ratings Router, User Router, Year Router, Season Router, Language Router, Certification Router"}
{"level":30,"time":1774387142819,"pid":7,"hostname":"f10409d02a48","msg":"[PLEX_LABEL_SYNC] Initializing PlexLabelSyncService"}
{"level":30,"time":1774387142822,"pid":7,"hostname":"f10409d02a48","msg":"[DELETE_SYNC] Initializing Delete Sync Service"}
{"level":30,"time":1774387142826,"pid":7,"hostname":"f10409d02a48","msg":"[PLEX_SESSION_MONITOR] PlexSessionMonitorService initialized"}
{"level":30,"time":1774387142828,"pid":7,"hostname":"f10409d02a48","msg":"[WATCHLIST_WORKFLOW] Initializing Watchlist Workflow Service"}
{"level":30,"time":1774387145559,"pid":7,"hostname":"f10409d02a48","msg":"Anime database already contains 10529 entries"}
{"level":30,"time":1774387145560,"pid":7,"hostname":"f10409d02a48","msg":"[PLEX_SERVER] Initializing PlexServerService connections and users"}
{"level":40,"time":1774387145561,"pid":7,"hostname":"f10409d02a48","msg":"[PLEX_SERVER] No Plex admin token available for connection discovery"}
{"level":40,"time":1774387145561,"pid":7,"hostname":"f10409d02a48","msg":"[PLEX_SERVER] No Plex admin token available for user operations"}
{"level":40,"time":1774387145561,"pid":7,"hostname":"f10409d02a48","msg":"[PLEX_SERVER] No Plex users found during initialization"}
{"level":40,"time":1774387145562,"pid":7,"hostname":"f10409d02a48","msg":"[PLEX_SERVER] No Plex admin token available for shared server operations"}
{"level":40,"time":1774387145562,"pid":7,"hostname":"f10409d02a48","msg":"[PLEX_SERVER] No shared server info found during initialization"}
{"level":30,"time":1774387145562,"pid":7,"hostname":"f10409d02a48","msg":"PlexServerService initialized successfully"}
{"level":40,"time":1774387145562,"pid":7,"hostname":"f10409d02a48","msg":"[PLEX_SERVER] No Plex admin token available for connection discovery"}
{"level":40,"time":1774387145562,"pid":7,"hostname":"f10409d02a48","msg":"[PLEX_SERVER] No Plex token available, skipping SSE connection"}
{"level":30,"time":1774387145562,"pid":7,"hostname":"f10409d02a48","msg":"[NOTIFICATIONS] [PLEX_MOBILE] Plex Pass status not yet determined — Plex mobile notifications deferred"}
{"level":30,"time":1774387145563,"pid":7,"hostname":"f10409d02a48","msg":"[NOTIFICATIONS] No Apprise URL configured, Apprise notifications will be disabled"}
{"level":30,"time":1774387145571,"pid":7,"hostname":"f10409d02a48","msg":"[SCHEDULER] Scheduler ready: 7 jobs scheduled and active"}
{"level":30,"time":1774387145586,"pid":7,"hostname":"f10409d02a48","msg":"Server listening at http://127.0.0.1:3003"}
{"level":30,"time":1774387145586,"pid":7,"hostname":"f10409d02a48","msg":"Server listening at http://192.168.147.7:3003"}
{"level":30,"time":1774387155329,"pid":7,"hostname":"f10409d02a48","msg":"SIGTERM received, server closing"}
{"level":30,"time":1774387774827,"pid":7,"hostname":"f10409d02a48","msg":"Using baseUrl: http://localhost for service connections"}
{"level":30,"time":1774387776236,"pid":7,"hostname":"f10409d02a48","msg":"[SCHEDULER] Scheduler service initialized"}
{"level":30,"time":1774387776238,"pid":7,"hostname":"f10409d02a48","msg":"[API_KEY] Initializing ApiKeyService"}
{"level":30,"time":1774387776241,"pid":7,"hostname":"f10409d02a48","msg":"[PLEX_SERVER] Initializing PlexServerService"}
{"level":30,"time":1774387776245,"pid":7,"hostname":"f10409d02a48","msg":"[SONARR] Basic initialization only for Default Sonarr Instance (placeholder credentials)"}
{"level":30,"time":1774387776247,"pid":7,"hostname":"f10409d02a48","msg":"[RADARR] Basic initialization only for Default Radarr Instance (placeholder credentials)"}
{"level":30,"time":1774387776277,"pid":7,"hostname":"f10409d02a48","msg":"[CONTENT_ROUTER] Successfully loaded 9 router evaluators"}
{"level":30,"time":1774387776277,"pid":7,"hostname":"f10409d02a48","msg":"Content router initialized with plugins: Conditional Router, Streaming Availability Router, Genre Router, Ratings Router, User Router, Year Router, Season Router, Language Router, Certification Router"}
{"level":30,"time":1774387776278,"pid":7,"hostname":"f10409d02a48","msg":"[PLEX_LABEL_SYNC] Initializing PlexLabelSyncService"}
{"level":30,"time":1774387776279,"pid":7,"hostname":"f10409d02a48","msg":"[DELETE_SYNC] Initializing Delete Sync Service"}
{"level":30,"time":1774387776282,"pid":7,"hostname":"f10409d02a48","msg":"[PLEX_SESSION_MONITOR] PlexSessionMonitorService initialized"}
{"level":30,"time":1774387776283,"pid":7,"hostname":"f10409d02a48","msg":"[WATCHLIST_WORKFLOW] Initializing Watchlist Workflow Service"}
{"level":30,"time":1774387779455,"pid":7,"hostname":"f10409d02a48","msg":"Anime database already contains 10529 entries"}
{"level":30,"time":1774387779455,"pid":7,"hostname":"f10409d02a48","msg":"[PLEX_SERVER] Initializing PlexServerService connections and users"}
{"level":40,"time":1774387779456,"pid":7,"hostname":"f10409d02a48","msg":"[PLEX_SERVER] No Plex admin token available for connection discovery"}
{"level":40,"time":1774387779456,"pid":7,"hostname":"f10409d02a48","msg":"[PLEX_SERVER] No Plex admin token available for user operations"}
{"level":40,"time":1774387779456,"pid":7,"hostname":"f10409d02a48","msg":"[PLEX_SERVER] No Plex users found during initialization"}
{"level":40,"time":1774387779456,"pid":7,"hostname":"f10409d02a48","msg":"[PLEX_SERVER] No Plex admin token available for shared server operations"}
{"level":40,"time":1774387779457,"pid":7,"hostname":"f10409d02a48","msg":"[PLEX_SERVER] No shared server info found during initialization"}
{"level":30,"time":1774387779457,"pid":7,"hostname":"f10409d02a48","msg":"PlexServerService initialized successfully"}
{"level":40,"time":1774387779457,"pid":7,"hostname":"f10409d02a48","msg":"[PLEX_SERVER] No Plex admin token available for connection discovery"}
{"level":40,"time":1774387779457,"pid":7,"hostname":"f10409d02a48","msg":"[PLEX_SERVER] No Plex token available, skipping SSE connection"}
{"level":30,"time":1774387779457,"pid":7,"hostname":"f10409d02a48","msg":"[NOTIFICATIONS] [PLEX_MOBILE] Plex Pass status not yet determined — Plex mobile notifications deferred"}
{"level":30,"time":1774387779457,"pid":7,"hostname":"f10409d02a48","msg":"[NOTIFICATIONS] No Apprise URL configured, Apprise notifications will be disabled"}
{"level":30,"time":1774387779466,"pid":7,"hostname":"f10409d02a48","msg":"[SCHEDULER] Scheduler ready: 7 jobs scheduled and active"}
{"level":30,"time":1774387779478,"pid":7,"hostname":"f10409d02a48","msg":"Server listening at http://127.0.0.1:3003"}
{"level":30,"time":1774387779479,"pid":7,"hostname":"f10409d02a48","msg":"Server listening at http://192.168.147.6:3003"}
{"level":30,"time":1774388504856,"pid":7,"hostname":"f10409d02a48","msg":"SIGTERM received, server closing"}
{"level":30,"time":1774388583193,"pid":6,"hostname":"a6ccaaa074e3","msg":"Using baseUrl: http://localhost for service connections"}
{"level":30,"time":1774388583721,"pid":6,"hostname":"a6ccaaa074e3","msg":"[SCHEDULER] Scheduler service initialized"}
{"level":30,"time":1774388583724,"pid":6,"hostname":"a6ccaaa074e3","msg":"[API_KEY] Initializing ApiKeyService"}
{"level":30,"time":1774388583726,"pid":6,"hostname":"a6ccaaa074e3","msg":"[PLEX_SERVER] Initializing PlexServerService"}
{"level":30,"time":1774388583729,"pid":6,"hostname":"a6ccaaa074e3","msg":"[SONARR] Basic initialization only for Default Sonarr Instance (placeholder credentials)"}
{"level":30,"time":1774388583732,"pid":6,"hostname":"a6ccaaa074e3","msg":"[RADARR] Basic initialization only for Default Radarr Instance (placeholder credentials)"}
{"level":30,"time":1774388583746,"pid":6,"hostname":"a6ccaaa074e3","msg":"[CONTENT_ROUTER] Successfully loaded 9 router evaluators"}
{"level":30,"time":1774388583747,"pid":6,"hostname":"a6ccaaa074e3","msg":"Content router initialized with plugins: Conditional Router, Streaming Availability Router, Genre Router, Ratings Router, User Router, Year Router, Season Router, Language Router, Certification Router"}
{"level":30,"time":1774388583748,"pid":6,"hostname":"a6ccaaa074e3","msg":"[PLEX_LABEL_SYNC] Initializing PlexLabelSyncService"}
{"level":30,"time":1774388583748,"pid":6,"hostname":"a6ccaaa074e3","msg":"[DELETE_SYNC] Initializing Delete Sync Service"}
{"level":30,"time":1774388583751,"pid":6,"hostname":"a6ccaaa074e3","msg":"[PLEX_SESSION_MONITOR] PlexSessionMonitorService initialized"}
{"level":30,"time":1774388583752,"pid":6,"hostname":"a6ccaaa074e3","msg":"[WATCHLIST_WORKFLOW] Initializing Watchlist Workflow Service"}
{"level":30,"time":1774388585655,"pid":6,"hostname":"a6ccaaa074e3","msg":"Anime database already contains 10529 entries"}
{"level":30,"time":1774388585656,"pid":6,"hostname":"a6ccaaa074e3","msg":"[PLEX_SERVER] Initializing PlexServerService connections and users"}
{"level":40,"time":1774388585656,"pid":6,"hostname":"a6ccaaa074e3","msg":"[PLEX_SERVER] No Plex admin token available for connection discovery"}
{"level":40,"time":1774388585656,"pid":6,"hostname":"a6ccaaa074e3","msg":"[PLEX_SERVER] No Plex admin token available for user operations"}
{"level":40,"time":1774388585656,"pid":6,"hostname":"a6ccaaa074e3","msg":"[PLEX_SERVER] No Plex users found during initialization"}
{"level":40,"time":1774388585657,"pid":6,"hostname":"a6ccaaa074e3","msg":"[PLEX_SERVER] No Plex admin token available for shared server operations"}
{"level":40,"time":1774388585657,"pid":6,"hostname":"a6ccaaa074e3","msg":"[PLEX_SERVER] No shared server info found during initialization"}
{"level":30,"time":1774388585657,"pid":6,"hostname":"a6ccaaa074e3","msg":"PlexServerService initialized successfully"}
{"level":40,"time":1774388585657,"pid":6,"hostname":"a6ccaaa074e3","msg":"[PLEX_SERVER] No Plex admin token available for connection discovery"}
{"level":40,"time":1774388585657,"pid":6,"hostname":"a6ccaaa074e3","msg":"[PLEX_SERVER] No Plex token available, skipping SSE connection"}
{"level":30,"time":1774388585658,"pid":6,"hostname":"a6ccaaa074e3","msg":"[NOTIFICATIONS] [PLEX_MOBILE] Plex Pass status not yet determined — Plex mobile notifications deferred"}
{"level":30,"time":1774388585658,"pid":6,"hostname":"a6ccaaa074e3","msg":"[NOTIFICATIONS] No Apprise URL configured, Apprise notifications will be disabled"}
{"level":30,"time":1774388585665,"pid":6,"hostname":"a6ccaaa074e3","msg":"[SCHEDULER] Scheduler ready: 7 jobs scheduled and active"}
{"level":30,"time":1774388585678,"pid":6,"hostname":"a6ccaaa074e3","msg":"Server listening at http://127.0.0.1:3003"}
{"level":30,"time":1774388585679,"pid":6,"hostname":"a6ccaaa074e3","msg":"Server listening at http://192.168.147.6:3003"}
{"level":30,"time":1774389925849,"pid":6,"hostname":"a6ccaaa074e3","msg":"SIGTERM received, server closing"}
{"level":30,"time":1774389928339,"pid":7,"hostname":"f4669682bbcb","msg":"Using baseUrl: http://localhost for service connections"}
{"level":30,"time":1774389929039,"pid":7,"hostname":"f4669682bbcb","msg":"[SCHEDULER] Scheduler service initialized"}
{"level":30,"time":1774389929041,"pid":7,"hostname":"f4669682bbcb","msg":"[API_KEY] Initializing ApiKeyService"}
{"level":30,"time":1774389929044,"pid":7,"hostname":"f4669682bbcb","msg":"[PLEX_SERVER] Initializing PlexServerService"}
{"level":30,"time":1774389929049,"pid":7,"hostname":"f4669682bbcb","msg":"[SONARR] Basic initialization only for Default Sonarr Instance (placeholder credentials)"}
{"level":30,"time":1774389929051,"pid":7,"hostname":"f4669682bbcb","msg":"[RADARR] Basic initialization only for Default Radarr Instance (placeholder credentials)"}
{"level":30,"time":1774389929096,"pid":7,"hostname":"f4669682bbcb","msg":"[CONTENT_ROUTER] Successfully loaded 9 router evaluators"}
{"level":30,"time":1774389929097,"pid":7,"hostname":"f4669682bbcb","msg":"Content router initialized with plugins: Conditional Router, Streaming Availability Router, Genre Router, Ratings Router, User Router, Year Router, Season Router, Language Router, Certification Router"}
{"level":30,"time":1774389929098,"pid":7,"hostname":"f4669682bbcb","msg":"[PLEX_LABEL_SYNC] Initializing PlexLabelSyncService"}
{"level":30,"time":1774389929099,"pid":7,"hostname":"f4669682bbcb","msg":"[DELETE_SYNC] Initializing Delete Sync Service"}
{"level":30,"time":1774389929100,"pid":7,"hostname":"f4669682bbcb","msg":"[PLEX_SESSION_MONITOR] PlexSessionMonitorService initialized"}
{"level":30,"time":1774389929101,"pid":7,"hostname":"f4669682bbcb","msg":"[WATCHLIST_WORKFLOW] Initializing Watchlist Workflow Service"}
{"level":30,"time":1774389931137,"pid":7,"hostname":"f4669682bbcb","msg":"Anime database already contains 10529 entries"}
{"level":30,"time":1774389931137,"pid":7,"hostname":"f4669682bbcb","msg":"[PLEX_SERVER] Initializing PlexServerService connections and users"}
{"level":40,"time":1774389931138,"pid":7,"hostname":"f4669682bbcb","msg":"[PLEX_SERVER] No Plex admin token available for connection discovery"}
{"level":40,"time":1774389931138,"pid":7,"hostname":"f4669682bbcb","msg":"[PLEX_SERVER] No Plex admin token available for user operations"}
{"level":40,"time":1774389931138,"pid":7,"hostname":"f4669682bbcb","msg":"[PLEX_SERVER] No Plex users found during initialization"}
{"level":40,"time":1774389931139,"pid":7,"hostname":"f4669682bbcb","msg":"[PLEX_SERVER] No Plex admin token available for shared server operations"}
{"level":40,"time":1774389931139,"pid":7,"hostname":"f4669682bbcb","msg":"[PLEX_SERVER] No shared server info found during initialization"}
{"level":30,"time":1774389931139,"pid":7,"hostname":"f4669682bbcb","msg":"PlexServerService initialized successfully"}
{"level":40,"time":1774389931139,"pid":7,"hostname":"f4669682bbcb","msg":"[PLEX_SERVER] No Plex admin token available for connection discovery"}
{"level":40,"time":1774389931139,"pid":7,"hostname":"f4669682bbcb","msg":"[PLEX_SERVER] No Plex token available, skipping SSE connection"}
{"level":30,"time":1774389931139,"pid":7,"hostname":"f4669682bbcb","msg":"[NOTIFICATIONS] [PLEX_MOBILE] Plex Pass status not yet determined — Plex mobile notifications deferred"}
{"level":30,"time":1774389931140,"pid":7,"hostname":"f4669682bbcb","msg":"[NOTIFICATIONS] No Apprise URL configured, Apprise notifications will be disabled"}
{"level":30,"time":1774389931148,"pid":7,"hostname":"f4669682bbcb","msg":"[SCHEDULER] Scheduler ready: 7 jobs scheduled and active"}
{"level":30,"time":1774389931162,"pid":7,"hostname":"f4669682bbcb","msg":"Server listening at http://127.0.0.1:3003"}
{"level":30,"time":1774389931162,"pid":7,"hostname":"f4669682bbcb","msg":"Server listening at http://192.168.148.6:3003"}
{"level":30,"time":1774390446110,"pid":7,"hostname":"f4669682bbcb","msg":"SIGTERM received, server closing"}
{"level":30,"time":1774390457985,"pid":7,"hostname":"02206c4869f2","msg":"Using baseUrl: http://localhost for service connections"}
{"level":30,"time":1774390458450,"pid":7,"hostname":"02206c4869f2","msg":"[SCHEDULER] Scheduler service initialized"}
{"level":30,"time":1774390458451,"pid":7,"hostname":"02206c4869f2","msg":"[API_KEY] Initializing ApiKeyService"}
{"level":30,"time":1774390458452,"pid":7,"hostname":"02206c4869f2","msg":"[PLEX_SERVER] Initializing PlexServerService"}
{"level":30,"time":1774390458453,"pid":7,"hostname":"02206c4869f2","msg":"[SONARR] Basic initialization only for Default Sonarr Instance (placeholder credentials)"}
{"level":30,"time":1774390458455,"pid":7,"hostname":"02206c4869f2","msg":"[RADARR] Basic initialization only for Default Radarr Instance (placeholder credentials)"}
{"level":30,"time":1774390458483,"pid":7,"hostname":"02206c4869f2","msg":"[CONTENT_ROUTER] Successfully loaded 9 router evaluators"}
{"level":30,"time":1774390458483,"pid":7,"hostname":"02206c4869f2","msg":"Content router initialized with plugins: Conditional Router, Streaming Availability Router, Genre Router, Ratings Router, User Router, Year Router, Season Router, Language Router, Certification Router"}
{"level":30,"time":1774390458484,"pid":7,"hostname":"02206c4869f2","msg":"[PLEX_LABEL_SYNC] Initializing PlexLabelSyncService"}
{"level":30,"time":1774390458484,"pid":7,"hostname":"02206c4869f2","msg":"[DELETE_SYNC] Initializing Delete Sync Service"}
{"level":30,"time":1774390458486,"pid":7,"hostname":"02206c4869f2","msg":"[PLEX_SESSION_MONITOR] PlexSessionMonitorService initialized"}
{"level":30,"time":1774390458487,"pid":7,"hostname":"02206c4869f2","msg":"[WATCHLIST_WORKFLOW] Initializing Watchlist Workflow Service"}
{"level":30,"time":1774390460436,"pid":7,"hostname":"02206c4869f2","msg":"Anime database already contains 10529 entries"}
{"level":30,"time":1774390460437,"pid":7,"hostname":"02206c4869f2","msg":"[PLEX_SERVER] Initializing PlexServerService connections and users"}
{"level":40,"time":1774390460437,"pid":7,"hostname":"02206c4869f2","msg":"[PLEX_SERVER] No Plex admin token available for connection discovery"}
{"level":40,"time":1774390460438,"pid":7,"hostname":"02206c4869f2","msg":"[PLEX_SERVER] No Plex admin token available for user operations"}
{"level":40,"time":1774390460438,"pid":7,"hostname":"02206c4869f2","msg":"[PLEX_SERVER] No Plex users found during initialization"}
{"level":40,"time":1774390460438,"pid":7,"hostname":"02206c4869f2","msg":"[PLEX_SERVER] No Plex admin token available for shared server operations"}
{"level":40,"time":1774390460438,"pid":7,"hostname":"02206c4869f2","msg":"[PLEX_SERVER] No shared server info found during initialization"}
{"level":30,"time":1774390460438,"pid":7,"hostname":"02206c4869f2","msg":"PlexServerService initialized successfully"}
{"level":40,"time":1774390460439,"pid":7,"hostname":"02206c4869f2","msg":"[PLEX_SERVER] No Plex admin token available for connection discovery"}
{"level":40,"time":1774390460439,"pid":7,"hostname":"02206c4869f2","msg":"[PLEX_SERVER] No Plex token available, skipping SSE connection"}
{"level":30,"time":1774390460439,"pid":7,"hostname":"02206c4869f2","msg":"[NOTIFICATIONS] [PLEX_MOBILE] Plex Pass status not yet determined — Plex mobile notifications deferred"}
{"level":30,"time":1774390460439,"pid":7,"hostname":"02206c4869f2","msg":"[NOTIFICATIONS] No Apprise URL configured, Apprise notifications will be disabled"}
{"level":30,"time":1774390460448,"pid":7,"hostname":"02206c4869f2","msg":"[SCHEDULER] Scheduler ready: 7 jobs scheduled and active"}
{"level":30,"time":1774390460463,"pid":7,"hostname":"02206c4869f2","msg":"Server listening at http://127.0.0.1:3003"}
{"level":30,"time":1774390460463,"pid":7,"hostname":"02206c4869f2","msg":"Server listening at http://192.168.148.6:3003"}
{"level":40,"time":1774392324054,"pid":7,"hostname":"02206c4869f2","reqId":"req-2k","err":{"message":"Invalid email or password.","name":"UnauthorizedError","status":401,"statusCode":401,"type":"Error"},"request":{"id":"req-2k","method":"POST","path":"/v1/users/login","route":"/v1/users/login","ip":"192.168.148.1"},"msg":"Authentication required"}
{"level":30,"time":1774392360188,"pid":7,"hostname":"02206c4869f2","msg":"Plex server connection settings changed, clearing caches and reconnecting SSE"}
{"level":50,"time":1774392360767,"pid":7,"hostname":"02206c4869f2","error":{"message":"Failed to fetch resources: 401 Unauthorized","name":"Error","type":"Error","stack":"Error: Failed to fetch resources: 401 Unauthorized\n    at getPlexServerConnectionInfo (/app/dist/services/plex-server.service.js:145:27)\n    at async getPlexServerUrl (/app/dist/services/plex-server.service.js:292:40)\n    at async connectSSE (/app/dist/services/plex-server.service.js:809:38)\n    at async <anonymous> (/app/dist/routes/v1/config/config.js:121:53)\n    at processTicksAndRejections (native:7:39)"},"msg":"[PLEX_SERVER] Error getting Plex server connection info:"}
{"level":30,"time":1774392360773,"pid":7,"hostname":"02206c4869f2","msg":"[PLEX_SERVER] Opening SSE connection to Plex"}
{"level":40,"time":1774392360841,"pid":7,"hostname":"02206c4869f2","msg":"[PLEX_SERVER] SSE connection error"}
{"level":40,"time":1774392360841,"pid":7,"hostname":"02206c4869f2","msg":"[PLEX_SERVER] SSE disconnected - polling continues as fallback"}
{"level":30,"time":1774392360842,"pid":7,"hostname":"02206c4869f2","delayMs":1092,"msg":"[PLEX_SERVER] Scheduling SSE reconnect"}
{"level":50,"time":1774392360986,"pid":7,"hostname":"02206c4869f2","msg":"[PLEX_WATCHLIST] Plex ping failed with status 401: Unauthorized"}
{"level":30,"time":1774392361496,"pid":7,"hostname":"02206c4869f2","msg":"[DATABASE] Set user ID 1 as the primary token user"}
{"level":50,"time":1774392361814,"pid":7,"hostname":"02206c4869f2","error":{"message":"Plex API error: HTTP 401 - Unauthorized","name":"Error","type":"Error","stack":"Error: Plex API error: HTTP 401 - Unauthorized\n    at <anonymous> (/app/dist/services/plex-watchlist/api/graphql.js:75:23)\n    at async <anonymous> (/app/dist/services/plex-watchlist/fetching/watchlist-fetcher.js:21:44)\n    at async getSelfWatchlist (/app/dist/services/plex-watchlist.service.js:98:29)\n    at async <anonymous> (/app/dist/routes/v1/plex/self-watchlist-token.js:10:62)\n    at processTicksAndRejections (native:7:39)"},"start":0,"retryCount":0,"msg":"[PLEX_WATCHLIST] Error in getWatchlist"}
{"level":50,"time":1774392361820,"pid":7,"hostname":"02206c4869f2","error":{"message":"Plex API error: HTTP 401 - Unauthorized","name":"Error","type":"Error","stack":"Error: Plex API error: HTTP 401 - Unauthorized\n    at <anonymous> (/app/dist/services/plex-watchlist/api/graphql.js:75:23)\n    at async <anonymous> (/app/dist/services/plex-watchlist/fetching/watchlist-fetcher.js:21:44)\n    at async getSelfWatchlist (/app/dist/services/plex-watchlist.service.js:98:29)\n    at async <anonymous> (/app/dist/routes/v1/plex/self-watchlist-token.js:10:62)\n    at processTicksAndRejections (native:7:39)"},"msg":"[PLEX_WATCHLIST] Error fetching watchlist for token"}
{"level":30,"time":1774392361821,"pid":7,"hostname":"02206c4869f2","msg":"[PLEX_WATCHLIST] Falling back to existing database items for user 1"}
{"level":30,"time":1774392361823,"pid":7,"hostname":"02206c4869f2","msg":"[PLEX_WATCHLIST] Successfully fell back to 0 existing database items for user 1"}
{"level":30,"time":1774392361823,"pid":7,"hostname":"02206c4869f2","msg":"[PLEX_WATCHLIST] Self watchlist fetched successfully with 0 total items"}
{"level":30,"time":1774392361936,"pid":7,"hostname":"02206c4869f2","msg":"[PLEX_SERVER] Opening SSE connection to Plex"}
{"level":40,"time":1774392361938,"pid":7,"hostname":"02206c4869f2","msg":"[PLEX_SERVER] SSE connection error"}
{"level":40,"time":1774392361939,"pid":7,"hostname":"02206c4869f2","msg":"[PLEX_SERVER] SSE disconnected - polling continues as fallback"}
{"level":30,"time":1774392361939,"pid":7,"hostname":"02206c4869f2","delayMs":2256,"msg":"[PLEX_SERVER] Scheduling SSE reconnect"}
{"level":40,"time":1774392362959,"pid":7,"hostname":"02206c4869f2","msg":"[PLEX_WATCHLIST] Unable to fetch friends from Plex: Unauthorized"}
{"level":50,"time":1774392362960,"pid":7,"hostname":"02206c4869f2","msg":"[PLEX_WATCHLIST] Failed to fetch friends from any token"}
{"level":40,"time":1774392362960,"pid":7,"hostname":"02206c4869f2","msg":"[PLEX_WATCHLIST] Friend API completely failed - skipping cleanup to prevent data loss"}
{"level":40,"time":1774392363429,"pid":7,"hostname":"02206c4869f2","msg":"[PLEX_WATCHLIST] Unable to generate an RSS feed: Unauthorized"}
{"level":30,"time":1774392363430,"pid":7,"hostname":"02206c4869f2","msg":"[PLEX_WATCHLIST] Generated watchlist RSS feed for self: None"}
{"level":40,"time":1774392363505,"pid":7,"hostname":"02206c4869f2","msg":"[PLEX_WATCHLIST] Unable to generate an RSS feed: Unauthorized"}
{"level":30,"time":1774392363506,"pid":7,"hostname":"02206c4869f2","msg":"[PLEX_WATCHLIST] Generated watchlist RSS feed for friends: None"}
{"level":40,"time":1774392363506,"pid":7,"hostname":"02206c4869f2","msg":"[PLEX_WATCHLIST] Missing RSS URL. Are you an active Plex Pass user?"}
{"level":40,"time":1774392363507,"pid":7,"hostname":"02206c4869f2","msg":"[PLEX_WATCHLIST] Real-time RSS sync disabled"}
{"level":50,"time":1774392363508,"pid":7,"hostname":"02206c4869f2","error":{"message":"Unable to fetch watchlist URLs","name":"Error","type":"Error","stack":"Error: Unable to fetch watchlist URLs\n    at generateAndSaveRssFeeds (/app/dist/services/plex-watchlist/orchestration/rss-processor.js:13:19)\n    at processTicksAndRejections (native:7:39)"},"route":"GET /v1/plex/generate-rss-feeds","msg":"Failed to generate RSS feeds"}
{"level":50,"time":1774392363510,"pid":7,"hostname":"02206c4869f2","reqId":"req-3n","err":{"message":"Unable to fetch watchlist URLs","name":"InternalServerError","status":500,"statusCode":500,"type":"Error","stack":"InternalServerError: Unable to fetch watchlist URLs\n    at internalServerError (/app/node_modules/@fastify/sensible/lib/httpErrors.js:137:28)\n    at sensibleInternalServerError (/app/node_modules/@fastify/sensible/index.js:55:34)\n    at processTicksAndRejections (native:7:39)"},"request":{"id":"req-3n","method":"GET","path":"/v1/plex/generate-rss-feeds","route":"/v1/plex/generate-rss-feeds","ip":"192.168.148.1"},"msg":"Internal server error occurred"}
{"level":30,"time":1774392364199,"pid":7,"hostname":"02206c4869f2","msg":"[PLEX_SERVER] Opening SSE connection to Plex"}
{"level":40,"time":1774392364202,"pid":7,"hostname":"02206c4869f2","msg":"[PLEX_SERVER] SSE connection error"}
{"level":40,"time":1774392364203,"pid":7,"hostname":"02206c4869f2","msg":"[PLEX_SERVER] SSE disconnected - polling continues as fallback"}
{"level":30,"time":1774392364203,"pid":7,"hostname":"02206c4869f2","delayMs":4677,"msg":"[PLEX_SERVER] Scheduling SSE reconnect"}
{"level":40,"time":1774392365030,"pid":7,"hostname":"02206c4869f2","msg":"[PLEX_WATCHLIST] Unable to fetch friend requests: Unauthorized"}
{"level":40,"time":1774392365038,"pid":7,"hostname":"02206c4869f2","msg":"[PLEX_WATCHLIST] Unable to fetch friends from Plex: Unauthorized"}
{"level":50,"time":1774392365038,"pid":7,"hostname":"02206c4869f2","msg":"[PLEX_WATCHLIST] Failed to fetch friends from any token"}
{"level":50,"time":1774392365077,"pid":7,"hostname":"02206c4869f2","error":{"message":"Failed to fetch users: 401 Unauthorized","name":"Error","type":"Error","stack":"Error: Failed to fetch users: 401 Unauthorized\n    at getPlexUsers (/app/dist/services/plex-server.service.js:345:27)\n    at async getClassifiedUsers (/app/dist/services/plex-watchlist.service.js:216:85)\n    at async <anonymous> (/app/dist/routes/v1/plex/user-status.js:8:48)\n    at processTicksAndRejections (native:7:39)"},"msg":"[PLEX_SERVER] Error fetching Plex users:"}
{"level":40,"time":1774392365078,"pid":7,"hostname":"02206c4869f2","msg":"[PLEX_WATCHLIST] Friend API failed - skipping classification to prevent misclassifying users"}
{"level":30,"time":1774392368890,"pid":7,"hostname":"02206c4869f2","msg":"[PLEX_SERVER] Opening SSE connection to Plex"}
{"level":40,"time":1774392368935,"pid":7,"hostname":"02206c4869f2","msg":"[PLEX_SERVER] SSE connection error"}
{"level":40,"time":1774392368936,"pid":7,"hostname":"02206c4869f2","msg":"[PLEX_SERVER] SSE disconnected - polling continues as fallback"}
{"level":30,"time":1774392368936,"pid":7,"hostname":"02206c4869f2","delayMs":8331,"msg":"[PLEX_SERVER] Scheduling SSE reconnect"}
{"level":30,"time":1774392377268,"pid":7,"hostname":"02206c4869f2","msg":"[PLEX_SERVER] Opening SSE connection to Plex"}
{"level":40,"time":1774392377269,"pid":7,"hostname":"02206c4869f2","msg":"[PLEX_SERVER] SSE connection error"}
{"level":40,"time":1774392377269,"pid":7,"hostname":"02206c4869f2","msg":"[PLEX_SERVER] SSE disconnected - polling continues as fallback"}
{"level":30,"time":1774392377269,"pid":7,"hostname":"02206c4869f2","delayMs":19945,"msg":"[PLEX_SERVER] Scheduling SSE reconnect"}
{"level":30,"time":1774392397220,"pid":7,"hostname":"02206c4869f2","msg":"[PLEX_SERVER] Opening SSE connection to Plex"}
{"level":40,"time":1774392397248,"pid":7,"hostname":"02206c4869f2","msg":"[PLEX_SERVER] SSE connection error"}
{"level":40,"time":1774392397250,"pid":7,"hostname":"02206c4869f2","msg":"[PLEX_SERVER] SSE disconnected - polling continues as fallback"}
{"level":30,"time":1774392397250,"pid":7,"hostname":"02206c4869f2","delayMs":32290,"msg":"[PLEX_SERVER] Scheduling SSE reconnect"}
{"level":30,"time":1774392429542,"pid":7,"hostname":"02206c4869f2","msg":"[PLEX_SERVER] Opening SSE connection to Plex"}
{"level":40,"time":1774392429562,"pid":7,"hostname":"02206c4869f2","msg":"[PLEX_SERVER] SSE connection error"}
{"level":40,"time":1774392429563,"pid":7,"hostname":"02206c4869f2","msg":"[PLEX_SERVER] SSE disconnected - polling continues as fallback"}
{"level":30,"time":1774392429563,"pid":7,"hostname":"02206c4869f2","delayMs":36801,"msg":"[PLEX_SERVER] Scheduling SSE reconnect"}
{"level":30,"time":1774392466366,"pid":7,"hostname":"02206c4869f2","msg":"[PLEX_SERVER] Opening SSE connection to Plex"}
{"level":40,"time":1774392466571,"pid":7,"hostname":"02206c4869f2","msg":"[PLEX_SERVER] SSE connection error"}
{"level":40,"time":1774392466572,"pid":7,"hostname":"02206c4869f2","msg":"[PLEX_SERVER] SSE disconnected - polling continues as fallback"}
{"level":30,"time":1774392466572,"pid":7,"hostname":"02206c4869f2","delayMs":33371,"msg":"[PLEX_SERVER] Scheduling SSE reconnect"}
{"level":30,"time":1774392499950,"pid":7,"hostname":"02206c4869f2","msg":"[PLEX_SERVER] Opening SSE connection to Plex"}
{"level":40,"time":1774392499954,"pid":7,"hostname":"02206c4869f2","msg":"[PLEX_SERVER] SSE connection error"}
{"level":40,"time":1774392499954,"pid":7,"hostname":"02206c4869f2","msg":"[PLEX_SERVER] SSE disconnected - polling continues as fallback"}
{"level":30,"time":1774392499954,"pid":7,"hostname":"02206c4869f2","delayMs":35300,"msg":"[PLEX_SERVER] Scheduling SSE reconnect"}
{"level":30,"time":1774392535259,"pid":7,"hostname":"02206c4869f2","msg":"[PLEX_SERVER] Opening SSE connection to Plex"}
{"level":40,"time":1774392535287,"pid":7,"hostname":"02206c4869f2","msg":"[PLEX_SERVER] SSE connection error"}
{"level":40,"time":1774392535288,"pid":7,"hostname":"02206c4869f2","msg":"[PLEX_SERVER] SSE disconnected - polling continues as fallback"}
{"level":30,"time":1774392535288,"pid":7,"hostname":"02206c4869f2","delayMs":33109,"msg":"[PLEX_SERVER] Scheduling SSE reconnect"}
{"level":30,"time":1774392568400,"pid":7,"hostname":"02206c4869f2","msg":"[PLEX_SERVER] Opening SSE connection to Plex"}
{"level":40,"time":1774392568412,"pid":7,"hostname":"02206c4869f2","msg":"[PLEX_SERVER] SSE connection error"}
{"level":40,"time":1774392568412,"pid":7,"hostname":"02206c4869f2","msg":"[PLEX_SERVER] SSE disconnected - polling continues as fallback"}
{"level":30,"time":1774392568412,"pid":7,"hostname":"02206c4869f2","delayMs":32836,"msg":"[PLEX_SERVER] Scheduling SSE reconnect"}
{"level":30,"time":1774392601256,"pid":7,"hostname":"02206c4869f2","msg":"[PLEX_SERVER] Opening SSE connection to Plex"}
{"level":40,"time":1774392601292,"pid":7,"hostname":"02206c4869f2","msg":"[PLEX_SERVER] SSE connection error"}
{"level":40,"time":1774392601293,"pid":7,"hostname":"02206c4869f2","msg":"[PLEX_SERVER] SSE disconnected - polling continues as fallback"}
{"level":30,"time":1774392601293,"pid":7,"hostname":"02206c4869f2","delayMs":32229,"msg":"[PLEX_SERVER] Scheduling SSE reconnect"}
{"level":30,"time":1774392633537,"pid":7,"hostname":"02206c4869f2","msg":"[PLEX_SERVER] Opening SSE connection to Plex"}
{"level":40,"time":1774392633549,"pid":7,"hostname":"02206c4869f2","msg":"[PLEX_SERVER] SSE connection error"}
{"level":40,"time":1774392633550,"pid":7,"hostname":"02206c4869f2","msg":"[PLEX_SERVER] SSE disconnected - polling continues as fallback"}
{"level":30,"time":1774392633550,"pid":7,"hostname":"02206c4869f2","delayMs":33928,"msg":"[PLEX_SERVER] Scheduling SSE reconnect"}
{"level":30,"time":1774392654564,"pid":7,"hostname":"02206c4869f2","msg":"[RADARR] Credentials verified, attempting to setup webhook \"Pulsarr (localhost:3003)\" with URL for Radarr: http://localhost:3003/v1/notifications/webhook?instanceId=radarr7878"}
{"level":50,"time":1774392654862,"pid":7,"hostname":"02206c4869f2","error":{"message":"Failed to create webhook: Radarr API error: Connection refused (localhost:3003)","name":"HttpError","status":500,"type":"Error","stack":"HttpError: Failed to create webhook: Radarr API error: Connection refused (localhost:3003)\n    at setupWebhook (/app/dist/services/radarr.service.js:250:31)\n    at processTicksAndRejections (native:7:39)"},"route":"PUT /v1/radarr/instances/:id","service":"radarr","instanceId":1,"msg":"Error updating instance"}
{"level":40,"time":1774392654864,"pid":7,"hostname":"02206c4869f2","reqId":"req-4p","err":{"message":"Failed to create webhook: Connection refused (localhost:3003)","name":"BadRequestError","status":400,"statusCode":400,"type":"Error"},"request":{"id":"req-4p","method":"PUT","path":"/v1/radarr/instances/1","route":"/v1/radarr/instances/:id","ip":"192.168.148.1"},"msg":"Client error occurred"}
{"level":30,"time":1774392667490,"pid":7,"hostname":"02206c4869f2","msg":"[PLEX_SERVER] Opening SSE connection to Plex"}
{"level":40,"time":1774392667498,"pid":7,"hostname":"02206c4869f2","msg":"[PLEX_SERVER] SSE connection error"}
{"level":40,"time":1774392667499,"pid":7,"hostname":"02206c4869f2","msg":"[PLEX_SERVER] SSE disconnected - polling continues as fallback"}
{"level":30,"time":1774392667500,"pid":7,"hostname":"02206c4869f2","delayMs":30596,"msg":"[PLEX_SERVER] Scheduling SSE reconnect"}
{"level":30,"time":1774392693779,"pid":7,"hostname":"02206c4869f2","msg":"[RADARR] Credentials verified, attempting to setup webhook \"Pulsarr (host.docker.internal:3003)\" with URL for Radarr: http://host.docker.internal:3003/v1/notifications/webhook?instanceId=radarr7878"}
{"level":30,"time":1774392693856,"pid":7,"hostname":"02206c4869f2","msg":"[RADARR] Successfully created Pulsarr webhook \"Pulsarr (host.docker.internal:3003)\" for Radarr: http://host.docker.internal:3003/v1/notifications/webhook?instanceId=radarr7878"}
{"level":30,"time":1774392693860,"pid":7,"hostname":"02206c4869f2","msg":"[DATABASE] Radarr instance 1 updated"}
{"level":30,"time":1774392698104,"pid":7,"hostname":"02206c4869f2","msg":"[PLEX_SERVER] Opening SSE connection to Plex"}
{"level":40,"time":1774392698107,"pid":7,"hostname":"02206c4869f2","msg":"[PLEX_SERVER] SSE connection error"}
{"level":40,"time":1774392698107,"pid":7,"hostname":"02206c4869f2","msg":"[PLEX_SERVER] SSE disconnected - polling continues as fallback"}
{"level":30,"time":1774392698108,"pid":7,"hostname":"02206c4869f2","delayMs":37028,"msg":"[PLEX_SERVER] Scheduling SSE reconnect"}
{"level":30,"time":1774392708673,"pid":7,"hostname":"02206c4869f2","msg":"[DATABASE] Radarr instance 1 updated"}
{"level":30,"time":1774392735138,"pid":7,"hostname":"02206c4869f2","msg":"[PLEX_SERVER] Opening SSE connection to Plex"}
{"level":40,"time":1774392735208,"pid":7,"hostname":"02206c4869f2","msg":"[PLEX_SERVER] SSE connection error"}
{"level":40,"time":1774392735209,"pid":7,"hostname":"02206c4869f2","msg":"[PLEX_SERVER] SSE disconnected - polling continues as fallback"}
{"level":30,"time":1774392735209,"pid":7,"hostname":"02206c4869f2","delayMs":34601,"msg":"[PLEX_SERVER] Scheduling SSE reconnect"}
{"level":30,"time":1774392769811,"pid":7,"hostname":"02206c4869f2","msg":"[PLEX_SERVER] Opening SSE connection to Plex"}
{"level":40,"time":1774392769815,"pid":7,"hostname":"02206c4869f2","msg":"[PLEX_SERVER] SSE connection error"}
{"level":40,"time":1774392769816,"pid":7,"hostname":"02206c4869f2","msg":"[PLEX_SERVER] SSE disconnected - polling continues as fallback"}
{"level":30,"time":1774392769817,"pid":7,"hostname":"02206c4869f2","delayMs":32553,"msg":"[PLEX_SERVER] Scheduling SSE reconnect"}
{"level":30,"time":1774392802374,"pid":7,"hostname":"02206c4869f2","msg":"[PLEX_SERVER] Opening SSE connection to Plex"}
{"level":40,"time":1774392802390,"pid":7,"hostname":"02206c4869f2","msg":"[PLEX_SERVER] SSE connection error"}
{"level":40,"time":1774392802391,"pid":7,"hostname":"02206c4869f2","msg":"[PLEX_SERVER] SSE disconnected - polling continues as fallback"}
{"level":30,"time":1774392802391,"pid":7,"hostname":"02206c4869f2","delayMs":34044,"msg":"[PLEX_SERVER] Scheduling SSE reconnect"}
{"level":30,"time":1774392836449,"pid":7,"hostname":"02206c4869f2","msg":"[PLEX_SERVER] Opening SSE connection to Plex"}
{"level":40,"time":1774392836491,"pid":7,"hostname":"02206c4869f2","msg":"[PLEX_SERVER] SSE connection error"}
{"level":40,"time":1774392836492,"pid":7,"hostname":"02206c4869f2","msg":"[PLEX_SERVER] SSE disconnected - polling continues as fallback"}
{"level":30,"time":1774392836493,"pid":7,"hostname":"02206c4869f2","delayMs":33932,"msg":"[PLEX_SERVER] Scheduling SSE reconnect"}
{"level":30,"time":1774392870427,"pid":7,"hostname":"02206c4869f2","msg":"[PLEX_SERVER] Opening SSE connection to Plex"}
{"level":40,"time":1774392870477,"pid":7,"hostname":"02206c4869f2","msg":"[PLEX_SERVER] SSE connection error"}
{"level":40,"time":1774392870477,"pid":7,"hostname":"02206c4869f2","msg":"[PLEX_SERVER] SSE disconnected - polling continues as fallback"}
{"level":30,"time":1774392870477,"pid":7,"hostname":"02206c4869f2","delayMs":34550,"msg":"[PLEX_SERVER] Scheduling SSE reconnect"}
{"level":30,"time":1774392905045,"pid":7,"hostname":"02206c4869f2","msg":"[PLEX_SERVER] Opening SSE connection to Plex"}
{"level":40,"time":1774392905055,"pid":7,"hostname":"02206c4869f2","msg":"[PLEX_SERVER] SSE connection error"}
{"level":40,"time":1774392905055,"pid":7,"hostname":"02206c4869f2","msg":"[PLEX_SERVER] SSE disconnected - polling continues as fallback"}
{"level":30,"time":1774392905056,"pid":7,"hostname":"02206c4869f2","delayMs":30004,"msg":"[PLEX_SERVER] Scheduling SSE reconnect"}
{"level":30,"time":1774392935071,"pid":7,"hostname":"02206c4869f2","msg":"[PLEX_SERVER] Opening SSE connection to Plex"}
{"level":40,"time":1774392935140,"pid":7,"hostname":"02206c4869f2","msg":"[PLEX_SERVER] SSE connection error"}
{"level":40,"time":1774392935141,"pid":7,"hostname":"02206c4869f2","msg":"[PLEX_SERVER] SSE disconnected - polling continues as fallback"}
{"level":30,"time":1774392935141,"pid":7,"hostname":"02206c4869f2","delayMs":31260,"msg":"[PLEX_SERVER] Scheduling SSE reconnect"}
{"level":30,"time":1774392966409,"pid":7,"hostname":"02206c4869f2","msg":"[PLEX_SERVER] Opening SSE connection to Plex"}
{"level":40,"time":1774392966461,"pid":7,"hostname":"02206c4869f2","msg":"[PLEX_SERVER] SSE connection error"}
{"level":40,"time":1774392966462,"pid":7,"hostname":"02206c4869f2","msg":"[PLEX_SERVER] SSE disconnected - polling continues as fallback"}
{"level":30,"time":1774392966462,"pid":7,"hostname":"02206c4869f2","delayMs":30350,"msg":"[PLEX_SERVER] Scheduling SSE reconnect"}
{"level":30,"time":1774392996828,"pid":7,"hostname":"02206c4869f2","msg":"[PLEX_SERVER] Opening SSE connection to Plex"}
{"level":40,"time":1774392996843,"pid":7,"hostname":"02206c4869f2","msg":"[PLEX_SERVER] SSE connection error"}
{"level":40,"time":1774392996846,"pid":7,"hostname":"02206c4869f2","msg":"[PLEX_SERVER] SSE disconnected - polling continues as fallback"}
{"level":30,"time":1774392996847,"pid":7,"hostname":"02206c4869f2","delayMs":30115,"msg":"[PLEX_SERVER] Scheduling SSE reconnect"}
{"level":30,"time":1774393026966,"pid":7,"hostname":"02206c4869f2","msg":"[PLEX_SERVER] Opening SSE connection to Plex"}
{"level":40,"time":1774393027020,"pid":7,"hostname":"02206c4869f2","msg":"[PLEX_SERVER] SSE connection error"}
{"level":40,"time":1774393027021,"pid":7,"hostname":"02206c4869f2","msg":"[PLEX_SERVER] SSE disconnected - polling continues as fallback"}
{"level":30,"time":1774393027021,"pid":7,"hostname":"02206c4869f2","delayMs":36882,"msg":"[PLEX_SERVER] Scheduling SSE reconnect"}
{"level":30,"time":1774393063907,"pid":7,"hostname":"02206c4869f2","msg":"[PLEX_SERVER] Opening SSE connection to Plex"}
{"level":40,"time":1774393063947,"pid":7,"hostname":"02206c4869f2","msg":"[PLEX_SERVER] SSE connection error"}
{"level":40,"time":1774393063948,"pid":7,"hostname":"02206c4869f2","msg":"[PLEX_SERVER] SSE disconnected - polling continues as fallback"}
{"level":30,"time":1774393063948,"pid":7,"hostname":"02206c4869f2","delayMs":33622,"msg":"[PLEX_SERVER] Scheduling SSE reconnect"}
{"level":30,"time":1774393097580,"pid":7,"hostname":"02206c4869f2","msg":"[PLEX_SERVER] Opening SSE connection to Plex"}
{"level":40,"time":1774393097597,"pid":7,"hostname":"02206c4869f2","msg":"[PLEX_SERVER] SSE connection error"}
{"level":40,"time":1774393097598,"pid":7,"hostname":"02206c4869f2","msg":"[PLEX_SERVER] SSE disconnected - polling continues as fallback"}
{"level":30,"time":1774393097598,"pid":7,"hostname":"02206c4869f2","delayMs":36739,"msg":"[PLEX_SERVER] Scheduling SSE reconnect"}
{"level":30,"time":1774393134338,"pid":7,"hostname":"02206c4869f2","msg":"[PLEX_SERVER] Opening SSE connection to Plex"}
{"level":40,"time":1774393134392,"pid":7,"hostname":"02206c4869f2","msg":"[PLEX_SERVER] SSE connection error"}
{"level":40,"time":1774393134393,"pid":7,"hostname":"02206c4869f2","msg":"[PLEX_SERVER] SSE disconnected - polling continues as fallback"}
{"level":30,"time":1774393134394,"pid":7,"hostname":"02206c4869f2","delayMs":32799,"msg":"[PLEX_SERVER] Scheduling SSE reconnect"}
{"level":30,"time":1774393167207,"pid":7,"hostname":"02206c4869f2","msg":"[PLEX_SERVER] Opening SSE connection to Plex"}
{"level":40,"time":1774393167225,"pid":7,"hostname":"02206c4869f2","msg":"[PLEX_SERVER] SSE connection error"}
{"level":40,"time":1774393167225,"pid":7,"hostname":"02206c4869f2","msg":"[PLEX_SERVER] SSE disconnected - polling continues as fallback"}
{"level":30,"time":1774393167226,"pid":7,"hostname":"02206c4869f2","delayMs":36303,"msg":"[PLEX_SERVER] Scheduling SSE reconnect"}
{"level":30,"time":1774393200016,"pid":7,"hostname":"02206c4869f2","msg":"[APPROVAL] Running scheduled job: approval-maintenance"}
{"level":30,"time":1774393200019,"pid":7,"hostname":"02206c4869f2","msg":"[APPROVAL] Completed scheduled job: approval-maintenance"}
{"level":30,"time":1774393203535,"pid":7,"hostname":"02206c4869f2","msg":"[PLEX_SERVER] Opening SSE connection to Plex"}
{"level":40,"time":1774393203549,"pid":7,"hostname":"02206c4869f2","msg":"[PLEX_SERVER] SSE connection error"}
{"level":40,"time":1774393203550,"pid":7,"hostname":"02206c4869f2","msg":"[PLEX_SERVER] SSE disconnected - polling continues as fallback"}
{"level":30,"time":1774393203550,"pid":7,"hostname":"02206c4869f2","delayMs":36326,"msg":"[PLEX_SERVER] Scheduling SSE reconnect"}
{"level":30,"time":1774393239878,"pid":7,"hostname":"02206c4869f2","msg":"[PLEX_SERVER] Opening SSE connection to Plex"}
{"level":40,"time":1774393239920,"pid":7,"hostname":"02206c4869f2","msg":"[PLEX_SERVER] SSE connection error"}
{"level":40,"time":1774393239920,"pid":7,"hostname":"02206c4869f2","msg":"[PLEX_SERVER] SSE disconnected - polling continues as fallback"}
{"level":30,"time":1774393239921,"pid":7,"hostname":"02206c4869f2","delayMs":31373,"msg":"[PLEX_SERVER] Scheduling SSE reconnect"}
{"level":50,"time":1774393266338,"pid":7,"hostname":"02206c4869f2","msg":"[PLEX_WATCHLIST] Plex ping failed with status 401: Unauthorized"}
{"level":30,"time":1774393266341,"pid":7,"hostname":"02206c4869f2","msg":"[WATCHLIST_WORKFLOW] Plex connection verified"}
{"level":40,"time":1774393266886,"pid":7,"hostname":"02206c4869f2","msg":"[PLEX_WATCHLIST] Unable to generate an RSS feed: Unauthorized"}
{"level":30,"time":1774393266886,"pid":7,"hostname":"02206c4869f2","msg":"[PLEX_WATCHLIST] Generated watchlist RSS feed for self: None"}
{"level":40,"time":1774393266944,"pid":7,"hostname":"02206c4869f2","msg":"[PLEX_WATCHLIST] Unable to generate an RSS feed: Unauthorized"}
{"level":30,"time":1774393266945,"pid":7,"hostname":"02206c4869f2","msg":"[PLEX_WATCHLIST] Generated watchlist RSS feed for friends: None"}
{"level":40,"time":1774393266946,"pid":7,"hostname":"02206c4869f2","msg":"[PLEX_WATCHLIST] Missing RSS URL. Are you an active Plex Pass user?"}
{"level":40,"time":1774393266946,"pid":7,"hostname":"02206c4869f2","msg":"[PLEX_WATCHLIST] Real-time RSS sync disabled"}
{"level":40,"time":1774393266947,"pid":7,"hostname":"02206c4869f2","error":{"message":"Unable to fetch watchlist URLs","name":"Error","type":"Error","stack":"Error: Unable to fetch watchlist URLs\n    at generateAndSaveRssFeeds (/app/dist/services/plex-watchlist/orchestration/rss-processor.js:13:19)\n    at processTicksAndRejections (native:7:39)"},"msg":"[WATCHLIST_WORKFLOW] Failed to generate RSS feeds, falling back to manual sync"}
{"level":30,"time":1774393266950,"pid":7,"hostname":"02206c4869f2","msg":"[SCHEDULER] Registered handler for new job: periodic-watchlist-reconciliation"}
{"level":30,"time":1774393266956,"pid":7,"hostname":"02206c4869f2","msg":"[WATCHLIST_WORKFLOW] Periodic watchlist reconciliation job created (will be dynamically scheduled)"}
{"level":30,"time":1774393266957,"pid":7,"hostname":"02206c4869f2","msg":"[WATCHLIST_WORKFLOW] Deferred routing queue started"}
{"level":40,"time":1774393267156,"pid":7,"hostname":"02206c4869f2","msg":"[PLEX_WATCHLIST] Unable to fetch friends from Plex: Unauthorized"}
{"level":50,"time":1774393267156,"pid":7,"hostname":"02206c4869f2","msg":"[PLEX_WATCHLIST] Failed to fetch friends from any token"}
{"level":40,"time":1774393267157,"pid":7,"hostname":"02206c4869f2","msg":"[PLEX_WATCHLIST] Friend API completely failed - skipping cleanup to prevent data loss"}
{"level":40,"time":1774393267275,"pid":7,"hostname":"02206c4869f2","userId":1,"status":401,"msg":"[WATCHLIST_WORKFLOW] Failed to establish primary baseline"}
{"level":30,"time":1774393267277,"pid":7,"hostname":"02206c4869f2","friendCount":0,"msg":"[WATCHLIST_WORKFLOW] Watchlist baselines established for all users"}
{"level":40,"time":1774393267332,"pid":7,"hostname":"02206c4869f2","msg":"[PLEX_WATCHLIST] Unable to fetch friends from Plex: Unauthorized"}
{"level":50,"time":1774393267333,"pid":7,"hostname":"02206c4869f2","msg":"[PLEX_WATCHLIST] Failed to fetch friends from any token"}
{"level":40,"time":1774393267333,"pid":7,"hostname":"02206c4869f2","msg":"[PLEX_WATCHLIST] Friend API completely failed - skipping cleanup to prevent data loss"}
{"level":30,"time":1774393267334,"pid":7,"hostname":"02206c4869f2","msg":"[WATCHLIST_WORKFLOW] Starting full reconciliation"}
{"level":30,"time":1774393267335,"pid":7,"hostname":"02206c4869f2","msg":"[WATCHLIST_WORKFLOW] Refreshing watchlists"}
{"level":40,"time":1774393267394,"pid":7,"hostname":"02206c4869f2","msg":"[PLEX_WATCHLIST] Unable to fetch friends from Plex: Unauthorized"}
{"level":50,"time":1774393267395,"pid":7,"hostname":"02206c4869f2","msg":"[PLEX_WATCHLIST] Failed to fetch friends from any token"}
{"level":40,"time":1774393267395,"pid":7,"hostname":"02206c4869f2","msg":"[PLEX_WATCHLIST] Friend API completely failed - skipping cleanup to prevent data loss"}
{"level":50,"time":1774393267602,"pid":7,"hostname":"02206c4869f2","error":{"message":"Plex API error: HTTP 401 - Unauthorized","name":"Error","type":"Error","stack":"Error: Plex API error: HTTP 401 - Unauthorized\n    at <anonymous> (/app/dist/services/plex-watchlist/api/graphql.js:75:23)\n    at async <anonymous> (/app/dist/services/plex-watchlist/fetching/watchlist-fetcher.js:21:44)\n    at async getSelfWatchlist (/app/dist/services/plex-watchlist.service.js:98:29)\n    at async fetchWatchlists (/app/dist/services/watchlist-workflow/fetching/watchlist-fetcher.js:6:23)\n    at processTicksAndRejections (native:7:39)"},"start":0,"retryCount":0,"msg":"[PLEX_WATCHLIST] Error in getWatchlist"}
{"level":50,"time":1774393267606,"pid":7,"hostname":"02206c4869f2","error":{"message":"Plex API error: HTTP 401 - Unauthorized","name":"Error","type":"Error","stack":"Error: Plex API error: HTTP 401 - Unauthorized\n    at <anonymous> (/app/dist/services/plex-watchlist/api/graphql.js:75:23)\n    at async <anonymous> (/app/dist/services/plex-watchlist/fetching/watchlist-fetcher.js:21:44)\n    at async getSelfWatchlist (/app/dist/services/plex-watchlist.service.js:98:29)\n    at async fetchWatchlists (/app/dist/services/watchlist-workflow/fetching/watchlist-fetcher.js:6:23)\n    at processTicksAndRejections (native:7:39)"},"msg":"[PLEX_WATCHLIST] Error fetching watchlist for token"}
{"level":30,"time":1774393267607,"pid":7,"hostname":"02206c4869f2","msg":"[PLEX_WATCHLIST] Falling back to existing database items for user 1"}
{"level":30,"time":1774393267608,"pid":7,"hostname":"02206c4869f2","msg":"[PLEX_WATCHLIST] Successfully fell back to 0 existing database items for user 1"}
{"level":30,"time":1774393267608,"pid":7,"hostname":"02206c4869f2","msg":"[PLEX_WATCHLIST] Self watchlist fetched successfully with 0 total items"}
{"level":30,"time":1774393267613,"pid":7,"hostname":"02206c4869f2","msg":"[WATCHLIST_WORKFLOW] Watchlists refreshed successfully"}
{"level":30,"time":1774393267621,"pid":7,"hostname":"02206c4869f2","msg":"[WATCHLIST_WORKFLOW] Performing watchlist item sync"}
{"level":40,"time":1774393267626,"pid":7,"hostname":"02206c4869f2","instanceId":1,"error":{"message":"Unable to connect. Is the computer able to access the url?","type":"StringError"},"msg":"[SONARR_MANAGER] Sonarr instance unhealthy"}
{"level":50,"time":1774393267640,"pid":7,"hostname":"02206c4869f2","sonarrUnavailable":[1],"radarrUnavailable":[],"msg":"[WATCHLIST_WORKFLOW] Some instances unavailable, aborting reconciliation to prevent incorrect routing"}
{"level":40,"time":1774393267791,"pid":7,"hostname":"02206c4869f2","userId":1,"status":401,"msg":"[WATCHLIST_WORKFLOW] Failed to establish primary baseline"}
{"level":30,"time":1774393267792,"pid":7,"hostname":"02206c4869f2","friendCount":0,"msg":"[WATCHLIST_WORKFLOW] Watchlist baselines established for all users"}
{"level":30,"time":1774393267793,"pid":7,"hostname":"02206c4869f2","msg":"[WATCHLIST_WORKFLOW] Full reconciliation completed"}
{"level":30,"time":1774393267800,"pid":7,"hostname":"02206c4869f2","msg":"[WATCHLIST_WORKFLOW] Scheduled next periodic reconciliation in 120 minutes"}
{"level":30,"time":1774393267801,"pid":7,"hostname":"02206c4869f2","msg":"[WATCHLIST_WORKFLOW] Watchlist workflow running in ETag mode (5-minute staggered polling, 2-hour full reconciliation)"}
{"level":40,"time":1774393267854,"pid":7,"hostname":"02206c4869f2","msg":"[PLEX_WATCHLIST] Unable to fetch friends from Plex: Unauthorized"}
{"level":50,"time":1774393267856,"pid":7,"hostname":"02206c4869f2","msg":"[PLEX_WATCHLIST] Failed to fetch friends from any token"}
{"level":40,"time":1774393267856,"pid":7,"hostname":"02206c4869f2","msg":"[PLEX_WATCHLIST] Friend API completely failed - skipping cleanup to prevent data loss"}
{"level":30,"time":1774393267857,"pid":7,"hostname":"02206c4869f2","userCount":1,"msg":"[WATCHLIST_WORKFLOW] Starting staggered ETag polling (5-minute cycles)"}
{"level":40,"time":1774393268037,"pid":7,"hostname":"02206c4869f2","msg":"[PLEX_WATCHLIST] Unable to fetch friends from Plex: Unauthorized"}
{"level":50,"time":1774393268038,"pid":7,"hostname":"02206c4869f2","msg":"[PLEX_WATCHLIST] Failed to fetch friends from any token"}
{"level":40,"time":1774393268038,"pid":7,"hostname":"02206c4869f2","msg":"[PLEX_WATCHLIST] Friend API completely failed - skipping cleanup to prevent data loss"}
{"level":30,"time":1774393271296,"pid":7,"hostname":"02206c4869f2","msg":"[PLEX_SERVER] Opening SSE connection to Plex"}
{"level":40,"time":1774393271317,"pid":7,"hostname":"02206c4869f2","msg":"[PLEX_SERVER] SSE connection error"}
{"level":40,"time":1774393271318,"pid":7,"hostname":"02206c4869f2","msg":"[PLEX_SERVER] SSE disconnected - polling continues as fallback"}
{"level":30,"time":1774393271318,"pid":7,"hostname":"02206c4869f2","delayMs":37079,"msg":"[PLEX_SERVER] Scheduling SSE reconnect"}
{"level":30,"time":1774393308398,"pid":7,"hostname":"02206c4869f2","msg":"[PLEX_SERVER] Opening SSE connection to Plex"}
{"level":40,"time":1774393308410,"pid":7,"hostname":"02206c4869f2","msg":"[PLEX_SERVER] SSE connection error"}
{"level":40,"time":1774393308411,"pid":7,"hostname":"02206c4869f2","msg":"[PLEX_SERVER] SSE disconnected - polling continues as fallback"}
{"level":30,"time":1774393308411,"pid":7,"hostname":"02206c4869f2","delayMs":31834,"msg":"[PLEX_SERVER] Scheduling SSE reconnect"}
{"level":30,"time":1774393340246,"pid":7,"hostname":"02206c4869f2","msg":"[PLEX_SERVER] Opening SSE connection to Plex"}
{"level":40,"time":1774393340255,"pid":7,"hostname":"02206c4869f2","msg":"[PLEX_SERVER] SSE connection error"}
{"level":40,"time":1774393340256,"pid":7,"hostname":"02206c4869f2","msg":"[PLEX_SERVER] SSE disconnected - polling continues as fallback"}
{"level":30,"time":1774393340256,"pid":7,"hostname":"02206c4869f2","delayMs":30131,"msg":"[PLEX_SERVER] Scheduling SSE reconnect"}
{"level":30,"time":1774393353909,"pid":7,"hostname":"02206c4869f2","msg":"[WATCHLIST_WORKFLOW] Stopping Watchlist workflow"}
{"level":30,"time":1774393353916,"pid":7,"hostname":"02206c4869f2","msg":"[WATCHLIST_WORKFLOW] Found existing periodic reconciliation job from previous run, cleaning up"}
{"level":30,"time":1774393353920,"pid":7,"hostname":"02206c4869f2","msg":"[WATCHLIST_WORKFLOW] Successfully cleaned up existing periodic reconciliation job"}
{"level":30,"time":1774393353921,"pid":7,"hostname":"02206c4869f2","msg":"[WATCHLIST_WORKFLOW] Deferred routing queue stopped"}
{"level":50,"time":1774393358532,"pid":7,"hostname":"02206c4869f2","msg":"[PLEX_WATCHLIST] Plex ping failed with status 401: Unauthorized"}
{"level":30,"time":1774393358550,"pid":7,"hostname":"02206c4869f2","msg":"[WATCHLIST_WORKFLOW] Plex connection verified"}
{"level":40,"time":1774393358642,"pid":7,"hostname":"02206c4869f2","msg":"[PLEX_WATCHLIST] Unable to generate an RSS feed: Unauthorized"}
{"level":30,"time":1774393358642,"pid":7,"hostname":"02206c4869f2","msg":"[PLEX_WATCHLIST] Generated watchlist RSS feed for self: None"}
{"level":40,"time":1774393358702,"pid":7,"hostname":"02206c4869f2","msg":"[PLEX_WATCHLIST] Unable to generate an RSS feed: Unauthorized"}
{"level":30,"time":1774393358702,"pid":7,"hostname":"02206c4869f2","msg":"[PLEX_WATCHLIST] Generated watchlist RSS feed for friends: None"}
{"level":40,"time":1774393358702,"pid":7,"hostname":"02206c4869f2","msg":"[PLEX_WATCHLIST] Missing RSS URL. Are you an active Plex Pass user?"}
{"level":40,"time":1774393358702,"pid":7,"hostname":"02206c4869f2","msg":"[PLEX_WATCHLIST] Real-time RSS sync disabled"}
{"level":40,"time":1774393358703,"pid":7,"hostname":"02206c4869f2","error":{"message":"Unable to fetch watchlist URLs","name":"Error","type":"Error","stack":"Error: Unable to fetch watchlist URLs\n    at generateAndSaveRssFeeds (/app/dist/services/plex-watchlist/orchestration/rss-processor.js:13:19)\n    at processTicksAndRejections (native:7:39)"},"msg":"[WATCHLIST_WORKFLOW] Failed to generate RSS feeds, falling back to manual sync"}
{"level":30,"time":1774393358721,"pid":7,"hostname":"02206c4869f2","msg":"[SCHEDULER] Registered handler for new job: periodic-watchlist-reconciliation"}
{"level":30,"time":1774393358724,"pid":7,"hostname":"02206c4869f2","msg":"[WATCHLIST_WORKFLOW] Periodic watchlist reconciliation job created (will be dynamically scheduled)"}
{"level":30,"time":1774393358725,"pid":7,"hostname":"02206c4869f2","msg":"[WATCHLIST_WORKFLOW] Deferred routing queue started"}
{"level":40,"time":1774393359209,"pid":7,"hostname":"02206c4869f2","msg":"[PLEX_WATCHLIST] Unable to fetch friends from Plex: Unauthorized"}
{"level":50,"time":1774393359210,"pid":7,"hostname":"02206c4869f2","msg":"[PLEX_WATCHLIST] Failed to fetch friends from any token"}
{"level":40,"time":1774393359210,"pid":7,"hostname":"02206c4869f2","msg":"[PLEX_WATCHLIST] Friend API completely failed - skipping cleanup to prevent data loss"}
{"level":40,"time":1774393359357,"pid":7,"hostname":"02206c4869f2","userId":1,"status":401,"msg":"[WATCHLIST_WORKFLOW] Failed to establish primary baseline"}
{"level":30,"time":1774393359360,"pid":7,"hostname":"02206c4869f2","friendCount":0,"msg":"[WATCHLIST_WORKFLOW] Watchlist baselines established for all users"}
{"level":40,"time":1774393359427,"pid":7,"hostname":"02206c4869f2","msg":"[PLEX_WATCHLIST] Unable to fetch friends from Plex: Unauthorized"}
{"level":50,"time":1774393359428,"pid":7,"hostname":"02206c4869f2","msg":"[PLEX_WATCHLIST] Failed to fetch friends from any token"}
{"level":40,"time":1774393359428,"pid":7,"hostname":"02206c4869f2","msg":"[PLEX_WATCHLIST] Friend API completely failed - skipping cleanup to prevent data loss"}
{"level":30,"time":1774393359428,"pid":7,"hostname":"02206c4869f2","msg":"[WATCHLIST_WORKFLOW] Starting full reconciliation"}
{"level":30,"time":1774393359428,"pid":7,"hostname":"02206c4869f2","msg":"[WATCHLIST_WORKFLOW] Refreshing watchlists"}
{"level":40,"time":1774393359550,"pid":7,"hostname":"02206c4869f2","msg":"[PLEX_WATCHLIST] Unable to fetch friends from Plex: Unauthorized"}
{"level":50,"time":1774393359551,"pid":7,"hostname":"02206c4869f2","msg":"[PLEX_WATCHLIST] Failed to fetch friends from any token"}
{"level":40,"time":1774393359551,"pid":7,"hostname":"02206c4869f2","msg":"[PLEX_WATCHLIST] Friend API completely failed - skipping cleanup to prevent data loss"}
{"level":50,"time":1774393360304,"pid":7,"hostname":"02206c4869f2","error":{"message":"Plex API error: HTTP 401 - Unauthorized","name":"Error","type":"Error","stack":"Error: Plex API error: HTTP 401 - Unauthorized\n    at <anonymous> (/app/dist/services/plex-watchlist/api/graphql.js:75:23)\n    at async <anonymous> (/app/dist/services/plex-watchlist/fetching/watchlist-fetcher.js:21:44)\n    at async getSelfWatchlist (/app/dist/services/plex-watchlist.service.js:98:29)\n    at async fetchWatchlists (/app/dist/services/watchlist-workflow/fetching/watchlist-fetcher.js:6:23)\n    at processTicksAndRejections (native:7:39)"},"start":0,"retryCount":0,"msg":"[PLEX_WATCHLIST] Error in getWatchlist"}
{"level":50,"time":1774393360306,"pid":7,"hostname":"02206c4869f2","error":{"message":"Plex API error: HTTP 401 - Unauthorized","name":"Error","type":"Error","stack":"Error: Plex API error: HTTP 401 - Unauthorized\n    at <anonymous> (/app/dist/services/plex-watchlist/api/graphql.js:75:23)\n    at async <anonymous> (/app/dist/services/plex-watchlist/fetching/watchlist-fetcher.js:21:44)\n    at async getSelfWatchlist (/app/dist/services/plex-watchlist.service.js:98:29)\n    at async fetchWatchlists (/app/dist/services/watchlist-workflow/fetching/watchlist-fetcher.js:6:23)\n    at processTicksAndRejections (native:7:39)"},"msg":"[PLEX_WATCHLIST] Error fetching watchlist for token"}
{"level":30,"time":1774393360306,"pid":7,"hostname":"02206c4869f2","msg":"[PLEX_WATCHLIST] Falling back to existing database items for user 1"}
{"level":30,"time":1774393360309,"pid":7,"hostname":"02206c4869f2","msg":"[PLEX_WATCHLIST] Successfully fell back to 0 existing database items for user 1"}
{"level":30,"time":1774393360310,"pid":7,"hostname":"02206c4869f2","msg":"[PLEX_WATCHLIST] Self watchlist fetched successfully with 0 total items"}
{"level":30,"time":1774393360311,"pid":7,"hostname":"02206c4869f2","msg":"[WATCHLIST_WORKFLOW] Watchlists refreshed successfully"}
{"level":30,"time":1774393360312,"pid":7,"hostname":"02206c4869f2","msg":"[WATCHLIST_WORKFLOW] Performing watchlist item sync"}
{"level":40,"time":1774393360314,"pid":7,"hostname":"02206c4869f2","instanceId":1,"error":{"message":"Unable to connect. Is the computer able to access the url?","type":"StringError"},"msg":"[SONARR_MANAGER] Sonarr instance unhealthy"}
{"level":50,"time":1774393360467,"pid":7,"hostname":"02206c4869f2","sonarrUnavailable":[1],"radarrUnavailable":[],"msg":"[WATCHLIST_WORKFLOW] Some instances unavailable, aborting reconciliation to prevent incorrect routing"}
{"level":40,"time":1774393360756,"pid":7,"hostname":"02206c4869f2","userId":1,"status":401,"msg":"[WATCHLIST_WORKFLOW] Failed to establish primary baseline"}
{"level":30,"time":1774393360757,"pid":7,"hostname":"02206c4869f2","friendCount":0,"msg":"[WATCHLIST_WORKFLOW] Watchlist baselines established for all users"}
{"level":30,"time":1774393360758,"pid":7,"hostname":"02206c4869f2","msg":"[WATCHLIST_WORKFLOW] Full reconciliation completed"}
{"level":30,"time":1774393360762,"pid":7,"hostname":"02206c4869f2","msg":"[WATCHLIST_WORKFLOW] Scheduled next periodic reconciliation in 120 minutes"}
{"level":30,"time":1774393360762,"pid":7,"hostname":"02206c4869f2","msg":"[WATCHLIST_WORKFLOW] Watchlist workflow running in ETag mode (5-minute staggered polling, 2-hour full reconciliation)"}
{"level":30,"time":1774393360770,"pid":7,"hostname":"02206c4869f2","msg":"Config is now ready, resolving waitForConfig promise"}
{"level":30,"time":1774393360771,"pid":7,"hostname":"02206c4869f2","msg":"Config ready, but workflow is already running. Skipping auto-start."}
{"level":30,"time":1774393360771,"pid":7,"hostname":"02206c4869f2","msg":"Updated config _isReady to true"}
{"level":40,"time":1774393360827,"pid":7,"hostname":"02206c4869f2","msg":"[PLEX_WATCHLIST] Unable to fetch friends from Plex: Unauthorized"}
{"level":50,"time":1774393360828,"pid":7,"hostname":"02206c4869f2","msg":"[PLEX_WATCHLIST] Failed to fetch friends from any token"}
{"level":40,"time":1774393360829,"pid":7,"hostname":"02206c4869f2","msg":"[PLEX_WATCHLIST] Friend API completely failed - skipping cleanup to prevent data loss"}
{"level":30,"time":1774393360829,"pid":7,"hostname":"02206c4869f2","userCount":1,"msg":"[WATCHLIST_WORKFLOW] Starting staggered ETag polling (5-minute cycles)"}
{"level":40,"time":1774393360931,"pid":7,"hostname":"02206c4869f2","msg":"[PLEX_WATCHLIST] Unable to fetch friends from Plex: Unauthorized"}
{"level":50,"time":1774393360931,"pid":7,"hostname":"02206c4869f2","msg":"[PLEX_WATCHLIST] Failed to fetch friends from any token"}
{"level":40,"time":1774393360931,"pid":7,"hostname":"02206c4869f2","msg":"[PLEX_WATCHLIST] Friend API completely failed - skipping cleanup to prevent data loss"}
{"level":30,"time":1774393370389,"pid":7,"hostname":"02206c4869f2","msg":"[PLEX_SERVER] Opening SSE connection to Plex"}
{"level":40,"time":1774393370400,"pid":7,"hostname":"02206c4869f2","msg":"[PLEX_SERVER] SSE connection error"}
{"level":40,"time":1774393370401,"pid":7,"hostname":"02206c4869f2","msg":"[PLEX_SERVER] SSE disconnected - polling continues as fallback"}
{"level":30,"time":1774393370401,"pid":7,"hostname":"02206c4869f2","delayMs":35034,"msg":"[PLEX_SERVER] Scheduling SSE reconnect"}
{"level":30,"time":1774393405439,"pid":7,"hostname":"02206c4869f2","msg":"[PLEX_SERVER] Opening SSE connection to Plex"}
{"level":40,"time":1774393405443,"pid":7,"hostname":"02206c4869f2","msg":"[PLEX_SERVER] SSE connection error"}
{"level":40,"time":1774393405444,"pid":7,"hostname":"02206c4869f2","msg":"[PLEX_SERVER] SSE disconnected - polling continues as fallback"}
{"level":30,"time":1774393405444,"pid":7,"hostname":"02206c4869f2","delayMs":36231,"msg":"[PLEX_SERVER] Scheduling SSE reconnect"}
{"level":30,"time":1774393432368,"pid":7,"hostname":"02206c4869f2","msg":"[SONARR] Credentials verified, attempting to setup webhook \"Pulsarr (host.docker.internal:3003)\" with URL for Sonarr: http://host.docker.internal:3003/v1/notifications/webhook?instanceId=sonarr8989"}
{"level":30,"time":1774393432591,"pid":7,"hostname":"02206c4869f2","msg":"[SONARR] Successfully created Pulsarr webhook \"Pulsarr (host.docker.internal:3003)\" for Sonarr: http://host.docker.internal:3003/v1/notifications/webhook?instanceId=sonarr8989"}
{"level":30,"time":1774393432596,"pid":7,"hostname":"02206c4869f2","msg":"[DATABASE] Sonarr instance 1 updated"}
{"level":30,"time":1774393441675,"pid":7,"hostname":"02206c4869f2","msg":"[PLEX_SERVER] Opening SSE connection to Plex"}
{"level":40,"time":1774393441684,"pid":7,"hostname":"02206c4869f2","msg":"[PLEX_SERVER] SSE connection error"}
{"level":40,"time":1774393441685,"pid":7,"hostname":"02206c4869f2","msg":"[PLEX_SERVER] SSE disconnected - polling continues as fallback"}
{"level":30,"time":1774393441685,"pid":7,"hostname":"02206c4869f2","delayMs":36275,"msg":"[PLEX_SERVER] Scheduling SSE reconnect"}
{"level":40,"time":1774393459408,"pid":7,"hostname":"02206c4869f2","msg":"[PLEX_WATCHLIST] Unable to fetch friends from Plex: Unauthorized"}
{"level":50,"time":1774393459410,"pid":7,"hostname":"02206c4869f2","msg":"[PLEX_WATCHLIST] Failed to fetch friends from any token"}
{"level":40,"time":1774393459499,"pid":7,"hostname":"02206c4869f2","msg":"[PLEX_WATCHLIST] Unable to fetch friend requests: Unauthorized"}
{"level":50,"time":1774393459920,"pid":7,"hostname":"02206c4869f2","error":{"message":"Failed to fetch users: 401 Unauthorized","name":"Error","type":"Error","stack":"Error: Failed to fetch users: 401 Unauthorized\n    at getPlexUsers (/app/dist/services/plex-server.service.js:345:27)\n    at async getClassifiedUsers (/app/dist/services/plex-watchlist.service.js:216:85)\n    at async <anonymous> (/app/dist/routes/v1/plex/user-status.js:8:48)\n    at processTicksAndRejections (native:7:39)"},"msg":"[PLEX_SERVER] Error fetching Plex users:"}
{"level":40,"time":1774393459932,"pid":7,"hostname":"02206c4869f2","msg":"[PLEX_WATCHLIST] Friend API failed - skipping classification to prevent misclassifying users"}
{"level":30,"time":1774393477966,"pid":7,"hostname":"02206c4869f2","msg":"[PLEX_SERVER] Opening SSE connection to Plex"}
{"level":40,"time":1774393477973,"pid":7,"hostname":"02206c4869f2","msg":"[PLEX_SERVER] SSE connection error"}
{"level":40,"time":1774393477973,"pid":7,"hostname":"02206c4869f2","msg":"[PLEX_SERVER] SSE disconnected - polling continues as fallback"}
{"level":30,"time":1774393477973,"pid":7,"hostname":"02206c4869f2","delayMs":33152,"msg":"[PLEX_SERVER] Scheduling SSE reconnect"}
{"level":30,"time":1774393511129,"pid":7,"hostname":"02206c4869f2","msg":"[PLEX_SERVER] Opening SSE connection to Plex"}
{"level":40,"time":1774393511158,"pid":7,"hostname":"02206c4869f2","msg":"[PLEX_SERVER] SSE connection error"}
{"level":40,"time":1774393511159,"pid":7,"hostname":"02206c4869f2","msg":"[PLEX_SERVER] SSE disconnected - polling continues as fallback"}
{"level":30,"time":1774393511159,"pid":7,"hostname":"02206c4869f2","delayMs":32169,"msg":"[PLEX_SERVER] Scheduling SSE reconnect"}
{"level":40,"time":1774393520923,"pid":7,"hostname":"02206c4869f2","userId":1,"status":401,"msg":"[WATCHLIST_WORKFLOW] Failed to establish primary baseline"}
{"level":40,"time":1774393521209,"pid":7,"hostname":"02206c4869f2","msg":"[PLEX_WATCHLIST] Unable to fetch friends from Plex: Unauthorized"}
{"level":50,"time":1774393521210,"pid":7,"hostname":"02206c4869f2","msg":"[PLEX_WATCHLIST] Failed to fetch friends from any token"}
{"level":40,"time":1774393521210,"pid":7,"hostname":"02206c4869f2","msg":"[PLEX_WATCHLIST] Friend API completely failed - skipping cleanup to prevent data loss"}
{"level":30,"time":1774393543333,"pid":7,"hostname":"02206c4869f2","msg":"[PLEX_SERVER] Opening SSE connection to Plex"}
{"level":40,"time":1774393543355,"pid":7,"hostname":"02206c4869f2","msg":"[PLEX_SERVER] SSE connection error"}
{"level":40,"time":1774393543356,"pid":7,"hostname":"02206c4869f2","msg":"[PLEX_SERVER] SSE disconnected - polling continues as fallback"}
{"level":30,"time":1774393543356,"pid":7,"hostname":"02206c4869f2","delayMs":35982,"msg":"[PLEX_SERVER] Scheduling SSE reconnect"}
{"level":30,"time":1774393579341,"pid":7,"hostname":"02206c4869f2","msg":"[PLEX_SERVER] Opening SSE connection to Plex"}
{"level":40,"time":1774393579372,"pid":7,"hostname":"02206c4869f2","msg":"[PLEX_SERVER] SSE connection error"}
{"level":40,"time":1774393579373,"pid":7,"hostname":"02206c4869f2","msg":"[PLEX_SERVER] SSE disconnected - polling continues as fallback"}
{"level":30,"time":1774393579373,"pid":7,"hostname":"02206c4869f2","delayMs":30509,"msg":"[PLEX_SERVER] Scheduling SSE reconnect"}
{"level":30,"time":1774393609887,"pid":7,"hostname":"02206c4869f2","msg":"[PLEX_SERVER] Opening SSE connection to Plex"}
{"level":40,"time":1774393609893,"pid":7,"hostname":"02206c4869f2","msg":"[PLEX_SERVER] SSE connection error"}
{"level":40,"time":1774393609893,"pid":7,"hostname":"02206c4869f2","msg":"[PLEX_SERVER] SSE disconnected - polling continues as fallback"}
{"level":30,"time":1774393609894,"pid":7,"hostname":"02206c4869f2","delayMs":32004,"msg":"[PLEX_SERVER] Scheduling SSE reconnect"}
{"level":30,"time":1774393641904,"pid":7,"hostname":"02206c4869f2","msg":"[PLEX_SERVER] Opening SSE connection to Plex"}
{"level":40,"time":1774393641937,"pid":7,"hostname":"02206c4869f2","msg":"[PLEX_SERVER] SSE connection error"}
{"level":40,"time":1774393641937,"pid":7,"hostname":"02206c4869f2","msg":"[PLEX_SERVER] SSE disconnected - polling continues as fallback"}
{"level":30,"time":1774393641938,"pid":7,"hostname":"02206c4869f2","delayMs":32590,"msg":"[PLEX_SERVER] Scheduling SSE reconnect"}
{"level":30,"time":1774393674528,"pid":7,"hostname":"02206c4869f2","msg":"[PLEX_SERVER] Opening SSE connection to Plex"}
{"level":40,"time":1774393674558,"pid":7,"hostname":"02206c4869f2","msg":"[PLEX_SERVER] SSE connection error"}
{"level":40,"time":1774393674559,"pid":7,"hostname":"02206c4869f2","msg":"[PLEX_SERVER] SSE disconnected - polling continues as fallback"}
{"level":30,"time":1774393674560,"pid":7,"hostname":"02206c4869f2","delayMs":33136,"msg":"[PLEX_SERVER] Scheduling SSE reconnect"}
{"level":40,"time":1774393680581,"pid":7,"hostname":"02206c4869f2","userId":1,"status":401,"msg":"[WATCHLIST_WORKFLOW] Failed to establish primary baseline"}
{"level":40,"time":1774393680970,"pid":7,"hostname":"02206c4869f2","msg":"[PLEX_WATCHLIST] Unable to fetch friends from Plex: Unauthorized"}
{"level":50,"time":1774393680972,"pid":7,"hostname":"02206c4869f2","msg":"[PLEX_WATCHLIST] Failed to fetch friends from any token"}
{"level":40,"time":1774393680973,"pid":7,"hostname":"02206c4869f2","msg":"[PLEX_WATCHLIST] Friend API completely failed - skipping cleanup to prevent data loss"}
{"level":30,"time":1774393707704,"pid":7,"hostname":"02206c4869f2","msg":"[PLEX_SERVER] Opening SSE connection to Plex"}
{"level":40,"time":1774393707711,"pid":7,"hostname":"02206c4869f2","msg":"[PLEX_SERVER] SSE connection error"}
{"level":40,"time":1774393707712,"pid":7,"hostname":"02206c4869f2","msg":"[PLEX_SERVER] SSE disconnected - polling continues as fallback"}
{"level":30,"time":1774393707712,"pid":7,"hostname":"02206c4869f2","delayMs":36162,"msg":"[PLEX_SERVER] Scheduling SSE reconnect"}
{"level":30,"time":1774393743881,"pid":7,"hostname":"02206c4869f2","msg":"[PLEX_SERVER] Opening SSE connection to Plex"}
{"level":40,"time":1774393743890,"pid":7,"hostname":"02206c4869f2","msg":"[PLEX_SERVER] SSE connection error"}
{"level":40,"time":1774393743891,"pid":7,"hostname":"02206c4869f2","msg":"[PLEX_SERVER] SSE disconnected - polling continues as fallback"}
{"level":30,"time":1774393743891,"pid":7,"hostname":"02206c4869f2","delayMs":33472,"msg":"[PLEX_SERVER] Scheduling SSE reconnect"}
{"level":30,"time":1774393777365,"pid":7,"hostname":"02206c4869f2","msg":"[PLEX_SERVER] Opening SSE connection to Plex"}
{"level":40,"time":1774393777383,"pid":7,"hostname":"02206c4869f2","msg":"[PLEX_SERVER] SSE connection error"}
{"level":40,"time":1774393777384,"pid":7,"hostname":"02206c4869f2","msg":"[PLEX_SERVER] SSE disconnected - polling continues as fallback"}
{"level":30,"time":1774393777384,"pid":7,"hostname":"02206c4869f2","delayMs":34409,"msg":"[PLEX_SERVER] Scheduling SSE reconnect"}
{"level":30,"time":1774393811796,"pid":7,"hostname":"02206c4869f2","msg":"[PLEX_SERVER] Opening SSE connection to Plex"}
{"level":40,"time":1774393811883,"pid":7,"hostname":"02206c4869f2","msg":"[PLEX_SERVER] SSE connection error"}
{"level":40,"time":1774393811883,"pid":7,"hostname":"02206c4869f2","msg":"[PLEX_SERVER] SSE disconnected - polling continues as fallback"}
{"level":30,"time":1774393811883,"pid":7,"hostname":"02206c4869f2","delayMs":32084,"msg":"[PLEX_SERVER] Scheduling SSE reconnect"}
{"level":40,"time":1774393822455,"pid":7,"hostname":"02206c4869f2","msg":"[PLEX_WATCHLIST] Unable to fetch friends from Plex: Unauthorized"}
{"level":50,"time":1774393822456,"pid":7,"hostname":"02206c4869f2","msg":"[PLEX_WATCHLIST] Failed to fetch friends from any token"}
{"level":40,"time":1774393822456,"pid":7,"hostname":"02206c4869f2","msg":"[PLEX_WATCHLIST] Friend API completely failed - skipping cleanup to prevent data loss"}
{"level":50,"time":1774393823182,"pid":7,"hostname":"02206c4869f2","error":{"message":"Plex API error: HTTP 401 - Unauthorized","name":"Error","type":"Error","stack":"Error: Plex API error: HTTP 401 - Unauthorized\n    at <anonymous> (/app/dist/services/plex-watchlist/api/graphql.js:75:23)\n    at async <anonymous> (/app/dist/services/plex-watchlist/fetching/watchlist-fetcher.js:21:44)\n    at async getSelfWatchlist (/app/dist/services/plex-watchlist.service.js:98:29)\n    at async <anonymous> (/app/dist/routes/v1/plex/self-watchlist-token.js:10:62)\n    at processTicksAndRejections (native:7:39)"},"start":0,"retryCount":0,"msg":"[PLEX_WATCHLIST] Error in getWatchlist"}
{"level":50,"time":1774393823197,"pid":7,"hostname":"02206c4869f2","error":{"message":"Plex API error: HTTP 401 - Unauthorized","name":"Error","type":"Error","stack":"Error: Plex API error: HTTP 401 - Unauthorized\n    at <anonymous> (/app/dist/services/plex-watchlist/api/graphql.js:75:23)\n    at async <anonymous> (/app/dist/services/plex-watchlist/fetching/watchlist-fetcher.js:21:44)\n    at async getSelfWatchlist (/app/dist/services/plex-watchlist.service.js:98:29)\n    at async <anonymous> (/app/dist/routes/v1/plex/self-watchlist-token.js:10:62)\n    at processTicksAndRejections (native:7:39)"},"msg":"[PLEX_WATCHLIST] Error fetching watchlist for token"}
{"level":30,"time":1774393823198,"pid":7,"hostname":"02206c4869f2","msg":"[PLEX_WATCHLIST] Falling back to existing database items for user 1"}
{"level":30,"time":1774393823199,"pid":7,"hostname":"02206c4869f2","msg":"[PLEX_WATCHLIST] Successfully fell back to 0 existing database items for user 1"}
{"level":30,"time":1774393823199,"pid":7,"hostname":"02206c4869f2","msg":"[PLEX_WATCHLIST] Self watchlist fetched successfully with 0 total items"}
{"level":30,"time":1774393843969,"pid":7,"hostname":"02206c4869f2","msg":"[PLEX_SERVER] Opening SSE connection to Plex"}
{"level":40,"time":1774393843980,"pid":7,"hostname":"02206c4869f2","msg":"[PLEX_SERVER] SSE connection error"}
{"level":40,"time":1774393843980,"pid":7,"hostname":"02206c4869f2","msg":"[PLEX_SERVER] SSE disconnected - polling continues as fallback"}
{"level":30,"time":1774393843981,"pid":7,"hostname":"02206c4869f2","delayMs":34181,"msg":"[PLEX_SERVER] Scheduling SSE reconnect"}
{"level":40,"time":1774393846070,"pid":7,"hostname":"02206c4869f2","userId":1,"status":401,"msg":"[WATCHLIST_WORKFLOW] Failed to establish primary baseline"}
{"level":40,"time":1774393846178,"pid":7,"hostname":"02206c4869f2","msg":"[PLEX_WATCHLIST] Unable to fetch friends from Plex: Unauthorized"}
{"level":50,"time":1774393846181,"pid":7,"hostname":"02206c4869f2","msg":"[PLEX_WATCHLIST] Failed to fetch friends from any token"}
{"level":40,"time":1774393846182,"pid":7,"hostname":"02206c4869f2","msg":"[PLEX_WATCHLIST] Friend API completely failed - skipping cleanup to prevent data loss"}
{"level":30,"time":1774393878162,"pid":7,"hostname":"02206c4869f2","msg":"[PLEX_SERVER] Opening SSE connection to Plex"}
{"level":40,"time":1774393878181,"pid":7,"hostname":"02206c4869f2","msg":"[PLEX_SERVER] SSE connection error"}
{"level":40,"time":1774393878182,"pid":7,"hostname":"02206c4869f2","msg":"[PLEX_SERVER] SSE disconnected - polling continues as fallback"}
{"level":30,"time":1774393878182,"pid":7,"hostname":"02206c4869f2","delayMs":32544,"msg":"[PLEX_SERVER] Scheduling SSE reconnect"}
{"level":30,"time":1774393910734,"pid":7,"hostname":"02206c4869f2","msg":"[PLEX_SERVER] Opening SSE connection to Plex"}
{"level":40,"time":1774393910762,"pid":7,"hostname":"02206c4869f2","msg":"[PLEX_SERVER] SSE connection error"}
{"level":40,"time":1774393910763,"pid":7,"hostname":"02206c4869f2","msg":"[PLEX_SERVER] SSE disconnected - polling continues as fallback"}
{"level":30,"time":1774393910763,"pid":7,"hostname":"02206c4869f2","delayMs":37362,"msg":"[PLEX_SERVER] Scheduling SSE reconnect"}
{"level":30,"time":1774393948132,"pid":7,"hostname":"02206c4869f2","msg":"[PLEX_SERVER] Opening SSE connection to Plex"}
{"level":40,"time":1774393948171,"pid":7,"hostname":"02206c4869f2","msg":"[PLEX_SERVER] SSE connection error"}
{"level":40,"time":1774393948174,"pid":7,"hostname":"02206c4869f2","msg":"[PLEX_SERVER] SSE disconnected - polling continues as fallback"}
{"level":30,"time":1774393948174,"pid":7,"hostname":"02206c4869f2","delayMs":37077,"msg":"[PLEX_SERVER] Scheduling SSE reconnect"}
{"level":30,"time":1774393985255,"pid":7,"hostname":"02206c4869f2","msg":"[PLEX_SERVER] Opening SSE connection to Plex"}
{"level":40,"time":1774393985328,"pid":7,"hostname":"02206c4869f2","msg":"[PLEX_SERVER] SSE connection error"}
{"level":40,"time":1774393985328,"pid":7,"hostname":"02206c4869f2","msg":"[PLEX_SERVER] SSE disconnected - polling continues as fallback"}
{"level":30,"time":1774393985332,"pid":7,"hostname":"02206c4869f2","delayMs":32368,"msg":"[PLEX_SERVER] Scheduling SSE reconnect"}
{"level":40,"time":1774393999106,"pid":7,"hostname":"02206c4869f2","userId":1,"status":401,"msg":"[WATCHLIST_WORKFLOW] Failed to establish primary baseline"}
{"level":40,"time":1774393999404,"pid":7,"hostname":"02206c4869f2","msg":"[PLEX_WATCHLIST] Unable to fetch friends from Plex: Unauthorized"}
{"level":50,"time":1774393999414,"pid":7,"hostname":"02206c4869f2","msg":"[PLEX_WATCHLIST] Failed to fetch friends from any token"}
{"level":40,"time":1774393999414,"pid":7,"hostname":"02206c4869f2","msg":"[PLEX_WATCHLIST] Friend API completely failed - skipping cleanup to prevent data loss"}
{"level":40,"time":1774394011405,"pid":7,"hostname":"02206c4869f2","msg":"[PLEX_WATCHLIST] Unable to fetch friends from Plex: Unauthorized"}
{"level":50,"time":1774394011406,"pid":7,"hostname":"02206c4869f2","msg":"[PLEX_WATCHLIST] Failed to fetch friends from any token"}
{"level":40,"time":1774394011407,"pid":7,"hostname":"02206c4869f2","msg":"[PLEX_WATCHLIST] Friend API completely failed - skipping cleanup to prevent data loss"}
{"level":50,"time":1774394012076,"pid":7,"hostname":"02206c4869f2","error":{"message":"Plex API error: HTTP 401 - Unauthorized","name":"Error","type":"Error","stack":"Error: Plex API error: HTTP 401 - Unauthorized\n    at <anonymous> (/app/dist/services/plex-watchlist/api/graphql.js:75:23)\n    at async <anonymous> (/app/dist/services/plex-watchlist/fetching/watchlist-fetcher.js:21:44)\n    at async getSelfWatchlist (/app/dist/services/plex-watchlist.service.js:98:29)\n    at async <anonymous> (/app/dist/routes/v1/plex/self-watchlist-token.js:10:62)\n    at processTicksAndRejections (native:7:39)"},"start":0,"retryCount":0,"msg":"[PLEX_WATCHLIST] Error in getWatchlist"}
{"level":50,"time":1774394012079,"pid":7,"hostname":"02206c4869f2","error":{"message":"Plex API error: HTTP 401 - Unauthorized","name":"Error","type":"Error","stack":"Error: Plex API error: HTTP 401 - Unauthorized\n    at <anonymous> (/app/dist/services/plex-watchlist/api/graphql.js:75:23)\n    at async <anonymous> (/app/dist/services/plex-watchlist/fetching/watchlist-fetcher.js:21:44)\n    at async getSelfWatchlist (/app/dist/services/plex-watchlist.service.js:98:29)\n    at async <anonymous> (/app/dist/routes/v1/plex/self-watchlist-token.js:10:62)\n    at processTicksAndRejections (native:7:39)"},"msg":"[PLEX_WATCHLIST] Error fetching watchlist for token"}
{"level":30,"time":1774394012079,"pid":7,"hostname":"02206c4869f2","msg":"[PLEX_WATCHLIST] Falling back to existing database items for user 1"}
{"level":30,"time":1774394012080,"pid":7,"hostname":"02206c4869f2","msg":"[PLEX_WATCHLIST] Successfully fell back to 0 existing database items for user 1"}
{"level":30,"time":1774394012081,"pid":7,"hostname":"02206c4869f2","msg":"[PLEX_WATCHLIST] Self watchlist fetched successfully with 0 total items"}
{"level":30,"time":1774394017711,"pid":7,"hostname":"02206c4869f2","msg":"[PLEX_SERVER] Opening SSE connection to Plex"}
{"level":40,"time":1774394017722,"pid":7,"hostname":"02206c4869f2","msg":"[PLEX_SERVER] SSE connection error"}
{"level":40,"time":1774394017722,"pid":7,"hostname":"02206c4869f2","msg":"[PLEX_SERVER] SSE disconnected - polling continues as fallback"}
{"level":30,"time":1774394017722,"pid":7,"hostname":"02206c4869f2","delayMs":36749,"msg":"[PLEX_SERVER] Scheduling SSE reconnect"}
{"level":30,"time":1774394020937,"pid":7,"hostname":"02206c4869f2","pinId":1745616112,"clientId":"pulsarr-3c81e1ad","msg":"Generated Plex PIN for authentication"}
{"level":30,"time":1774394036290,"pid":7,"hostname":"02206c4869f2","pinId":1745616112,"msg":"Plex PIN authorized successfully"}
{"level":30,"time":1774394036363,"pid":7,"hostname":"02206c4869f2","msg":"Plex server connection settings changed, clearing caches and reconnecting SSE"}
{"level":30,"time":1774394037875,"pid":7,"hostname":"02206c4869f2","msg":"[PLEX_SERVER] Filtered to 2 reachable connections (0 unreachable)"}
{"level":30,"time":1774394037876,"pid":7,"hostname":"02206c4869f2","msg":"[PLEX_SERVER] Found 2 Plex server connections (2 local, 0 relay)"}
{"level":30,"time":1774394037879,"pid":7,"hostname":"02206c4869f2","msg":"[PLEX_SERVER] Opening SSE connection to Plex"}
{"level":30,"time":1774394037901,"pid":7,"hostname":"02206c4869f2","msg":"[PLEX_SERVER] SSE connection to Plex established"}
{"level":30,"time":1774394037902,"pid":7,"hostname":"02206c4869f2","msg":"[PLEX_SERVER] SSE connected - reconciling with live sessions"}
{"level":40,"time":1774394063547,"pid":7,"hostname":"02206c4869f2","msg":"[PLEX_WATCHLIST] No friends found for Plex token"}
{"level":30,"time":1774394063853,"pid":7,"hostname":"02206c4869f2","msg":"[PLEX_WATCHLIST] Plex Pass status: not detected"}
{"level":30,"time":1774394064116,"pid":7,"hostname":"02206c4869f2","msg":"[PLEX_WATCHLIST] Self watchlist fetched successfully with 2 total items"}
{"level":30,"time":1774394064902,"pid":7,"hostname":"02206c4869f2","msg":"[PLEX_WATCHLIST] Plex Pass status: not detected"}
{"level":30,"time":1774394117985,"pid":7,"hostname":"02206c4869f2","msg":"[WATCHLIST_WORKFLOW] Stopping Watchlist workflow"}
{"level":30,"time":1774394117989,"pid":7,"hostname":"02206c4869f2","msg":"[WATCHLIST_WORKFLOW] Found existing periodic reconciliation job from previous run, cleaning up"}
{"level":30,"time":1774394117995,"pid":7,"hostname":"02206c4869f2","msg":"[WATCHLIST_WORKFLOW] Successfully cleaned up existing periodic reconciliation job"}
{"level":30,"time":1774394117996,"pid":7,"hostname":"02206c4869f2","msg":"[WATCHLIST_WORKFLOW] Deferred routing queue stopped"}
{"level":30,"time":1774394119952,"pid":7,"hostname":"02206c4869f2","msg":"[PLEX_WATCHLIST] Successfully validated Plex token"}
{"level":30,"time":1774394119955,"pid":7,"hostname":"02206c4869f2","msg":"[WATCHLIST_WORKFLOW] Plex connection verified"}
{"level":40,"time":1774394120170,"pid":7,"hostname":"02206c4869f2","msg":"[PLEX_WATCHLIST] Unable to generate an RSS feed: Unauthorized"}
{"level":30,"time":1774394120171,"pid":7,"hostname":"02206c4869f2","msg":"[PLEX_WATCHLIST] Generated watchlist RSS feed for self: None"}
{"level":40,"time":1774394120229,"pid":7,"hostname":"02206c4869f2","msg":"[PLEX_WATCHLIST] Unable to generate an RSS feed: Unauthorized"}
{"level":30,"time":1774394120230,"pid":7,"hostname":"02206c4869f2","msg":"[PLEX_WATCHLIST] Generated watchlist RSS feed for friends: None"}
{"level":40,"time":1774394120230,"pid":7,"hostname":"02206c4869f2","msg":"[PLEX_WATCHLIST] Missing RSS URL. Are you an active Plex Pass user?"}
{"level":40,"time":1774394120231,"pid":7,"hostname":"02206c4869f2","msg":"[PLEX_WATCHLIST] Real-time RSS sync disabled"}
{"level":40,"time":1774394120231,"pid":7,"hostname":"02206c4869f2","error":{"message":"Unable to fetch watchlist URLs","name":"Error","type":"Error","stack":"Error: Unable to fetch watchlist URLs\n    at generateAndSaveRssFeeds (/app/dist/services/plex-watchlist/orchestration/rss-processor.js:13:19)\n    at processTicksAndRejections (native:7:39)"},"msg":"[WATCHLIST_WORKFLOW] Failed to generate RSS feeds, falling back to manual sync"}
{"level":30,"time":1774394120239,"pid":7,"hostname":"02206c4869f2","msg":"[SCHEDULER] Registered handler for new job: periodic-watchlist-reconciliation"}
{"level":30,"time":1774394120245,"pid":7,"hostname":"02206c4869f2","msg":"[WATCHLIST_WORKFLOW] Periodic watchlist reconciliation job created (will be dynamically scheduled)"}
{"level":30,"time":1774394120245,"pid":7,"hostname":"02206c4869f2","msg":"[WATCHLIST_WORKFLOW] Deferred routing queue started"}
{"level":40,"time":1774394120382,"pid":7,"hostname":"02206c4869f2","msg":"[PLEX_WATCHLIST] No friends found for Plex token"}
{"level":30,"time":1774394120696,"pid":7,"hostname":"02206c4869f2","msg":"[PLEX_WATCHLIST] Plex Pass status: not detected"}
{"level":40,"time":1774394120768,"pid":7,"hostname":"02206c4869f2","userId":1,"status":401,"msg":"[WATCHLIST_WORKFLOW] Failed to establish primary baseline"}
{"level":30,"time":1774394120770,"pid":7,"hostname":"02206c4869f2","friendCount":0,"msg":"[WATCHLIST_WORKFLOW] Watchlist baselines established for all users"}
{"level":40,"time":1774394120908,"pid":7,"hostname":"02206c4869f2","msg":"[PLEX_WATCHLIST] No friends found for Plex token"}
{"level":30,"time":1774394121649,"pid":7,"hostname":"02206c4869f2","msg":"[PLEX_WATCHLIST] Plex Pass status: not detected"}
{"level":30,"time":1774394121650,"pid":7,"hostname":"02206c4869f2","msg":"[WATCHLIST_WORKFLOW] Starting full reconciliation"}
{"level":30,"time":1774394121650,"pid":7,"hostname":"02206c4869f2","msg":"[WATCHLIST_WORKFLOW] Refreshing watchlists"}
{"level":40,"time":1774394121937,"pid":7,"hostname":"02206c4869f2","msg":"[PLEX_WATCHLIST] No friends found for Plex token"}
{"level":30,"time":1774394122027,"pid":7,"hostname":"02206c4869f2","msg":"[PLEX_WATCHLIST] Plex Pass status: not detected"}
{"level":30,"time":1774394122109,"pid":7,"hostname":"02206c4869f2","msg":"[PLEX_WATCHLIST] Self watchlist fetched successfully with 2 total items"}
{"level":30,"time":1774394122516,"pid":7,"hostname":"02206c4869f2","msg":"[PLEX_WATCHLIST] Plex Pass status: not detected"}
{"level":30,"time":1774394122520,"pid":7,"hostname":"02206c4869f2","msg":"[WATCHLIST_WORKFLOW] Watchlists refreshed successfully"}
{"level":30,"time":1774394122521,"pid":7,"hostname":"02206c4869f2","msg":"[WATCHLIST_WORKFLOW] Performing watchlist item sync"}
{"level":30,"time":1774394122727,"pid":7,"hostname":"02206c4869f2","title":"Torrente 5: Operation Eurovegas","contentType":"movie","syncing":false,"userId":1,"userName":"oscaarp","msg":"[CONTENT_ROUTER] Routing movie \"Torrente 5: Operation Eurovegas\""}
{"level":30,"time":1774394122728,"pid":7,"hostname":"02206c4869f2","title":"Sundays","contentType":"movie","syncing":false,"userId":1,"userName":"oscaarp","msg":"[CONTENT_ROUTER] Routing movie \"Sundays\""}
{"level":30,"time":1774394122731,"pid":7,"hostname":"02206c4869f2","title":"Torrente 5: Operation Eurovegas","contentType":"movie","msg":"[CONTENT_ROUTER] No routing rules exist, using default routing for \"Torrente 5: Operation Eurovegas\""}
{"level":30,"time":1774394122731,"pid":7,"hostname":"02206c4869f2","title":"Sundays","contentType":"movie","msg":"[CONTENT_ROUTER] No routing rules exist, using default routing for \"Sundays\""}
{"level":30,"time":1774394123153,"pid":7,"hostname":"02206c4869f2","title":"Sundays","qualityProfileId":4,"rootFolder":"/movies","searchOnAdd":true,"minimumAvailability":"released","monitor":"movieOnly","monitored":true,"msg":"[RADARR] Sent Sundays to Radarr"}
{"level":30,"time":1774394123174,"pid":7,"hostname":"02206c4869f2","msg":"[CONTENT_ROUTER] Created auto-approval tracking record for \"Sundays\" (request ID: 1)"}
{"level":30,"time":1774394123180,"pid":7,"hostname":"02206c4869f2","title":"Torrente 5: Operation Eurovegas","qualityProfileId":4,"rootFolder":"/movies","searchOnAdd":true,"minimumAvailability":"released","monitor":"movieOnly","monitored":true,"msg":"[RADARR] Sent Torrente 5: Operation Eurovegas to Radarr"}
{"level":30,"time":1774394123195,"pid":7,"hostname":"02206c4869f2","msg":"[CONTENT_ROUTER] Created auto-approval tracking record for \"Torrente 5: Operation Eurovegas\" (request ID: 2)"}
{"level":30,"time":1774394123197,"pid":7,"hostname":"02206c4869f2","added":{"shows":0,"movies":2},"unmatched":{"shows":0,"movies":2},"skippedDueToUserSetting":0,"skippedDueToMissingIds":0,"skippedDueToWatchlistCap":0,"msg":"[WATCHLIST_WORKFLOW] Watchlist sync completed"}
{"level":40,"time":1774394123326,"pid":7,"hostname":"02206c4869f2","userId":1,"status":401,"msg":"[WATCHLIST_WORKFLOW] Failed to establish primary baseline"}
{"level":30,"time":1774394123328,"pid":7,"hostname":"02206c4869f2","friendCount":0,"msg":"[WATCHLIST_WORKFLOW] Watchlist baselines established for all users"}
{"level":30,"time":1774394123330,"pid":7,"hostname":"02206c4869f2","msg":"[WATCHLIST_WORKFLOW] Full reconciliation completed"}
{"level":30,"time":1774394123349,"pid":7,"hostname":"02206c4869f2","msg":"[WATCHLIST_WORKFLOW] Scheduled next periodic reconciliation in 120 minutes"}
{"level":30,"time":1774394123351,"pid":7,"hostname":"02206c4869f2","msg":"[WATCHLIST_WORKFLOW] Watchlist workflow running in ETag mode (5-minute staggered polling, 2-hour full reconciliation)"}
{"level":30,"time":1774394123367,"pid":7,"hostname":"02206c4869f2","msg":"Updated config _isReady to true"}
{"level":40,"time":1774394123637,"pid":7,"hostname":"02206c4869f2","msg":"[PLEX_WATCHLIST] No friends found for Plex token"}
{"level":30,"time":1774394123866,"pid":7,"hostname":"02206c4869f2","msg":"[PLEX_WATCHLIST] Plex Pass status: not detected"}
{"level":30,"time":1774394123871,"pid":7,"hostname":"02206c4869f2","userCount":1,"msg":"[WATCHLIST_WORKFLOW] Starting staggered ETag polling (5-minute cycles)"}
{"level":40,"time":1774394124074,"pid":7,"hostname":"02206c4869f2","msg":"[PLEX_WATCHLIST] No friends found for Plex token"}
{"level":30,"time":1774394124466,"pid":7,"hostname":"02206c4869f2","msg":"[PLEX_WATCHLIST] Plex Pass status: not detected"}
{"level":40,"time":1774394141525,"pid":7,"hostname":"02206c4869f2","msg":"[PLEX_WATCHLIST] No friends found for Plex token"}
{"level":40,"time":1774394270910,"pid":7,"hostname":"02206c4869f2","userId":1,"status":401,"msg":"[WATCHLIST_WORKFLOW] Failed to establish primary baseline"}
{"level":40,"time":1774394271047,"pid":7,"hostname":"02206c4869f2","msg":"[PLEX_WATCHLIST] No friends found for Plex token"}
{"level":30,"time":1774394272330,"pid":7,"hostname":"02206c4869f2","msg":"[PLEX_WATCHLIST] Plex Pass status: not detected"}
{"level":30,"time":1774394365029,"pid":7,"hostname":"02206c4869f2","instanceName":"Radarr","eventType":"unknown","contentTitle":"Spider-Man: Into the Spider-Verse","reqId":"req-by","msg":"Webhook received and processing"}
{"level":30,"time":1774394365076,"pid":7,"hostname":"02206c4869f2","title":"Spider-Man: Into the Spider-Verse","tmdbId":324857,"instanceName":"Radarr Instance 1","msg":"[WEBHOOK_QUEUE] Movie not in watchlist yet, queuing webhook for later processing"}
{"level":40,"time":1774394408868,"pid":7,"hostname":"02206c4869f2","userId":1,"status":401,"msg":"[WATCHLIST_WORKFLOW] Failed to establish primary baseline"}
{"level":40,"time":1774394409076,"pid":7,"hostname":"02206c4869f2","msg":"[PLEX_WATCHLIST] No friends found for Plex token"}
{"level":30,"time":1774394409868,"pid":7,"hostname":"02206c4869f2","msg":"[PLEX_WATCHLIST] Plex Pass status: not detected"}
{"level":40,"time":1774394561494,"pid":7,"hostname":"02206c4869f2","userId":1,"status":401,"msg":"[WATCHLIST_WORKFLOW] Failed to establish primary baseline"}
{"level":40,"time":1774394561657,"pid":7,"hostname":"02206c4869f2","msg":"[PLEX_WATCHLIST] No friends found for Plex token"}
{"level":30,"time":1774394562419,"pid":7,"hostname":"02206c4869f2","msg":"[PLEX_WATCHLIST] Plex Pass status: not detected"}
{"level":40,"time":1774394698895,"pid":7,"hostname":"02206c4869f2","userId":1,"status":401,"msg":"[WATCHLIST_WORKFLOW] Failed to establish primary baseline"}
{"level":40,"time":1774394699053,"pid":7,"hostname":"02206c4869f2","msg":"[PLEX_WATCHLIST] No friends found for Plex token"}
{"level":30,"time":1774394700093,"pid":7,"hostname":"02206c4869f2","msg":"[PLEX_WATCHLIST] Plex Pass status: not detected"}
{"level":40,"time":1774394842580,"pid":7,"hostname":"02206c4869f2","userId":1,"status":401,"msg":"[WATCHLIST_WORKFLOW] Failed to establish primary baseline"}
{"level":40,"time":1774394842722,"pid":7,"hostname":"02206c4869f2","msg":"[PLEX_WATCHLIST] No friends found for Plex token"}
{"level":30,"time":1774394843421,"pid":7,"hostname":"02206c4869f2","msg":"[PLEX_WATCHLIST] Plex Pass status: not detected"}
{"level":30,"time":1774400300815,"pid":7,"hostname":"4193d25b65be","msg":"Using baseUrl: http://localhost for service connections"}
{"level":30,"time":1774400301588,"pid":7,"hostname":"4193d25b65be","msg":"Config is now ready, resolving waitForConfig promise"}
{"level":30,"time":1774400301590,"pid":7,"hostname":"4193d25b65be","msg":"[PLEX_SERVER] Initializing PlexServerService"}
{"level":30,"time":1774400301593,"pid":7,"hostname":"4193d25b65be","msg":"[SCHEDULER] Scheduler service initialized"}
{"level":30,"time":1774400301593,"pid":7,"hostname":"4193d25b65be","msg":"[PLEX_LABEL_SYNC] Initializing PlexLabelSyncService"}
{"level":30,"time":1774400301594,"pid":7,"hostname":"4193d25b65be","msg":"[DELETE_SYNC] Initializing Delete Sync Service"}
{"level":30,"time":1774400301595,"pid":7,"hostname":"4193d25b65be","msg":"[API_KEY] Initializing ApiKeyService"}
{"level":30,"time":1774400301631,"pid":7,"hostname":"4193d25b65be","msg":"[CONTENT_ROUTER] Successfully loaded 9 router evaluators"}
{"level":30,"time":1774400301632,"pid":7,"hostname":"4193d25b65be","msg":"Content router initialized with plugins: Conditional Router, Streaming Availability Router, Ratings Router, Genre Router, User Router, Year Router, Season Router, Language Router, Certification Router"}
{"level":30,"time":1774400301632,"pid":7,"hostname":"4193d25b65be","msg":"[WATCHLIST_WORKFLOW] Initializing Watchlist Workflow Service"}
{"level":30,"time":1774400301633,"pid":7,"hostname":"4193d25b65be","msg":"[PLEX_SESSION_MONITOR] PlexSessionMonitorService initialized"}
{"level":30,"time":1774400301643,"pid":7,"hostname":"4193d25b65be","msg":"Config ready, starting workflow"}
{"level":30,"time":1774400301645,"pid":7,"hostname":"4193d25b65be","msg":"[WATCHLIST_WORKFLOW] Found existing periodic reconciliation job from previous run, cleaning up"}
{"level":30,"time":1774400301649,"pid":7,"hostname":"4193d25b65be","msg":"[WATCHLIST_WORKFLOW] Successfully cleaned up existing periodic reconciliation job"}
{"level":30,"time":1774400303737,"pid":7,"hostname":"4193d25b65be","msg":"[PLEX_WATCHLIST] Successfully validated Plex token"}
{"level":30,"time":1774400303737,"pid":7,"hostname":"4193d25b65be","msg":"[WATCHLIST_WORKFLOW] Plex connection verified"}
{"level":30,"time":1774400304270,"pid":7,"hostname":"4193d25b65be","msg":"[PLEX_SERVER] Initializing PlexServerService connections and users"}
{"level":40,"time":1774400304271,"pid":7,"hostname":"4193d25b65be","msg":"[PLEX_WATCHLIST] Unable to generate an RSS feed: Unauthorized"}
{"level":30,"time":1774400304272,"pid":7,"hostname":"4193d25b65be","msg":"[PLEX_WATCHLIST] Generated watchlist RSS feed for self: None"}
{"level":40,"time":1774400304322,"pid":7,"hostname":"4193d25b65be","msg":"[PLEX_WATCHLIST] Unable to generate an RSS feed: Unauthorized"}
{"level":30,"time":1774400304323,"pid":7,"hostname":"4193d25b65be","msg":"[PLEX_WATCHLIST] Generated watchlist RSS feed for friends: None"}
{"level":40,"time":1774400304323,"pid":7,"hostname":"4193d25b65be","msg":"[PLEX_WATCHLIST] Missing RSS URL. Are you an active Plex Pass user?"}
{"level":40,"time":1774400304323,"pid":7,"hostname":"4193d25b65be","msg":"[PLEX_WATCHLIST] Real-time RSS sync disabled"}
{"level":40,"time":1774400304323,"pid":7,"hostname":"4193d25b65be","error":{"message":"Unable to fetch watchlist URLs","name":"Error","type":"Error","stack":"Error: Unable to fetch watchlist URLs\n    at generateAndSaveRssFeeds (/app/dist/services/plex-watchlist/orchestration/rss-processor.js:13:19)\n    at processTicksAndRejections (native:7:39)"},"msg":"[WATCHLIST_WORKFLOW] Failed to generate RSS feeds, falling back to manual sync"}
{"level":30,"time":1774400304329,"pid":7,"hostname":"4193d25b65be","msg":"[WATCHLIST_WORKFLOW] Periodic watchlist reconciliation job created (will be dynamically scheduled)"}
{"level":30,"time":1774400304329,"pid":7,"hostname":"4193d25b65be","msg":"[WATCHLIST_WORKFLOW] Deferred routing queue started"}
{"level":40,"time":1774400304421,"pid":7,"hostname":"4193d25b65be","msg":"[PLEX_SERVER] No Plex server connections found, using default"}
{"level":40,"time":1774400304566,"pid":7,"hostname":"4193d25b65be","msg":"[PLEX_SERVER] No Plex users found during initialization"}
{"level":40,"time":1774400304617,"pid":7,"hostname":"4193d25b65be","msg":"[PLEX_WATCHLIST] No friends found for Plex token"}
{"level":40,"time":1774400304722,"pid":7,"hostname":"4193d25b65be","msg":"[PLEX_SERVER] No Plex server connections found, using default"}
{"level":50,"time":1774400304722,"pid":7,"hostname":"4193d25b65be","error":{"message":"Could not determine server machine ID","name":"Error","type":"Error","stack":"Error: Could not determine server machine ID\n    at getSharedServerInfo (/app/dist/services/plex-server.service.js:424:31)\n    at async initialize (/app/dist/services/plex-server.service.js:104:43)\n    at async <anonymous> (/app/dist/plugins/custom/plex-server.js:14:47)\n    at processTicksAndRejections (native:7:39)"},"msg":"[PLEX_SERVER] Error fetching shared server info:"}
{"level":40,"time":1774400304723,"pid":7,"hostname":"4193d25b65be","msg":"[PLEX_SERVER] No shared server info found during initialization"}
{"level":30,"time":1774400304723,"pid":7,"hostname":"4193d25b65be","msg":"PlexServerService initialized successfully"}
{"level":40,"time":1774400304872,"pid":7,"hostname":"4193d25b65be","msg":"[PLEX_SERVER] No Plex server connections found, using default"}
{"level":30,"time":1774400304874,"pid":7,"hostname":"4193d25b65be","msg":"[PLEX_SERVER] Opening SSE connection to Plex"}
{"level":30,"time":1774400304876,"pid":7,"hostname":"4193d25b65be","msg":"[NOTIFICATIONS] [PLEX_MOBILE] Plex Pass status not yet determined — Plex mobile notifications deferred"}
{"level":30,"time":1774400304878,"pid":7,"hostname":"4193d25b65be","msg":"[NOTIFICATIONS] No Apprise URL configured, Apprise notifications will be disabled"}
{"level":30,"time":1774400304893,"pid":7,"hostname":"4193d25b65be","msg":"[SCHEDULER] Scheduler ready: 9 jobs scheduled and active"}
{"level":30,"time":1774400304900,"pid":7,"hostname":"4193d25b65be","msg":"Anime database already contains 10529 entries"}
{"level":40,"time":1774400304917,"pid":7,"hostname":"4193d25b65be","msg":"[PLEX_SERVER] SSE connection error"}
{"level":40,"time":1774400304918,"pid":7,"hostname":"4193d25b65be","msg":"[PLEX_SERVER] SSE disconnected - polling continues as fallback"}
{"level":30,"time":1774400304918,"pid":7,"hostname":"4193d25b65be","delayMs":1172,"msg":"[PLEX_SERVER] Scheduling SSE reconnect"}
{"level":30,"time":1774400304919,"pid":7,"hostname":"4193d25b65be","msg":"Server listening at http://127.0.0.1:3003"}
{"level":30,"time":1774400304920,"pid":7,"hostname":"4193d25b65be","msg":"Server listening at http://172.18.0.7:3003"}
{"level":30,"time":1774400305287,"pid":7,"hostname":"4193d25b65be","msg":"[PLEX_WATCHLIST] Plex Pass status: not detected"}
{"level":30,"time":1774400305372,"pid":7,"hostname":"4193d25b65be","friendCount":0,"msg":"[WATCHLIST_WORKFLOW] Watchlist baselines established for all users"}
{"level":40,"time":1774400305503,"pid":7,"hostname":"4193d25b65be","msg":"[PLEX_WATCHLIST] No friends found for Plex token"}
{"level":30,"time":1774400305767,"pid":7,"hostname":"4193d25b65be","msg":"[PLEX_WATCHLIST] Plex Pass status: not detected"}
{"level":30,"time":1774400305768,"pid":7,"hostname":"4193d25b65be","msg":"[WATCHLIST_WORKFLOW] Starting full reconciliation"}
{"level":30,"time":1774400305768,"pid":7,"hostname":"4193d25b65be","msg":"[WATCHLIST_WORKFLOW] Refreshing watchlists"}
{"level":40,"time":1774400305901,"pid":7,"hostname":"4193d25b65be","msg":"[PLEX_WATCHLIST] No friends found for Plex token"}
{"level":30,"time":1774400305920,"pid":7,"hostname":"4193d25b65be","msg":"[RADARR] Credentials verified, attempting to setup webhook \"Pulsarr (host.docker.internal:3003)\" with URL for Radarr: http://host.docker.internal:3003/v1/notifications/webhook?instanceId=radarr7878"}
{"level":30,"time":1774400305920,"pid":7,"hostname":"4193d25b65be","msg":"[SONARR] Credentials verified, attempting to setup webhook \"Pulsarr (host.docker.internal:3003)\" with URL for Sonarr: http://host.docker.internal:3003/v1/notifications/webhook?instanceId=sonarr8989"}
{"level":30,"time":1774400306092,"pid":7,"hostname":"4193d25b65be","msg":"[PLEX_SERVER] Opening SSE connection to Plex"}
{"level":40,"time":1774400306093,"pid":7,"hostname":"4193d25b65be","msg":"[PLEX_SERVER] SSE connection error"}
{"level":40,"time":1774400306094,"pid":7,"hostname":"4193d25b65be","msg":"[PLEX_SERVER] SSE disconnected - polling continues as fallback"}
{"level":30,"time":1774400306094,"pid":7,"hostname":"4193d25b65be","delayMs":2187,"msg":"[PLEX_SERVER] Scheduling SSE reconnect"}
{"level":30,"time":1774400306120,"pid":7,"hostname":"4193d25b65be","msg":"[PLEX_WATCHLIST] Plex Pass status: not detected"}
{"level":30,"time":1774400306125,"pid":7,"hostname":"4193d25b65be","msg":"[PLEX_WATCHLIST] Plex Pass status: not detected"}
{"level":30,"time":1774400306150,"pid":7,"hostname":"4193d25b65be","msg":"[RADARR] Successfully updated Pulsarr webhook \"Pulsarr (host.docker.internal:3003)\" for Radarr"}
{"level":30,"time":1774400306163,"pid":7,"hostname":"4193d25b65be","msg":"[SONARR] Successfully updated Pulsarr webhook \"Pulsarr (host.docker.internal:3003)\" for Sonarr"}
{"level":30,"time":1774400306192,"pid":7,"hostname":"4193d25b65be","msg":"[PLEX_WATCHLIST] Self watchlist fetched successfully with 1 total items"}
{"level":30,"time":1774400306202,"pid":7,"hostname":"4193d25b65be","msg":"[WATCHLIST_WORKFLOW] Watchlists refreshed successfully"}
{"level":30,"time":1774400306203,"pid":7,"hostname":"4193d25b65be","msg":"[WATCHLIST_WORKFLOW] Performing watchlist item sync"}
{"level":30,"time":1774400306392,"pid":7,"hostname":"4193d25b65be","added":{"shows":0,"movies":0},"unmatched":{"shows":0,"movies":3},"skippedDueToUserSetting":0,"skippedDueToMissingIds":0,"skippedDueToWatchlistCap":0,"msg":"[WATCHLIST_WORKFLOW] Watchlist sync completed"}
{"level":30,"time":1774400306456,"pid":7,"hostname":"4193d25b65be","friendCount":0,"msg":"[WATCHLIST_WORKFLOW] Watchlist baselines established for all users"}
{"level":30,"time":1774400306457,"pid":7,"hostname":"4193d25b65be","msg":"[WATCHLIST_WORKFLOW] Full reconciliation completed"}
{"level":30,"time":1774400306459,"pid":7,"hostname":"4193d25b65be","msg":"[WATCHLIST_WORKFLOW] Scheduled next periodic reconciliation in 120 minutes"}
{"level":30,"time":1774400306459,"pid":7,"hostname":"4193d25b65be","msg":"[WATCHLIST_WORKFLOW] Watchlist workflow running in ETag mode (5-minute staggered polling, 2-hour full reconciliation)"}
{"level":40,"time":1774400306681,"pid":7,"hostname":"4193d25b65be","msg":"[PLEX_WATCHLIST] No friends found for Plex token"}
{"level":30,"time":1774400306928,"pid":7,"hostname":"4193d25b65be","msg":"[PLEX_WATCHLIST] Plex Pass status: not detected"}
{"level":30,"time":1774400306929,"pid":7,"hostname":"4193d25b65be","userCount":1,"msg":"[WATCHLIST_WORKFLOW] Starting staggered ETag polling (5-minute cycles)"}
{"level":40,"time":1774400307062,"pid":7,"hostname":"4193d25b65be","msg":"[PLEX_WATCHLIST] No friends found for Plex token"}
{"level":30,"time":1774400307295,"pid":7,"hostname":"4193d25b65be","msg":"[PLEX_WATCHLIST] Plex Pass status: not detected"}
{"level":30,"time":1774400308286,"pid":7,"hostname":"4193d25b65be","msg":"[PLEX_SERVER] Opening SSE connection to Plex"}
{"level":40,"time":1774400308287,"pid":7,"hostname":"4193d25b65be","msg":"[PLEX_SERVER] SSE connection error"}
{"level":40,"time":1774400308287,"pid":7,"hostname":"4193d25b65be","msg":"[PLEX_SERVER] SSE disconnected - polling continues as fallback"}
{"level":30,"time":1774400308287,"pid":7,"hostname":"4193d25b65be","delayMs":4735,"msg":"[PLEX_SERVER] Scheduling SSE reconnect"}
{"level":30,"time":1774400309192,"pid":7,"hostname":"4193d25b65be","msg":"SIGTERM received, server closing"}
{"level":30,"time":1774400321320,"pid":7,"hostname":"2a63bd2c4454","msg":"Using baseUrl: http://localhost for service connections"}
{"level":30,"time":1774400321674,"pid":7,"hostname":"2a63bd2c4454","msg":"Config is now ready, resolving waitForConfig promise"}
{"level":30,"time":1774400321677,"pid":7,"hostname":"2a63bd2c4454","msg":"[PLEX_SERVER] Initializing PlexServerService"}
{"level":30,"time":1774400321680,"pid":7,"hostname":"2a63bd2c4454","msg":"[SCHEDULER] Scheduler service initialized"}
{"level":30,"time":1774400321681,"pid":7,"hostname":"2a63bd2c4454","msg":"[PLEX_LABEL_SYNC] Initializing PlexLabelSyncService"}
{"level":30,"time":1774400321682,"pid":7,"hostname":"2a63bd2c4454","msg":"[DELETE_SYNC] Initializing Delete Sync Service"}
{"level":30,"time":1774400321682,"pid":7,"hostname":"2a63bd2c4454","msg":"[API_KEY] Initializing ApiKeyService"}
{"level":30,"time":1774400321703,"pid":7,"hostname":"2a63bd2c4454","msg":"[CONTENT_ROUTER] Successfully loaded 9 router evaluators"}
{"level":30,"time":1774400321703,"pid":7,"hostname":"2a63bd2c4454","msg":"Content router initialized with plugins: Conditional Router, Streaming Availability Router, Ratings Router, Genre Router, User Router, Year Router, Season Router, Language Router, Certification Router"}
{"level":30,"time":1774400321704,"pid":7,"hostname":"2a63bd2c4454","msg":"[WATCHLIST_WORKFLOW] Initializing Watchlist Workflow Service"}
{"level":30,"time":1774400321705,"pid":7,"hostname":"2a63bd2c4454","msg":"[PLEX_SESSION_MONITOR] PlexSessionMonitorService initialized"}
{"level":30,"time":1774400321725,"pid":7,"hostname":"2a63bd2c4454","msg":"Config ready, starting workflow"}
{"level":30,"time":1774400323339,"pid":7,"hostname":"2a63bd2c4454","msg":"[PLEX_WATCHLIST] Successfully validated Plex token"}
{"level":30,"time":1774400323339,"pid":7,"hostname":"2a63bd2c4454","msg":"[WATCHLIST_WORKFLOW] Plex connection verified"}
{"level":30,"time":1774400323742,"pid":7,"hostname":"2a63bd2c4454","msg":"[PLEX_SERVER] Initializing PlexServerService connections and users"}
{"level":40,"time":1774400323743,"pid":7,"hostname":"2a63bd2c4454","msg":"[PLEX_WATCHLIST] Unable to generate an RSS feed: Unauthorized"}
{"level":30,"time":1774400323743,"pid":7,"hostname":"2a63bd2c4454","msg":"[PLEX_WATCHLIST] Generated watchlist RSS feed for self: None"}
{"level":40,"time":1774400323795,"pid":7,"hostname":"2a63bd2c4454","msg":"[PLEX_WATCHLIST] Unable to generate an RSS feed: Unauthorized"}
{"level":30,"time":1774400323796,"pid":7,"hostname":"2a63bd2c4454","msg":"[PLEX_WATCHLIST] Generated watchlist RSS feed for friends: None"}
{"level":40,"time":1774400323796,"pid":7,"hostname":"2a63bd2c4454","msg":"[PLEX_WATCHLIST] Missing RSS URL. Are you an active Plex Pass user?"}
{"level":40,"time":1774400323796,"pid":7,"hostname":"2a63bd2c4454","msg":"[PLEX_WATCHLIST] Real-time RSS sync disabled"}
{"level":40,"time":1774400323796,"pid":7,"hostname":"2a63bd2c4454","error":{"message":"Unable to fetch watchlist URLs","name":"Error","type":"Error","stack":"Error: Unable to fetch watchlist URLs\n    at generateAndSaveRssFeeds (/app/dist/services/plex-watchlist/orchestration/rss-processor.js:13:19)\n    at processTicksAndRejections (native:7:39)"},"msg":"[WATCHLIST_WORKFLOW] Failed to generate RSS feeds, falling back to manual sync"}
{"level":30,"time":1774400323801,"pid":7,"hostname":"2a63bd2c4454","msg":"[WATCHLIST_WORKFLOW] Periodic watchlist reconciliation job created (will be dynamically scheduled)"}
{"level":30,"time":1774400323801,"pid":7,"hostname":"2a63bd2c4454","msg":"[WATCHLIST_WORKFLOW] Deferred routing queue started"}
{"level":40,"time":1774400323881,"pid":7,"hostname":"2a63bd2c4454","msg":"[PLEX_SERVER] No Plex server connections found, using default"}
{"level":40,"time":1774400323941,"pid":7,"hostname":"2a63bd2c4454","msg":"[PLEX_WATCHLIST] No friends found for Plex token"}
{"level":40,"time":1774400324013,"pid":7,"hostname":"2a63bd2c4454","msg":"[PLEX_SERVER] No Plex users found during initialization"}
{"level":40,"time":1774400324185,"pid":7,"hostname":"2a63bd2c4454","msg":"[PLEX_SERVER] No Plex server connections found, using default"}
{"level":50,"time":1774400324186,"pid":7,"hostname":"2a63bd2c4454","error":{"message":"Could not determine server machine ID","name":"Error","type":"Error","stack":"Error: Could not determine server machine ID\n    at getSharedServerInfo (/app/dist/services/plex-server.service.js:424:31)\n    at async initialize (/app/dist/services/plex-server.service.js:104:43)\n    at async <anonymous> (/app/dist/plugins/custom/plex-server.js:14:47)\n    at processTicksAndRejections (native:7:39)"},"msg":"[PLEX_SERVER] Error fetching shared server info:"}
{"level":40,"time":1774400324186,"pid":7,"hostname":"2a63bd2c4454","msg":"[PLEX_SERVER] No shared server info found during initialization"}
{"level":30,"time":1774400324187,"pid":7,"hostname":"2a63bd2c4454","msg":"PlexServerService initialized successfully"}
{"level":40,"time":1774400324356,"pid":7,"hostname":"2a63bd2c4454","msg":"[PLEX_SERVER] No Plex server connections found, using default"}
{"level":30,"time":1774400324358,"pid":7,"hostname":"2a63bd2c4454","msg":"[PLEX_SERVER] Opening SSE connection to Plex"}
{"level":30,"time":1774400324359,"pid":7,"hostname":"2a63bd2c4454","msg":"[NOTIFICATIONS] [PLEX_MOBILE] Plex Pass status not yet determined — Plex mobile notifications deferred"}
{"level":30,"time":1774400324359,"pid":7,"hostname":"2a63bd2c4454","msg":"[NOTIFICATIONS] No Apprise URL configured, Apprise notifications will be disabled"}
{"level":30,"time":1774400324370,"pid":7,"hostname":"2a63bd2c4454","msg":"[SCHEDULER] Scheduler ready: 9 jobs scheduled and active"}
{"level":30,"time":1774400324374,"pid":7,"hostname":"2a63bd2c4454","msg":"Anime database already contains 10529 entries"}
{"level":40,"time":1774400324386,"pid":7,"hostname":"2a63bd2c4454","msg":"[PLEX_SERVER] SSE connection error"}
{"level":40,"time":1774400324386,"pid":7,"hostname":"2a63bd2c4454","msg":"[PLEX_SERVER] SSE disconnected - polling continues as fallback"}
{"level":30,"time":1774400324387,"pid":7,"hostname":"2a63bd2c4454","delayMs":1088,"msg":"[PLEX_SERVER] Scheduling SSE reconnect"}
{"level":30,"time":1774400324388,"pid":7,"hostname":"2a63bd2c4454","msg":"Server listening at http://127.0.0.1:3003"}
{"level":30,"time":1774400324388,"pid":7,"hostname":"2a63bd2c4454","msg":"Server listening at http://172.18.0.7:3003"}
{"level":30,"time":1774400324399,"pid":7,"hostname":"2a63bd2c4454","msg":"[PLEX_WATCHLIST] Plex Pass status: not detected"}
{"level":30,"time":1774400324470,"pid":7,"hostname":"2a63bd2c4454","friendCount":0,"msg":"[WATCHLIST_WORKFLOW] Watchlist baselines established for all users"}
{"level":40,"time":1774400324601,"pid":7,"hostname":"2a63bd2c4454","msg":"[PLEX_WATCHLIST] No friends found for Plex token"}
{"level":30,"time":1774400324858,"pid":7,"hostname":"2a63bd2c4454","msg":"[PLEX_WATCHLIST] Plex Pass status: not detected"}
{"level":30,"time":1774400324862,"pid":7,"hostname":"2a63bd2c4454","msg":"[WATCHLIST_WORKFLOW] Starting full reconciliation"}
{"level":30,"time":1774400324862,"pid":7,"hostname":"2a63bd2c4454","msg":"[WATCHLIST_WORKFLOW] Refreshing watchlists"}
{"level":40,"time":1774400324989,"pid":7,"hostname":"2a63bd2c4454","msg":"[PLEX_WATCHLIST] No friends found for Plex token"}
{"level":30,"time":1774400325130,"pid":7,"hostname":"2a63bd2c4454","msg":"[PLEX_WATCHLIST] Plex Pass status: not detected"}
{"level":30,"time":1774400325201,"pid":7,"hostname":"2a63bd2c4454","msg":"[PLEX_WATCHLIST] Self watchlist fetched successfully with 1 total items"}
{"level":30,"time":1774400325220,"pid":7,"hostname":"2a63bd2c4454","msg":"[PLEX_WATCHLIST] Plex Pass status: not detected"}
{"level":30,"time":1774400325223,"pid":7,"hostname":"2a63bd2c4454","msg":"[WATCHLIST_WORKFLOW] Watchlists refreshed successfully"}
{"level":30,"time":1774400325227,"pid":7,"hostname":"2a63bd2c4454","msg":"[WATCHLIST_WORKFLOW] Performing watchlist item sync"}
{"level":30,"time":1774400325411,"pid":7,"hostname":"2a63bd2c4454","msg":"[RADARR] Credentials verified, attempting to setup webhook \"Pulsarr (host.docker.internal:3003)\" with URL for Radarr: http://host.docker.internal:3003/v1/notifications/webhook?instanceId=radarr7878"}
{"level":30,"time":1774400325412,"pid":7,"hostname":"2a63bd2c4454","msg":"[SONARR] Credentials verified, attempting to setup webhook \"Pulsarr (host.docker.internal:3003)\" with URL for Sonarr: http://host.docker.internal:3003/v1/notifications/webhook?instanceId=sonarr8989"}
{"level":30,"time":1774400325498,"pid":7,"hostname":"2a63bd2c4454","msg":"[PLEX_SERVER] Opening SSE connection to Plex"}
{"level":40,"time":1774400325499,"pid":7,"hostname":"2a63bd2c4454","msg":"[PLEX_SERVER] SSE connection error"}
{"level":40,"time":1774400325499,"pid":7,"hostname":"2a63bd2c4454","msg":"[PLEX_SERVER] SSE disconnected - polling continues as fallback"}
{"level":30,"time":1774400325499,"pid":7,"hostname":"2a63bd2c4454","delayMs":2049,"msg":"[PLEX_SERVER] Scheduling SSE reconnect"}
{"level":30,"time":1774400325570,"pid":7,"hostname":"2a63bd2c4454","added":{"shows":0,"movies":0},"unmatched":{"shows":0,"movies":3},"skippedDueToUserSetting":0,"skippedDueToMissingIds":0,"skippedDueToWatchlistCap":0,"msg":"[WATCHLIST_WORKFLOW] Watchlist sync completed"}
{"level":30,"time":1774400325632,"pid":7,"hostname":"2a63bd2c4454","msg":"[SONARR] Successfully updated Pulsarr webhook \"Pulsarr (host.docker.internal:3003)\" for Sonarr"}
{"level":30,"time":1774400325650,"pid":7,"hostname":"2a63bd2c4454","friendCount":0,"msg":"[WATCHLIST_WORKFLOW] Watchlist baselines established for all users"}
{"level":30,"time":1774400325651,"pid":7,"hostname":"2a63bd2c4454","msg":"[WATCHLIST_WORKFLOW] Full reconciliation completed"}
{"level":30,"time":1774400325652,"pid":7,"hostname":"2a63bd2c4454","msg":"[WATCHLIST_WORKFLOW] Scheduled next periodic reconciliation in 120 minutes"}
{"level":30,"time":1774400325652,"pid":7,"hostname":"2a63bd2c4454","msg":"[WATCHLIST_WORKFLOW] Watchlist workflow running in ETag mode (5-minute staggered polling, 2-hour full reconciliation)"}
{"level":30,"time":1774400325653,"pid":7,"hostname":"2a63bd2c4454","msg":"[RADARR] Successfully updated Pulsarr webhook \"Pulsarr (host.docker.internal:3003)\" for Radarr"}
{"level":40,"time":1774400325792,"pid":7,"hostname":"2a63bd2c4454","msg":"[PLEX_WATCHLIST] No friends found for Plex token"}
{"level":30,"time":1774400326344,"pid":7,"hostname":"2a63bd2c4454","msg":"[PLEX_WATCHLIST] Plex Pass status: not detected"}
{"level":30,"time":1774400326345,"pid":7,"hostname":"2a63bd2c4454","userCount":1,"msg":"[WATCHLIST_WORKFLOW] Starting staggered ETag polling (5-minute cycles)"}
{"level":40,"time":1774400326468,"pid":7,"hostname":"2a63bd2c4454","msg":"[PLEX_WATCHLIST] No friends found for Plex token"}
{"level":30,"time":1774400326708,"pid":7,"hostname":"2a63bd2c4454","msg":"[PLEX_WATCHLIST] Plex Pass status: not detected"}
{"level":30,"time":1774400327548,"pid":7,"hostname":"2a63bd2c4454","msg":"[PLEX_SERVER] Opening SSE connection to Plex"}
{"level":40,"time":1774400327550,"pid":7,"hostname":"2a63bd2c4454","msg":"[PLEX_SERVER] SSE connection error"}
{"level":40,"time":1774400327551,"pid":7,"hostname":"2a63bd2c4454","msg":"[PLEX_SERVER] SSE disconnected - polling continues as fallback"}
{"level":30,"time":1774400327551,"pid":7,"hostname":"2a63bd2c4454","delayMs":4664,"msg":"[PLEX_SERVER] Scheduling SSE reconnect"}
{"level":30,"time":1774400332220,"pid":7,"hostname":"2a63bd2c4454","msg":"[PLEX_SERVER] Opening SSE connection to Plex"}
{"level":40,"time":1774400332224,"pid":7,"hostname":"2a63bd2c4454","msg":"[PLEX_SERVER] SSE connection error"}
{"level":40,"time":1774400332225,"pid":7,"hostname":"2a63bd2c4454","msg":"[PLEX_SERVER] SSE disconnected - polling continues as fallback"}
{"level":30,"time":1774400332225,"pid":7,"hostname":"2a63bd2c4454","delayMs":9874,"msg":"[PLEX_SERVER] Scheduling SSE reconnect"}
{"level":30,"time":1774400342105,"pid":7,"hostname":"2a63bd2c4454","msg":"[PLEX_SERVER] Opening SSE connection to Plex"}
{"level":40,"time":1774400342108,"pid":7,"hostname":"2a63bd2c4454","msg":"[PLEX_SERVER] SSE connection error"}
{"level":40,"time":1774400342108,"pid":7,"hostname":"2a63bd2c4454","msg":"[PLEX_SERVER] SSE disconnected - polling continues as fallback"}
{"level":30,"time":1774400342108,"pid":7,"hostname":"2a63bd2c4454","delayMs":16724,"msg":"[PLEX_SERVER] Scheduling SSE reconnect"}
{"level":30,"time":1774400358834,"pid":7,"hostname":"2a63bd2c4454","msg":"[PLEX_SERVER] Opening SSE connection to Plex"}
{"level":40,"time":1774400358841,"pid":7,"hostname":"2a63bd2c4454","msg":"[PLEX_SERVER] SSE connection error"}
{"level":40,"time":1774400358843,"pid":7,"hostname":"2a63bd2c4454","msg":"[PLEX_SERVER] SSE disconnected - polling continues as fallback"}
{"level":30,"time":1774400358843,"pid":7,"hostname":"2a63bd2c4454","delayMs":31540,"msg":"[PLEX_SERVER] Scheduling SSE reconnect"}
{"level":30,"time":1774400384397,"pid":7,"hostname":"2a63bd2c4454","msg":"[WEBHOOK_QUEUE] Cleaned up 1 expired webhooks"}
{"level":30,"time":1774400390388,"pid":7,"hostname":"2a63bd2c4454","msg":"[PLEX_SERVER] Opening SSE connection to Plex"}
{"level":40,"time":1774400390392,"pid":7,"hostname":"2a63bd2c4454","msg":"[PLEX_SERVER] SSE connection error"}
{"level":40,"time":1774400390392,"pid":7,"hostname":"2a63bd2c4454","msg":"[PLEX_SERVER] SSE disconnected - polling continues as fallback"}
{"level":30,"time":1774400390392,"pid":7,"hostname":"2a63bd2c4454","delayMs":32560,"msg":"[PLEX_SERVER] Scheduling SSE reconnect"}
{"level":30,"time":1774400400011,"pid":7,"hostname":"2a63bd2c4454","jobName":"quota-maintenance","action":"start","msg":"[QUOTA] Running scheduled job"}
{"level":30,"time":1774400400047,"pid":7,"hostname":"2a63bd2c4454","jobName":"quota-maintenance","action":"complete","msg":"[QUOTA] Completed scheduled job"}
{"level":30,"time":1774400414232,"pid":7,"hostname":"2a63bd2c4454","msg":"SIGTERM received, server closing"}
{"level":30,"time":1774400535579,"pid":7,"hostname":"cfd82d10ac60","msg":"Using baseUrl: http://localhost for service connections"}
{"level":30,"time":1774400535930,"pid":7,"hostname":"cfd82d10ac60","msg":"Config is now ready, resolving waitForConfig promise"}
{"level":30,"time":1774400535933,"pid":7,"hostname":"cfd82d10ac60","msg":"[PLEX_SERVER] Initializing PlexServerService"}
{"level":30,"time":1774400535936,"pid":7,"hostname":"cfd82d10ac60","msg":"[SCHEDULER] Scheduler service initialized"}
{"level":30,"time":1774400535936,"pid":7,"hostname":"cfd82d10ac60","msg":"[PLEX_LABEL_SYNC] Initializing PlexLabelSyncService"}
{"level":30,"time":1774400535937,"pid":7,"hostname":"cfd82d10ac60","msg":"[DELETE_SYNC] Initializing Delete Sync Service"}
{"level":30,"time":1774400535937,"pid":7,"hostname":"cfd82d10ac60","msg":"[API_KEY] Initializing ApiKeyService"}
{"level":30,"time":1774400535970,"pid":7,"hostname":"cfd82d10ac60","msg":"[CONTENT_ROUTER] Successfully loaded 9 router evaluators"}
{"level":30,"time":1774400535970,"pid":7,"hostname":"cfd82d10ac60","msg":"Content router initialized with plugins: Conditional Router, Streaming Availability Router, Ratings Router, Genre Router, User Router, Year Router, Season Router, Language Router, Certification Router"}
{"level":30,"time":1774400535970,"pid":7,"hostname":"cfd82d10ac60","msg":"[WATCHLIST_WORKFLOW] Initializing Watchlist Workflow Service"}
{"level":30,"time":1774400535971,"pid":7,"hostname":"cfd82d10ac60","msg":"[PLEX_SESSION_MONITOR] PlexSessionMonitorService initialized"}
{"level":30,"time":1774400535981,"pid":7,"hostname":"cfd82d10ac60","msg":"Config ready, starting workflow"}
{"level":30,"time":1774400537659,"pid":7,"hostname":"cfd82d10ac60","msg":"[PLEX_WATCHLIST] Successfully validated Plex token"}
{"level":30,"time":1774400537660,"pid":7,"hostname":"cfd82d10ac60","msg":"[WATCHLIST_WORKFLOW] Plex connection verified"}
{"level":30,"time":1774400538216,"pid":7,"hostname":"cfd82d10ac60","msg":"[PLEX_SERVER] Initializing PlexServerService connections and users"}
{"level":40,"time":1774400538217,"pid":7,"hostname":"cfd82d10ac60","msg":"[PLEX_WATCHLIST] Unable to generate an RSS feed: Unauthorized"}
{"level":30,"time":1774400538217,"pid":7,"hostname":"cfd82d10ac60","msg":"[PLEX_WATCHLIST] Generated watchlist RSS feed for self: None"}
{"level":40,"time":1774400538271,"pid":7,"hostname":"cfd82d10ac60","msg":"[PLEX_WATCHLIST] Unable to generate an RSS feed: Unauthorized"}
{"level":30,"time":1774400538272,"pid":7,"hostname":"cfd82d10ac60","msg":"[PLEX_WATCHLIST] Generated watchlist RSS feed for friends: None"}
{"level":40,"time":1774400538272,"pid":7,"hostname":"cfd82d10ac60","msg":"[PLEX_WATCHLIST] Missing RSS URL. Are you an active Plex Pass user?"}
{"level":40,"time":1774400538272,"pid":7,"hostname":"cfd82d10ac60","msg":"[PLEX_WATCHLIST] Real-time RSS sync disabled"}
{"level":40,"time":1774400538272,"pid":7,"hostname":"cfd82d10ac60","error":{"message":"Unable to fetch watchlist URLs","name":"Error","type":"Error","stack":"Error: Unable to fetch watchlist URLs\n    at generateAndSaveRssFeeds (/app/dist/services/plex-watchlist/orchestration/rss-processor.js:13:19)\n    at processTicksAndRejections (native:7:39)"},"msg":"[WATCHLIST_WORKFLOW] Failed to generate RSS feeds, falling back to manual sync"}
{"level":30,"time":1774400538278,"pid":7,"hostname":"cfd82d10ac60","msg":"[WATCHLIST_WORKFLOW] Periodic watchlist reconciliation job created (will be dynamically scheduled)"}
{"level":30,"time":1774400538279,"pid":7,"hostname":"cfd82d10ac60","msg":"[WATCHLIST_WORKFLOW] Deferred routing queue started"}
{"level":40,"time":1774400538367,"pid":7,"hostname":"cfd82d10ac60","msg":"[PLEX_SERVER] No Plex server connections found, using default"}
{"level":40,"time":1774400538437,"pid":7,"hostname":"cfd82d10ac60","msg":"[PLEX_WATCHLIST] No friends found for Plex token"}
{"level":40,"time":1774400538497,"pid":7,"hostname":"cfd82d10ac60","msg":"[PLEX_SERVER] No Plex users found during initialization"}
{"level":40,"time":1774400538630,"pid":7,"hostname":"cfd82d10ac60","msg":"[PLEX_SERVER] No Plex server connections found, using default"}
{"level":50,"time":1774400538631,"pid":7,"hostname":"cfd82d10ac60","error":{"message":"Could not determine server machine ID","name":"Error","type":"Error","stack":"Error: Could not determine server machine ID\n    at getSharedServerInfo (/app/dist/services/plex-server.service.js:424:31)\n    at async initialize (/app/dist/services/plex-server.service.js:104:43)\n    at async <anonymous> (/app/dist/plugins/custom/plex-server.js:14:47)\n    at processTicksAndRejections (native:7:39)"},"msg":"[PLEX_SERVER] Error fetching shared server info:"}
{"level":40,"time":1774400538631,"pid":7,"hostname":"cfd82d10ac60","msg":"[PLEX_SERVER] No shared server info found during initialization"}
{"level":30,"time":1774400538631,"pid":7,"hostname":"cfd82d10ac60","msg":"PlexServerService initialized successfully"}
{"level":40,"time":1774400538801,"pid":7,"hostname":"cfd82d10ac60","msg":"[PLEX_SERVER] No Plex server connections found, using default"}
{"level":30,"time":1774400538807,"pid":7,"hostname":"cfd82d10ac60","msg":"[PLEX_SERVER] Opening SSE connection to Plex"}
{"level":30,"time":1774400538821,"pid":7,"hostname":"cfd82d10ac60","msg":"[NOTIFICATIONS] [PLEX_MOBILE] Plex Pass status not yet determined — Plex mobile notifications deferred"}
{"level":30,"time":1774400538827,"pid":7,"hostname":"cfd82d10ac60","msg":"[NOTIFICATIONS] No Apprise URL configured, Apprise notifications will be disabled"}
{"level":30,"time":1774400538879,"pid":7,"hostname":"cfd82d10ac60","msg":"[SCHEDULER] Scheduler ready: 9 jobs scheduled and active"}
{"level":30,"time":1774400538894,"pid":7,"hostname":"cfd82d10ac60","msg":"Anime database already contains 10529 entries"}
{"level":40,"time":1774400538929,"pid":7,"hostname":"cfd82d10ac60","msg":"[PLEX_SERVER] SSE connection error"}
{"level":40,"time":1774400538929,"pid":7,"hostname":"cfd82d10ac60","msg":"[PLEX_SERVER] SSE disconnected - polling continues as fallback"}
{"level":30,"time":1774400538930,"pid":7,"hostname":"cfd82d10ac60","delayMs":1116,"msg":"[PLEX_SERVER] Scheduling SSE reconnect"}
{"level":30,"time":1774400538933,"pid":7,"hostname":"cfd82d10ac60","msg":"Server listening at http://127.0.0.1:3003"}
{"level":30,"time":1774400538934,"pid":7,"hostname":"cfd82d10ac60","msg":"Server listening at http://172.18.0.7:3003"}
{"level":30,"time":1774400538977,"pid":7,"hostname":"cfd82d10ac60","msg":"[PLEX_WATCHLIST] Plex Pass status: not detected"}
{"level":30,"time":1774400539223,"pid":7,"hostname":"cfd82d10ac60","friendCount":0,"msg":"[WATCHLIST_WORKFLOW] Watchlist baselines established for all users"}
{"level":40,"time":1774400539362,"pid":7,"hostname":"cfd82d10ac60","msg":"[PLEX_WATCHLIST] No friends found for Plex token"}
{"level":30,"time":1774400539675,"pid":7,"hostname":"cfd82d10ac60","msg":"[PLEX_WATCHLIST] Plex Pass status: not detected"}
{"level":30,"time":1774400539680,"pid":7,"hostname":"cfd82d10ac60","msg":"[WATCHLIST_WORKFLOW] Starting full reconciliation"}
{"level":30,"time":1774400539681,"pid":7,"hostname":"cfd82d10ac60","msg":"[WATCHLIST_WORKFLOW] Refreshing watchlists"}
{"level":40,"time":1774400539827,"pid":7,"hostname":"cfd82d10ac60","msg":"[PLEX_WATCHLIST] No friends found for Plex token"}
{"level":30,"time":1774400539900,"pid":7,"hostname":"cfd82d10ac60","msg":"[PLEX_WATCHLIST] Plex Pass status: not detected"}
{"level":30,"time":1774400539937,"pid":7,"hostname":"cfd82d10ac60","msg":"[RADARR] Credentials verified, attempting to setup webhook \"Pulsarr (host.docker.internal:3003)\" with URL for Radarr: http://host.docker.internal:3003/v1/notifications/webhook?instanceId=radarr7878"}
{"level":30,"time":1774400539939,"pid":7,"hostname":"cfd82d10ac60","msg":"[SONARR] Credentials verified, attempting to setup webhook \"Pulsarr (host.docker.internal:3003)\" with URL for Sonarr: http://host.docker.internal:3003/v1/notifications/webhook?instanceId=sonarr8989"}
{"level":30,"time":1774400539982,"pid":7,"hostname":"cfd82d10ac60","msg":"[PLEX_WATCHLIST] Self watchlist fetched successfully with 1 total items"}
{"level":30,"time":1774400540046,"pid":7,"hostname":"cfd82d10ac60","msg":"[PLEX_SERVER] Opening SSE connection to Plex"}
{"level":40,"time":1774400540049,"pid":7,"hostname":"cfd82d10ac60","msg":"[PLEX_SERVER] SSE connection error"}
{"level":40,"time":1774400540050,"pid":7,"hostname":"cfd82d10ac60","msg":"[PLEX_SERVER] SSE disconnected - polling continues as fallback"}
{"level":30,"time":1774400540051,"pid":7,"hostname":"cfd82d10ac60","delayMs":2192,"msg":"[PLEX_SERVER] Scheduling SSE reconnect"}
{"level":30,"time":1774400540213,"pid":7,"hostname":"cfd82d10ac60","msg":"[RADARR] Successfully updated Pulsarr webhook \"Pulsarr (host.docker.internal:3003)\" for Radarr"}
{"level":30,"time":1774400540223,"pid":7,"hostname":"cfd82d10ac60","msg":"[SONARR] Successfully updated Pulsarr webhook \"Pulsarr (host.docker.internal:3003)\" for Sonarr"}
{"level":30,"time":1774400540338,"pid":7,"hostname":"cfd82d10ac60","msg":"[PLEX_WATCHLIST] Plex Pass status: not detected"}
{"level":30,"time":1774400540339,"pid":7,"hostname":"cfd82d10ac60","msg":"[WATCHLIST_WORKFLOW] Watchlists refreshed successfully"}
{"level":30,"time":1774400540340,"pid":7,"hostname":"cfd82d10ac60","msg":"[WATCHLIST_WORKFLOW] Performing watchlist item sync"}
{"level":30,"time":1774400540481,"pid":7,"hostname":"cfd82d10ac60","added":{"shows":0,"movies":0},"unmatched":{"shows":0,"movies":3},"skippedDueToUserSetting":0,"skippedDueToMissingIds":0,"skippedDueToWatchlistCap":0,"msg":"[WATCHLIST_WORKFLOW] Watchlist sync completed"}
{"level":30,"time":1774400540552,"pid":7,"hostname":"cfd82d10ac60","friendCount":0,"msg":"[WATCHLIST_WORKFLOW] Watchlist baselines established for all users"}
{"level":30,"time":1774400540553,"pid":7,"hostname":"cfd82d10ac60","msg":"[WATCHLIST_WORKFLOW] Full reconciliation completed"}
{"level":30,"time":1774400540554,"pid":7,"hostname":"cfd82d10ac60","msg":"[WATCHLIST_WORKFLOW] Scheduled next periodic reconciliation in 120 minutes"}
{"level":30,"time":1774400540555,"pid":7,"hostname":"cfd82d10ac60","msg":"[WATCHLIST_WORKFLOW] Watchlist workflow running in ETag mode (5-minute staggered polling, 2-hour full reconciliation)"}
{"level":40,"time":1774400540697,"pid":7,"hostname":"cfd82d10ac60","msg":"[PLEX_WATCHLIST] No friends found for Plex token"}
{"level":30,"time":1774400540899,"pid":7,"hostname":"cfd82d10ac60","msg":"[PLEX_WATCHLIST] Plex Pass status: not detected"}
{"level":30,"time":1774400540901,"pid":7,"hostname":"cfd82d10ac60","userCount":1,"msg":"[WATCHLIST_WORKFLOW] Starting staggered ETag polling (5-minute cycles)"}
{"level":40,"time":1774400541022,"pid":7,"hostname":"cfd82d10ac60","msg":"[PLEX_WATCHLIST] No friends found for Plex token"}
{"level":30,"time":1774400541298,"pid":7,"hostname":"cfd82d10ac60","msg":"[PLEX_WATCHLIST] Plex Pass status: not detected"}
{"level":30,"time":1774400542255,"pid":7,"hostname":"cfd82d10ac60","msg":"[PLEX_SERVER] Opening SSE connection to Plex"}
{"level":40,"time":1774400542259,"pid":7,"hostname":"cfd82d10ac60","msg":"[PLEX_SERVER] SSE connection error"}
{"level":40,"time":1774400542260,"pid":7,"hostname":"cfd82d10ac60","msg":"[PLEX_SERVER] SSE disconnected - polling continues as fallback"}
{"level":30,"time":1774400542261,"pid":7,"hostname":"cfd82d10ac60","delayMs":4804,"msg":"[PLEX_SERVER] Scheduling SSE reconnect"}
{"level":30,"time":1774400547066,"pid":7,"hostname":"cfd82d10ac60","msg":"[PLEX_SERVER] Opening SSE connection to Plex"}
{"level":40,"time":1774400547069,"pid":7,"hostname":"cfd82d10ac60","msg":"[PLEX_SERVER] SSE connection error"}
{"level":40,"time":1774400547069,"pid":7,"hostname":"cfd82d10ac60","msg":"[PLEX_SERVER] SSE disconnected - polling continues as fallback"}
{"level":30,"time":1774400547069,"pid":7,"hostname":"cfd82d10ac60","delayMs":8420,"msg":"[PLEX_SERVER] Scheduling SSE reconnect"}
{"level":30,"time":1774400555498,"pid":7,"hostname":"cfd82d10ac60","msg":"[PLEX_SERVER] Opening SSE connection to Plex"}
{"level":40,"time":1774400555501,"pid":7,"hostname":"cfd82d10ac60","msg":"[PLEX_SERVER] SSE connection error"}
{"level":40,"time":1774400555502,"pid":7,"hostname":"cfd82d10ac60","msg":"[PLEX_SERVER] SSE disconnected - polling continues as fallback"}
{"level":30,"time":1774400555502,"pid":7,"hostname":"cfd82d10ac60","delayMs":17485,"msg":"[PLEX_SERVER] Scheduling SSE reconnect"}
{"level":30,"time":1774400572986,"pid":7,"hostname":"cfd82d10ac60","msg":"[PLEX_SERVER] Opening SSE connection to Plex"}
{"level":40,"time":1774400572992,"pid":7,"hostname":"cfd82d10ac60","msg":"[PLEX_SERVER] SSE connection error"}
{"level":40,"time":1774400572993,"pid":7,"hostname":"cfd82d10ac60","msg":"[PLEX_SERVER] SSE disconnected - polling continues as fallback"}
{"level":30,"time":1774400572994,"pid":7,"hostname":"cfd82d10ac60","delayMs":33410,"msg":"[PLEX_SERVER] Scheduling SSE reconnect"}
{"level":30,"time":1774400606408,"pid":7,"hostname":"cfd82d10ac60","msg":"[PLEX_SERVER] Opening SSE connection to Plex"}
{"level":40,"time":1774400606413,"pid":7,"hostname":"cfd82d10ac60","msg":"[PLEX_SERVER] SSE connection error"}
{"level":40,"time":1774400606414,"pid":7,"hostname":"cfd82d10ac60","msg":"[PLEX_SERVER] SSE disconnected - polling continues as fallback"}
{"level":30,"time":1774400606414,"pid":7,"hostname":"cfd82d10ac60","delayMs":33619,"msg":"[PLEX_SERVER] Scheduling SSE reconnect"}
{"level":30,"time":1774400640036,"pid":7,"hostname":"cfd82d10ac60","msg":"[PLEX_SERVER] Opening SSE connection to Plex"}
{"level":40,"time":1774400640040,"pid":7,"hostname":"cfd82d10ac60","msg":"[PLEX_SERVER] SSE connection error"}
{"level":40,"time":1774400640041,"pid":7,"hostname":"cfd82d10ac60","msg":"[PLEX_SERVER] SSE disconnected - polling continues as fallback"}
{"level":30,"time":1774400640041,"pid":7,"hostname":"cfd82d10ac60","delayMs":31565,"msg":"[PLEX_SERVER] Scheduling SSE reconnect"}
{"level":30,"time":1774400671605,"pid":7,"hostname":"cfd82d10ac60","msg":"[PLEX_SERVER] Opening SSE connection to Plex"}
{"level":40,"time":1774400671607,"pid":7,"hostname":"cfd82d10ac60","msg":"[PLEX_SERVER] SSE connection error"}
{"level":40,"time":1774400671607,"pid":7,"hostname":"cfd82d10ac60","msg":"[PLEX_SERVER] SSE disconnected - polling continues as fallback"}
{"level":30,"time":1774400671607,"pid":7,"hostname":"cfd82d10ac60","delayMs":33877,"msg":"[PLEX_SERVER] Scheduling SSE reconnect"}
{"level":40,"time":1774400704452,"pid":7,"hostname":"cfd82d10ac60","msg":"[PLEX_WATCHLIST] No friends found for Plex token"}
{"level":30,"time":1774400705490,"pid":7,"hostname":"cfd82d10ac60","msg":"[PLEX_SERVER] Opening SSE connection to Plex"}
{"level":40,"time":1774400705492,"pid":7,"hostname":"cfd82d10ac60","msg":"[PLEX_SERVER] SSE connection error"}
{"level":40,"time":1774400705493,"pid":7,"hostname":"cfd82d10ac60","msg":"[PLEX_SERVER] SSE disconnected - polling continues as fallback"}
{"level":30,"time":1774400705493,"pid":7,"hostname":"cfd82d10ac60","delayMs":34050,"msg":"[PLEX_SERVER] Scheduling SSE reconnect"}
{"level":30,"time":1774400705748,"pid":7,"hostname":"cfd82d10ac60","msg":"[PLEX_WATCHLIST] Plex Pass status: not detected"}
{"level":30,"time":1774400739544,"pid":7,"hostname":"cfd82d10ac60","msg":"[PLEX_SERVER] Opening SSE connection to Plex"}
{"level":40,"time":1774400739555,"pid":7,"hostname":"cfd82d10ac60","msg":"[PLEX_SERVER] SSE connection error"}
{"level":40,"time":1774400739555,"pid":7,"hostname":"cfd82d10ac60","msg":"[PLEX_SERVER] SSE disconnected - polling continues as fallback"}
{"level":30,"time":1774400739555,"pid":7,"hostname":"cfd82d10ac60","delayMs":33744,"msg":"[PLEX_SERVER] Scheduling SSE reconnect"}
{"level":30,"time":1774400740669,"pid":7,"hostname":"cfd82d10ac60","msg":"SIGTERM received, server closing"}
{"level":30,"time":1774400816872,"pid":7,"hostname":"d81dec0f6187","msg":"Using baseUrl: http://localhost for service connections"}
{"level":30,"time":1774400817287,"pid":7,"hostname":"d81dec0f6187","msg":"Config is now ready, resolving waitForConfig promise"}
{"level":30,"time":1774400817290,"pid":7,"hostname":"d81dec0f6187","msg":"[PLEX_SERVER] Initializing PlexServerService"}
{"level":30,"time":1774400817293,"pid":7,"hostname":"d81dec0f6187","msg":"[SCHEDULER] Scheduler service initialized"}
{"level":30,"time":1774400817293,"pid":7,"hostname":"d81dec0f6187","msg":"[PLEX_LABEL_SYNC] Initializing PlexLabelSyncService"}
{"level":30,"time":1774400817294,"pid":7,"hostname":"d81dec0f6187","msg":"[DELETE_SYNC] Initializing Delete Sync Service"}
{"level":30,"time":1774400817295,"pid":7,"hostname":"d81dec0f6187","msg":"[API_KEY] Initializing ApiKeyService"}
{"level":30,"time":1774400817319,"pid":7,"hostname":"d81dec0f6187","msg":"[CONTENT_ROUTER] Successfully loaded 9 router evaluators"}
{"level":30,"time":1774400817320,"pid":7,"hostname":"d81dec0f6187","msg":"Content router initialized with plugins: Conditional Router, Streaming Availability Router, Ratings Router, Genre Router, User Router, Year Router, Season Router, Language Router, Certification Router"}
{"level":30,"time":1774400817320,"pid":7,"hostname":"d81dec0f6187","msg":"[WATCHLIST_WORKFLOW] Initializing Watchlist Workflow Service"}
{"level":30,"time":1774400817321,"pid":7,"hostname":"d81dec0f6187","msg":"[PLEX_SESSION_MONITOR] PlexSessionMonitorService initialized"}
{"level":30,"time":1774400817331,"pid":7,"hostname":"d81dec0f6187","msg":"Config ready, starting workflow"}
{"level":30,"time":1774400819008,"pid":7,"hostname":"d81dec0f6187","msg":"[PLEX_WATCHLIST] Successfully validated Plex token"}
{"level":30,"time":1774400819009,"pid":7,"hostname":"d81dec0f6187","msg":"[WATCHLIST_WORKFLOW] Plex connection verified"}
{"level":30,"time":1774400819470,"pid":7,"hostname":"d81dec0f6187","msg":"[PLEX_SERVER] Initializing PlexServerService connections and users"}
{"level":40,"time":1774400819473,"pid":7,"hostname":"d81dec0f6187","msg":"[PLEX_WATCHLIST] Unable to generate an RSS feed: Unauthorized"}
{"level":30,"time":1774400819473,"pid":7,"hostname":"d81dec0f6187","msg":"[PLEX_WATCHLIST] Generated watchlist RSS feed for self: None"}
{"level":40,"time":1774400819574,"pid":7,"hostname":"d81dec0f6187","msg":"[PLEX_WATCHLIST] Unable to generate an RSS feed: Unauthorized"}
{"level":30,"time":1774400819575,"pid":7,"hostname":"d81dec0f6187","msg":"[PLEX_WATCHLIST] Generated watchlist RSS feed for friends: None"}
{"level":40,"time":1774400819575,"pid":7,"hostname":"d81dec0f6187","msg":"[PLEX_WATCHLIST] Missing RSS URL. Are you an active Plex Pass user?"}
{"level":40,"time":1774400819575,"pid":7,"hostname":"d81dec0f6187","msg":"[PLEX_WATCHLIST] Real-time RSS sync disabled"}
{"level":40,"time":1774400819575,"pid":7,"hostname":"d81dec0f6187","error":{"message":"Unable to fetch watchlist URLs","name":"Error","type":"Error","stack":"Error: Unable to fetch watchlist URLs\n    at generateAndSaveRssFeeds (/app/dist/services/plex-watchlist/orchestration/rss-processor.js:13:19)\n    at processTicksAndRejections (native:7:39)"},"msg":"[WATCHLIST_WORKFLOW] Failed to generate RSS feeds, falling back to manual sync"}
{"level":30,"time":1774400819579,"pid":7,"hostname":"d81dec0f6187","msg":"[WATCHLIST_WORKFLOW] Periodic watchlist reconciliation job created (will be dynamically scheduled)"}
{"level":30,"time":1774400819580,"pid":7,"hostname":"d81dec0f6187","msg":"[WATCHLIST_WORKFLOW] Deferred routing queue started"}
{"level":40,"time":1774400819624,"pid":7,"hostname":"d81dec0f6187","msg":"[PLEX_SERVER] No Plex server connections found, using default"}
{"level":40,"time":1774400819752,"pid":7,"hostname":"d81dec0f6187","msg":"[PLEX_WATCHLIST] No friends found for Plex token"}
{"level":40,"time":1774400819772,"pid":7,"hostname":"d81dec0f6187","msg":"[PLEX_SERVER] No Plex users found during initialization"}
{"level":40,"time":1774400819914,"pid":7,"hostname":"d81dec0f6187","msg":"[PLEX_SERVER] No Plex server connections found, using default"}
{"level":50,"time":1774400819915,"pid":7,"hostname":"d81dec0f6187","error":{"message":"Could not determine server machine ID","name":"Error","type":"Error","stack":"Error: Could not determine server machine ID\n    at getSharedServerInfo (/app/dist/services/plex-server.service.js:424:31)\n    at async initialize (/app/dist/services/plex-server.service.js:104:43)\n    at async <anonymous> (/app/dist/plugins/custom/plex-server.js:14:47)\n    at processTicksAndRejections (native:7:39)"},"msg":"[PLEX_SERVER] Error fetching shared server info:"}
{"level":40,"time":1774400819915,"pid":7,"hostname":"d81dec0f6187","msg":"[PLEX_SERVER] No shared server info found during initialization"}
{"level":30,"time":1774400819915,"pid":7,"hostname":"d81dec0f6187","msg":"PlexServerService initialized successfully"}
{"level":40,"time":1774400820074,"pid":7,"hostname":"d81dec0f6187","msg":"[PLEX_SERVER] No Plex server connections found, using default"}
{"level":30,"time":1774400820075,"pid":7,"hostname":"d81dec0f6187","msg":"[PLEX_SERVER] Opening SSE connection to Plex"}
{"level":30,"time":1774400820076,"pid":7,"hostname":"d81dec0f6187","msg":"[NOTIFICATIONS] [PLEX_MOBILE] Plex Pass status not yet determined — Plex mobile notifications deferred"}
{"level":30,"time":1774400820076,"pid":7,"hostname":"d81dec0f6187","msg":"[NOTIFICATIONS] No Apprise URL configured, Apprise notifications will be disabled"}
{"level":30,"time":1774400820085,"pid":7,"hostname":"d81dec0f6187","msg":"[SCHEDULER] Scheduler ready: 9 jobs scheduled and active"}
{"level":30,"time":1774400820089,"pid":7,"hostname":"d81dec0f6187","msg":"Anime database already contains 10529 entries"}
{"level":40,"time":1774400820100,"pid":7,"hostname":"d81dec0f6187","msg":"[PLEX_SERVER] SSE connection error"}
{"level":40,"time":1774400820100,"pid":7,"hostname":"d81dec0f6187","msg":"[PLEX_SERVER] SSE disconnected - polling continues as fallback"}
{"level":30,"time":1774400820100,"pid":7,"hostname":"d81dec0f6187","delayMs":1243,"msg":"[PLEX_SERVER] Scheduling SSE reconnect"}
{"level":30,"time":1774400820102,"pid":7,"hostname":"d81dec0f6187","msg":"Server listening at http://127.0.0.1:3003"}
{"level":30,"time":1774400820102,"pid":7,"hostname":"d81dec0f6187","msg":"Server listening at http://172.18.0.7:3003"}
{"level":30,"time":1774400820212,"pid":7,"hostname":"d81dec0f6187","msg":"[PLEX_WATCHLIST] Plex Pass status: not detected"}
{"level":30,"time":1774400820284,"pid":7,"hostname":"d81dec0f6187","friendCount":0,"msg":"[WATCHLIST_WORKFLOW] Watchlist baselines established for all users"}
{"level":30,"time":1774400821101,"pid":7,"hostname":"d81dec0f6187","msg":"[RADARR] Credentials verified, attempting to setup webhook \"Pulsarr (host.docker.internal:3003)\" with URL for Radarr: http://host.docker.internal:3003/v1/notifications/webhook?instanceId=radarr7878"}
{"level":30,"time":1774400821102,"pid":7,"hostname":"d81dec0f6187","msg":"[SONARR] Credentials verified, attempting to setup webhook \"Pulsarr (host.docker.internal:3003)\" with URL for Sonarr: http://host.docker.internal:3003/v1/notifications/webhook?instanceId=sonarr8989"}
{"level":40,"time":1774400821140,"pid":7,"hostname":"d81dec0f6187","msg":"[PLEX_WATCHLIST] No friends found for Plex token"}
{"level":30,"time":1774400821294,"pid":7,"hostname":"d81dec0f6187","msg":"[RADARR] Successfully updated Pulsarr webhook \"Pulsarr (host.docker.internal:3003)\" for Radarr"}
{"level":30,"time":1774400821305,"pid":7,"hostname":"d81dec0f6187","msg":"[SONARR] Successfully updated Pulsarr webhook \"Pulsarr (host.docker.internal:3003)\" for Sonarr"}
{"level":30,"time":1774400821347,"pid":7,"hostname":"d81dec0f6187","msg":"[PLEX_SERVER] Opening SSE connection to Plex"}
{"level":40,"time":1774400821348,"pid":7,"hostname":"d81dec0f6187","msg":"[PLEX_SERVER] SSE connection error"}
{"level":40,"time":1774400821348,"pid":7,"hostname":"d81dec0f6187","msg":"[PLEX_SERVER] SSE disconnected - polling continues as fallback"}
{"level":30,"time":1774400821348,"pid":7,"hostname":"d81dec0f6187","delayMs":2438,"msg":"[PLEX_SERVER] Scheduling SSE reconnect"}
{"level":30,"time":1774400821359,"pid":7,"hostname":"d81dec0f6187","msg":"[PLEX_WATCHLIST] Plex Pass status: not detected"}
{"level":30,"time":1774400821360,"pid":7,"hostname":"d81dec0f6187","msg":"[WATCHLIST_WORKFLOW] Starting full reconciliation"}
{"level":30,"time":1774400821360,"pid":7,"hostname":"d81dec0f6187","msg":"[WATCHLIST_WORKFLOW] Refreshing watchlists"}
{"level":40,"time":1774400821482,"pid":7,"hostname":"d81dec0f6187","msg":"[PLEX_WATCHLIST] No friends found for Plex token"}
{"level":30,"time":1774400821606,"pid":7,"hostname":"d81dec0f6187","msg":"[PLEX_WATCHLIST] Plex Pass status: not detected"}
{"level":30,"time":1774400821676,"pid":7,"hostname":"d81dec0f6187","msg":"[PLEX_WATCHLIST] Self watchlist fetched successfully with 1 total items"}
{"level":30,"time":1774400821699,"pid":7,"hostname":"d81dec0f6187","msg":"[PLEX_WATCHLIST] Plex Pass status: not detected"}
{"level":30,"time":1774400821700,"pid":7,"hostname":"d81dec0f6187","msg":"[WATCHLIST_WORKFLOW] Watchlists refreshed successfully"}
{"level":30,"time":1774400821701,"pid":7,"hostname":"d81dec0f6187","msg":"[WATCHLIST_WORKFLOW] Performing watchlist item sync"}
{"level":30,"time":1774400821832,"pid":7,"hostname":"d81dec0f6187","added":{"shows":0,"movies":0},"unmatched":{"shows":0,"movies":3},"skippedDueToUserSetting":0,"skippedDueToMissingIds":0,"skippedDueToWatchlistCap":0,"msg":"[WATCHLIST_WORKFLOW] Watchlist sync completed"}
{"level":30,"time":1774400821900,"pid":7,"hostname":"d81dec0f6187","friendCount":0,"msg":"[WATCHLIST_WORKFLOW] Watchlist baselines established for all users"}
{"level":30,"time":1774400821900,"pid":7,"hostname":"d81dec0f6187","msg":"[WATCHLIST_WORKFLOW] Full reconciliation completed"}
{"level":30,"time":1774400821902,"pid":7,"hostname":"d81dec0f6187","msg":"[WATCHLIST_WORKFLOW] Scheduled next periodic reconciliation in 120 minutes"}
{"level":30,"time":1774400821902,"pid":7,"hostname":"d81dec0f6187","msg":"[WATCHLIST_WORKFLOW] Watchlist workflow running in ETag mode (5-minute staggered polling, 2-hour full reconciliation)"}
{"level":40,"time":1774400822060,"pid":7,"hostname":"d81dec0f6187","msg":"[PLEX_WATCHLIST] No friends found for Plex token"}
{"level":30,"time":1774400822304,"pid":7,"hostname":"d81dec0f6187","msg":"[PLEX_WATCHLIST] Plex Pass status: not detected"}
{"level":30,"time":1774400822305,"pid":7,"hostname":"d81dec0f6187","userCount":1,"msg":"[WATCHLIST_WORKFLOW] Starting staggered ETag polling (5-minute cycles)"}
{"level":40,"time":1774400822430,"pid":7,"hostname":"d81dec0f6187","msg":"[PLEX_WATCHLIST] No friends found for Plex token"}
{"level":30,"time":1774400822693,"pid":7,"hostname":"d81dec0f6187","msg":"[PLEX_WATCHLIST] Plex Pass status: not detected"}
{"level":30,"time":1774400823790,"pid":7,"hostname":"d81dec0f6187","msg":"[PLEX_SERVER] Opening SSE connection to Plex"}
{"level":40,"time":1774400823793,"pid":7,"hostname":"d81dec0f6187","msg":"[PLEX_SERVER] SSE connection error"}
{"level":40,"time":1774400823794,"pid":7,"hostname":"d81dec0f6187","msg":"[PLEX_SERVER] SSE disconnected - polling continues as fallback"}
{"level":30,"time":1774400823795,"pid":7,"hostname":"d81dec0f6187","delayMs":4196,"msg":"[PLEX_SERVER] Scheduling SSE reconnect"}
{"level":30,"time":1774400828000,"pid":7,"hostname":"d81dec0f6187","msg":"[PLEX_SERVER] Opening SSE connection to Plex"}
{"level":40,"time":1774400828002,"pid":7,"hostname":"d81dec0f6187","msg":"[PLEX_SERVER] SSE connection error"}
{"level":40,"time":1774400828003,"pid":7,"hostname":"d81dec0f6187","msg":"[PLEX_SERVER] SSE disconnected - polling continues as fallback"}
{"level":30,"time":1774400828003,"pid":7,"hostname":"d81dec0f6187","delayMs":8157,"msg":"[PLEX_SERVER] Scheduling SSE reconnect"}
{"level":30,"time":1774400836161,"pid":7,"hostname":"d81dec0f6187","msg":"[PLEX_SERVER] Opening SSE connection to Plex"}
{"level":40,"time":1774400836166,"pid":7,"hostname":"d81dec0f6187","msg":"[PLEX_SERVER] SSE connection error"}
{"level":40,"time":1774400836167,"pid":7,"hostname":"d81dec0f6187","msg":"[PLEX_SERVER] SSE disconnected - polling continues as fallback"}
{"level":30,"time":1774400836167,"pid":7,"hostname":"d81dec0f6187","delayMs":17628,"msg":"[PLEX_SERVER] Scheduling SSE reconnect"}
{"level":30,"time":1774400853798,"pid":7,"hostname":"d81dec0f6187","msg":"[PLEX_SERVER] Opening SSE connection to Plex"}
{"level":40,"time":1774400853813,"pid":7,"hostname":"d81dec0f6187","msg":"[PLEX_SERVER] SSE connection error"}
{"level":40,"time":1774400853814,"pid":7,"hostname":"d81dec0f6187","msg":"[PLEX_SERVER] SSE disconnected - polling continues as fallback"}
{"level":30,"time":1774400853815,"pid":7,"hostname":"d81dec0f6187","delayMs":32046,"msg":"[PLEX_SERVER] Scheduling SSE reconnect"}
{"level":30,"time":1774400885864,"pid":7,"hostname":"d81dec0f6187","msg":"[PLEX_SERVER] Opening SSE connection to Plex"}
{"level":40,"time":1774400885874,"pid":7,"hostname":"d81dec0f6187","msg":"[PLEX_SERVER] SSE connection error"}
{"level":40,"time":1774400885875,"pid":7,"hostname":"d81dec0f6187","msg":"[PLEX_SERVER] SSE disconnected - polling continues as fallback"}
{"level":30,"time":1774400885876,"pid":7,"hostname":"d81dec0f6187","delayMs":32463,"msg":"[PLEX_SERVER] Scheduling SSE reconnect"}
{"level":30,"time":1774400918343,"pid":7,"hostname":"d81dec0f6187","msg":"[PLEX_SERVER] Opening SSE connection to Plex"}
{"level":40,"time":1774400918352,"pid":7,"hostname":"d81dec0f6187","msg":"[PLEX_SERVER] SSE connection error"}
{"level":40,"time":1774400918353,"pid":7,"hostname":"d81dec0f6187","msg":"[PLEX_SERVER] SSE disconnected - polling continues as fallback"}
{"level":30,"time":1774400918354,"pid":7,"hostname":"d81dec0f6187","delayMs":37463,"msg":"[PLEX_SERVER] Scheduling SSE reconnect"}
{"level":30,"time":1774400955828,"pid":7,"hostname":"d81dec0f6187","msg":"[PLEX_SERVER] Opening SSE connection to Plex"}
{"level":40,"time":1774400955835,"pid":7,"hostname":"d81dec0f6187","msg":"[PLEX_SERVER] SSE connection error"}
{"level":40,"time":1774400955836,"pid":7,"hostname":"d81dec0f6187","msg":"[PLEX_SERVER] SSE disconnected - polling continues as fallback"}
{"level":30,"time":1774400955836,"pid":7,"hostname":"d81dec0f6187","delayMs":37032,"msg":"[PLEX_SERVER] Scheduling SSE reconnect"}
{"level":40,"time":1774400962367,"pid":7,"hostname":"d81dec0f6187","msg":"[PLEX_WATCHLIST] No friends found for Plex token"}
{"level":30,"time":1774400962809,"pid":7,"hostname":"d81dec0f6187","msg":"[PLEX_WATCHLIST] Plex Pass status: not detected"}
{"level":30,"time":1774400992872,"pid":7,"hostname":"d81dec0f6187","msg":"[PLEX_SERVER] Opening SSE connection to Plex"}
{"level":40,"time":1774400992878,"pid":7,"hostname":"d81dec0f6187","msg":"[PLEX_SERVER] SSE connection error"}
{"level":40,"time":1774400992878,"pid":7,"hostname":"d81dec0f6187","msg":"[PLEX_SERVER] SSE disconnected - polling continues as fallback"}
{"level":30,"time":1774400992879,"pid":7,"hostname":"d81dec0f6187","delayMs":32837,"msg":"[PLEX_SERVER] Scheduling SSE reconnect"}
{"level":30,"time":1774401025720,"pid":7,"hostname":"d81dec0f6187","msg":"[PLEX_SERVER] Opening SSE connection to Plex"}
{"level":40,"time":1774401025723,"pid":7,"hostname":"d81dec0f6187","msg":"[PLEX_SERVER] SSE connection error"}
{"level":40,"time":1774401025724,"pid":7,"hostname":"d81dec0f6187","msg":"[PLEX_SERVER] SSE disconnected - polling continues as fallback"}
{"level":30,"time":1774401025724,"pid":7,"hostname":"d81dec0f6187","delayMs":33108,"msg":"[PLEX_SERVER] Scheduling SSE reconnect"}
{"level":30,"time":1774427422237,"pid":7,"hostname":"d81dec0f6187","msg":"Using baseUrl: http://localhost for service connections"}
{"level":30,"time":1774427423400,"pid":7,"hostname":"d81dec0f6187","msg":"Config is now ready, resolving waitForConfig promise"}
{"level":30,"time":1774427423409,"pid":7,"hostname":"d81dec0f6187","msg":"[PLEX_SERVER] Initializing PlexServerService"}
{"level":30,"time":1774427423412,"pid":7,"hostname":"d81dec0f6187","msg":"[SCHEDULER] Scheduler service initialized"}
{"level":30,"time":1774427423412,"pid":7,"hostname":"d81dec0f6187","msg":"[PLEX_LABEL_SYNC] Initializing PlexLabelSyncService"}
{"level":30,"time":1774427423413,"pid":7,"hostname":"d81dec0f6187","msg":"[DELETE_SYNC] Initializing Delete Sync Service"}
{"level":30,"time":1774427423414,"pid":7,"hostname":"d81dec0f6187","msg":"[API_KEY] Initializing ApiKeyService"}
{"level":30,"time":1774427423456,"pid":7,"hostname":"d81dec0f6187","msg":"[CONTENT_ROUTER] Successfully loaded 9 router evaluators"}
{"level":30,"time":1774427423456,"pid":7,"hostname":"d81dec0f6187","msg":"Content router initialized with plugins: Conditional Router, Streaming Availability Router, Ratings Router, Genre Router, User Router, Year Router, Season Router, Language Router, Certification Router"}
{"level":30,"time":1774427423456,"pid":7,"hostname":"d81dec0f6187","msg":"[WATCHLIST_WORKFLOW] Initializing Watchlist Workflow Service"}
{"level":30,"time":1774427423458,"pid":7,"hostname":"d81dec0f6187","msg":"[PLEX_SESSION_MONITOR] PlexSessionMonitorService initialized"}
{"level":30,"time":1774427423477,"pid":7,"hostname":"d81dec0f6187","msg":"Config ready, starting workflow"}
{"level":30,"time":1774427423480,"pid":7,"hostname":"d81dec0f6187","msg":"[WATCHLIST_WORKFLOW] Found existing periodic reconciliation job from previous run, cleaning up"}
{"level":30,"time":1774427423483,"pid":7,"hostname":"d81dec0f6187","msg":"[WATCHLIST_WORKFLOW] Successfully cleaned up existing periodic reconciliation job"}
{"level":30,"time":1774427425673,"pid":7,"hostname":"d81dec0f6187","msg":"[PLEX_WATCHLIST] Successfully validated Plex token"}
{"level":30,"time":1774427425674,"pid":7,"hostname":"d81dec0f6187","msg":"[WATCHLIST_WORKFLOW] Plex connection verified"}
{"level":30,"time":1774427426170,"pid":7,"hostname":"d81dec0f6187","msg":"[PLEX_SERVER] Initializing PlexServerService connections and users"}
{"level":40,"time":1774427426171,"pid":7,"hostname":"d81dec0f6187","msg":"[PLEX_WATCHLIST] Unable to generate an RSS feed: Unauthorized"}
{"level":30,"time":1774427426172,"pid":7,"hostname":"d81dec0f6187","msg":"[PLEX_WATCHLIST] Generated watchlist RSS feed for self: None"}
{"level":40,"time":1774427426230,"pid":7,"hostname":"d81dec0f6187","msg":"[PLEX_WATCHLIST] Unable to generate an RSS feed: Unauthorized"}
{"level":30,"time":1774427426230,"pid":7,"hostname":"d81dec0f6187","msg":"[PLEX_WATCHLIST] Generated watchlist RSS feed for friends: None"}
{"level":40,"time":1774427426230,"pid":7,"hostname":"d81dec0f6187","msg":"[PLEX_WATCHLIST] Missing RSS URL. Are you an active Plex Pass user?"}
{"level":40,"time":1774427426230,"pid":7,"hostname":"d81dec0f6187","msg":"[PLEX_WATCHLIST] Real-time RSS sync disabled"}
{"level":40,"time":1774427426230,"pid":7,"hostname":"d81dec0f6187","error":{"message":"Unable to fetch watchlist URLs","name":"Error","type":"Error","stack":"Error: Unable to fetch watchlist URLs\n    at generateAndSaveRssFeeds (/app/dist/services/plex-watchlist/orchestration/rss-processor.js:13:19)\n    at processTicksAndRejections (native:7:39)"},"msg":"[WATCHLIST_WORKFLOW] Failed to generate RSS feeds, falling back to manual sync"}
{"level":30,"time":1774427426234,"pid":7,"hostname":"d81dec0f6187","msg":"[WATCHLIST_WORKFLOW] Periodic watchlist reconciliation job created (will be dynamically scheduled)"}
{"level":30,"time":1774427426234,"pid":7,"hostname":"d81dec0f6187","msg":"[WATCHLIST_WORKFLOW] Deferred routing queue started"}
{"level":40,"time":1774427426315,"pid":7,"hostname":"d81dec0f6187","msg":"[PLEX_SERVER] No Plex server connections found, using default"}
{"level":40,"time":1774427426455,"pid":7,"hostname":"d81dec0f6187","msg":"[PLEX_SERVER] No Plex users found during initialization"}
{"level":40,"time":1774427426572,"pid":7,"hostname":"d81dec0f6187","msg":"[PLEX_WATCHLIST] No friends found for Plex token"}
{"level":40,"time":1774427426603,"pid":7,"hostname":"d81dec0f6187","msg":"[PLEX_SERVER] No Plex server connections found, using default"}
{"level":50,"time":1774427426604,"pid":7,"hostname":"d81dec0f6187","error":{"message":"Could not determine server machine ID","name":"Error","type":"Error","stack":"Error: Could not determine server machine ID\n    at getSharedServerInfo (/app/dist/services/plex-server.service.js:424:31)\n    at async initialize (/app/dist/services/plex-server.service.js:104:43)\n    at async <anonymous> (/app/dist/plugins/custom/plex-server.js:14:47)\n    at processTicksAndRejections (native:7:39)"},"msg":"[PLEX_SERVER] Error fetching shared server info:"}
{"level":40,"time":1774427426604,"pid":7,"hostname":"d81dec0f6187","msg":"[PLEX_SERVER] No shared server info found during initialization"}
{"level":30,"time":1774427426605,"pid":7,"hostname":"d81dec0f6187","msg":"PlexServerService initialized successfully"}
{"level":40,"time":1774427426747,"pid":7,"hostname":"d81dec0f6187","msg":"[PLEX_SERVER] No Plex server connections found, using default"}
{"level":30,"time":1774427426747,"pid":7,"hostname":"d81dec0f6187","msg":"[PLEX_SERVER] Opening SSE connection to Plex"}
{"level":30,"time":1774427426748,"pid":7,"hostname":"d81dec0f6187","msg":"[NOTIFICATIONS] [PLEX_MOBILE] Plex Pass status not yet determined — Plex mobile notifications deferred"}
{"level":30,"time":1774427426749,"pid":7,"hostname":"d81dec0f6187","msg":"[NOTIFICATIONS] No Apprise URL configured, Apprise notifications will be disabled"}
{"level":30,"time":1774427426759,"pid":7,"hostname":"d81dec0f6187","msg":"[SCHEDULER] Scheduler ready: 9 jobs scheduled and active"}
{"level":30,"time":1774427426766,"pid":7,"hostname":"d81dec0f6187","msg":"Anime database already contains 10529 entries"}
{"level":40,"time":1774427426779,"pid":7,"hostname":"d81dec0f6187","msg":"[PLEX_SERVER] SSE connection error"}
{"level":40,"time":1774427426779,"pid":7,"hostname":"d81dec0f6187","msg":"[PLEX_SERVER] SSE disconnected - polling continues as fallback"}
{"level":30,"time":1774427426779,"pid":7,"hostname":"d81dec0f6187","delayMs":1018,"msg":"[PLEX_SERVER] Scheduling SSE reconnect"}
{"level":30,"time":1774427426781,"pid":7,"hostname":"d81dec0f6187","msg":"Server listening at http://127.0.0.1:3003"}
{"level":30,"time":1774427426781,"pid":7,"hostname":"d81dec0f6187","msg":"Server listening at http://172.18.0.6:3003"}
{"level":30,"time":1774427427782,"pid":7,"hostname":"d81dec0f6187","msg":"[RADARR] Credentials verified, attempting to setup webhook \"Pulsarr (host.docker.internal:3003)\" with URL for Radarr: http://host.docker.internal:3003/v1/notifications/webhook?instanceId=radarr7878"}
{"level":30,"time":1774427427783,"pid":7,"hostname":"d81dec0f6187","msg":"[SONARR] Credentials verified, attempting to setup webhook \"Pulsarr (host.docker.internal:3003)\" with URL for Sonarr: http://host.docker.internal:3003/v1/notifications/webhook?instanceId=sonarr8989"}
{"level":30,"time":1774427427798,"pid":7,"hostname":"d81dec0f6187","msg":"[PLEX_SERVER] Opening SSE connection to Plex"}
{"level":40,"time":1774427427799,"pid":7,"hostname":"d81dec0f6187","msg":"[PLEX_SERVER] SSE connection error"}
{"level":40,"time":1774427427799,"pid":7,"hostname":"d81dec0f6187","msg":"[PLEX_SERVER] SSE disconnected - polling continues as fallback"}
{"level":30,"time":1774427427799,"pid":7,"hostname":"d81dec0f6187","delayMs":2417,"msg":"[PLEX_SERVER] Scheduling SSE reconnect"}
{"level":30,"time":1774427427981,"pid":7,"hostname":"d81dec0f6187","msg":"[RADARR] Successfully updated Pulsarr webhook \"Pulsarr (host.docker.internal:3003)\" for Radarr"}
{"level":30,"time":1774427427990,"pid":7,"hostname":"d81dec0f6187","msg":"[SONARR] Successfully updated Pulsarr webhook \"Pulsarr (host.docker.internal:3003)\" for Sonarr"}
{"level":30,"time":1774427428143,"pid":7,"hostname":"d81dec0f6187","msg":"[PLEX_WATCHLIST] Plex Pass status: not detected"}
{"level":30,"time":1774427428232,"pid":7,"hostname":"d81dec0f6187","friendCount":0,"msg":"[WATCHLIST_WORKFLOW] Watchlist baselines established for all users"}
{"level":40,"time":1774427428364,"pid":7,"hostname":"d81dec0f6187","msg":"[PLEX_WATCHLIST] No friends found for Plex token"}
{"level":30,"time":1774427428595,"pid":7,"hostname":"d81dec0f6187","msg":"[PLEX_WATCHLIST] Plex Pass status: not detected"}
{"level":30,"time":1774427428597,"pid":7,"hostname":"d81dec0f6187","msg":"[WATCHLIST_WORKFLOW] Starting full reconciliation"}
{"level":30,"time":1774427428597,"pid":7,"hostname":"d81dec0f6187","msg":"[WATCHLIST_WORKFLOW] Refreshing watchlists"}
{"level":40,"time":1774427428729,"pid":7,"hostname":"d81dec0f6187","msg":"[PLEX_WATCHLIST] No friends found for Plex token"}
{"level":30,"time":1774427428841,"pid":7,"hostname":"d81dec0f6187","msg":"[PLEX_WATCHLIST] Plex Pass status: not detected"}
{"level":30,"time":1774427428962,"pid":7,"hostname":"d81dec0f6187","msg":"[PLEX_WATCHLIST] Self watchlist fetched successfully with 1 total items"}
{"level":30,"time":1774427430224,"pid":7,"hostname":"d81dec0f6187","msg":"[PLEX_SERVER] Opening SSE connection to Plex"}
{"level":40,"time":1774427430227,"pid":7,"hostname":"d81dec0f6187","msg":"[PLEX_SERVER] SSE connection error"}
{"level":40,"time":1774427430227,"pid":7,"hostname":"d81dec0f6187","msg":"[PLEX_SERVER] SSE disconnected - polling continues as fallback"}
{"level":30,"time":1774427430228,"pid":7,"hostname":"d81dec0f6187","delayMs":4511,"msg":"[PLEX_SERVER] Scheduling SSE reconnect"}
{"level":30,"time":1774427431380,"pid":7,"hostname":"d81dec0f6187","msg":"[PLEX_WATCHLIST] Plex Pass status: not detected"}
{"level":30,"time":1774427431384,"pid":7,"hostname":"d81dec0f6187","msg":"[WATCHLIST_WORKFLOW] Watchlists refreshed successfully"}
{"level":30,"time":1774427431388,"pid":7,"hostname":"d81dec0f6187","msg":"[WATCHLIST_WORKFLOW] Performing watchlist item sync"}
{"level":30,"time":1774427431541,"pid":7,"hostname":"d81dec0f6187","added":{"shows":0,"movies":0},"unmatched":{"shows":0,"movies":3},"skippedDueToUserSetting":0,"skippedDueToMissingIds":0,"skippedDueToWatchlistCap":0,"msg":"[WATCHLIST_WORKFLOW] Watchlist sync completed"}
{"level":30,"time":1774427431612,"pid":7,"hostname":"d81dec0f6187","friendCount":0,"msg":"[WATCHLIST_WORKFLOW] Watchlist baselines established for all users"}
{"level":30,"time":1774427431612,"pid":7,"hostname":"d81dec0f6187","msg":"[WATCHLIST_WORKFLOW] Full reconciliation completed"}
{"level":30,"time":1774427431614,"pid":7,"hostname":"d81dec0f6187","msg":"[WATCHLIST_WORKFLOW] Scheduled next periodic reconciliation in 120 minutes"}
{"level":30,"time":1774427431614,"pid":7,"hostname":"d81dec0f6187","msg":"[WATCHLIST_WORKFLOW] Watchlist workflow running in ETag mode (5-minute staggered polling, 2-hour full reconciliation)"}
{"level":40,"time":1774427431766,"pid":7,"hostname":"d81dec0f6187","msg":"[PLEX_WATCHLIST] No friends found for Plex token"}
{"level":30,"time":1774427432399,"pid":7,"hostname":"d81dec0f6187","msg":"[PLEX_WATCHLIST] Plex Pass status: not detected"}
{"level":30,"time":1774427432404,"pid":7,"hostname":"d81dec0f6187","userCount":1,"msg":"[WATCHLIST_WORKFLOW] Starting staggered ETag polling (5-minute cycles)"}
{"level":40,"time":1774427432543,"pid":7,"hostname":"d81dec0f6187","msg":"[PLEX_WATCHLIST] No friends found for Plex token"}
{"level":30,"time":1774427432852,"pid":7,"hostname":"d81dec0f6187","msg":"[PLEX_WATCHLIST] Plex Pass status: not detected"}
{"level":30,"time":1774427434739,"pid":7,"hostname":"d81dec0f6187","msg":"[PLEX_SERVER] Opening SSE connection to Plex"}
{"level":40,"time":1774427434740,"pid":7,"hostname":"d81dec0f6187","msg":"[PLEX_SERVER] SSE connection error"}
{"level":40,"time":1774427434740,"pid":7,"hostname":"d81dec0f6187","msg":"[PLEX_SERVER] SSE disconnected - polling continues as fallback"}
{"level":30,"time":1774427434740,"pid":7,"hostname":"d81dec0f6187","delayMs":8217,"msg":"[PLEX_SERVER] Scheduling SSE reconnect"}
{"level":30,"time":1774427442962,"pid":7,"hostname":"d81dec0f6187","msg":"[PLEX_SERVER] Opening SSE connection to Plex"}
{"level":40,"time":1774427442965,"pid":7,"hostname":"d81dec0f6187","msg":"[PLEX_SERVER] SSE connection error"}
{"level":40,"time":1774427442965,"pid":7,"hostname":"d81dec0f6187","msg":"[PLEX_SERVER] SSE disconnected - polling continues as fallback"}
{"level":30,"time":1774427442966,"pid":7,"hostname":"d81dec0f6187","delayMs":17000,"msg":"[PLEX_SERVER] Scheduling SSE reconnect"}
{"level":30,"time":1774427459967,"pid":7,"hostname":"d81dec0f6187","msg":"[PLEX_SERVER] Opening SSE connection to Plex"}
{"level":40,"time":1774427459969,"pid":7,"hostname":"d81dec0f6187","msg":"[PLEX_SERVER] SSE connection error"}
{"level":40,"time":1774427459970,"pid":7,"hostname":"d81dec0f6187","msg":"[PLEX_SERVER] SSE disconnected - polling continues as fallback"}
{"level":30,"time":1774427459970,"pid":7,"hostname":"d81dec0f6187","delayMs":32937,"msg":"[PLEX_SERVER] Scheduling SSE reconnect"}
{"level":30,"time":1774427486220,"pid":7,"hostname":"d81dec0f6187","msg":"SIGTERM received, server closing"}
{"level":30,"time":1774427517254,"pid":7,"hostname":"5d935c7baa73","msg":"Using baseUrl: http://localhost for service connections"}
{"level":30,"time":1774427517590,"pid":7,"hostname":"5d935c7baa73","msg":"Config is now ready, resolving waitForConfig promise"}
{"level":30,"time":1774427517593,"pid":7,"hostname":"5d935c7baa73","msg":"[PLEX_SERVER] Initializing PlexServerService"}
{"level":30,"time":1774427517597,"pid":7,"hostname":"5d935c7baa73","msg":"[SCHEDULER] Scheduler service initialized"}
{"level":30,"time":1774427517597,"pid":7,"hostname":"5d935c7baa73","msg":"[PLEX_LABEL_SYNC] Initializing PlexLabelSyncService"}
{"level":30,"time":1774427517598,"pid":7,"hostname":"5d935c7baa73","msg":"[DELETE_SYNC] Initializing Delete Sync Service"}
{"level":30,"time":1774427517599,"pid":7,"hostname":"5d935c7baa73","msg":"[API_KEY] Initializing ApiKeyService"}
{"level":30,"time":1774427517614,"pid":7,"hostname":"5d935c7baa73","msg":"[CONTENT_ROUTER] Successfully loaded 9 router evaluators"}
{"level":30,"time":1774427517615,"pid":7,"hostname":"5d935c7baa73","msg":"Content router initialized with plugins: Conditional Router, Streaming Availability Router, Ratings Router, Genre Router, User Router, Year Router, Season Router, Language Router, Certification Router"}
{"level":30,"time":1774427517615,"pid":7,"hostname":"5d935c7baa73","msg":"[WATCHLIST_WORKFLOW] Initializing Watchlist Workflow Service"}
{"level":30,"time":1774427517616,"pid":7,"hostname":"5d935c7baa73","msg":"[PLEX_SESSION_MONITOR] PlexSessionMonitorService initialized"}
{"level":30,"time":1774427517625,"pid":7,"hostname":"5d935c7baa73","msg":"Config ready, starting workflow"}
{"level":30,"time":1774427519148,"pid":7,"hostname":"5d935c7baa73","msg":"[PLEX_WATCHLIST] Successfully validated Plex token"}
{"level":30,"time":1774427519149,"pid":7,"hostname":"5d935c7baa73","msg":"[WATCHLIST_WORKFLOW] Plex connection verified"}
{"level":30,"time":1774427519775,"pid":7,"hostname":"5d935c7baa73","msg":"[PLEX_SERVER] Initializing PlexServerService connections and users"}
{"level":40,"time":1774427519776,"pid":7,"hostname":"5d935c7baa73","msg":"[PLEX_WATCHLIST] Unable to generate an RSS feed: Unauthorized"}
{"level":30,"time":1774427519776,"pid":7,"hostname":"5d935c7baa73","msg":"[PLEX_WATCHLIST] Generated watchlist RSS feed for self: None"}
{"level":40,"time":1774427519838,"pid":7,"hostname":"5d935c7baa73","msg":"[PLEX_WATCHLIST] Unable to generate an RSS feed: Unauthorized"}
{"level":30,"time":1774427519839,"pid":7,"hostname":"5d935c7baa73","msg":"[PLEX_WATCHLIST] Generated watchlist RSS feed for friends: None"}
{"level":40,"time":1774427519839,"pid":7,"hostname":"5d935c7baa73","msg":"[PLEX_WATCHLIST] Missing RSS URL. Are you an active Plex Pass user?"}
{"level":40,"time":1774427519839,"pid":7,"hostname":"5d935c7baa73","msg":"[PLEX_WATCHLIST] Real-time RSS sync disabled"}
{"level":40,"time":1774427519840,"pid":7,"hostname":"5d935c7baa73","error":{"message":"Unable to fetch watchlist URLs","name":"Error","type":"Error","stack":"Error: Unable to fetch watchlist URLs\n    at generateAndSaveRssFeeds (/app/dist/services/plex-watchlist/orchestration/rss-processor.js:13:19)\n    at processTicksAndRejections (native:7:39)"},"msg":"[WATCHLIST_WORKFLOW] Failed to generate RSS feeds, falling back to manual sync"}
{"level":30,"time":1774427519846,"pid":7,"hostname":"5d935c7baa73","msg":"[WATCHLIST_WORKFLOW] Periodic watchlist reconciliation job created (will be dynamically scheduled)"}
{"level":30,"time":1774427519846,"pid":7,"hostname":"5d935c7baa73","msg":"[WATCHLIST_WORKFLOW] Deferred routing queue started"}
{"level":40,"time":1774427519924,"pid":7,"hostname":"5d935c7baa73","msg":"[PLEX_SERVER] No Plex server connections found, using default"}
{"level":40,"time":1774427519995,"pid":7,"hostname":"5d935c7baa73","msg":"[PLEX_WATCHLIST] No friends found for Plex token"}
{"level":40,"time":1774427520103,"pid":7,"hostname":"5d935c7baa73","msg":"[PLEX_SERVER] No Plex users found during initialization"}
{"level":40,"time":1774427520256,"pid":7,"hostname":"5d935c7baa73","msg":"[PLEX_SERVER] No Plex server connections found, using default"}
{"level":50,"time":1774427520256,"pid":7,"hostname":"5d935c7baa73","error":{"message":"Could not determine server machine ID","name":"Error","type":"Error","stack":"Error: Could not determine server machine ID\n    at getSharedServerInfo (/app/dist/services/plex-server.service.js:424:31)\n    at async initialize (/app/dist/services/plex-server.service.js:104:43)\n    at async <anonymous> (/app/dist/plugins/custom/plex-server.js:14:47)\n    at processTicksAndRejections (native:7:39)"},"msg":"[PLEX_SERVER] Error fetching shared server info:"}
{"level":40,"time":1774427520256,"pid":7,"hostname":"5d935c7baa73","msg":"[PLEX_SERVER] No shared server info found during initialization"}
{"level":30,"time":1774427520257,"pid":7,"hostname":"5d935c7baa73","msg":"PlexServerService initialized successfully"}
{"level":40,"time":1774427520402,"pid":7,"hostname":"5d935c7baa73","msg":"[PLEX_SERVER] No Plex server connections found, using default"}
{"level":30,"time":1774427520404,"pid":7,"hostname":"5d935c7baa73","msg":"[PLEX_SERVER] Opening SSE connection to Plex"}
{"level":30,"time":1774427520406,"pid":7,"hostname":"5d935c7baa73","msg":"[NOTIFICATIONS] [PLEX_MOBILE] Plex Pass status not yet determined — Plex mobile notifications deferred"}
{"level":30,"time":1774427520406,"pid":7,"hostname":"5d935c7baa73","msg":"[NOTIFICATIONS] No Apprise URL configured, Apprise notifications will be disabled"}
{"level":30,"time":1774427520426,"pid":7,"hostname":"5d935c7baa73","msg":"[SCHEDULER] Scheduler ready: 9 jobs scheduled and active"}
{"level":30,"time":1774427520431,"pid":7,"hostname":"5d935c7baa73","msg":"Anime database already contains 10529 entries"}
{"level":40,"time":1774427520454,"pid":7,"hostname":"5d935c7baa73","msg":"[PLEX_SERVER] SSE connection error"}
{"level":40,"time":1774427520455,"pid":7,"hostname":"5d935c7baa73","msg":"[PLEX_SERVER] SSE disconnected - polling continues as fallback"}
{"level":30,"time":1774427520456,"pid":7,"hostname":"5d935c7baa73","delayMs":1202,"msg":"[PLEX_SERVER] Scheduling SSE reconnect"}
{"level":30,"time":1774427520456,"pid":7,"hostname":"5d935c7baa73","msg":"[PLEX_WATCHLIST] Plex Pass status: not detected"}
{"level":30,"time":1774427520465,"pid":7,"hostname":"5d935c7baa73","msg":"Server listening at http://127.0.0.1:3003"}
{"level":30,"time":1774427520465,"pid":7,"hostname":"5d935c7baa73","msg":"Server listening at http://172.18.0.7:3003"}
{"level":30,"time":1774427520549,"pid":7,"hostname":"5d935c7baa73","friendCount":0,"msg":"[WATCHLIST_WORKFLOW] Watchlist baselines established for all users"}
{"level":40,"time":1774427520877,"pid":7,"hostname":"5d935c7baa73","msg":"[PLEX_WATCHLIST] No friends found for Plex token"}
{"level":30,"time":1774427521110,"pid":7,"hostname":"5d935c7baa73","msg":"[PLEX_WATCHLIST] Plex Pass status: not detected"}
{"level":30,"time":1774427521112,"pid":7,"hostname":"5d935c7baa73","msg":"[WATCHLIST_WORKFLOW] Starting full reconciliation"}
{"level":30,"time":1774427521112,"pid":7,"hostname":"5d935c7baa73","msg":"[WATCHLIST_WORKFLOW] Refreshing watchlists"}
{"level":40,"time":1774427521247,"pid":7,"hostname":"5d935c7baa73","msg":"[PLEX_WATCHLIST] No friends found for Plex token"}
{"level":30,"time":1774427521341,"pid":7,"hostname":"5d935c7baa73","msg":"[PLEX_WATCHLIST] Plex Pass status: not detected"}
{"level":30,"time":1774427521413,"pid":7,"hostname":"5d935c7baa73","msg":"[PLEX_WATCHLIST] Self watchlist fetched successfully with 1 total items"}
{"level":30,"time":1774427521469,"pid":7,"hostname":"5d935c7baa73","msg":"[RADARR] Credentials verified, attempting to setup webhook \"Pulsarr (host.docker.internal:3003)\" with URL for Radarr: http://host.docker.internal:3003/v1/notifications/webhook?instanceId=radarr7878"}
{"level":30,"time":1774427521470,"pid":7,"hostname":"5d935c7baa73","msg":"[SONARR] Credentials verified, attempting to setup webhook \"Pulsarr (host.docker.internal:3003)\" with URL for Sonarr: http://host.docker.internal:3003/v1/notifications/webhook?instanceId=sonarr8989"}
{"level":30,"time":1774427521483,"pid":7,"hostname":"5d935c7baa73","msg":"[PLEX_WATCHLIST] Plex Pass status: not detected"}
{"level":30,"time":1774427521484,"pid":7,"hostname":"5d935c7baa73","msg":"[WATCHLIST_WORKFLOW] Watchlists refreshed successfully"}
{"level":30,"time":1774427521485,"pid":7,"hostname":"5d935c7baa73","msg":"[WATCHLIST_WORKFLOW] Performing watchlist item sync"}
{"level":30,"time":1774427521662,"pid":7,"hostname":"5d935c7baa73","msg":"[PLEX_SERVER] Opening SSE connection to Plex"}
{"level":40,"time":1774427521663,"pid":7,"hostname":"5d935c7baa73","msg":"[PLEX_SERVER] SSE connection error"}
{"level":40,"time":1774427521663,"pid":7,"hostname":"5d935c7baa73","msg":"[PLEX_SERVER] SSE disconnected - polling continues as fallback"}
{"level":30,"time":1774427521663,"pid":7,"hostname":"5d935c7baa73","delayMs":2173,"msg":"[PLEX_SERVER] Scheduling SSE reconnect"}
{"level":30,"time":1774427521669,"pid":7,"hostname":"5d935c7baa73","msg":"[SONARR] Successfully updated Pulsarr webhook \"Pulsarr (host.docker.internal:3003)\" for Sonarr"}
{"level":30,"time":1774427521671,"pid":7,"hostname":"5d935c7baa73","msg":"[RADARR] Successfully updated Pulsarr webhook \"Pulsarr (host.docker.internal:3003)\" for Radarr"}
{"level":30,"time":1774427521702,"pid":7,"hostname":"5d935c7baa73","added":{"shows":0,"movies":0},"unmatched":{"shows":0,"movies":3},"skippedDueToUserSetting":0,"skippedDueToMissingIds":0,"skippedDueToWatchlistCap":0,"msg":"[WATCHLIST_WORKFLOW] Watchlist sync completed"}
{"level":30,"time":1774427521776,"pid":7,"hostname":"5d935c7baa73","friendCount":0,"msg":"[WATCHLIST_WORKFLOW] Watchlist baselines established for all users"}
{"level":30,"time":1774427521777,"pid":7,"hostname":"5d935c7baa73","msg":"[WATCHLIST_WORKFLOW] Full reconciliation completed"}
{"level":30,"time":1774427521779,"pid":7,"hostname":"5d935c7baa73","msg":"[WATCHLIST_WORKFLOW] Scheduled next periodic reconciliation in 120 minutes"}
{"level":30,"time":1774427521779,"pid":7,"hostname":"5d935c7baa73","msg":"[WATCHLIST_WORKFLOW] Watchlist workflow running in ETag mode (5-minute staggered polling, 2-hour full reconciliation)"}
{"level":40,"time":1774427521911,"pid":7,"hostname":"5d935c7baa73","msg":"[PLEX_WATCHLIST] No friends found for Plex token"}
{"level":30,"time":1774427522174,"pid":7,"hostname":"5d935c7baa73","msg":"[PLEX_WATCHLIST] Plex Pass status: not detected"}
{"level":30,"time":1774427522175,"pid":7,"hostname":"5d935c7baa73","userCount":1,"msg":"[WATCHLIST_WORKFLOW] Starting staggered ETag polling (5-minute cycles)"}
{"level":40,"time":1774427522345,"pid":7,"hostname":"5d935c7baa73","msg":"[PLEX_WATCHLIST] No friends found for Plex token"}
{"level":30,"time":1774427522569,"pid":7,"hostname":"5d935c7baa73","msg":"[PLEX_WATCHLIST] Plex Pass status: not detected"}
{"level":30,"time":1774427523844,"pid":7,"hostname":"5d935c7baa73","msg":"[PLEX_SERVER] Opening SSE connection to Plex"}
{"level":40,"time":1774427523848,"pid":7,"hostname":"5d935c7baa73","msg":"[PLEX_SERVER] SSE connection error"}
{"level":40,"time":1774427523848,"pid":7,"hostname":"5d935c7baa73","msg":"[PLEX_SERVER] SSE disconnected - polling continues as fallback"}
{"level":30,"time":1774427523849,"pid":7,"hostname":"5d935c7baa73","delayMs":4593,"msg":"[PLEX_SERVER] Scheduling SSE reconnect"}
{"level":30,"time":1774427528445,"pid":7,"hostname":"5d935c7baa73","msg":"[PLEX_SERVER] Opening SSE connection to Plex"}
{"level":40,"time":1774427528446,"pid":7,"hostname":"5d935c7baa73","msg":"[PLEX_SERVER] SSE connection error"}
{"level":40,"time":1774427528447,"pid":7,"hostname":"5d935c7baa73","msg":"[PLEX_SERVER] SSE disconnected - polling continues as fallback"}
{"level":30,"time":1774427528447,"pid":7,"hostname":"5d935c7baa73","delayMs":8841,"msg":"[PLEX_SERVER] Scheduling SSE reconnect"}
{"level":30,"time":1774427537289,"pid":7,"hostname":"5d935c7baa73","msg":"[PLEX_SERVER] Opening SSE connection to Plex"}
{"level":40,"time":1774427537290,"pid":7,"hostname":"5d935c7baa73","msg":"[PLEX_SERVER] SSE connection error"}
{"level":40,"time":1774427537291,"pid":7,"hostname":"5d935c7baa73","msg":"[PLEX_SERVER] SSE disconnected - polling continues as fallback"}
{"level":30,"time":1774427537291,"pid":7,"hostname":"5d935c7baa73","delayMs":19644,"msg":"[PLEX_SERVER] Scheduling SSE reconnect"}
{"level":30,"time":1774427539588,"pid":7,"hostname":"5d935c7baa73","msg":"SIGTERM received, server closing"}
{"level":30,"time":1774427553986,"pid":7,"hostname":"28874d5060ca","msg":"Using baseUrl: http://localhost for service connections"}
{"level":30,"time":1774427554369,"pid":7,"hostname":"28874d5060ca","msg":"Config is now ready, resolving waitForConfig promise"}
{"level":30,"time":1774427554372,"pid":7,"hostname":"28874d5060ca","msg":"[PLEX_SERVER] Initializing PlexServerService"}
{"level":30,"time":1774427554375,"pid":7,"hostname":"28874d5060ca","msg":"[SCHEDULER] Scheduler service initialized"}
{"level":30,"time":1774427554375,"pid":7,"hostname":"28874d5060ca","msg":"[PLEX_LABEL_SYNC] Initializing PlexLabelSyncService"}
{"level":30,"time":1774427554376,"pid":7,"hostname":"28874d5060ca","msg":"[DELETE_SYNC] Initializing Delete Sync Service"}
{"level":30,"time":1774427554377,"pid":7,"hostname":"28874d5060ca","msg":"[API_KEY] Initializing ApiKeyService"}
{"level":30,"time":1774427554394,"pid":7,"hostname":"28874d5060ca","msg":"[CONTENT_ROUTER] Successfully loaded 9 router evaluators"}
{"level":30,"time":1774427554394,"pid":7,"hostname":"28874d5060ca","msg":"Content router initialized with plugins: Conditional Router, Streaming Availability Router, Ratings Router, Genre Router, User Router, Year Router, Season Router, Language Router, Certification Router"}
{"level":30,"time":1774427554395,"pid":7,"hostname":"28874d5060ca","msg":"[WATCHLIST_WORKFLOW] Initializing Watchlist Workflow Service"}
{"level":30,"time":1774427554395,"pid":7,"hostname":"28874d5060ca","msg":"[PLEX_SESSION_MONITOR] PlexSessionMonitorService initialized"}
{"level":30,"time":1774427554405,"pid":7,"hostname":"28874d5060ca","msg":"Config ready, starting workflow"}
{"level":30,"time":1774427556019,"pid":7,"hostname":"28874d5060ca","msg":"[PLEX_WATCHLIST] Successfully validated Plex token"}
{"level":30,"time":1774427556019,"pid":7,"hostname":"28874d5060ca","msg":"[WATCHLIST_WORKFLOW] Plex connection verified"}
{"level":30,"time":1774427556607,"pid":7,"hostname":"28874d5060ca","msg":"[PLEX_SERVER] Initializing PlexServerService connections and users"}
{"level":40,"time":1774427556608,"pid":7,"hostname":"28874d5060ca","msg":"[PLEX_WATCHLIST] Unable to generate an RSS feed: Unauthorized"}
{"level":30,"time":1774427556608,"pid":7,"hostname":"28874d5060ca","msg":"[PLEX_WATCHLIST] Generated watchlist RSS feed for self: None"}
{"level":40,"time":1774427556667,"pid":7,"hostname":"28874d5060ca","msg":"[PLEX_WATCHLIST] Unable to generate an RSS feed: Unauthorized"}
{"level":30,"time":1774427556668,"pid":7,"hostname":"28874d5060ca","msg":"[PLEX_WATCHLIST] Generated watchlist RSS feed for friends: None"}
{"level":40,"time":1774427556668,"pid":7,"hostname":"28874d5060ca","msg":"[PLEX_WATCHLIST] Missing RSS URL. Are you an active Plex Pass user?"}
{"level":40,"time":1774427556668,"pid":7,"hostname":"28874d5060ca","msg":"[PLEX_WATCHLIST] Real-time RSS sync disabled"}
{"level":40,"time":1774427556668,"pid":7,"hostname":"28874d5060ca","error":{"message":"Unable to fetch watchlist URLs","name":"Error","type":"Error","stack":"Error: Unable to fetch watchlist URLs\n    at generateAndSaveRssFeeds (/app/dist/services/plex-watchlist/orchestration/rss-processor.js:13:19)\n    at processTicksAndRejections (native:7:39)"},"msg":"[WATCHLIST_WORKFLOW] Failed to generate RSS feeds, falling back to manual sync"}
{"level":30,"time":1774427556674,"pid":7,"hostname":"28874d5060ca","msg":"[WATCHLIST_WORKFLOW] Periodic watchlist reconciliation job created (will be dynamically scheduled)"}
{"level":30,"time":1774427556674,"pid":7,"hostname":"28874d5060ca","msg":"[WATCHLIST_WORKFLOW] Deferred routing queue started"}
{"level":40,"time":1774427556782,"pid":7,"hostname":"28874d5060ca","msg":"[PLEX_SERVER] No Plex server connections found, using default"}
{"level":40,"time":1774427556819,"pid":7,"hostname":"28874d5060ca","msg":"[PLEX_WATCHLIST] No friends found for Plex token"}
{"level":40,"time":1774427556936,"pid":7,"hostname":"28874d5060ca","msg":"[PLEX_SERVER] No Plex users found during initialization"}
{"level":40,"time":1774427557087,"pid":7,"hostname":"28874d5060ca","msg":"[PLEX_SERVER] No Plex server connections found, using default"}
{"level":50,"time":1774427557088,"pid":7,"hostname":"28874d5060ca","error":{"message":"Could not determine server machine ID","name":"Error","type":"Error","stack":"Error: Could not determine server machine ID\n    at getSharedServerInfo (/app/dist/services/plex-server.service.js:424:31)\n    at async initialize (/app/dist/services/plex-server.service.js:104:43)\n    at async <anonymous> (/app/dist/plugins/custom/plex-server.js:14:47)\n    at processTicksAndRejections (native:7:39)"},"msg":"[PLEX_SERVER] Error fetching shared server info:"}
{"level":40,"time":1774427557088,"pid":7,"hostname":"28874d5060ca","msg":"[PLEX_SERVER] No shared server info found during initialization"}
{"level":30,"time":1774427557089,"pid":7,"hostname":"28874d5060ca","msg":"PlexServerService initialized successfully"}
{"level":40,"time":1774427557236,"pid":7,"hostname":"28874d5060ca","msg":"[PLEX_SERVER] No Plex server connections found, using default"}
{"level":30,"time":1774427557238,"pid":7,"hostname":"28874d5060ca","msg":"[PLEX_SERVER] Opening SSE connection to Plex"}
{"level":30,"time":1774427557239,"pid":7,"hostname":"28874d5060ca","msg":"[NOTIFICATIONS] [PLEX_MOBILE] Plex Pass status not yet determined — Plex mobile notifications deferred"}
{"level":30,"time":1774427557240,"pid":7,"hostname":"28874d5060ca","msg":"[NOTIFICATIONS] No Apprise URL configured, Apprise notifications will be disabled"}
{"level":30,"time":1774427557278,"pid":7,"hostname":"28874d5060ca","msg":"[SCHEDULER] Scheduler ready: 9 jobs scheduled and active"}
{"level":30,"time":1774427557283,"pid":7,"hostname":"28874d5060ca","msg":"Anime database already contains 10529 entries"}
{"level":40,"time":1774427557312,"pid":7,"hostname":"28874d5060ca","msg":"[PLEX_SERVER] SSE connection error"}
{"level":40,"time":1774427557313,"pid":7,"hostname":"28874d5060ca","msg":"[PLEX_SERVER] SSE disconnected - polling continues as fallback"}
{"level":30,"time":1774427557315,"pid":7,"hostname":"28874d5060ca","delayMs":1055,"msg":"[PLEX_SERVER] Scheduling SSE reconnect"}
{"level":30,"time":1774427557315,"pid":7,"hostname":"28874d5060ca","msg":"[PLEX_WATCHLIST] Plex Pass status: not detected"}
{"level":30,"time":1774427557318,"pid":7,"hostname":"28874d5060ca","msg":"Server listening at http://127.0.0.1:3003"}
{"level":30,"time":1774427557319,"pid":7,"hostname":"28874d5060ca","msg":"Server listening at http://172.18.0.7:3003"}
{"level":30,"time":1774427557445,"pid":7,"hostname":"28874d5060ca","friendCount":0,"msg":"[WATCHLIST_WORKFLOW] Watchlist baselines established for all users"}
{"level":40,"time":1774427557606,"pid":7,"hostname":"28874d5060ca","msg":"[PLEX_WATCHLIST] No friends found for Plex token"}
{"level":30,"time":1774427557817,"pid":7,"hostname":"28874d5060ca","msg":"[PLEX_WATCHLIST] Plex Pass status: not detected"}
{"level":30,"time":1774427557820,"pid":7,"hostname":"28874d5060ca","msg":"[WATCHLIST_WORKFLOW] Starting full reconciliation"}
{"level":30,"time":1774427557820,"pid":7,"hostname":"28874d5060ca","msg":"[WATCHLIST_WORKFLOW] Refreshing watchlists"}
{"level":40,"time":1774427558054,"pid":7,"hostname":"28874d5060ca","msg":"[PLEX_WATCHLIST] No friends found for Plex token"}
{"level":30,"time":1774427558163,"pid":7,"hostname":"28874d5060ca","msg":"[PLEX_WATCHLIST] Plex Pass status: not detected"}
{"level":30,"time":1774427558257,"pid":7,"hostname":"28874d5060ca","msg":"[PLEX_WATCHLIST] Plex Pass status: not detected"}
{"level":30,"time":1774427558278,"pid":7,"hostname":"28874d5060ca","msg":"[PLEX_WATCHLIST] Self watchlist fetched successfully with 1 total items"}
{"level":30,"time":1774427558284,"pid":7,"hostname":"28874d5060ca","msg":"[WATCHLIST_WORKFLOW] Watchlists refreshed successfully"}
{"level":30,"time":1774427558285,"pid":7,"hostname":"28874d5060ca","msg":"[WATCHLIST_WORKFLOW] Performing watchlist item sync"}
{"level":30,"time":1774427558320,"pid":7,"hostname":"28874d5060ca","msg":"[RADARR] Credentials verified, attempting to setup webhook \"Pulsarr (host.docker.internal:3003)\" with URL for Radarr: http://host.docker.internal:3003/v1/notifications/webhook?instanceId=radarr7878"}
{"level":30,"time":1774427558320,"pid":7,"hostname":"28874d5060ca","msg":"[SONARR] Credentials verified, attempting to setup webhook \"Pulsarr (host.docker.internal:3003)\" with URL for Sonarr: http://host.docker.internal:3003/v1/notifications/webhook?instanceId=sonarr8989"}
{"level":30,"time":1774427558370,"pid":7,"hostname":"28874d5060ca","msg":"[PLEX_SERVER] Opening SSE connection to Plex"}
{"level":40,"time":1774427558372,"pid":7,"hostname":"28874d5060ca","msg":"[PLEX_SERVER] SSE connection error"}
{"level":40,"time":1774427558373,"pid":7,"hostname":"28874d5060ca","msg":"[PLEX_SERVER] SSE disconnected - polling continues as fallback"}
{"level":30,"time":1774427558373,"pid":7,"hostname":"28874d5060ca","delayMs":2241,"msg":"[PLEX_SERVER] Scheduling SSE reconnect"}
{"level":30,"time":1774427558492,"pid":7,"hostname":"28874d5060ca","msg":"[RADARR] Successfully updated Pulsarr webhook \"Pulsarr (host.docker.internal:3003)\" for Radarr"}
{"level":30,"time":1774427558504,"pid":7,"hostname":"28874d5060ca","msg":"[SONARR] Successfully updated Pulsarr webhook \"Pulsarr (host.docker.internal:3003)\" for Sonarr"}
{"level":30,"time":1774427558521,"pid":7,"hostname":"28874d5060ca","added":{"shows":0,"movies":0},"unmatched":{"shows":0,"movies":3},"skippedDueToUserSetting":0,"skippedDueToMissingIds":0,"skippedDueToWatchlistCap":0,"msg":"[WATCHLIST_WORKFLOW] Watchlist sync completed"}
{"level":30,"time":1774427558594,"pid":7,"hostname":"28874d5060ca","friendCount":0,"msg":"[WATCHLIST_WORKFLOW] Watchlist baselines established for all users"}
{"level":30,"time":1774427558595,"pid":7,"hostname":"28874d5060ca","msg":"[WATCHLIST_WORKFLOW] Full reconciliation completed"}
{"level":30,"time":1774427558597,"pid":7,"hostname":"28874d5060ca","msg":"[WATCHLIST_WORKFLOW] Scheduled next periodic reconciliation in 120 minutes"}
{"level":30,"time":1774427558597,"pid":7,"hostname":"28874d5060ca","msg":"[WATCHLIST_WORKFLOW] Watchlist workflow running in ETag mode (5-minute staggered polling, 2-hour full reconciliation)"}
{"level":40,"time":1774427558732,"pid":7,"hostname":"28874d5060ca","msg":"[PLEX_WATCHLIST] No friends found for Plex token"}
{"level":30,"time":1774427559009,"pid":7,"hostname":"28874d5060ca","msg":"[PLEX_WATCHLIST] Plex Pass status: not detected"}
{"level":30,"time":1774427559010,"pid":7,"hostname":"28874d5060ca","userCount":1,"msg":"[WATCHLIST_WORKFLOW] Starting staggered ETag polling (5-minute cycles)"}
{"level":40,"time":1774427559135,"pid":7,"hostname":"28874d5060ca","msg":"[PLEX_WATCHLIST] No friends found for Plex token"}
{"level":30,"time":1774427559344,"pid":7,"hostname":"28874d5060ca","msg":"[PLEX_WATCHLIST] Plex Pass status: not detected"}
{"level":30,"time":1774427560622,"pid":7,"hostname":"28874d5060ca","msg":"[PLEX_SERVER] Opening SSE connection to Plex"}
{"level":40,"time":1774427560625,"pid":7,"hostname":"28874d5060ca","msg":"[PLEX_SERVER] SSE connection error"}
{"level":40,"time":1774427560625,"pid":7,"hostname":"28874d5060ca","msg":"[PLEX_SERVER] SSE disconnected - polling continues as fallback"}
{"level":30,"time":1774427560625,"pid":7,"hostname":"28874d5060ca","delayMs":4012,"msg":"[PLEX_SERVER] Scheduling SSE reconnect"}
{"level":30,"time":1774427564643,"pid":7,"hostname":"28874d5060ca","msg":"[PLEX_SERVER] Opening SSE connection to Plex"}
{"level":40,"time":1774427564647,"pid":7,"hostname":"28874d5060ca","msg":"[PLEX_SERVER] SSE connection error"}
{"level":40,"time":1774427564647,"pid":7,"hostname":"28874d5060ca","msg":"[PLEX_SERVER] SSE disconnected - polling continues as fallback"}
{"level":30,"time":1774427564647,"pid":7,"hostname":"28874d5060ca","delayMs":8548,"msg":"[PLEX_SERVER] Scheduling SSE reconnect"}
{"level":30,"time":1774427566972,"pid":7,"hostname":"28874d5060ca","msg":"SIGTERM received, server closing"}
{"level":30,"time":1774427829769,"pid":7,"hostname":"3bc0e7f81f26","msg":"Using baseUrl: http://localhost for service connections"}
{"level":30,"time":1774427830159,"pid":7,"hostname":"3bc0e7f81f26","msg":"Config is now ready, resolving waitForConfig promise"}
{"level":30,"time":1774427830162,"pid":7,"hostname":"3bc0e7f81f26","msg":"[PLEX_SERVER] Initializing PlexServerService"}
{"level":30,"time":1774427830165,"pid":7,"hostname":"3bc0e7f81f26","msg":"[SCHEDULER] Scheduler service initialized"}
{"level":30,"time":1774427830165,"pid":7,"hostname":"3bc0e7f81f26","msg":"[PLEX_LABEL_SYNC] Initializing PlexLabelSyncService"}
{"level":30,"time":1774427830166,"pid":7,"hostname":"3bc0e7f81f26","msg":"[DELETE_SYNC] Initializing Delete Sync Service"}
{"level":30,"time":1774427830167,"pid":7,"hostname":"3bc0e7f81f26","msg":"[API_KEY] Initializing ApiKeyService"}
{"level":30,"time":1774427830209,"pid":7,"hostname":"3bc0e7f81f26","msg":"[CONTENT_ROUTER] Successfully loaded 9 router evaluators"}
{"level":30,"time":1774427830209,"pid":7,"hostname":"3bc0e7f81f26","msg":"Content router initialized with plugins: Conditional Router, Streaming Availability Router, Ratings Router, Genre Router, User Router, Year Router, Season Router, Language Router, Certification Router"}
{"level":30,"time":1774427830210,"pid":7,"hostname":"3bc0e7f81f26","msg":"[WATCHLIST_WORKFLOW] Initializing Watchlist Workflow Service"}
{"level":30,"time":1774427830210,"pid":7,"hostname":"3bc0e7f81f26","msg":"[PLEX_SESSION_MONITOR] PlexSessionMonitorService initialized"}
{"level":30,"time":1774427830221,"pid":7,"hostname":"3bc0e7f81f26","msg":"Config ready, starting workflow"}
{"level":30,"time":1774427831941,"pid":7,"hostname":"3bc0e7f81f26","msg":"[PLEX_WATCHLIST] Successfully validated Plex token"}
{"level":30,"time":1774427831942,"pid":7,"hostname":"3bc0e7f81f26","msg":"[WATCHLIST_WORKFLOW] Plex connection verified"}
{"level":30,"time":1774427832456,"pid":7,"hostname":"3bc0e7f81f26","msg":"[PLEX_SERVER] Initializing PlexServerService connections and users"}
{"level":40,"time":1774427832458,"pid":7,"hostname":"3bc0e7f81f26","msg":"[PLEX_WATCHLIST] Unable to generate an RSS feed: Unauthorized"}
{"level":30,"time":1774427832458,"pid":7,"hostname":"3bc0e7f81f26","msg":"[PLEX_WATCHLIST] Generated watchlist RSS feed for self: None"}
{"level":40,"time":1774427832522,"pid":7,"hostname":"3bc0e7f81f26","msg":"[PLEX_WATCHLIST] Unable to generate an RSS feed: Unauthorized"}
{"level":30,"time":1774427832523,"pid":7,"hostname":"3bc0e7f81f26","msg":"[PLEX_WATCHLIST] Generated watchlist RSS feed for friends: None"}
{"level":40,"time":1774427832523,"pid":7,"hostname":"3bc0e7f81f26","msg":"[PLEX_WATCHLIST] Missing RSS URL. Are you an active Plex Pass user?"}
{"level":40,"time":1774427832523,"pid":7,"hostname":"3bc0e7f81f26","msg":"[PLEX_WATCHLIST] Real-time RSS sync disabled"}
{"level":40,"time":1774427832523,"pid":7,"hostname":"3bc0e7f81f26","error":{"message":"Unable to fetch watchlist URLs","name":"Error","type":"Error","stack":"Error: Unable to fetch watchlist URLs\n    at generateAndSaveRssFeeds (/app/dist/services/plex-watchlist/orchestration/rss-processor.js:13:19)\n    at processTicksAndRejections (native:7:39)"},"msg":"[WATCHLIST_WORKFLOW] Failed to generate RSS feeds, falling back to manual sync"}
{"level":30,"time":1774427832527,"pid":7,"hostname":"3bc0e7f81f26","msg":"[WATCHLIST_WORKFLOW] Periodic watchlist reconciliation job created (will be dynamically scheduled)"}
{"level":30,"time":1774427832527,"pid":7,"hostname":"3bc0e7f81f26","msg":"[WATCHLIST_WORKFLOW] Deferred routing queue started"}
{"level":40,"time":1774427832595,"pid":7,"hostname":"3bc0e7f81f26","msg":"[PLEX_SERVER] No Plex server connections found, using default"}
{"level":40,"time":1774427832713,"pid":7,"hostname":"3bc0e7f81f26","msg":"[PLEX_WATCHLIST] No friends found for Plex token"}
{"level":40,"time":1774427832730,"pid":7,"hostname":"3bc0e7f81f26","msg":"[PLEX_SERVER] No Plex users found during initialization"}
{"level":40,"time":1774427832892,"pid":7,"hostname":"3bc0e7f81f26","msg":"[PLEX_SERVER] No Plex server connections found, using default"}
{"level":50,"time":1774427832892,"pid":7,"hostname":"3bc0e7f81f26","error":{"message":"Could not determine server machine ID","name":"Error","type":"Error","stack":"Error: Could not determine server machine ID\n    at getSharedServerInfo (/app/dist/services/plex-server.service.js:424:31)\n    at async initialize (/app/dist/services/plex-server.service.js:104:43)\n    at async <anonymous> (/app/dist/plugins/custom/plex-server.js:14:47)\n    at processTicksAndRejections (native:7:39)"},"msg":"[PLEX_SERVER] Error fetching shared server info:"}
{"level":40,"time":1774427832893,"pid":7,"hostname":"3bc0e7f81f26","msg":"[PLEX_SERVER] No shared server info found during initialization"}
{"level":30,"time":1774427832893,"pid":7,"hostname":"3bc0e7f81f26","msg":"PlexServerService initialized successfully"}
{"level":40,"time":1774427833055,"pid":7,"hostname":"3bc0e7f81f26","msg":"[PLEX_SERVER] No Plex server connections found, using default"}
{"level":30,"time":1774427833055,"pid":7,"hostname":"3bc0e7f81f26","msg":"[PLEX_SERVER] Opening SSE connection to Plex"}
{"level":30,"time":1774427833056,"pid":7,"hostname":"3bc0e7f81f26","msg":"[NOTIFICATIONS] [PLEX_MOBILE] Plex Pass status not yet determined — Plex mobile notifications deferred"}
{"level":30,"time":1774427833057,"pid":7,"hostname":"3bc0e7f81f26","msg":"[NOTIFICATIONS] No Apprise URL configured, Apprise notifications will be disabled"}
{"level":30,"time":1774427833088,"pid":7,"hostname":"3bc0e7f81f26","msg":"[SCHEDULER] Scheduler ready: 9 jobs scheduled and active"}
{"level":30,"time":1774427833100,"pid":7,"hostname":"3bc0e7f81f26","msg":"Anime database already contains 10529 entries"}
{"level":40,"time":1774427833121,"pid":7,"hostname":"3bc0e7f81f26","msg":"[PLEX_SERVER] SSE connection error"}
{"level":40,"time":1774427833121,"pid":7,"hostname":"3bc0e7f81f26","msg":"[PLEX_SERVER] SSE disconnected - polling continues as fallback"}
{"level":30,"time":1774427833122,"pid":7,"hostname":"3bc0e7f81f26","delayMs":1073,"msg":"[PLEX_SERVER] Scheduling SSE reconnect"}
{"level":30,"time":1774427833124,"pid":7,"hostname":"3bc0e7f81f26","msg":"Server listening at http://127.0.0.1:3003"}
{"level":30,"time":1774427833124,"pid":7,"hostname":"3bc0e7f81f26","msg":"Server listening at http://172.18.0.7:3003"}
{"level":30,"time":1774427833606,"pid":7,"hostname":"3bc0e7f81f26","msg":"[PLEX_WATCHLIST] Plex Pass status: not detected"}
{"level":30,"time":1774427833685,"pid":7,"hostname":"3bc0e7f81f26","friendCount":0,"msg":"[WATCHLIST_WORKFLOW] Watchlist baselines established for all users"}
{"level":40,"time":1774427833828,"pid":7,"hostname":"3bc0e7f81f26","msg":"[PLEX_WATCHLIST] No friends found for Plex token"}
{"level":30,"time":1774427834093,"pid":7,"hostname":"3bc0e7f81f26","msg":"[PLEX_WATCHLIST] Plex Pass status: not detected"}
{"level":30,"time":1774427834094,"pid":7,"hostname":"3bc0e7f81f26","msg":"[WATCHLIST_WORKFLOW] Starting full reconciliation"}
{"level":30,"time":1774427834095,"pid":7,"hostname":"3bc0e7f81f26","msg":"[WATCHLIST_WORKFLOW] Refreshing watchlists"}
{"level":30,"time":1774427834128,"pid":7,"hostname":"3bc0e7f81f26","msg":"[RADARR] Credentials verified, attempting to setup webhook \"Pulsarr (host.docker.internal:3003)\" with URL for Radarr: http://host.docker.internal:3003/v1/notifications/webhook?instanceId=radarr7878"}
{"level":30,"time":1774427834128,"pid":7,"hostname":"3bc0e7f81f26","msg":"[SONARR] Credentials verified, attempting to setup webhook \"Pulsarr (host.docker.internal:3003)\" with URL for Sonarr: http://host.docker.internal:3003/v1/notifications/webhook?instanceId=sonarr8989"}
{"level":30,"time":1774427834193,"pid":7,"hostname":"3bc0e7f81f26","msg":"[PLEX_SERVER] Opening SSE connection to Plex"}
{"level":40,"time":1774427834194,"pid":7,"hostname":"3bc0e7f81f26","msg":"[PLEX_SERVER] SSE connection error"}
{"level":40,"time":1774427834195,"pid":7,"hostname":"3bc0e7f81f26","msg":"[PLEX_SERVER] SSE disconnected - polling continues as fallback"}
{"level":30,"time":1774427834195,"pid":7,"hostname":"3bc0e7f81f26","delayMs":2111,"msg":"[PLEX_SERVER] Scheduling SSE reconnect"}
{"level":40,"time":1774427834241,"pid":7,"hostname":"3bc0e7f81f26","msg":"[PLEX_WATCHLIST] No friends found for Plex token"}
{"level":30,"time":1774427834305,"pid":7,"hostname":"3bc0e7f81f26","msg":"[RADARR] Successfully updated Pulsarr webhook \"Pulsarr (host.docker.internal:3003)\" for Radarr"}
{"level":30,"time":1774427834320,"pid":7,"hostname":"3bc0e7f81f26","msg":"[SONARR] Successfully updated Pulsarr webhook \"Pulsarr (host.docker.internal:3003)\" for Sonarr"}
{"level":30,"time":1774427834427,"pid":7,"hostname":"3bc0e7f81f26","msg":"[PLEX_WATCHLIST] Plex Pass status: not detected"}
{"level":30,"time":1774427834502,"pid":7,"hostname":"3bc0e7f81f26","msg":"[PLEX_WATCHLIST] Self watchlist fetched successfully with 1 total items"}
{"level":30,"time":1774427834548,"pid":7,"hostname":"3bc0e7f81f26","msg":"[PLEX_WATCHLIST] Plex Pass status: not detected"}
{"level":30,"time":1774427834549,"pid":7,"hostname":"3bc0e7f81f26","msg":"[WATCHLIST_WORKFLOW] Watchlists refreshed successfully"}
{"level":30,"time":1774427834551,"pid":7,"hostname":"3bc0e7f81f26","msg":"[WATCHLIST_WORKFLOW] Performing watchlist item sync"}
{"level":30,"time":1774427834684,"pid":7,"hostname":"3bc0e7f81f26","added":{"shows":0,"movies":0},"unmatched":{"shows":0,"movies":3},"skippedDueToUserSetting":0,"skippedDueToMissingIds":0,"skippedDueToWatchlistCap":0,"msg":"[WATCHLIST_WORKFLOW] Watchlist sync completed"}
{"level":30,"time":1774427834760,"pid":7,"hostname":"3bc0e7f81f26","friendCount":0,"msg":"[WATCHLIST_WORKFLOW] Watchlist baselines established for all users"}
{"level":30,"time":1774427834761,"pid":7,"hostname":"3bc0e7f81f26","msg":"[WATCHLIST_WORKFLOW] Full reconciliation completed"}
{"level":30,"time":1774427834762,"pid":7,"hostname":"3bc0e7f81f26","msg":"[WATCHLIST_WORKFLOW] Scheduled next periodic reconciliation in 120 minutes"}
{"level":30,"time":1774427834763,"pid":7,"hostname":"3bc0e7f81f26","msg":"[WATCHLIST_WORKFLOW] Watchlist workflow running in ETag mode (5-minute staggered polling, 2-hour full reconciliation)"}
{"level":40,"time":1774427834920,"pid":7,"hostname":"3bc0e7f81f26","msg":"[PLEX_WATCHLIST] No friends found for Plex token"}
{"level":30,"time":1774427835146,"pid":7,"hostname":"3bc0e7f81f26","msg":"[PLEX_WATCHLIST] Plex Pass status: not detected"}
{"level":30,"time":1774427835147,"pid":7,"hostname":"3bc0e7f81f26","userCount":1,"msg":"[WATCHLIST_WORKFLOW] Starting staggered ETag polling (5-minute cycles)"}
{"level":40,"time":1774427835286,"pid":7,"hostname":"3bc0e7f81f26","msg":"[PLEX_WATCHLIST] No friends found for Plex token"}
{"level":30,"time":1774427835489,"pid":7,"hostname":"3bc0e7f81f26","msg":"[PLEX_WATCHLIST] Plex Pass status: not detected"}
{"level":30,"time":1774427836316,"pid":7,"hostname":"3bc0e7f81f26","msg":"[PLEX_SERVER] Opening SSE connection to Plex"}
{"level":40,"time":1774427836317,"pid":7,"hostname":"3bc0e7f81f26","msg":"[PLEX_SERVER] SSE connection error"}
{"level":40,"time":1774427836318,"pid":7,"hostname":"3bc0e7f81f26","msg":"[PLEX_SERVER] SSE disconnected - polling continues as fallback"}
{"level":30,"time":1774427836318,"pid":7,"hostname":"3bc0e7f81f26","delayMs":4832,"msg":"[PLEX_SERVER] Scheduling SSE reconnect"}
{"level":30,"time":1774427841149,"pid":7,"hostname":"3bc0e7f81f26","msg":"[PLEX_SERVER] Opening SSE connection to Plex"}
{"level":40,"time":1774427841152,"pid":7,"hostname":"3bc0e7f81f26","msg":"[PLEX_SERVER] SSE connection error"}
{"level":40,"time":1774427841153,"pid":7,"hostname":"3bc0e7f81f26","msg":"[PLEX_SERVER] SSE disconnected - polling continues as fallback"}
{"level":30,"time":1774427841153,"pid":7,"hostname":"3bc0e7f81f26","delayMs":8960,"msg":"[PLEX_SERVER] Scheduling SSE reconnect"}
{"level":30,"time":1774427850118,"pid":7,"hostname":"3bc0e7f81f26","msg":"[PLEX_SERVER] Opening SSE connection to Plex"}
{"level":40,"time":1774427850121,"pid":7,"hostname":"3bc0e7f81f26","msg":"[PLEX_SERVER] SSE connection error"}
{"level":40,"time":1774427850121,"pid":7,"hostname":"3bc0e7f81f26","msg":"[PLEX_SERVER] SSE disconnected - polling continues as fallback"}
{"level":30,"time":1774427850121,"pid":7,"hostname":"3bc0e7f81f26","delayMs":16572,"msg":"[PLEX_SERVER] Scheduling SSE reconnect"}
{"level":30,"time":1774427866700,"pid":7,"hostname":"3bc0e7f81f26","msg":"[PLEX_SERVER] Opening SSE connection to Plex"}
{"level":40,"time":1774427866707,"pid":7,"hostname":"3bc0e7f81f26","msg":"[PLEX_SERVER] SSE connection error"}
{"level":40,"time":1774427866707,"pid":7,"hostname":"3bc0e7f81f26","msg":"[PLEX_SERVER] SSE disconnected - polling continues as fallback"}
{"level":30,"time":1774427866708,"pid":7,"hostname":"3bc0e7f81f26","delayMs":36617,"msg":"[PLEX_SERVER] Scheduling SSE reconnect"}
{"level":30,"time":1774427884006,"pid":7,"hostname":"3bc0e7f81f26","msg":"SIGTERM received, server closing"}
{"level":30,"time":1774427947961,"pid":6,"hostname":"ccce0557782e","msg":"Using baseUrl: http://localhost for service connections"}
{"level":30,"time":1774427948347,"pid":6,"hostname":"ccce0557782e","msg":"Config is now ready, resolving waitForConfig promise"}
{"level":30,"time":1774427948349,"pid":6,"hostname":"ccce0557782e","msg":"[PLEX_SERVER] Initializing PlexServerService"}
{"level":30,"time":1774427948352,"pid":6,"hostname":"ccce0557782e","msg":"[SCHEDULER] Scheduler service initialized"}
{"level":30,"time":1774427948352,"pid":6,"hostname":"ccce0557782e","msg":"[PLEX_LABEL_SYNC] Initializing PlexLabelSyncService"}
{"level":30,"time":1774427948353,"pid":6,"hostname":"ccce0557782e","msg":"[DELETE_SYNC] Initializing Delete Sync Service"}
{"level":30,"time":1774427948354,"pid":6,"hostname":"ccce0557782e","msg":"[API_KEY] Initializing ApiKeyService"}
{"level":30,"time":1774427948384,"pid":6,"hostname":"ccce0557782e","msg":"[CONTENT_ROUTER] Successfully loaded 9 router evaluators"}
{"level":30,"time":1774427948384,"pid":6,"hostname":"ccce0557782e","msg":"Content router initialized with plugins: Conditional Router, Streaming Availability Router, Ratings Router, Genre Router, User Router, Year Router, Season Router, Language Router, Certification Router"}
{"level":30,"time":1774427948385,"pid":6,"hostname":"ccce0557782e","msg":"[WATCHLIST_WORKFLOW] Initializing Watchlist Workflow Service"}
{"level":30,"time":1774427948385,"pid":6,"hostname":"ccce0557782e","msg":"[PLEX_SESSION_MONITOR] PlexSessionMonitorService initialized"}
{"level":30,"time":1774427948395,"pid":6,"hostname":"ccce0557782e","msg":"Config ready, starting workflow"}
{"level":30,"time":1774427949973,"pid":6,"hostname":"ccce0557782e","msg":"[PLEX_WATCHLIST] Successfully validated Plex token"}
{"level":30,"time":1774427949973,"pid":6,"hostname":"ccce0557782e","msg":"[WATCHLIST_WORKFLOW] Plex connection verified"}
{"level":30,"time":1774427950538,"pid":6,"hostname":"ccce0557782e","msg":"[PLEX_SERVER] Initializing PlexServerService connections and users"}
{"level":40,"time":1774427950541,"pid":6,"hostname":"ccce0557782e","msg":"[PLEX_WATCHLIST] Unable to generate an RSS feed: Unauthorized"}
{"level":30,"time":1774427950541,"pid":6,"hostname":"ccce0557782e","msg":"[PLEX_WATCHLIST] Generated watchlist RSS feed for self: None"}
{"level":40,"time":1774427950696,"pid":6,"hostname":"ccce0557782e","msg":"[PLEX_WATCHLIST] Unable to generate an RSS feed: Unauthorized"}
{"level":30,"time":1774427950697,"pid":6,"hostname":"ccce0557782e","msg":"[PLEX_WATCHLIST] Generated watchlist RSS feed for friends: None"}
{"level":40,"time":1774427950697,"pid":6,"hostname":"ccce0557782e","msg":"[PLEX_WATCHLIST] Missing RSS URL. Are you an active Plex Pass user?"}
{"level":40,"time":1774427950697,"pid":6,"hostname":"ccce0557782e","msg":"[PLEX_WATCHLIST] Real-time RSS sync disabled"}
{"level":40,"time":1774427950698,"pid":6,"hostname":"ccce0557782e","error":{"message":"Unable to fetch watchlist URLs","name":"Error","type":"Error","stack":"Error: Unable to fetch watchlist URLs\n    at generateAndSaveRssFeeds (/app/dist/services/plex-watchlist/orchestration/rss-processor.js:13:19)\n    at processTicksAndRejections (native:7:39)"},"msg":"[WATCHLIST_WORKFLOW] Failed to generate RSS feeds, falling back to manual sync"}
{"level":30,"time":1774427950706,"pid":6,"hostname":"ccce0557782e","msg":"[WATCHLIST_WORKFLOW] Periodic watchlist reconciliation job created (will be dynamically scheduled)"}
{"level":30,"time":1774427950707,"pid":6,"hostname":"ccce0557782e","msg":"[WATCHLIST_WORKFLOW] Deferred routing queue started"}
{"level":40,"time":1774427950764,"pid":6,"hostname":"ccce0557782e","msg":"[PLEX_SERVER] All connection tests failed - keeping full list as fallback"}
{"level":30,"time":1774427950765,"pid":6,"hostname":"ccce0557782e","msg":"[PLEX_SERVER] Found 1 Plex server connections (1 local, 0 relay)"}
{"level":40,"time":1774427950867,"pid":6,"hostname":"ccce0557782e","msg":"[PLEX_WATCHLIST] No friends found for Plex token"}
{"level":40,"time":1774427950901,"pid":6,"hostname":"ccce0557782e","msg":"[PLEX_SERVER] No Plex users found during initialization"}
{"level":30,"time":1774427951035,"pid":6,"hostname":"ccce0557782e","msg":"PlexServerService initialized successfully"}
{"level":30,"time":1774427951036,"pid":6,"hostname":"ccce0557782e","msg":"[PLEX_SERVER] Opening SSE connection to Plex"}
{"level":30,"time":1774427951037,"pid":6,"hostname":"ccce0557782e","msg":"[NOTIFICATIONS] [PLEX_MOBILE] Plex Pass status not yet determined — Plex mobile notifications deferred"}
{"level":30,"time":1774427951037,"pid":6,"hostname":"ccce0557782e","msg":"[NOTIFICATIONS] No Apprise URL configured, Apprise notifications will be disabled"}
{"level":30,"time":1774427951046,"pid":6,"hostname":"ccce0557782e","msg":"[SCHEDULER] Scheduler ready: 9 jobs scheduled and active"}
{"level":30,"time":1774427951048,"pid":6,"hostname":"ccce0557782e","msg":"Anime database already contains 10529 entries"}
{"level":40,"time":1774427951058,"pid":6,"hostname":"ccce0557782e","msg":"[PLEX_SERVER] SSE connection error"}
{"level":40,"time":1774427951059,"pid":6,"hostname":"ccce0557782e","msg":"[PLEX_SERVER] SSE disconnected - polling continues as fallback"}
{"level":30,"time":1774427951059,"pid":6,"hostname":"ccce0557782e","delayMs":1235,"msg":"[PLEX_SERVER] Scheduling SSE reconnect"}
{"level":30,"time":1774427951061,"pid":6,"hostname":"ccce0557782e","msg":"Server listening at http://127.0.0.1:3003"}
{"level":30,"time":1774427951061,"pid":6,"hostname":"ccce0557782e","msg":"Server listening at http://172.18.0.7:3003"}
{"level":30,"time":1774427951312,"pid":6,"hostname":"ccce0557782e","msg":"[PLEX_WATCHLIST] Plex Pass status: not detected"}
{"level":30,"time":1774427951522,"pid":6,"hostname":"ccce0557782e","friendCount":0,"msg":"[WATCHLIST_WORKFLOW] Watchlist baselines established for all users"}
{"level":40,"time":1774427951653,"pid":6,"hostname":"ccce0557782e","msg":"[PLEX_WATCHLIST] No friends found for Plex token"}
{"level":30,"time":1774427951960,"pid":6,"hostname":"ccce0557782e","msg":"[PLEX_WATCHLIST] Plex Pass status: not detected"}
{"level":30,"time":1774427951962,"pid":6,"hostname":"ccce0557782e","msg":"[WATCHLIST_WORKFLOW] Starting full reconciliation"}
{"level":30,"time":1774427951962,"pid":6,"hostname":"ccce0557782e","msg":"[WATCHLIST_WORKFLOW] Refreshing watchlists"}
{"level":30,"time":1774427952063,"pid":6,"hostname":"ccce0557782e","msg":"[RADARR] Credentials verified, attempting to setup webhook \"Pulsarr (host.docker.internal:3003)\" with URL for Radarr: http://host.docker.internal:3003/v1/notifications/webhook?instanceId=radarr7878"}
{"level":30,"time":1774427952064,"pid":6,"hostname":"ccce0557782e","msg":"[SONARR] Credentials verified, attempting to setup webhook \"Pulsarr (host.docker.internal:3003)\" with URL for Sonarr: http://host.docker.internal:3003/v1/notifications/webhook?instanceId=sonarr8989"}
{"level":40,"time":1774427952102,"pid":6,"hostname":"ccce0557782e","msg":"[PLEX_WATCHLIST] No friends found for Plex token"}
{"level":30,"time":1774427952166,"pid":6,"hostname":"ccce0557782e","msg":"[PLEX_WATCHLIST] Plex Pass status: not detected"}
{"level":30,"time":1774427952290,"pid":6,"hostname":"ccce0557782e","msg":"[RADARR] Successfully updated Pulsarr webhook \"Pulsarr (host.docker.internal:3003)\" for Radarr"}
{"level":30,"time":1774427952294,"pid":6,"hostname":"ccce0557782e","msg":"[PLEX_SERVER] Opening SSE connection to Plex"}
{"level":40,"time":1774427952297,"pid":6,"hostname":"ccce0557782e","msg":"[PLEX_SERVER] SSE connection error"}
{"level":40,"time":1774427952297,"pid":6,"hostname":"ccce0557782e","msg":"[PLEX_SERVER] SSE disconnected - polling continues as fallback"}
{"level":30,"time":1774427952298,"pid":6,"hostname":"ccce0557782e","delayMs":2460,"msg":"[PLEX_SERVER] Scheduling SSE reconnect"}
{"level":30,"time":1774427952306,"pid":6,"hostname":"ccce0557782e","msg":"[SONARR] Successfully updated Pulsarr webhook \"Pulsarr (host.docker.internal:3003)\" for Sonarr"}
{"level":30,"time":1774427952319,"pid":6,"hostname":"ccce0557782e","msg":"[PLEX_WATCHLIST] Plex Pass status: not detected"}
{"level":30,"time":1774427952354,"pid":6,"hostname":"ccce0557782e","msg":"[PLEX_WATCHLIST] Self watchlist fetched successfully with 1 total items"}
{"level":30,"time":1774427952358,"pid":6,"hostname":"ccce0557782e","msg":"[WATCHLIST_WORKFLOW] Watchlists refreshed successfully"}
{"level":30,"time":1774427952359,"pid":6,"hostname":"ccce0557782e","msg":"[WATCHLIST_WORKFLOW] Performing watchlist item sync"}
{"level":30,"time":1774427952514,"pid":6,"hostname":"ccce0557782e","added":{"shows":0,"movies":0},"unmatched":{"shows":0,"movies":3},"skippedDueToUserSetting":0,"skippedDueToMissingIds":0,"skippedDueToWatchlistCap":0,"msg":"[WATCHLIST_WORKFLOW] Watchlist sync completed"}
{"level":30,"time":1774427952583,"pid":6,"hostname":"ccce0557782e","friendCount":0,"msg":"[WATCHLIST_WORKFLOW] Watchlist baselines established for all users"}
{"level":30,"time":1774427952583,"pid":6,"hostname":"ccce0557782e","msg":"[WATCHLIST_WORKFLOW] Full reconciliation completed"}
{"level":30,"time":1774427952586,"pid":6,"hostname":"ccce0557782e","msg":"[WATCHLIST_WORKFLOW] Scheduled next periodic reconciliation in 120 minutes"}
{"level":30,"time":1774427952586,"pid":6,"hostname":"ccce0557782e","msg":"[WATCHLIST_WORKFLOW] Watchlist workflow running in ETag mode (5-minute staggered polling, 2-hour full reconciliation)"}
{"level":40,"time":1774427952727,"pid":6,"hostname":"ccce0557782e","msg":"[PLEX_WATCHLIST] No friends found for Plex token"}
{"level":30,"time":1774427953004,"pid":6,"hostname":"ccce0557782e","msg":"[PLEX_WATCHLIST] Plex Pass status: not detected"}
{"level":30,"time":1774427953006,"pid":6,"hostname":"ccce0557782e","userCount":1,"msg":"[WATCHLIST_WORKFLOW] Starting staggered ETag polling (5-minute cycles)"}
{"level":40,"time":1774427953144,"pid":6,"hostname":"ccce0557782e","msg":"[PLEX_WATCHLIST] No friends found for Plex token"}
{"level":30,"time":1774427953424,"pid":6,"hostname":"ccce0557782e","msg":"[PLEX_WATCHLIST] Plex Pass status: not detected"}
{"level":30,"time":1774427954767,"pid":6,"hostname":"ccce0557782e","msg":"[PLEX_SERVER] Opening SSE connection to Plex"}
{"level":40,"time":1774427954770,"pid":6,"hostname":"ccce0557782e","msg":"[PLEX_SERVER] SSE connection error"}
{"level":40,"time":1774427954770,"pid":6,"hostname":"ccce0557782e","msg":"[PLEX_SERVER] SSE disconnected - polling continues as fallback"}
{"level":30,"time":1774427954771,"pid":6,"hostname":"ccce0557782e","delayMs":4076,"msg":"[PLEX_SERVER] Scheduling SSE reconnect"}
{"level":30,"time":1774427958850,"pid":6,"hostname":"ccce0557782e","msg":"[PLEX_SERVER] Opening SSE connection to Plex"}
{"level":40,"time":1774427958853,"pid":6,"hostname":"ccce0557782e","msg":"[PLEX_SERVER] SSE connection error"}
{"level":40,"time":1774427958854,"pid":6,"hostname":"ccce0557782e","msg":"[PLEX_SERVER] SSE disconnected - polling continues as fallback"}
{"level":30,"time":1774427958856,"pid":6,"hostname":"ccce0557782e","delayMs":9747,"msg":"[PLEX_SERVER] Scheduling SSE reconnect"}
{"level":30,"time":1774427968610,"pid":6,"hostname":"ccce0557782e","msg":"[PLEX_SERVER] Opening SSE connection to Plex"}
{"level":40,"time":1774427968615,"pid":6,"hostname":"ccce0557782e","msg":"[PLEX_SERVER] SSE connection error"}
{"level":40,"time":1774427968616,"pid":6,"hostname":"ccce0557782e","msg":"[PLEX_SERVER] SSE disconnected - polling continues as fallback"}
{"level":30,"time":1774427968616,"pid":6,"hostname":"ccce0557782e","delayMs":19106,"msg":"[PLEX_SERVER] Scheduling SSE reconnect"}
{"level":30,"time":1774427987732,"pid":6,"hostname":"ccce0557782e","msg":"[PLEX_SERVER] Opening SSE connection to Plex"}
{"level":40,"time":1774427987744,"pid":6,"hostname":"ccce0557782e","msg":"[PLEX_SERVER] SSE connection error"}
{"level":40,"time":1774427987745,"pid":6,"hostname":"ccce0557782e","msg":"[PLEX_SERVER] SSE disconnected - polling continues as fallback"}
{"level":30,"time":1774427987745,"pid":6,"hostname":"ccce0557782e","delayMs":31794,"msg":"[PLEX_SERVER] Scheduling SSE reconnect"}
{"level":30,"time":1774428012313,"pid":6,"hostname":"ccce0557782e","msg":"SIGTERM received, server closing"}
{"level":30,"time":1774428070259,"pid":7,"hostname":"1a394cb0a023","msg":"Using baseUrl: http://localhost for service connections"}
{"level":30,"time":1774428070663,"pid":7,"hostname":"1a394cb0a023","msg":"Config is now ready, resolving waitForConfig promise"}
{"level":30,"time":1774428070667,"pid":7,"hostname":"1a394cb0a023","msg":"[PLEX_SERVER] Initializing PlexServerService"}
{"level":30,"time":1774428070671,"pid":7,"hostname":"1a394cb0a023","msg":"[SCHEDULER] Scheduler service initialized"}
{"level":30,"time":1774428070671,"pid":7,"hostname":"1a394cb0a023","msg":"[PLEX_LABEL_SYNC] Initializing PlexLabelSyncService"}
{"level":30,"time":1774428070673,"pid":7,"hostname":"1a394cb0a023","msg":"[DELETE_SYNC] Initializing Delete Sync Service"}
{"level":30,"time":1774428070674,"pid":7,"hostname":"1a394cb0a023","msg":"[API_KEY] Initializing ApiKeyService"}
{"level":30,"time":1774428070716,"pid":7,"hostname":"1a394cb0a023","msg":"[CONTENT_ROUTER] Successfully loaded 9 router evaluators"}
{"level":30,"time":1774428070716,"pid":7,"hostname":"1a394cb0a023","msg":"Content router initialized with plugins: Conditional Router, Streaming Availability Router, Ratings Router, Genre Router, User Router, Year Router, Season Router, Language Router, Certification Router"}
{"level":30,"time":1774428070717,"pid":7,"hostname":"1a394cb0a023","msg":"[WATCHLIST_WORKFLOW] Initializing Watchlist Workflow Service"}
{"level":30,"time":1774428070718,"pid":7,"hostname":"1a394cb0a023","msg":"[PLEX_SESSION_MONITOR] PlexSessionMonitorService initialized"}
{"level":30,"time":1774428070730,"pid":7,"hostname":"1a394cb0a023","msg":"Config ready, starting workflow"}
{"level":30,"time":1774428072466,"pid":7,"hostname":"1a394cb0a023","msg":"[PLEX_WATCHLIST] Successfully validated Plex token"}
{"level":30,"time":1774428072467,"pid":7,"hostname":"1a394cb0a023","msg":"[WATCHLIST_WORKFLOW] Plex connection verified"}
{"level":30,"time":1774428072937,"pid":7,"hostname":"1a394cb0a023","msg":"[PLEX_SERVER] Initializing PlexServerService connections and users"}
{"level":40,"time":1774428072939,"pid":7,"hostname":"1a394cb0a023","msg":"[PLEX_WATCHLIST] Unable to generate an RSS feed: Unauthorized"}
{"level":30,"time":1774428072939,"pid":7,"hostname":"1a394cb0a023","msg":"[PLEX_WATCHLIST] Generated watchlist RSS feed for self: None"}
{"level":40,"time":1774428073002,"pid":7,"hostname":"1a394cb0a023","msg":"[PLEX_WATCHLIST] Unable to generate an RSS feed: Unauthorized"}
{"level":30,"time":1774428073002,"pid":7,"hostname":"1a394cb0a023","msg":"[PLEX_WATCHLIST] Generated watchlist RSS feed for friends: None"}
{"level":40,"time":1774428073002,"pid":7,"hostname":"1a394cb0a023","msg":"[PLEX_WATCHLIST] Missing RSS URL. Are you an active Plex Pass user?"}
{"level":40,"time":1774428073002,"pid":7,"hostname":"1a394cb0a023","msg":"[PLEX_WATCHLIST] Real-time RSS sync disabled"}
{"level":40,"time":1774428073002,"pid":7,"hostname":"1a394cb0a023","error":{"message":"Unable to fetch watchlist URLs","name":"Error","type":"Error","stack":"Error: Unable to fetch watchlist URLs\n    at generateAndSaveRssFeeds (/app/dist/services/plex-watchlist/orchestration/rss-processor.js:13:19)\n    at processTicksAndRejections (native:7:39)"},"msg":"[WATCHLIST_WORKFLOW] Failed to generate RSS feeds, falling back to manual sync"}
{"level":30,"time":1774428073009,"pid":7,"hostname":"1a394cb0a023","msg":"[WATCHLIST_WORKFLOW] Periodic watchlist reconciliation job created (will be dynamically scheduled)"}
{"level":30,"time":1774428073009,"pid":7,"hostname":"1a394cb0a023","msg":"[WATCHLIST_WORKFLOW] Deferred routing queue started"}
{"level":40,"time":1774428073103,"pid":7,"hostname":"1a394cb0a023","msg":"[PLEX_SERVER] All connection tests failed - keeping full list as fallback"}
{"level":30,"time":1774428073104,"pid":7,"hostname":"1a394cb0a023","msg":"[PLEX_SERVER] Found 1 Plex server connections (1 local, 0 relay)"}
{"level":40,"time":1774428073164,"pid":7,"hostname":"1a394cb0a023","msg":"[PLEX_WATCHLIST] No friends found for Plex token"}
{"level":40,"time":1774428073234,"pid":7,"hostname":"1a394cb0a023","msg":"[PLEX_SERVER] No Plex users found during initialization"}
{"level":30,"time":1774428073353,"pid":7,"hostname":"1a394cb0a023","msg":"PlexServerService initialized successfully"}
{"level":30,"time":1774428073353,"pid":7,"hostname":"1a394cb0a023","msg":"[PLEX_SERVER] Opening SSE connection to Plex"}
{"level":30,"time":1774428073354,"pid":7,"hostname":"1a394cb0a023","msg":"[NOTIFICATIONS] [PLEX_MOBILE] Plex Pass status not yet determined — Plex mobile notifications deferred"}
{"level":30,"time":1774428073355,"pid":7,"hostname":"1a394cb0a023","msg":"[NOTIFICATIONS] No Apprise URL configured, Apprise notifications will be disabled"}
{"level":30,"time":1774428073378,"pid":7,"hostname":"1a394cb0a023","msg":"[SCHEDULER] Scheduler ready: 9 jobs scheduled and active"}
{"level":30,"time":1774428073383,"pid":7,"hostname":"1a394cb0a023","msg":"Anime database already contains 10529 entries"}
{"level":40,"time":1774428073396,"pid":7,"hostname":"1a394cb0a023","msg":"[PLEX_SERVER] SSE connection error"}
{"level":40,"time":1774428073396,"pid":7,"hostname":"1a394cb0a023","msg":"[PLEX_SERVER] SSE disconnected - polling continues as fallback"}
{"level":30,"time":1774428073397,"pid":7,"hostname":"1a394cb0a023","delayMs":1136,"msg":"[PLEX_SERVER] Scheduling SSE reconnect"}
{"level":30,"time":1774428073398,"pid":7,"hostname":"1a394cb0a023","msg":"Server listening at http://127.0.0.1:3003"}
{"level":30,"time":1774428073399,"pid":7,"hostname":"1a394cb0a023","msg":"Server listening at http://172.18.0.7:3003"}
{"level":30,"time":1774428073604,"pid":7,"hostname":"1a394cb0a023","msg":"[PLEX_WATCHLIST] Plex Pass status: not detected"}
{"level":30,"time":1774428073693,"pid":7,"hostname":"1a394cb0a023","friendCount":0,"msg":"[WATCHLIST_WORKFLOW] Watchlist baselines established for all users"}
{"level":40,"time":1774428073823,"pid":7,"hostname":"1a394cb0a023","msg":"[PLEX_WATCHLIST] No friends found for Plex token"}
{"level":30,"time":1774428074062,"pid":7,"hostname":"1a394cb0a023","msg":"[PLEX_WATCHLIST] Plex Pass status: not detected"}
{"level":30,"time":1774428074065,"pid":7,"hostname":"1a394cb0a023","msg":"[WATCHLIST_WORKFLOW] Starting full reconciliation"}
{"level":30,"time":1774428074066,"pid":7,"hostname":"1a394cb0a023","msg":"[WATCHLIST_WORKFLOW] Refreshing watchlists"}
{"level":40,"time":1774428074215,"pid":7,"hostname":"1a394cb0a023","msg":"[PLEX_WATCHLIST] No friends found for Plex token"}
{"level":30,"time":1774428074301,"pid":7,"hostname":"1a394cb0a023","msg":"[PLEX_WATCHLIST] Plex Pass status: not detected"}
{"level":30,"time":1774428074390,"pid":7,"hostname":"1a394cb0a023","msg":"[PLEX_WATCHLIST] Self watchlist fetched successfully with 1 total items"}
{"level":30,"time":1774428074404,"pid":7,"hostname":"1a394cb0a023","msg":"[RADARR] Credentials verified, attempting to setup webhook \"Pulsarr (host.docker.internal:3003)\" with URL for Radarr: http://host.docker.internal:3003/v1/notifications/webhook?instanceId=radarr7878"}
{"level":30,"time":1774428074406,"pid":7,"hostname":"1a394cb0a023","msg":"[SONARR] Credentials verified, attempting to setup webhook \"Pulsarr (host.docker.internal:3003)\" with URL for Sonarr: http://host.docker.internal:3003/v1/notifications/webhook?instanceId=sonarr8989"}
{"level":30,"time":1774428074533,"pid":7,"hostname":"1a394cb0a023","msg":"[PLEX_SERVER] Opening SSE connection to Plex"}
{"level":40,"time":1774428074535,"pid":7,"hostname":"1a394cb0a023","msg":"[PLEX_SERVER] SSE connection error"}
{"level":40,"time":1774428074537,"pid":7,"hostname":"1a394cb0a023","msg":"[PLEX_SERVER] SSE disconnected - polling continues as fallback"}
{"level":30,"time":1774428074537,"pid":7,"hostname":"1a394cb0a023","delayMs":2136,"msg":"[PLEX_SERVER] Scheduling SSE reconnect"}
{"level":30,"time":1774428074737,"pid":7,"hostname":"1a394cb0a023","msg":"[PLEX_WATCHLIST] Plex Pass status: not detected"}
{"level":30,"time":1774428074740,"pid":7,"hostname":"1a394cb0a023","msg":"[WATCHLIST_WORKFLOW] Watchlists refreshed successfully"}
{"level":30,"time":1774428074743,"pid":7,"hostname":"1a394cb0a023","msg":"[WATCHLIST_WORKFLOW] Performing watchlist item sync"}
{"level":30,"time":1774428074747,"pid":7,"hostname":"1a394cb0a023","msg":"[RADARR] Successfully updated Pulsarr webhook \"Pulsarr (host.docker.internal:3003)\" for Radarr"}
{"level":30,"time":1774428074751,"pid":7,"hostname":"1a394cb0a023","msg":"[SONARR] Successfully updated Pulsarr webhook \"Pulsarr (host.docker.internal:3003)\" for Sonarr"}
{"level":30,"time":1774428074984,"pid":7,"hostname":"1a394cb0a023","added":{"shows":0,"movies":0},"unmatched":{"shows":0,"movies":3},"skippedDueToUserSetting":0,"skippedDueToMissingIds":0,"skippedDueToWatchlistCap":0,"msg":"[WATCHLIST_WORKFLOW] Watchlist sync completed"}
{"level":30,"time":1774428075090,"pid":7,"hostname":"1a394cb0a023","friendCount":0,"msg":"[WATCHLIST_WORKFLOW] Watchlist baselines established for all users"}
{"level":30,"time":1774428075090,"pid":7,"hostname":"1a394cb0a023","msg":"[WATCHLIST_WORKFLOW] Full reconciliation completed"}
{"level":30,"time":1774428075092,"pid":7,"hostname":"1a394cb0a023","msg":"[WATCHLIST_WORKFLOW] Scheduled next periodic reconciliation in 120 minutes"}
{"level":30,"time":1774428075092,"pid":7,"hostname":"1a394cb0a023","msg":"[WATCHLIST_WORKFLOW] Watchlist workflow running in ETag mode (5-minute staggered polling, 2-hour full reconciliation)"}
{"level":40,"time":1774428075221,"pid":7,"hostname":"1a394cb0a023","msg":"[PLEX_WATCHLIST] No friends found for Plex token"}
{"level":30,"time":1774428075485,"pid":7,"hostname":"1a394cb0a023","msg":"[PLEX_WATCHLIST] Plex Pass status: not detected"}
{"level":30,"time":1774428075488,"pid":7,"hostname":"1a394cb0a023","userCount":1,"msg":"[WATCHLIST_WORKFLOW] Starting staggered ETag polling (5-minute cycles)"}
{"level":40,"time":1774428075725,"pid":7,"hostname":"1a394cb0a023","msg":"[PLEX_WATCHLIST] No friends found for Plex token"}
{"level":30,"time":1774428075931,"pid":7,"hostname":"1a394cb0a023","msg":"[PLEX_WATCHLIST] Plex Pass status: not detected"}
{"level":30,"time":1774428076675,"pid":7,"hostname":"1a394cb0a023","msg":"[PLEX_SERVER] Opening SSE connection to Plex"}
{"level":40,"time":1774428076679,"pid":7,"hostname":"1a394cb0a023","msg":"[PLEX_SERVER] SSE connection error"}
{"level":40,"time":1774428076680,"pid":7,"hostname":"1a394cb0a023","msg":"[PLEX_SERVER] SSE disconnected - polling continues as fallback"}
{"level":30,"time":1774428076680,"pid":7,"hostname":"1a394cb0a023","delayMs":4021,"msg":"[PLEX_SERVER] Scheduling SSE reconnect"}
{"level":30,"time":1774428080703,"pid":7,"hostname":"1a394cb0a023","msg":"[PLEX_SERVER] Opening SSE connection to Plex"}
{"level":40,"time":1774428080708,"pid":7,"hostname":"1a394cb0a023","msg":"[PLEX_SERVER] SSE connection error"}
{"level":40,"time":1774428080709,"pid":7,"hostname":"1a394cb0a023","msg":"[PLEX_SERVER] SSE disconnected - polling continues as fallback"}
{"level":30,"time":1774428080710,"pid":7,"hostname":"1a394cb0a023","delayMs":8110,"msg":"[PLEX_SERVER] Scheduling SSE reconnect"}
{"level":30,"time":1774428088823,"pid":7,"hostname":"1a394cb0a023","msg":"[PLEX_SERVER] Opening SSE connection to Plex"}
{"level":40,"time":1774428088824,"pid":7,"hostname":"1a394cb0a023","msg":"[PLEX_SERVER] SSE connection error"}
{"level":40,"time":1774428088824,"pid":7,"hostname":"1a394cb0a023","msg":"[PLEX_SERVER] SSE disconnected - polling continues as fallback"}
{"level":30,"time":1774428088824,"pid":7,"hostname":"1a394cb0a023","delayMs":16970,"msg":"[PLEX_SERVER] Scheduling SSE reconnect"}
{"level":30,"time":1774428105803,"pid":7,"hostname":"1a394cb0a023","msg":"[PLEX_SERVER] Opening SSE connection to Plex"}
{"level":40,"time":1774428105810,"pid":7,"hostname":"1a394cb0a023","msg":"[PLEX_SERVER] SSE connection error"}
{"level":40,"time":1774428105811,"pid":7,"hostname":"1a394cb0a023","msg":"[PLEX_SERVER] SSE disconnected - polling continues as fallback"}
{"level":30,"time":1774428105811,"pid":7,"hostname":"1a394cb0a023","delayMs":34229,"msg":"[PLEX_SERVER] Scheduling SSE reconnect"}
{"level":30,"time":1774428140046,"pid":7,"hostname":"1a394cb0a023","msg":"[PLEX_SERVER] Opening SSE connection to Plex"}
{"level":30,"time":1774428149184,"pid":7,"hostname":"1a394cb0a023","msg":"SIGTERM received, server closing"}
{"level":30,"time":1774428301159,"pid":7,"hostname":"6c5a5b6ea215","msg":"Using baseUrl: http://localhost for service connections"}
{"level":30,"time":1774428301511,"pid":7,"hostname":"6c5a5b6ea215","msg":"Config is now ready, resolving waitForConfig promise"}
{"level":30,"time":1774428301513,"pid":7,"hostname":"6c5a5b6ea215","msg":"[PLEX_SERVER] Initializing PlexServerService"}
{"level":30,"time":1774428301516,"pid":7,"hostname":"6c5a5b6ea215","msg":"[SCHEDULER] Scheduler service initialized"}
{"level":30,"time":1774428301517,"pid":7,"hostname":"6c5a5b6ea215","msg":"[PLEX_LABEL_SYNC] Initializing PlexLabelSyncService"}
{"level":30,"time":1774428301518,"pid":7,"hostname":"6c5a5b6ea215","msg":"[DELETE_SYNC] Initializing Delete Sync Service"}
{"level":30,"time":1774428301518,"pid":7,"hostname":"6c5a5b6ea215","msg":"[API_KEY] Initializing ApiKeyService"}
{"level":30,"time":1774428301555,"pid":7,"hostname":"6c5a5b6ea215","msg":"[CONTENT_ROUTER] Successfully loaded 9 router evaluators"}
{"level":30,"time":1774428301555,"pid":7,"hostname":"6c5a5b6ea215","msg":"Content router initialized with plugins: Conditional Router, Streaming Availability Router, Ratings Router, Genre Router, User Router, Year Router, Season Router, Language Router, Certification Router"}
{"level":30,"time":1774428301556,"pid":7,"hostname":"6c5a5b6ea215","msg":"[WATCHLIST_WORKFLOW] Initializing Watchlist Workflow Service"}
{"level":30,"time":1774428301557,"pid":7,"hostname":"6c5a5b6ea215","msg":"[PLEX_SESSION_MONITOR] PlexSessionMonitorService initialized"}
{"level":30,"time":1774428301569,"pid":7,"hostname":"6c5a5b6ea215","msg":"Config ready, starting workflow"}
{"level":30,"time":1774428303260,"pid":7,"hostname":"6c5a5b6ea215","msg":"[PLEX_WATCHLIST] Successfully validated Plex token"}
{"level":30,"time":1774428303261,"pid":7,"hostname":"6c5a5b6ea215","msg":"[WATCHLIST_WORKFLOW] Plex connection verified"}
{"level":30,"time":1774428303815,"pid":7,"hostname":"6c5a5b6ea215","msg":"[PLEX_SERVER] Initializing PlexServerService connections and users"}
{"level":40,"time":1774428303816,"pid":7,"hostname":"6c5a5b6ea215","msg":"[PLEX_WATCHLIST] Unable to generate an RSS feed: Unauthorized"}
{"level":30,"time":1774428303816,"pid":7,"hostname":"6c5a5b6ea215","msg":"[PLEX_WATCHLIST] Generated watchlist RSS feed for self: None"}
{"level":40,"time":1774428303947,"pid":7,"hostname":"6c5a5b6ea215","msg":"[PLEX_WATCHLIST] Unable to generate an RSS feed: Unauthorized"}
{"level":30,"time":1774428303948,"pid":7,"hostname":"6c5a5b6ea215","msg":"[PLEX_WATCHLIST] Generated watchlist RSS feed for friends: None"}
{"level":40,"time":1774428303948,"pid":7,"hostname":"6c5a5b6ea215","msg":"[PLEX_WATCHLIST] Missing RSS URL. Are you an active Plex Pass user?"}
{"level":40,"time":1774428303948,"pid":7,"hostname":"6c5a5b6ea215","msg":"[PLEX_WATCHLIST] Real-time RSS sync disabled"}
{"level":40,"time":1774428303949,"pid":7,"hostname":"6c5a5b6ea215","error":{"message":"Unable to fetch watchlist URLs","name":"Error","type":"Error","stack":"Error: Unable to fetch watchlist URLs\n    at generateAndSaveRssFeeds (/app/dist/services/plex-watchlist/orchestration/rss-processor.js:13:19)\n    at processTicksAndRejections (native:7:39)"},"msg":"[WATCHLIST_WORKFLOW] Failed to generate RSS feeds, falling back to manual sync"}
{"level":30,"time":1774428303955,"pid":7,"hostname":"6c5a5b6ea215","msg":"[WATCHLIST_WORKFLOW] Periodic watchlist reconciliation job created (will be dynamically scheduled)"}
{"level":30,"time":1774428303956,"pid":7,"hostname":"6c5a5b6ea215","msg":"[WATCHLIST_WORKFLOW] Deferred routing queue started"}
{"level":40,"time":1774428303999,"pid":7,"hostname":"6c5a5b6ea215","msg":"[PLEX_SERVER] All connection tests failed - keeping full list as fallback"}
{"level":30,"time":1774428304000,"pid":7,"hostname":"6c5a5b6ea215","msg":"[PLEX_SERVER] Found 1 Plex server connections (1 local, 0 relay)"}
{"level":40,"time":1774428304118,"pid":7,"hostname":"6c5a5b6ea215","msg":"[PLEX_WATCHLIST] No friends found for Plex token"}
{"level":40,"time":1774428304125,"pid":7,"hostname":"6c5a5b6ea215","msg":"[PLEX_SERVER] No Plex users found during initialization"}
{"level":30,"time":1774428304248,"pid":7,"hostname":"6c5a5b6ea215","msg":"PlexServerService initialized successfully"}
{"level":30,"time":1774428304249,"pid":7,"hostname":"6c5a5b6ea215","msg":"[PLEX_SERVER] Opening SSE connection to Plex"}
{"level":30,"time":1774428304250,"pid":7,"hostname":"6c5a5b6ea215","msg":"[NOTIFICATIONS] [PLEX_MOBILE] Plex Pass status not yet determined — Plex mobile notifications deferred"}
{"level":30,"time":1774428304251,"pid":7,"hostname":"6c5a5b6ea215","msg":"[NOTIFICATIONS] No Apprise URL configured, Apprise notifications will be disabled"}
{"level":30,"time":1774428304259,"pid":7,"hostname":"6c5a5b6ea215","msg":"[SCHEDULER] Scheduler ready: 9 jobs scheduled and active"}
{"level":30,"time":1774428304261,"pid":7,"hostname":"6c5a5b6ea215","msg":"Anime database already contains 10529 entries"}
{"level":40,"time":1774428304272,"pid":7,"hostname":"6c5a5b6ea215","msg":"[PLEX_SERVER] SSE connection error"}
{"level":40,"time":1774428304272,"pid":7,"hostname":"6c5a5b6ea215","msg":"[PLEX_SERVER] SSE disconnected - polling continues as fallback"}
{"level":30,"time":1774428304273,"pid":7,"hostname":"6c5a5b6ea215","delayMs":1178,"msg":"[PLEX_SERVER] Scheduling SSE reconnect"}
{"level":30,"time":1774428304274,"pid":7,"hostname":"6c5a5b6ea215","msg":"Server listening at http://127.0.0.1:3003"}
{"level":30,"time":1774428304274,"pid":7,"hostname":"6c5a5b6ea215","msg":"Server listening at http://172.18.0.7:3003"}
{"level":30,"time":1774428304536,"pid":7,"hostname":"6c5a5b6ea215","msg":"[PLEX_WATCHLIST] Plex Pass status: not detected"}
{"level":30,"time":1774428305278,"pid":7,"hostname":"6c5a5b6ea215","msg":"[RADARR] Credentials verified, attempting to setup webhook \"Pulsarr (host.docker.internal:3003)\" with URL for Radarr: http://host.docker.internal:3003/v1/notifications/webhook?instanceId=radarr7878"}
{"level":30,"time":1774428305280,"pid":7,"hostname":"6c5a5b6ea215","msg":"[SONARR] Credentials verified, attempting to setup webhook \"Pulsarr (host.docker.internal:3003)\" with URL for Sonarr: http://host.docker.internal:3003/v1/notifications/webhook?instanceId=sonarr8989"}
{"level":30,"time":1774428305344,"pid":7,"hostname":"6c5a5b6ea215","friendCount":0,"msg":"[WATCHLIST_WORKFLOW] Watchlist baselines established for all users"}
{"level":30,"time":1774428305453,"pid":7,"hostname":"6c5a5b6ea215","msg":"[PLEX_SERVER] Opening SSE connection to Plex"}
{"level":40,"time":1774428305455,"pid":7,"hostname":"6c5a5b6ea215","msg":"[PLEX_SERVER] SSE connection error"}
{"level":40,"time":1774428305455,"pid":7,"hostname":"6c5a5b6ea215","msg":"[PLEX_SERVER] SSE disconnected - polling continues as fallback"}
{"level":30,"time":1774428305455,"pid":7,"hostname":"6c5a5b6ea215","delayMs":2025,"msg":"[PLEX_SERVER] Scheduling SSE reconnect"}
{"level":40,"time":1774428305480,"pid":7,"hostname":"6c5a5b6ea215","msg":"[PLEX_WATCHLIST] No friends found for Plex token"}
{"level":30,"time":1774428305526,"pid":7,"hostname":"6c5a5b6ea215","msg":"[RADARR] Successfully updated Pulsarr webhook \"Pulsarr (host.docker.internal:3003)\" for Radarr"}
{"level":30,"time":1774428305531,"pid":7,"hostname":"6c5a5b6ea215","msg":"[SONARR] Successfully updated Pulsarr webhook \"Pulsarr (host.docker.internal:3003)\" for Sonarr"}
{"level":30,"time":1774428305765,"pid":7,"hostname":"6c5a5b6ea215","msg":"[PLEX_WATCHLIST] Plex Pass status: not detected"}
{"level":30,"time":1774428305768,"pid":7,"hostname":"6c5a5b6ea215","msg":"[WATCHLIST_WORKFLOW] Starting full reconciliation"}
{"level":30,"time":1774428305768,"pid":7,"hostname":"6c5a5b6ea215","msg":"[WATCHLIST_WORKFLOW] Refreshing watchlists"}
{"level":40,"time":1774428305969,"pid":7,"hostname":"6c5a5b6ea215","msg":"[PLEX_WATCHLIST] No friends found for Plex token"}
{"level":30,"time":1774428305975,"pid":7,"hostname":"6c5a5b6ea215","msg":"[PLEX_WATCHLIST] Plex Pass status: not detected"}
{"level":30,"time":1774428306408,"pid":7,"hostname":"6c5a5b6ea215","msg":"[PLEX_WATCHLIST] Self watchlist fetched successfully with 1 total items"}
{"level":30,"time":1774428306438,"pid":7,"hostname":"6c5a5b6ea215","msg":"[PLEX_WATCHLIST] Plex Pass status: not detected"}
{"level":30,"time":1774428306439,"pid":7,"hostname":"6c5a5b6ea215","msg":"[WATCHLIST_WORKFLOW] Watchlists refreshed successfully"}
{"level":30,"time":1774428306441,"pid":7,"hostname":"6c5a5b6ea215","msg":"[WATCHLIST_WORKFLOW] Performing watchlist item sync"}
{"level":30,"time":1774428306610,"pid":7,"hostname":"6c5a5b6ea215","added":{"shows":0,"movies":0},"unmatched":{"shows":0,"movies":3},"skippedDueToUserSetting":0,"skippedDueToMissingIds":0,"skippedDueToWatchlistCap":0,"msg":"[WATCHLIST_WORKFLOW] Watchlist sync completed"}
{"level":30,"time":1774428306818,"pid":7,"hostname":"6c5a5b6ea215","friendCount":0,"msg":"[WATCHLIST_WORKFLOW] Watchlist baselines established for all users"}
{"level":30,"time":1774428306818,"pid":7,"hostname":"6c5a5b6ea215","msg":"[WATCHLIST_WORKFLOW] Full reconciliation completed"}
{"level":30,"time":1774428306821,"pid":7,"hostname":"6c5a5b6ea215","msg":"[WATCHLIST_WORKFLOW] Scheduled next periodic reconciliation in 120 minutes"}
{"level":30,"time":1774428306821,"pid":7,"hostname":"6c5a5b6ea215","msg":"[WATCHLIST_WORKFLOW] Watchlist workflow running in ETag mode (5-minute staggered polling, 2-hour full reconciliation)"}
{"level":40,"time":1774428306957,"pid":7,"hostname":"6c5a5b6ea215","msg":"[PLEX_WATCHLIST] No friends found for Plex token"}
{"level":30,"time":1774428307218,"pid":7,"hostname":"6c5a5b6ea215","msg":"[PLEX_WATCHLIST] Plex Pass status: not detected"}
{"level":30,"time":1774428307220,"pid":7,"hostname":"6c5a5b6ea215","userCount":1,"msg":"[WATCHLIST_WORKFLOW] Starting staggered ETag polling (5-minute cycles)"}
{"level":40,"time":1774428307388,"pid":7,"hostname":"6c5a5b6ea215","msg":"[PLEX_WATCHLIST] No friends found for Plex token"}
{"level":30,"time":1774428307483,"pid":7,"hostname":"6c5a5b6ea215","msg":"[PLEX_SERVER] Opening SSE connection to Plex"}
{"level":40,"time":1774428307485,"pid":7,"hostname":"6c5a5b6ea215","msg":"[PLEX_SERVER] SSE connection error"}
{"level":40,"time":1774428307485,"pid":7,"hostname":"6c5a5b6ea215","msg":"[PLEX_SERVER] SSE disconnected - polling continues as fallback"}
{"level":30,"time":1774428307485,"pid":7,"hostname":"6c5a5b6ea215","delayMs":4926,"msg":"[PLEX_SERVER] Scheduling SSE reconnect"}
{"level":30,"time":1774428307589,"pid":7,"hostname":"6c5a5b6ea215","msg":"[PLEX_WATCHLIST] Plex Pass status: not detected"}
{"level":30,"time":1774428312414,"pid":7,"hostname":"6c5a5b6ea215","msg":"[PLEX_SERVER] Opening SSE connection to Plex"}
{"level":40,"time":1774428312417,"pid":7,"hostname":"6c5a5b6ea215","msg":"[PLEX_SERVER] SSE connection error"}
{"level":40,"time":1774428312418,"pid":7,"hostname":"6c5a5b6ea215","msg":"[PLEX_SERVER] SSE disconnected - polling continues as fallback"}
{"level":30,"time":1774428312418,"pid":7,"hostname":"6c5a5b6ea215","delayMs":9620,"msg":"[PLEX_SERVER] Scheduling SSE reconnect"}
{"level":30,"time":1774428322041,"pid":7,"hostname":"6c5a5b6ea215","msg":"[PLEX_SERVER] Opening SSE connection to Plex"}
{"level":40,"time":1774428322043,"pid":7,"hostname":"6c5a5b6ea215","msg":"[PLEX_SERVER] SSE connection error"}
{"level":40,"time":1774428322043,"pid":7,"hostname":"6c5a5b6ea215","msg":"[PLEX_SERVER] SSE disconnected - polling continues as fallback"}
{"level":30,"time":1774428322043,"pid":7,"hostname":"6c5a5b6ea215","delayMs":19014,"msg":"[PLEX_SERVER] Scheduling SSE reconnect"}
{"level":30,"time":1774428341059,"pid":7,"hostname":"6c5a5b6ea215","msg":"[PLEX_SERVER] Opening SSE connection to Plex"}
{"level":40,"time":1774428341069,"pid":7,"hostname":"6c5a5b6ea215","msg":"[PLEX_SERVER] SSE connection error"}
{"level":40,"time":1774428341070,"pid":7,"hostname":"6c5a5b6ea215","msg":"[PLEX_SERVER] SSE disconnected - polling continues as fallback"}
{"level":30,"time":1774428341070,"pid":7,"hostname":"6c5a5b6ea215","delayMs":33280,"msg":"[PLEX_SERVER] Scheduling SSE reconnect"}
{"level":30,"time":1774428374354,"pid":7,"hostname":"6c5a5b6ea215","msg":"[PLEX_SERVER] Opening SSE connection to Plex"}
{"level":40,"time":1774428374368,"pid":7,"hostname":"6c5a5b6ea215","msg":"[PLEX_SERVER] SSE connection error"}
{"level":40,"time":1774428374370,"pid":7,"hostname":"6c5a5b6ea215","msg":"[PLEX_SERVER] SSE disconnected - polling continues as fallback"}
{"level":30,"time":1774428374370,"pid":7,"hostname":"6c5a5b6ea215","delayMs":32231,"msg":"[PLEX_SERVER] Scheduling SSE reconnect"}
{"level":30,"time":1774428406602,"pid":7,"hostname":"6c5a5b6ea215","msg":"[PLEX_SERVER] Opening SSE connection to Plex"}
{"level":40,"time":1774428406608,"pid":7,"hostname":"6c5a5b6ea215","msg":"[PLEX_SERVER] SSE connection error"}
{"level":40,"time":1774428406609,"pid":7,"hostname":"6c5a5b6ea215","msg":"[PLEX_SERVER] SSE disconnected - polling continues as fallback"}
{"level":30,"time":1774428406609,"pid":7,"hostname":"6c5a5b6ea215","delayMs":31267,"msg":"[PLEX_SERVER] Scheduling SSE reconnect"}
{"level":30,"time":1774428437886,"pid":7,"hostname":"6c5a5b6ea215","msg":"[PLEX_SERVER] Opening SSE connection to Plex"}
{"level":40,"time":1774428437896,"pid":7,"hostname":"6c5a5b6ea215","msg":"[PLEX_SERVER] SSE connection error"}
{"level":40,"time":1774428437896,"pid":7,"hostname":"6c5a5b6ea215","msg":"[PLEX_SERVER] SSE disconnected - polling continues as fallback"}
{"level":30,"time":1774428437897,"pid":7,"hostname":"6c5a5b6ea215","delayMs":35541,"msg":"[PLEX_SERVER] Scheduling SSE reconnect"}
{"level":40,"time":1774428446883,"pid":7,"hostname":"6c5a5b6ea215","msg":"[PLEX_WATCHLIST] No friends found for Plex token"}
{"level":30,"time":1774428447339,"pid":7,"hostname":"6c5a5b6ea215","msg":"[PLEX_WATCHLIST] Plex Pass status: not detected"}
{"level":30,"time":1774428473442,"pid":7,"hostname":"6c5a5b6ea215","msg":"[PLEX_SERVER] Opening SSE connection to Plex"}
{"level":40,"time":1774428473451,"pid":7,"hostname":"6c5a5b6ea215","msg":"[PLEX_SERVER] SSE connection error"}
{"level":40,"time":1774428473452,"pid":7,"hostname":"6c5a5b6ea215","msg":"[PLEX_SERVER] SSE disconnected - polling continues as fallback"}
{"level":30,"time":1774428473452,"pid":7,"hostname":"6c5a5b6ea215","delayMs":35268,"msg":"[PLEX_SERVER] Scheduling SSE reconnect"}
{"level":30,"time":1774428508727,"pid":7,"hostname":"6c5a5b6ea215","msg":"[PLEX_SERVER] Opening SSE connection to Plex"}
{"level":40,"time":1774428508736,"pid":7,"hostname":"6c5a5b6ea215","msg":"[PLEX_SERVER] SSE connection error"}
{"level":40,"time":1774428508736,"pid":7,"hostname":"6c5a5b6ea215","msg":"[PLEX_SERVER] SSE disconnected - polling continues as fallback"}
{"level":30,"time":1774428508737,"pid":7,"hostname":"6c5a5b6ea215","delayMs":33170,"msg":"[PLEX_SERVER] Scheduling SSE reconnect"}
{"level":30,"time":1774428541918,"pid":7,"hostname":"6c5a5b6ea215","msg":"[PLEX_SERVER] Opening SSE connection to Plex"}
{"level":40,"time":1774428541925,"pid":7,"hostname":"6c5a5b6ea215","msg":"[PLEX_SERVER] SSE connection error"}
{"level":40,"time":1774428541925,"pid":7,"hostname":"6c5a5b6ea215","msg":"[PLEX_SERVER] SSE disconnected - polling continues as fallback"}
{"level":30,"time":1774428541926,"pid":7,"hostname":"6c5a5b6ea215","delayMs":35452,"msg":"[PLEX_SERVER] Scheduling SSE reconnect"}
{"level":30,"time":1774428577383,"pid":7,"hostname":"6c5a5b6ea215","msg":"[PLEX_SERVER] Opening SSE connection to Plex"}
{"level":40,"time":1774428577392,"pid":7,"hostname":"6c5a5b6ea215","msg":"[PLEX_SERVER] SSE connection error"}
{"level":40,"time":1774428577393,"pid":7,"hostname":"6c5a5b6ea215","msg":"[PLEX_SERVER] SSE disconnected - polling continues as fallback"}
{"level":30,"time":1774428577393,"pid":7,"hostname":"6c5a5b6ea215","delayMs":31974,"msg":"[PLEX_SERVER] Scheduling SSE reconnect"}
{"level":30,"time":1774428609367,"pid":7,"hostname":"6c5a5b6ea215","msg":"[PLEX_SERVER] Opening SSE connection to Plex"}
{"level":40,"time":1774428609374,"pid":7,"hostname":"6c5a5b6ea215","msg":"[PLEX_SERVER] SSE connection error"}
{"level":40,"time":1774428609374,"pid":7,"hostname":"6c5a5b6ea215","msg":"[PLEX_SERVER] SSE disconnected - polling continues as fallback"}
{"level":30,"time":1774428609375,"pid":7,"hostname":"6c5a5b6ea215","delayMs":32561,"msg":"[PLEX_SERVER] Scheduling SSE reconnect"}
{"level":40,"time":1774428610515,"pid":7,"hostname":"6c5a5b6ea215","msg":"[PLEX_WATCHLIST] No friends found for Plex token"}
{"level":30,"time":1774428610993,"pid":7,"hostname":"6c5a5b6ea215","msg":"[PLEX_WATCHLIST] Plex Pass status: not detected"}
{"level":30,"time":1774428641941,"pid":7,"hostname":"6c5a5b6ea215","msg":"[PLEX_SERVER] Opening SSE connection to Plex"}
{"level":40,"time":1774428641952,"pid":7,"hostname":"6c5a5b6ea215","msg":"[PLEX_SERVER] SSE connection error"}
{"level":40,"time":1774428641952,"pid":7,"hostname":"6c5a5b6ea215","msg":"[PLEX_SERVER] SSE disconnected - polling continues as fallback"}
{"level":30,"time":1774428641953,"pid":7,"hostname":"6c5a5b6ea215","delayMs":31386,"msg":"[PLEX_SERVER] Scheduling SSE reconnect"}
{"level":30,"time":1774428673344,"pid":7,"hostname":"6c5a5b6ea215","msg":"[PLEX_SERVER] Opening SSE connection to Plex"}
{"level":40,"time":1774428673353,"pid":7,"hostname":"6c5a5b6ea215","msg":"[PLEX_SERVER] SSE connection error"}
{"level":40,"time":1774428673353,"pid":7,"hostname":"6c5a5b6ea215","msg":"[PLEX_SERVER] SSE disconnected - polling continues as fallback"}
{"level":30,"time":1774428673354,"pid":7,"hostname":"6c5a5b6ea215","delayMs":34450,"msg":"[PLEX_SERVER] Scheduling SSE reconnect"}
{"level":30,"time":1774428707805,"pid":7,"hostname":"6c5a5b6ea215","msg":"[PLEX_SERVER] Opening SSE connection to Plex"}
{"level":40,"time":1774428707873,"pid":7,"hostname":"6c5a5b6ea215","msg":"[PLEX_SERVER] SSE connection error"}
{"level":40,"time":1774428707874,"pid":7,"hostname":"6c5a5b6ea215","msg":"[PLEX_SERVER] SSE disconnected - polling continues as fallback"}
{"level":30,"time":1774428707874,"pid":7,"hostname":"6c5a5b6ea215","delayMs":33965,"msg":"[PLEX_SERVER] Scheduling SSE reconnect"}
{"level":30,"time":1774428741854,"pid":7,"hostname":"6c5a5b6ea215","msg":"[PLEX_SERVER] Opening SSE connection to Plex"}
{"level":40,"time":1774428741862,"pid":7,"hostname":"6c5a5b6ea215","msg":"[PLEX_SERVER] SSE connection error"}
{"level":40,"time":1774428741862,"pid":7,"hostname":"6c5a5b6ea215","msg":"[PLEX_SERVER] SSE disconnected - polling continues as fallback"}
{"level":30,"time":1774428741863,"pid":7,"hostname":"6c5a5b6ea215","delayMs":30890,"msg":"[PLEX_SERVER] Scheduling SSE reconnect"}
{"level":40,"time":1774428763470,"pid":7,"hostname":"6c5a5b6ea215","msg":"[PLEX_WATCHLIST] No friends found for Plex token"}
{"level":30,"time":1774428763945,"pid":7,"hostname":"6c5a5b6ea215","msg":"[PLEX_WATCHLIST] Plex Pass status: not detected"}
{"level":30,"time":1774428772764,"pid":7,"hostname":"6c5a5b6ea215","msg":"[PLEX_SERVER] Opening SSE connection to Plex"}
{"level":40,"time":1774428772772,"pid":7,"hostname":"6c5a5b6ea215","msg":"[PLEX_SERVER] SSE connection error"}
{"level":40,"time":1774428772773,"pid":7,"hostname":"6c5a5b6ea215","msg":"[PLEX_SERVER] SSE disconnected - polling continues as fallback"}
{"level":30,"time":1774428772773,"pid":7,"hostname":"6c5a5b6ea215","delayMs":33471,"msg":"[PLEX_SERVER] Scheduling SSE reconnect"}
{"level":30,"time":1774428806244,"pid":7,"hostname":"6c5a5b6ea215","msg":"[PLEX_SERVER] Opening SSE connection to Plex"}
{"level":40,"time":1774428806254,"pid":7,"hostname":"6c5a5b6ea215","msg":"[PLEX_SERVER] SSE connection error"}
{"level":40,"time":1774428806255,"pid":7,"hostname":"6c5a5b6ea215","msg":"[PLEX_SERVER] SSE disconnected - polling continues as fallback"}
{"level":30,"time":1774428806255,"pid":7,"hostname":"6c5a5b6ea215","delayMs":32137,"msg":"[PLEX_SERVER] Scheduling SSE reconnect"}
{"level":30,"time":1774428838399,"pid":7,"hostname":"6c5a5b6ea215","msg":"[PLEX_SERVER] Opening SSE connection to Plex"}
{"level":40,"time":1774428838406,"pid":7,"hostname":"6c5a5b6ea215","msg":"[PLEX_SERVER] SSE connection error"}
{"level":40,"time":1774428838406,"pid":7,"hostname":"6c5a5b6ea215","msg":"[PLEX_SERVER] SSE disconnected - polling continues as fallback"}
{"level":30,"time":1774428838407,"pid":7,"hostname":"6c5a5b6ea215","delayMs":30915,"msg":"[PLEX_SERVER] Scheduling SSE reconnect"}
{"level":30,"time":1774428869331,"pid":7,"hostname":"6c5a5b6ea215","msg":"[PLEX_SERVER] Opening SSE connection to Plex"}
{"level":40,"time":1774428869342,"pid":7,"hostname":"6c5a5b6ea215","msg":"[PLEX_SERVER] SSE connection error"}
{"level":40,"time":1774428869343,"pid":7,"hostname":"6c5a5b6ea215","msg":"[PLEX_SERVER] SSE disconnected - polling continues as fallback"}
{"level":30,"time":1774428869343,"pid":7,"hostname":"6c5a5b6ea215","delayMs":34933,"msg":"[PLEX_SERVER] Scheduling SSE reconnect"}
{"level":30,"time":1774428904278,"pid":7,"hostname":"6c5a5b6ea215","msg":"[PLEX_SERVER] Opening SSE connection to Plex"}
{"level":40,"time":1774428904288,"pid":7,"hostname":"6c5a5b6ea215","msg":"[PLEX_SERVER] SSE connection error"}
{"level":40,"time":1774428904288,"pid":7,"hostname":"6c5a5b6ea215","msg":"[PLEX_SERVER] SSE disconnected - polling continues as fallback"}
{"level":30,"time":1774428904289,"pid":7,"hostname":"6c5a5b6ea215","delayMs":36373,"msg":"[PLEX_SERVER] Scheduling SSE reconnect"}
{"level":40,"time":1774428910162,"pid":7,"hostname":"6c5a5b6ea215","msg":"[PLEX_WATCHLIST] No friends found for Plex token"}
{"level":30,"time":1774428910673,"pid":7,"hostname":"6c5a5b6ea215","msg":"[PLEX_WATCHLIST] Plex Pass status: not detected"}
{"level":30,"time":1774428940667,"pid":7,"hostname":"6c5a5b6ea215","msg":"[PLEX_SERVER] Opening SSE connection to Plex"}
{"level":40,"time":1774428940678,"pid":7,"hostname":"6c5a5b6ea215","msg":"[PLEX_SERVER] SSE connection error"}
{"level":40,"time":1774428940679,"pid":7,"hostname":"6c5a5b6ea215","msg":"[PLEX_SERVER] SSE disconnected - polling continues as fallback"}
{"level":30,"time":1774428940679,"pid":7,"hostname":"6c5a5b6ea215","delayMs":30365,"msg":"[PLEX_SERVER] Scheduling SSE reconnect"}
{"level":30,"time":1774428971056,"pid":7,"hostname":"6c5a5b6ea215","msg":"[PLEX_SERVER] Opening SSE connection to Plex"}
{"level":40,"time":1774428971065,"pid":7,"hostname":"6c5a5b6ea215","msg":"[PLEX_SERVER] SSE connection error"}
{"level":40,"time":1774428971066,"pid":7,"hostname":"6c5a5b6ea215","msg":"[PLEX_SERVER] SSE disconnected - polling continues as fallback"}
{"level":30,"time":1774428971066,"pid":7,"hostname":"6c5a5b6ea215","delayMs":31313,"msg":"[PLEX_SERVER] Scheduling SSE reconnect"}
{"level":30,"time":1774429002383,"pid":7,"hostname":"6c5a5b6ea215","msg":"[PLEX_SERVER] Opening SSE connection to Plex"}
{"level":40,"time":1774429002394,"pid":7,"hostname":"6c5a5b6ea215","msg":"[PLEX_SERVER] SSE connection error"}
{"level":40,"time":1774429002395,"pid":7,"hostname":"6c5a5b6ea215","msg":"[PLEX_SERVER] SSE disconnected - polling continues as fallback"}
{"level":30,"time":1774429002395,"pid":7,"hostname":"6c5a5b6ea215","delayMs":32433,"msg":"[PLEX_SERVER] Scheduling SSE reconnect"}
{"level":30,"time":1774429034837,"pid":7,"hostname":"6c5a5b6ea215","msg":"[PLEX_SERVER] Opening SSE connection to Plex"}
{"level":40,"time":1774429034848,"pid":7,"hostname":"6c5a5b6ea215","msg":"[PLEX_SERVER] SSE connection error"}
{"level":40,"time":1774429034849,"pid":7,"hostname":"6c5a5b6ea215","msg":"[PLEX_SERVER] SSE disconnected - polling continues as fallback"}
{"level":30,"time":1774429034849,"pid":7,"hostname":"6c5a5b6ea215","delayMs":33789,"msg":"[PLEX_SERVER] Scheduling SSE reconnect"}
{"level":40,"time":1774429061322,"pid":7,"hostname":"6c5a5b6ea215","msg":"[PLEX_WATCHLIST] No friends found for Plex token"}
{"level":30,"time":1774429061973,"pid":7,"hostname":"6c5a5b6ea215","msg":"[PLEX_WATCHLIST] Plex Pass status: not detected"}
{"level":30,"time":1774429068640,"pid":7,"hostname":"6c5a5b6ea215","msg":"[PLEX_SERVER] Opening SSE connection to Plex"}
{"level":40,"time":1774429068649,"pid":7,"hostname":"6c5a5b6ea215","msg":"[PLEX_SERVER] SSE connection error"}
{"level":40,"time":1774429068650,"pid":7,"hostname":"6c5a5b6ea215","msg":"[PLEX_SERVER] SSE disconnected - polling continues as fallback"}
{"level":30,"time":1774429068651,"pid":7,"hostname":"6c5a5b6ea215","delayMs":33753,"msg":"[PLEX_SERVER] Scheduling SSE reconnect"}
{"level":30,"time":1774429102412,"pid":7,"hostname":"6c5a5b6ea215","msg":"[PLEX_SERVER] Opening SSE connection to Plex"}
{"level":40,"time":1774429102426,"pid":7,"hostname":"6c5a5b6ea215","msg":"[PLEX_SERVER] SSE connection error"}
{"level":40,"time":1774429102427,"pid":7,"hostname":"6c5a5b6ea215","msg":"[PLEX_SERVER] SSE disconnected - polling continues as fallback"}
{"level":30,"time":1774429102427,"pid":7,"hostname":"6c5a5b6ea215","delayMs":37411,"msg":"[PLEX_SERVER] Scheduling SSE reconnect"}
{"level":30,"time":1774429139839,"pid":7,"hostname":"6c5a5b6ea215","msg":"[PLEX_SERVER] Opening SSE connection to Plex"}
{"level":40,"time":1774429139847,"pid":7,"hostname":"6c5a5b6ea215","msg":"[PLEX_SERVER] SSE connection error"}
{"level":40,"time":1774429139847,"pid":7,"hostname":"6c5a5b6ea215","msg":"[PLEX_SERVER] SSE disconnected - polling continues as fallback"}
{"level":30,"time":1774429139848,"pid":7,"hostname":"6c5a5b6ea215","delayMs":32153,"msg":"[PLEX_SERVER] Scheduling SSE reconnect"}
{"level":30,"time":1774429172008,"pid":7,"hostname":"6c5a5b6ea215","msg":"[PLEX_SERVER] Opening SSE connection to Plex"}
{"level":40,"time":1774429172021,"pid":7,"hostname":"6c5a5b6ea215","msg":"[PLEX_SERVER] SSE connection error"}
{"level":40,"time":1774429172022,"pid":7,"hostname":"6c5a5b6ea215","msg":"[PLEX_SERVER] SSE disconnected - polling continues as fallback"}
{"level":30,"time":1774429172023,"pid":7,"hostname":"6c5a5b6ea215","delayMs":30489,"msg":"[PLEX_SERVER] Scheduling SSE reconnect"}
{"level":30,"time":1774429202514,"pid":7,"hostname":"6c5a5b6ea215","msg":"[PLEX_SERVER] Opening SSE connection to Plex"}
{"level":40,"time":1774429202516,"pid":7,"hostname":"6c5a5b6ea215","msg":"[PLEX_SERVER] SSE connection error"}
{"level":40,"time":1774429202516,"pid":7,"hostname":"6c5a5b6ea215","msg":"[PLEX_SERVER] SSE disconnected - polling continues as fallback"}
{"level":30,"time":1774429202516,"pid":7,"hostname":"6c5a5b6ea215","delayMs":31634,"msg":"[PLEX_SERVER] Scheduling SSE reconnect"}
{"level":40,"time":1774429212647,"pid":7,"hostname":"6c5a5b6ea215","msg":"[PLEX_WATCHLIST] No friends found for Plex token"}
{"level":30,"time":1774429213386,"pid":7,"hostname":"6c5a5b6ea215","msg":"[PLEX_WATCHLIST] Plex Pass status: not detected"}
{"level":30,"time":1774429234159,"pid":7,"hostname":"6c5a5b6ea215","msg":"[PLEX_SERVER] Opening SSE connection to Plex"}
{"level":40,"time":1774429234162,"pid":7,"hostname":"6c5a5b6ea215","msg":"[PLEX_SERVER] SSE connection error"}
{"level":40,"time":1774429234163,"pid":7,"hostname":"6c5a5b6ea215","msg":"[PLEX_SERVER] SSE disconnected - polling continues as fallback"}
{"level":30,"time":1774429234163,"pid":7,"hostname":"6c5a5b6ea215","delayMs":31970,"msg":"[PLEX_SERVER] Scheduling SSE reconnect"}
{"level":30,"time":1774429266134,"pid":7,"hostname":"6c5a5b6ea215","msg":"[PLEX_SERVER] Opening SSE connection to Plex"}
{"level":40,"time":1774429266151,"pid":7,"hostname":"6c5a5b6ea215","msg":"[PLEX_SERVER] SSE connection error"}
{"level":40,"time":1774429266152,"pid":7,"hostname":"6c5a5b6ea215","msg":"[PLEX_SERVER] SSE disconnected - polling continues as fallback"}
{"level":30,"time":1774429266153,"pid":7,"hostname":"6c5a5b6ea215","delayMs":31446,"msg":"[PLEX_SERVER] Scheduling SSE reconnect"}
{"level":30,"time":1774429297601,"pid":7,"hostname":"6c5a5b6ea215","msg":"[PLEX_SERVER] Opening SSE connection to Plex"}
{"level":40,"time":1774429297606,"pid":7,"hostname":"6c5a5b6ea215","msg":"[PLEX_SERVER] SSE connection error"}
{"level":40,"time":1774429297607,"pid":7,"hostname":"6c5a5b6ea215","msg":"[PLEX_SERVER] SSE disconnected - polling continues as fallback"}
{"level":30,"time":1774429297607,"pid":7,"hostname":"6c5a5b6ea215","delayMs":32142,"msg":"[PLEX_SERVER] Scheduling SSE reconnect"}
{"level":30,"time":1774429329757,"pid":7,"hostname":"6c5a5b6ea215","msg":"[PLEX_SERVER] Opening SSE connection to Plex"}
{"level":40,"time":1774429329767,"pid":7,"hostname":"6c5a5b6ea215","msg":"[PLEX_SERVER] SSE connection error"}
{"level":40,"time":1774429329768,"pid":7,"hostname":"6c5a5b6ea215","msg":"[PLEX_SERVER] SSE disconnected - polling continues as fallback"}
{"level":30,"time":1774429329768,"pid":7,"hostname":"6c5a5b6ea215","delayMs":36726,"msg":"[PLEX_SERVER] Scheduling SSE reconnect"}
{"level":40,"time":1774429349151,"pid":7,"hostname":"6c5a5b6ea215","msg":"[PLEX_WATCHLIST] No friends found for Plex token"}
{"level":30,"time":1774429349600,"pid":7,"hostname":"6c5a5b6ea215","msg":"[PLEX_WATCHLIST] Plex Pass status: not detected"}
{"level":30,"time":1774429366494,"pid":7,"hostname":"6c5a5b6ea215","msg":"[PLEX_SERVER] Opening SSE connection to Plex"}
{"level":40,"time":1774429366497,"pid":7,"hostname":"6c5a5b6ea215","msg":"[PLEX_SERVER] SSE connection error"}
{"level":40,"time":1774429366497,"pid":7,"hostname":"6c5a5b6ea215","msg":"[PLEX_SERVER] SSE disconnected - polling continues as fallback"}
{"level":30,"time":1774429366497,"pid":7,"hostname":"6c5a5b6ea215","delayMs":32114,"msg":"[PLEX_SERVER] Scheduling SSE reconnect"}
{"level":30,"time":1774429398618,"pid":7,"hostname":"6c5a5b6ea215","msg":"[PLEX_SERVER] Opening SSE connection to Plex"}
{"level":40,"time":1774429398630,"pid":7,"hostname":"6c5a5b6ea215","msg":"[PLEX_SERVER] SSE connection error"}
{"level":40,"time":1774429398630,"pid":7,"hostname":"6c5a5b6ea215","msg":"[PLEX_SERVER] SSE disconnected - polling continues as fallback"}
{"level":30,"time":1774429398631,"pid":7,"hostname":"6c5a5b6ea215","delayMs":30294,"msg":"[PLEX_SERVER] Scheduling SSE reconnect"}
{"level":30,"time":1774429428926,"pid":7,"hostname":"6c5a5b6ea215","msg":"[PLEX_SERVER] Opening SSE connection to Plex"}
{"level":40,"time":1774429428930,"pid":7,"hostname":"6c5a5b6ea215","msg":"[PLEX_SERVER] SSE connection error"}
{"level":40,"time":1774429428930,"pid":7,"hostname":"6c5a5b6ea215","msg":"[PLEX_SERVER] SSE disconnected - polling continues as fallback"}
{"level":30,"time":1774429428930,"pid":7,"hostname":"6c5a5b6ea215","delayMs":37073,"msg":"[PLEX_SERVER] Scheduling SSE reconnect"}
{"level":30,"time":1774429466011,"pid":7,"hostname":"6c5a5b6ea215","msg":"[PLEX_SERVER] Opening SSE connection to Plex"}
{"level":40,"time":1774429466021,"pid":7,"hostname":"6c5a5b6ea215","msg":"[PLEX_SERVER] SSE connection error"}
{"level":40,"time":1774429466022,"pid":7,"hostname":"6c5a5b6ea215","msg":"[PLEX_SERVER] SSE disconnected - polling continues as fallback"}
{"level":30,"time":1774429466022,"pid":7,"hostname":"6c5a5b6ea215","delayMs":32346,"msg":"[PLEX_SERVER] Scheduling SSE reconnect"}
{"level":30,"time":1774429498369,"pid":7,"hostname":"6c5a5b6ea215","msg":"[PLEX_SERVER] Opening SSE connection to Plex"}
{"level":40,"time":1774429498374,"pid":7,"hostname":"6c5a5b6ea215","msg":"[PLEX_SERVER] SSE connection error"}
{"level":40,"time":1774429498374,"pid":7,"hostname":"6c5a5b6ea215","msg":"[PLEX_SERVER] SSE disconnected - polling continues as fallback"}
{"level":30,"time":1774429498374,"pid":7,"hostname":"6c5a5b6ea215","delayMs":37157,"msg":"[PLEX_SERVER] Scheduling SSE reconnect"}
{"level":40,"time":1774429510978,"pid":7,"hostname":"6c5a5b6ea215","msg":"[PLEX_WATCHLIST] No friends found for Plex token"}
{"level":30,"time":1774429511461,"pid":7,"hostname":"6c5a5b6ea215","msg":"[PLEX_WATCHLIST] Plex Pass status: not detected"}
{"level":30,"time":1774429535538,"pid":7,"hostname":"6c5a5b6ea215","msg":"[PLEX_SERVER] Opening SSE connection to Plex"}
{"level":40,"time":1774429535550,"pid":7,"hostname":"6c5a5b6ea215","msg":"[PLEX_SERVER] SSE connection error"}
{"level":40,"time":1774429535551,"pid":7,"hostname":"6c5a5b6ea215","msg":"[PLEX_SERVER] SSE disconnected - polling continues as fallback"}
{"level":30,"time":1774429535551,"pid":7,"hostname":"6c5a5b6ea215","delayMs":36481,"msg":"[PLEX_SERVER] Scheduling SSE reconnect"}
{"level":30,"time":1774429572033,"pid":7,"hostname":"6c5a5b6ea215","msg":"[PLEX_SERVER] Opening SSE connection to Plex"}
{"level":40,"time":1774429572044,"pid":7,"hostname":"6c5a5b6ea215","msg":"[PLEX_SERVER] SSE connection error"}
{"level":40,"time":1774429572044,"pid":7,"hostname":"6c5a5b6ea215","msg":"[PLEX_SERVER] SSE disconnected - polling continues as fallback"}
{"level":30,"time":1774429572045,"pid":7,"hostname":"6c5a5b6ea215","delayMs":33331,"msg":"[PLEX_SERVER] Scheduling SSE reconnect"}
{"level":30,"time":1774429605375,"pid":7,"hostname":"6c5a5b6ea215","msg":"[PLEX_SERVER] Opening SSE connection to Plex"}
{"level":40,"time":1774429605388,"pid":7,"hostname":"6c5a5b6ea215","msg":"[PLEX_SERVER] SSE connection error"}
{"level":40,"time":1774429605388,"pid":7,"hostname":"6c5a5b6ea215","msg":"[PLEX_SERVER] SSE disconnected - polling continues as fallback"}
{"level":30,"time":1774429605388,"pid":7,"hostname":"6c5a5b6ea215","delayMs":32129,"msg":"[PLEX_SERVER] Scheduling SSE reconnect"}
{"level":30,"time":1774429637519,"pid":7,"hostname":"6c5a5b6ea215","msg":"[PLEX_SERVER] Opening SSE connection to Plex"}
{"level":40,"time":1774429637523,"pid":7,"hostname":"6c5a5b6ea215","msg":"[PLEX_SERVER] SSE connection error"}
{"level":40,"time":1774429637523,"pid":7,"hostname":"6c5a5b6ea215","msg":"[PLEX_SERVER] SSE disconnected - polling continues as fallback"}
{"level":30,"time":1774429637523,"pid":7,"hostname":"6c5a5b6ea215","delayMs":34075,"msg":"[PLEX_SERVER] Scheduling SSE reconnect"}
{"level":40,"time":1774429647213,"pid":7,"hostname":"6c5a5b6ea215","msg":"[PLEX_WATCHLIST] No friends found for Plex token"}
{"level":30,"time":1774429647720,"pid":7,"hostname":"6c5a5b6ea215","msg":"[PLEX_WATCHLIST] Plex Pass status: not detected"}
{"level":30,"time":1774429671600,"pid":7,"hostname":"6c5a5b6ea215","msg":"[PLEX_SERVER] Opening SSE connection to Plex"}
{"level":40,"time":1774429671608,"pid":7,"hostname":"6c5a5b6ea215","msg":"[PLEX_SERVER] SSE connection error"}
{"level":40,"time":1774429671608,"pid":7,"hostname":"6c5a5b6ea215","msg":"[PLEX_SERVER] SSE disconnected - polling continues as fallback"}
{"level":30,"time":1774429671609,"pid":7,"hostname":"6c5a5b6ea215","delayMs":35805,"msg":"[PLEX_SERVER] Scheduling SSE reconnect"}
{"level":30,"time":1774429707418,"pid":7,"hostname":"6c5a5b6ea215","msg":"[PLEX_SERVER] Opening SSE connection to Plex"}
{"level":40,"time":1774429707495,"pid":7,"hostname":"6c5a5b6ea215","msg":"[PLEX_SERVER] SSE connection error"}
{"level":40,"time":1774429707496,"pid":7,"hostname":"6c5a5b6ea215","msg":"[PLEX_SERVER] SSE disconnected - polling continues as fallback"}
{"level":30,"time":1774429707497,"pid":7,"hostname":"6c5a5b6ea215","delayMs":33729,"msg":"[PLEX_SERVER] Scheduling SSE reconnect"}
{"level":30,"time":1774429741227,"pid":7,"hostname":"6c5a5b6ea215","msg":"[PLEX_SERVER] Opening SSE connection to Plex"}
{"level":40,"time":1774429741267,"pid":7,"hostname":"6c5a5b6ea215","msg":"[PLEX_SERVER] SSE connection error"}
{"level":40,"time":1774429741268,"pid":7,"hostname":"6c5a5b6ea215","msg":"[PLEX_SERVER] SSE disconnected - polling continues as fallback"}
{"level":30,"time":1774429741269,"pid":7,"hostname":"6c5a5b6ea215","delayMs":36613,"msg":"[PLEX_SERVER] Scheduling SSE reconnect"}
{"level":30,"time":1774429777885,"pid":7,"hostname":"6c5a5b6ea215","msg":"[PLEX_SERVER] Opening SSE connection to Plex"}
{"level":40,"time":1774429778018,"pid":7,"hostname":"6c5a5b6ea215","msg":"[PLEX_SERVER] SSE connection error"}
{"level":40,"time":1774429778023,"pid":7,"hostname":"6c5a5b6ea215","msg":"[PLEX_SERVER] SSE disconnected - polling continues as fallback"}
{"level":30,"time":1774429778026,"pid":7,"hostname":"6c5a5b6ea215","delayMs":31015,"msg":"[PLEX_SERVER] Scheduling SSE reconnect"}
{"level":40,"time":1774429798370,"pid":7,"hostname":"6c5a5b6ea215","msg":"[PLEX_WATCHLIST] No friends found for Plex token"}
{"level":30,"time":1774429798917,"pid":7,"hostname":"6c5a5b6ea215","msg":"[PLEX_WATCHLIST] Plex Pass status: not detected"}
{"level":30,"time":1774429809048,"pid":7,"hostname":"6c5a5b6ea215","msg":"[PLEX_SERVER] Opening SSE connection to Plex"}
{"level":40,"time":1774429809065,"pid":7,"hostname":"6c5a5b6ea215","msg":"[PLEX_SERVER] SSE connection error"}
{"level":40,"time":1774429809066,"pid":7,"hostname":"6c5a5b6ea215","msg":"[PLEX_SERVER] SSE disconnected - polling continues as fallback"}
{"level":30,"time":1774429809067,"pid":7,"hostname":"6c5a5b6ea215","delayMs":30338,"msg":"[PLEX_SERVER] Scheduling SSE reconnect"}
{"level":30,"time":1774429839408,"pid":7,"hostname":"6c5a5b6ea215","msg":"[PLEX_SERVER] Opening SSE connection to Plex"}
{"level":40,"time":1774429839411,"pid":7,"hostname":"6c5a5b6ea215","msg":"[PLEX_SERVER] SSE connection error"}
{"level":40,"time":1774429839412,"pid":7,"hostname":"6c5a5b6ea215","msg":"[PLEX_SERVER] SSE disconnected - polling continues as fallback"}
{"level":30,"time":1774429839412,"pid":7,"hostname":"6c5a5b6ea215","delayMs":31830,"msg":"[PLEX_SERVER] Scheduling SSE reconnect"}
{"level":30,"time":1774429866650,"pid":7,"hostname":"6c5a5b6ea215","instanceName":"Sonarr","eventType":"Download","contentTitle":"Severance","reqId":"req-1j","msg":"Webhook received and processing"}
{"level":30,"time":1774429870575,"pid":7,"hostname":"6c5a5b6ea215","instanceName":"Sonarr","eventType":"Download","contentTitle":"Severance","reqId":"req-1l","msg":"Webhook received and processing"}
{"level":30,"time":1774429871246,"pid":7,"hostname":"6c5a5b6ea215","msg":"[PLEX_SERVER] Opening SSE connection to Plex"}
{"level":40,"time":1774429871294,"pid":7,"hostname":"6c5a5b6ea215","msg":"[PLEX_SERVER] SSE connection error"}
{"level":40,"time":1774429871294,"pid":7,"hostname":"6c5a5b6ea215","msg":"[PLEX_SERVER] SSE disconnected - polling continues as fallback"}
{"level":30,"time":1774429871295,"pid":7,"hostname":"6c5a5b6ea215","delayMs":34897,"msg":"[PLEX_SERVER] Scheduling SSE reconnect"}
{"level":30,"time":1774429874457,"pid":7,"hostname":"6c5a5b6ea215","instanceName":"Sonarr","eventType":"Download","contentTitle":"Severance","reqId":"req-1m","msg":"Webhook received and processing"}
{"level":30,"time":1774429876900,"pid":7,"hostname":"6c5a5b6ea215","instanceName":"Sonarr","eventType":"Download","contentTitle":"Severance","reqId":"req-1n","msg":"Webhook received and processing"}
{"level":30,"time":1774429879947,"pid":7,"hostname":"6c5a5b6ea215","instanceName":"Sonarr","eventType":"Download","contentTitle":"Severance","reqId":"req-1o","msg":"Webhook received and processing"}
{"level":30,"time":1774429883360,"pid":7,"hostname":"6c5a5b6ea215","instanceName":"Sonarr","eventType":"Download","contentTitle":"Severance","reqId":"req-1p","msg":"Webhook received and processing"}
{"level":30,"time":1774429886453,"pid":7,"hostname":"6c5a5b6ea215","instanceName":"Sonarr","eventType":"Download","contentTitle":"Severance","reqId":"req-1q","msg":"Webhook received and processing"}
{"level":30,"time":1774429888894,"pid":7,"hostname":"6c5a5b6ea215","instanceName":"Sonarr","eventType":"Download","contentTitle":"Severance","reqId":"req-1r","msg":"Webhook received and processing"}
{"level":30,"time":1774429891164,"pid":7,"hostname":"6c5a5b6ea215","instanceName":"Sonarr","eventType":"Download","contentTitle":"Severance","reqId":"req-1s","msg":"Webhook received and processing"}
{"level":30,"time":1774429891170,"pid":7,"hostname":"6c5a5b6ea215","tvdbId":"371980","seasonNumber":1,"receivedCount":9,"expectedCount":9,"seriesTitle":"Severance","msg":"[WEBHOOK_QUEUE] Season complete - all episodes received"}
{"level":30,"time":1774429891171,"pid":7,"hostname":"6c5a5b6ea215","tvdbId":"371980","seasonNumber":1,"episodeCount":9,"series":"Severance","msg":"[WEBHOOK_QUEUE] Season complete, processing immediately"}
{"level":30,"time":1774429891175,"pid":7,"hostname":"6c5a5b6ea215","msg":"[WEBHOOK_QUEUE] Processing queued webhooks: Severance S1 (9 episodes)"}
{"level":30,"time":1774429891206,"pid":7,"hostname":"6c5a5b6ea215","tvdbId":"371980","seasonNumber":1,"episodeCount":9,"matchedCount":0,"msg":"[WEBHOOK_QUEUE] No watchlist matches found, queued to pending webhooks"}
{"level":30,"time":1774429891326,"pid":7,"hostname":"6c5a5b6ea215","instanceName":"Sonarr","eventType":"Download","contentTitle":"Severance","reqId":"req-1t","msg":"Webhook received and processing"}
{"level":30,"time":1774429891334,"pid":7,"hostname":"6c5a5b6ea215","tvdbId":"371980","seasonNumber":1,"receivedCount":9,"expectedCount":9,"seriesTitle":"Severance","msg":"[WEBHOOK_QUEUE] Season complete - all episodes received"}
{"level":30,"time":1774429891334,"pid":7,"hostname":"6c5a5b6ea215","tvdbId":"371980","seasonNumber":1,"episodeCount":9,"series":"Severance","msg":"[WEBHOOK_QUEUE] Season complete, processing immediately"}
{"level":30,"time":1774429891335,"pid":7,"hostname":"6c5a5b6ea215","msg":"[WEBHOOK_QUEUE] Processing queued webhooks: Severance S1 (9 episodes)"}
{"level":30,"time":1774429891339,"pid":7,"hostname":"6c5a5b6ea215","tvdbId":"371980","seasonNumber":1,"episodeCount":9,"matchedCount":0,"msg":"[WEBHOOK_QUEUE] No watchlist matches found, queued to pending webhooks"}
{"level":30,"time":1774429906191,"pid":7,"hostname":"6c5a5b6ea215","msg":"[PLEX_SERVER] Opening SSE connection to Plex"}
{"level":40,"time":1774429906202,"pid":7,"hostname":"6c5a5b6ea215","msg":"[PLEX_SERVER] SSE connection error"}
{"level":40,"time":1774429906202,"pid":7,"hostname":"6c5a5b6ea215","msg":"[PLEX_SERVER] SSE disconnected - polling continues as fallback"}
{"level":30,"time":1774429906203,"pid":7,"hostname":"6c5a5b6ea215","delayMs":31386,"msg":"[PLEX_SERVER] Scheduling SSE reconnect"}
{"level":30,"time":1774429937596,"pid":7,"hostname":"6c5a5b6ea215","msg":"[PLEX_SERVER] Opening SSE connection to Plex"}
{"level":40,"time":1774429937614,"pid":7,"hostname":"6c5a5b6ea215","msg":"[PLEX_SERVER] SSE connection error"}
{"level":40,"time":1774429937615,"pid":7,"hostname":"6c5a5b6ea215","msg":"[PLEX_SERVER] SSE disconnected - polling continues as fallback"}
{"level":30,"time":1774429937616,"pid":7,"hostname":"6c5a5b6ea215","delayMs":35794,"msg":"[PLEX_SERVER] Scheduling SSE reconnect"}
{"level":40,"time":1774429961901,"pid":7,"hostname":"6c5a5b6ea215","msg":"[PLEX_WATCHLIST] No friends found for Plex token"}
{"level":30,"time":1774429962400,"pid":7,"hostname":"6c5a5b6ea215","msg":"[PLEX_WATCHLIST] Plex Pass status: not detected"}
{"level":30,"time":1774429971096,"pid":7,"hostname":"6c5a5b6ea215","msg":"SIGTERM received, server closing"}
{"level":30,"time":1774430043834,"pid":7,"hostname":"8c53bb05c99c","msg":"Using baseUrl: http://localhost for service connections"}
{"level":30,"time":1774430045354,"pid":7,"hostname":"8c53bb05c99c","msg":"Config is now ready, resolving waitForConfig promise"}
{"level":30,"time":1774430045357,"pid":7,"hostname":"8c53bb05c99c","msg":"[PLEX_SERVER] Initializing PlexServerService"}
{"level":30,"time":1774430045360,"pid":7,"hostname":"8c53bb05c99c","msg":"[SCHEDULER] Scheduler service initialized"}
{"level":30,"time":1774430045361,"pid":7,"hostname":"8c53bb05c99c","msg":"[PLEX_LABEL_SYNC] Initializing PlexLabelSyncService"}
{"level":30,"time":1774430045365,"pid":7,"hostname":"8c53bb05c99c","msg":"[DELETE_SYNC] Initializing Delete Sync Service"}
{"level":30,"time":1774430045366,"pid":7,"hostname":"8c53bb05c99c","msg":"[API_KEY] Initializing ApiKeyService"}
{"level":30,"time":1774430045427,"pid":7,"hostname":"8c53bb05c99c","msg":"[CONTENT_ROUTER] Successfully loaded 9 router evaluators"}
{"level":30,"time":1774430045428,"pid":7,"hostname":"8c53bb05c99c","msg":"Content router initialized with plugins: Conditional Router, Streaming Availability Router, Ratings Router, Genre Router, User Router, Year Router, Season Router, Language Router, Certification Router"}
{"level":30,"time":1774430045429,"pid":7,"hostname":"8c53bb05c99c","msg":"[WATCHLIST_WORKFLOW] Initializing Watchlist Workflow Service"}
{"level":30,"time":1774430045430,"pid":7,"hostname":"8c53bb05c99c","msg":"[PLEX_SESSION_MONITOR] PlexSessionMonitorService initialized"}
{"level":30,"time":1774430045442,"pid":7,"hostname":"8c53bb05c99c","msg":"Config ready, starting workflow"}
{"level":30,"time":1774430045807,"pid":7,"hostname":"8c53bb05c99c","msg":"[PLEX_WATCHLIST] Successfully validated Plex token"}
{"level":30,"time":1774430045810,"pid":7,"hostname":"8c53bb05c99c","msg":"[WATCHLIST_WORKFLOW] Plex connection verified"}
{"level":40,"time":1774430045929,"pid":7,"hostname":"8c53bb05c99c","msg":"[PLEX_WATCHLIST] Unable to generate an RSS feed: Unauthorized"}
{"level":30,"time":1774430045930,"pid":7,"hostname":"8c53bb05c99c","msg":"[PLEX_WATCHLIST] Generated watchlist RSS feed for self: None"}
{"level":40,"time":1774430048576,"pid":7,"hostname":"8c53bb05c99c","msg":"[PLEX_WATCHLIST] Unable to generate an RSS feed: Unauthorized"}
{"level":30,"time":1774430048578,"pid":7,"hostname":"8c53bb05c99c","msg":"[PLEX_WATCHLIST] Generated watchlist RSS feed for friends: None"}
{"level":40,"time":1774430048578,"pid":7,"hostname":"8c53bb05c99c","msg":"[PLEX_WATCHLIST] Missing RSS URL. Are you an active Plex Pass user?"}
{"level":40,"time":1774430048579,"pid":7,"hostname":"8c53bb05c99c","msg":"[PLEX_WATCHLIST] Real-time RSS sync disabled"}
{"level":40,"time":1774430048579,"pid":7,"hostname":"8c53bb05c99c","error":{"message":"Unable to fetch watchlist URLs","name":"Error","type":"Error","stack":"Error: Unable to fetch watchlist URLs\n    at generateAndSaveRssFeeds (/app/dist/services/plex-watchlist/orchestration/rss-processor.js:13:19)\n    at processTicksAndRejections (native:7:39)"},"msg":"[WATCHLIST_WORKFLOW] Failed to generate RSS feeds, falling back to manual sync"}
{"level":30,"time":1774430048587,"pid":7,"hostname":"8c53bb05c99c","msg":"[WATCHLIST_WORKFLOW] Periodic watchlist reconciliation job created (will be dynamically scheduled)"}
{"level":30,"time":1774430048587,"pid":7,"hostname":"8c53bb05c99c","msg":"[WATCHLIST_WORKFLOW] Deferred routing queue started"}
{"level":30,"time":1774430049275,"pid":7,"hostname":"8c53bb05c99c","msg":"[PLEX_SERVER] Initializing PlexServerService connections and users"}
{"level":40,"time":1774430049277,"pid":7,"hostname":"8c53bb05c99c","msg":"[PLEX_WATCHLIST] No friends found for Plex token"}
{"level":40,"time":1774430049504,"pid":7,"hostname":"8c53bb05c99c","msg":"[PLEX_SERVER] All connection tests failed - keeping full list as fallback"}
{"level":30,"time":1774430049505,"pid":7,"hostname":"8c53bb05c99c","msg":"[PLEX_SERVER] Found 1 Plex server connections (1 local, 0 relay)"}
{"level":40,"time":1774430049634,"pid":7,"hostname":"8c53bb05c99c","msg":"[PLEX_SERVER] No Plex users found during initialization"}
{"level":30,"time":1774430049696,"pid":7,"hostname":"8c53bb05c99c","msg":"[PLEX_WATCHLIST] Plex Pass status: not detected"}
{"level":30,"time":1774430049765,"pid":7,"hostname":"8c53bb05c99c","friendCount":0,"msg":"[WATCHLIST_WORKFLOW] Watchlist baselines established for all users"}
{"level":30,"time":1774430049829,"pid":7,"hostname":"8c53bb05c99c","msg":"PlexServerService initialized successfully"}
{"level":30,"time":1774430049830,"pid":7,"hostname":"8c53bb05c99c","msg":"[PLEX_SERVER] Opening SSE connection to Plex"}
{"level":30,"time":1774430049831,"pid":7,"hostname":"8c53bb05c99c","msg":"[NOTIFICATIONS] [PLEX_MOBILE] Plex Pass not detected — Plex mobile notifications unavailable"}
{"level":30,"time":1774430049832,"pid":7,"hostname":"8c53bb05c99c","msg":"[NOTIFICATIONS] No Apprise URL configured, Apprise notifications will be disabled"}
{"level":30,"time":1774430049843,"pid":7,"hostname":"8c53bb05c99c","msg":"[SCHEDULER] Scheduler ready: 9 jobs scheduled and active"}
{"level":30,"time":1774430049904,"pid":7,"hostname":"8c53bb05c99c","msg":"Anime database already contains 10529 entries"}
{"level":40,"time":1774430049964,"pid":7,"hostname":"8c53bb05c99c","msg":"[PLEX_SERVER] SSE connection error"}
{"level":40,"time":1774430049965,"pid":7,"hostname":"8c53bb05c99c","msg":"[PLEX_SERVER] SSE disconnected - polling continues as fallback"}
{"level":30,"time":1774430049966,"pid":7,"hostname":"8c53bb05c99c","delayMs":1190,"msg":"[PLEX_SERVER] Scheduling SSE reconnect"}
{"level":40,"time":1774430049966,"pid":7,"hostname":"8c53bb05c99c","msg":"[PLEX_WATCHLIST] No friends found for Plex token"}
{"level":30,"time":1774430049981,"pid":7,"hostname":"8c53bb05c99c","msg":"Server listening at http://127.0.0.1:3003"}
{"level":30,"time":1774430049982,"pid":7,"hostname":"8c53bb05c99c","msg":"Server listening at http://172.18.0.7:3003"}
{"level":30,"time":1774430050303,"pid":7,"hostname":"8c53bb05c99c","msg":"[PLEX_WATCHLIST] Plex Pass status: not detected"}
{"level":30,"time":1774430050305,"pid":7,"hostname":"8c53bb05c99c","msg":"[WATCHLIST_WORKFLOW] Starting full reconciliation"}
{"level":30,"time":1774430050305,"pid":7,"hostname":"8c53bb05c99c","msg":"[WATCHLIST_WORKFLOW] Refreshing watchlists"}
{"level":40,"time":1774430050449,"pid":7,"hostname":"8c53bb05c99c","msg":"[PLEX_WATCHLIST] No friends found for Plex token"}
{"level":30,"time":1774430050522,"pid":7,"hostname":"8c53bb05c99c","msg":"[PLEX_WATCHLIST] Plex Pass status: not detected"}
{"level":30,"time":1774430050611,"pid":7,"hostname":"8c53bb05c99c","msg":"[PLEX_WATCHLIST] Self watchlist fetched successfully with 1 total items"}
{"level":30,"time":1774430050756,"pid":7,"hostname":"8c53bb05c99c","msg":"[PLEX_WATCHLIST] Plex Pass status: not detected"}
{"level":30,"time":1774430050757,"pid":7,"hostname":"8c53bb05c99c","msg":"[WATCHLIST_WORKFLOW] Watchlists refreshed successfully"}
{"level":30,"time":1774430050760,"pid":7,"hostname":"8c53bb05c99c","msg":"[WATCHLIST_WORKFLOW] Performing watchlist item sync"}
{"level":30,"time":1774430050975,"pid":7,"hostname":"8c53bb05c99c","msg":"[RADARR] Credentials verified, attempting to setup webhook \"Pulsarr (host.docker.internal:3003)\" with URL for Radarr: http://host.docker.internal:3003/v1/notifications/webhook?instanceId=radarr7878"}
{"level":30,"time":1774430050977,"pid":7,"hostname":"8c53bb05c99c","msg":"[SONARR] Credentials verified, attempting to setup webhook \"Pulsarr (host.docker.internal:3003)\" with URL for Sonarr: http://host.docker.internal:3003/v1/notifications/webhook?instanceId=sonarr8989"}
{"level":30,"time":1774430051156,"pid":7,"hostname":"8c53bb05c99c","msg":"[PLEX_SERVER] Opening SSE connection to Plex"}
{"level":40,"time":1774430051162,"pid":7,"hostname":"8c53bb05c99c","msg":"[PLEX_SERVER] SSE connection error"}
{"level":40,"time":1774430051165,"pid":7,"hostname":"8c53bb05c99c","msg":"[PLEX_SERVER] SSE disconnected - polling continues as fallback"}
{"level":30,"time":1774430051165,"pid":7,"hostname":"8c53bb05c99c","delayMs":2322,"msg":"[PLEX_SERVER] Scheduling SSE reconnect"}
{"level":30,"time":1774430051466,"pid":7,"hostname":"8c53bb05c99c","msg":"[SONARR] Successfully updated Pulsarr webhook \"Pulsarr (host.docker.internal:3003)\" for Sonarr"}
{"level":30,"time":1774430051508,"pid":7,"hostname":"8c53bb05c99c","msg":"[RADARR] Successfully updated Pulsarr webhook \"Pulsarr (host.docker.internal:3003)\" for Radarr"}
{"level":30,"time":1774430051513,"pid":7,"hostname":"8c53bb05c99c","added":{"shows":0,"movies":0},"unmatched":{"shows":1,"movies":3},"skippedDueToUserSetting":0,"skippedDueToMissingIds":0,"skippedDueToWatchlistCap":0,"msg":"[WATCHLIST_WORKFLOW] Watchlist sync completed"}
{"level":30,"time":1774430051586,"pid":7,"hostname":"8c53bb05c99c","friendCount":0,"msg":"[WATCHLIST_WORKFLOW] Watchlist baselines established for all users"}
{"level":30,"time":1774430051587,"pid":7,"hostname":"8c53bb05c99c","msg":"[WATCHLIST_WORKFLOW] Full reconciliation completed"}
{"level":30,"time":1774430051591,"pid":7,"hostname":"8c53bb05c99c","msg":"[WATCHLIST_WORKFLOW] Scheduled next periodic reconciliation in 120 minutes"}
{"level":30,"time":1774430051592,"pid":7,"hostname":"8c53bb05c99c","msg":"[WATCHLIST_WORKFLOW] Watchlist workflow running in ETag mode (5-minute staggered polling, 2-hour full reconciliation)"}
{"level":40,"time":1774430051736,"pid":7,"hostname":"8c53bb05c99c","msg":"[PLEX_WATCHLIST] No friends found for Plex token"}
{"level":30,"time":1774430051951,"pid":7,"hostname":"8c53bb05c99c","msg":"[PLEX_WATCHLIST] Plex Pass status: not detected"}
{"level":30,"time":1774430051953,"pid":7,"hostname":"8c53bb05c99c","userCount":1,"msg":"[WATCHLIST_WORKFLOW] Starting staggered ETag polling (5-minute cycles)"}
{"level":40,"time":1774430052120,"pid":7,"hostname":"8c53bb05c99c","msg":"[PLEX_WATCHLIST] No friends found for Plex token"}
{"level":30,"time":1774430052331,"pid":7,"hostname":"8c53bb05c99c","msg":"[PLEX_WATCHLIST] Plex Pass status: not detected"}
{"level":30,"time":1774430053488,"pid":7,"hostname":"8c53bb05c99c","msg":"[PLEX_SERVER] Opening SSE connection to Plex"}
{"level":40,"time":1774430053490,"pid":7,"hostname":"8c53bb05c99c","msg":"[PLEX_SERVER] SSE connection error"}
{"level":40,"time":1774430053490,"pid":7,"hostname":"8c53bb05c99c","msg":"[PLEX_SERVER] SSE disconnected - polling continues as fallback"}
{"level":30,"time":1774430053490,"pid":7,"hostname":"8c53bb05c99c","delayMs":4522,"msg":"[PLEX_SERVER] Scheduling SSE reconnect"}
{"level":30,"time":1774430058018,"pid":7,"hostname":"8c53bb05c99c","msg":"[PLEX_SERVER] Opening SSE connection to Plex"}
{"level":40,"time":1774430058021,"pid":7,"hostname":"8c53bb05c99c","msg":"[PLEX_SERVER] SSE connection error"}
{"level":40,"time":1774430058021,"pid":7,"hostname":"8c53bb05c99c","msg":"[PLEX_SERVER] SSE disconnected - polling continues as fallback"}
{"level":30,"time":1774430058021,"pid":7,"hostname":"8c53bb05c99c","delayMs":8250,"msg":"[PLEX_SERVER] Scheduling SSE reconnect"}
{"level":30,"time":1774430066275,"pid":7,"hostname":"8c53bb05c99c","msg":"[PLEX_SERVER] Opening SSE connection to Plex"}
{"level":40,"time":1774430066283,"pid":7,"hostname":"8c53bb05c99c","msg":"[PLEX_SERVER] SSE connection error"}
{"level":40,"time":1774430066283,"pid":7,"hostname":"8c53bb05c99c","msg":"[PLEX_SERVER] SSE disconnected - polling continues as fallback"}
{"level":30,"time":1774430066284,"pid":7,"hostname":"8c53bb05c99c","delayMs":18641,"msg":"[PLEX_SERVER] Scheduling SSE reconnect"}
{"level":30,"time":1774430084929,"pid":7,"hostname":"8c53bb05c99c","msg":"[PLEX_SERVER] Opening SSE connection to Plex"}
{"level":40,"time":1774430084938,"pid":7,"hostname":"8c53bb05c99c","msg":"[PLEX_SERVER] SSE connection error"}
{"level":40,"time":1774430084938,"pid":7,"hostname":"8c53bb05c99c","msg":"[PLEX_SERVER] SSE disconnected - polling continues as fallback"}
{"level":30,"time":1774430084939,"pid":7,"hostname":"8c53bb05c99c","delayMs":32314,"msg":"[PLEX_SERVER] Scheduling SSE reconnect"}
{"level":30,"time":1774430117257,"pid":7,"hostname":"8c53bb05c99c","msg":"[PLEX_SERVER] Opening SSE connection to Plex"}
{"level":40,"time":1774430117263,"pid":7,"hostname":"8c53bb05c99c","msg":"[PLEX_SERVER] SSE connection error"}
{"level":40,"time":1774430117263,"pid":7,"hostname":"8c53bb05c99c","msg":"[PLEX_SERVER] SSE disconnected - polling continues as fallback"}
{"level":30,"time":1774430117263,"pid":7,"hostname":"8c53bb05c99c","delayMs":31145,"msg":"[PLEX_SERVER] Scheduling SSE reconnect"}
{"level":30,"time":1774430148409,"pid":7,"hostname":"8c53bb05c99c","msg":"[PLEX_SERVER] Opening SSE connection to Plex"}
{"level":40,"time":1774430148418,"pid":7,"hostname":"8c53bb05c99c","msg":"[PLEX_SERVER] SSE connection error"}
{"level":40,"time":1774430148418,"pid":7,"hostname":"8c53bb05c99c","msg":"[PLEX_SERVER] SSE disconnected - polling continues as fallback"}
{"level":30,"time":1774430148419,"pid":7,"hostname":"8c53bb05c99c","delayMs":37159,"msg":"[PLEX_SERVER] Scheduling SSE reconnect"}
{"level":30,"time":1774430185578,"pid":7,"hostname":"8c53bb05c99c","msg":"[PLEX_SERVER] Opening SSE connection to Plex"}
{"level":40,"time":1774430185584,"pid":7,"hostname":"8c53bb05c99c","msg":"[PLEX_SERVER] SSE connection error"}
{"level":40,"time":1774430185585,"pid":7,"hostname":"8c53bb05c99c","msg":"[PLEX_SERVER] SSE disconnected - polling continues as fallback"}
{"level":30,"time":1774430185585,"pid":7,"hostname":"8c53bb05c99c","delayMs":35307,"msg":"[PLEX_SERVER] Scheduling SSE reconnect"}
{"level":40,"time":1774430213650,"pid":7,"hostname":"8c53bb05c99c","msg":"[PLEX_WATCHLIST] No friends found for Plex token"}
{"level":30,"time":1774430214313,"pid":7,"hostname":"8c53bb05c99c","msg":"[PLEX_WATCHLIST] Plex Pass status: not detected"}
{"level":30,"time":1774430220901,"pid":7,"hostname":"8c53bb05c99c","msg":"[PLEX_SERVER] Opening SSE connection to Plex"}
{"level":40,"time":1774430220915,"pid":7,"hostname":"8c53bb05c99c","msg":"[PLEX_SERVER] SSE connection error"}
{"level":40,"time":1774430220915,"pid":7,"hostname":"8c53bb05c99c","msg":"[PLEX_SERVER] SSE disconnected - polling continues as fallback"}
{"level":30,"time":1774430220916,"pid":7,"hostname":"8c53bb05c99c","delayMs":37477,"msg":"[PLEX_SERVER] Scheduling SSE reconnect"}
{"level":30,"time":1774430258393,"pid":7,"hostname":"8c53bb05c99c","msg":"[PLEX_SERVER] Opening SSE connection to Plex"}
{"level":40,"time":1774430258419,"pid":7,"hostname":"8c53bb05c99c","msg":"[PLEX_SERVER] SSE connection error"}
{"level":40,"time":1774430258419,"pid":7,"hostname":"8c53bb05c99c","msg":"[PLEX_SERVER] SSE disconnected - polling continues as fallback"}
{"level":30,"time":1774430258420,"pid":7,"hostname":"8c53bb05c99c","delayMs":32734,"msg":"[PLEX_SERVER] Scheduling SSE reconnect"}
{"level":30,"time":1774430291158,"pid":7,"hostname":"8c53bb05c99c","msg":"[PLEX_SERVER] Opening SSE connection to Plex"}
{"level":40,"time":1774430291166,"pid":7,"hostname":"8c53bb05c99c","msg":"[PLEX_SERVER] SSE connection error"}
{"level":40,"time":1774430291166,"pid":7,"hostname":"8c53bb05c99c","msg":"[PLEX_SERVER] SSE disconnected - polling continues as fallback"}
{"level":30,"time":1774430291166,"pid":7,"hostname":"8c53bb05c99c","delayMs":36837,"msg":"[PLEX_SERVER] Scheduling SSE reconnect"}
{"level":30,"time":1774430328005,"pid":7,"hostname":"8c53bb05c99c","msg":"[PLEX_SERVER] Opening SSE connection to Plex"}
{"level":40,"time":1774430328014,"pid":7,"hostname":"8c53bb05c99c","msg":"[PLEX_SERVER] SSE connection error"}
{"level":40,"time":1774430328014,"pid":7,"hostname":"8c53bb05c99c","msg":"[PLEX_SERVER] SSE disconnected - polling continues as fallback"}
{"level":30,"time":1774430328014,"pid":7,"hostname":"8c53bb05c99c","delayMs":31370,"msg":"[PLEX_SERVER] Scheduling SSE reconnect"}
{"level":30,"time":1774430359388,"pid":7,"hostname":"8c53bb05c99c","msg":"[PLEX_SERVER] Opening SSE connection to Plex"}
{"level":40,"time":1774430359397,"pid":7,"hostname":"8c53bb05c99c","msg":"[PLEX_SERVER] SSE connection error"}
{"level":40,"time":1774430359398,"pid":7,"hostname":"8c53bb05c99c","msg":"[PLEX_SERVER] SSE disconnected - polling continues as fallback"}
{"level":30,"time":1774430359399,"pid":7,"hostname":"8c53bb05c99c","delayMs":32911,"msg":"[PLEX_SERVER] Scheduling SSE reconnect"}
{"level":40,"time":1774430372750,"pid":7,"hostname":"8c53bb05c99c","msg":"[PLEX_WATCHLIST] No friends found for Plex token"}
{"level":30,"time":1774430373182,"pid":7,"hostname":"8c53bb05c99c","msg":"[PLEX_WATCHLIST] Plex Pass status: not detected"}
{"level":30,"time":1774430392311,"pid":7,"hostname":"8c53bb05c99c","msg":"[PLEX_SERVER] Opening SSE connection to Plex"}
{"level":40,"time":1774430392319,"pid":7,"hostname":"8c53bb05c99c","msg":"[PLEX_SERVER] SSE connection error"}
{"level":40,"time":1774430392319,"pid":7,"hostname":"8c53bb05c99c","msg":"[PLEX_SERVER] SSE disconnected - polling continues as fallback"}
{"level":30,"time":1774430392319,"pid":7,"hostname":"8c53bb05c99c","delayMs":37069,"msg":"[PLEX_SERVER] Scheduling SSE reconnect"}
{"level":30,"time":1774430429388,"pid":7,"hostname":"8c53bb05c99c","msg":"[PLEX_SERVER] Opening SSE connection to Plex"}
{"level":40,"time":1774430429407,"pid":7,"hostname":"8c53bb05c99c","msg":"[PLEX_SERVER] SSE connection error"}
{"level":40,"time":1774430429408,"pid":7,"hostname":"8c53bb05c99c","msg":"[PLEX_SERVER] SSE disconnected - polling continues as fallback"}
{"level":30,"time":1774430429408,"pid":7,"hostname":"8c53bb05c99c","delayMs":36942,"msg":"[PLEX_SERVER] Scheduling SSE reconnect"}
{"level":30,"time":1774430466355,"pid":7,"hostname":"8c53bb05c99c","msg":"[PLEX_SERVER] Opening SSE connection to Plex"}
{"level":40,"time":1774430466383,"pid":7,"hostname":"8c53bb05c99c","msg":"[PLEX_SERVER] SSE connection error"}
{"level":40,"time":1774430466383,"pid":7,"hostname":"8c53bb05c99c","msg":"[PLEX_SERVER] SSE disconnected - polling continues as fallback"}
{"level":30,"time":1774430466385,"pid":7,"hostname":"8c53bb05c99c","delayMs":33834,"msg":"[PLEX_SERVER] Scheduling SSE reconnect"}
{"level":30,"time":1774430500221,"pid":7,"hostname":"8c53bb05c99c","msg":"[PLEX_SERVER] Opening SSE connection to Plex"}
{"level":40,"time":1774430500231,"pid":7,"hostname":"8c53bb05c99c","msg":"[PLEX_SERVER] SSE connection error"}
{"level":40,"time":1774430500232,"pid":7,"hostname":"8c53bb05c99c","msg":"[PLEX_SERVER] SSE disconnected - polling continues as fallback"}
{"level":30,"time":1774430500232,"pid":7,"hostname":"8c53bb05c99c","delayMs":36599,"msg":"[PLEX_SERVER] Scheduling SSE reconnect"}
{"level":40,"time":1774430511075,"pid":7,"hostname":"8c53bb05c99c","msg":"[PLEX_WATCHLIST] No friends found for Plex token"}
{"level":30,"time":1774430511510,"pid":7,"hostname":"8c53bb05c99c","msg":"[PLEX_WATCHLIST] Plex Pass status: not detected"}
{"level":30,"time":1774430529884,"pid":7,"hostname":"8c53bb05c99c","msg":"[WEBHOOK_QUEUE] Cleaned up 2 expired webhooks"}
{"level":30,"time":1774430536833,"pid":7,"hostname":"8c53bb05c99c","msg":"[PLEX_SERVER] Opening SSE connection to Plex"}
{"level":40,"time":1774430536838,"pid":7,"hostname":"8c53bb05c99c","msg":"[PLEX_SERVER] SSE connection error"}
{"level":40,"time":1774430536839,"pid":7,"hostname":"8c53bb05c99c","msg":"[PLEX_SERVER] SSE disconnected - polling continues as fallback"}
{"level":30,"time":1774430536839,"pid":7,"hostname":"8c53bb05c99c","delayMs":35221,"msg":"[PLEX_SERVER] Scheduling SSE reconnect"}
{"level":30,"time":1774430572062,"pid":7,"hostname":"8c53bb05c99c","msg":"[PLEX_SERVER] Opening SSE connection to Plex"}
{"level":40,"time":1774430572093,"pid":7,"hostname":"8c53bb05c99c","msg":"[PLEX_SERVER] SSE connection error"}
{"level":40,"time":1774430572093,"pid":7,"hostname":"8c53bb05c99c","msg":"[PLEX_SERVER] SSE disconnected - polling continues as fallback"}
{"level":30,"time":1774430572093,"pid":7,"hostname":"8c53bb05c99c","delayMs":30761,"msg":"[PLEX_SERVER] Scheduling SSE reconnect"}
{"level":30,"time":1774430602859,"pid":7,"hostname":"8c53bb05c99c","msg":"[PLEX_SERVER] Opening SSE connection to Plex"}
{"level":40,"time":1774430602883,"pid":7,"hostname":"8c53bb05c99c","msg":"[PLEX_SERVER] SSE connection error"}
{"level":40,"time":1774430602883,"pid":7,"hostname":"8c53bb05c99c","msg":"[PLEX_SERVER] SSE disconnected - polling continues as fallback"}
{"level":30,"time":1774430602884,"pid":7,"hostname":"8c53bb05c99c","delayMs":37171,"msg":"[PLEX_SERVER] Scheduling SSE reconnect"}
{"level":30,"time":1774430640057,"pid":7,"hostname":"8c53bb05c99c","msg":"[PLEX_SERVER] Opening SSE connection to Plex"}
{"level":40,"time":1774430640067,"pid":7,"hostname":"8c53bb05c99c","msg":"[PLEX_SERVER] SSE connection error"}
{"level":40,"time":1774430640069,"pid":7,"hostname":"8c53bb05c99c","msg":"[PLEX_SERVER] SSE disconnected - polling continues as fallback"}
{"level":30,"time":1774430640070,"pid":7,"hostname":"8c53bb05c99c","delayMs":33140,"msg":"[PLEX_SERVER] Scheduling SSE reconnect"}
{"level":40,"time":1774430654931,"pid":7,"hostname":"8c53bb05c99c","msg":"[PLEX_WATCHLIST] No friends found for Plex token"}
{"level":30,"time":1774430655427,"pid":7,"hostname":"8c53bb05c99c","msg":"[PLEX_WATCHLIST] Plex Pass status: not detected"}
{"level":30,"time":1774430673211,"pid":7,"hostname":"8c53bb05c99c","msg":"[PLEX_SERVER] Opening SSE connection to Plex"}
{"level":40,"time":1774430673219,"pid":7,"hostname":"8c53bb05c99c","msg":"[PLEX_SERVER] SSE connection error"}
{"level":40,"time":1774430673219,"pid":7,"hostname":"8c53bb05c99c","msg":"[PLEX_SERVER] SSE disconnected - polling continues as fallback"}
{"level":30,"time":1774430673220,"pid":7,"hostname":"8c53bb05c99c","delayMs":36102,"msg":"[PLEX_SERVER] Scheduling SSE reconnect"}
{"level":30,"time":1774430709322,"pid":7,"hostname":"8c53bb05c99c","msg":"[PLEX_SERVER] Opening SSE connection to Plex"}
{"level":40,"time":1774430709332,"pid":7,"hostname":"8c53bb05c99c","msg":"[PLEX_SERVER] SSE connection error"}
{"level":40,"time":1774430709332,"pid":7,"hostname":"8c53bb05c99c","msg":"[PLEX_SERVER] SSE disconnected - polling continues as fallback"}
{"level":30,"time":1774430709333,"pid":7,"hostname":"8c53bb05c99c","delayMs":36793,"msg":"[PLEX_SERVER] Scheduling SSE reconnect"}
{"level":30,"time":1774430746135,"pid":7,"hostname":"8c53bb05c99c","msg":"[PLEX_SERVER] Opening SSE connection to Plex"}
{"level":40,"time":1774430746152,"pid":7,"hostname":"8c53bb05c99c","msg":"[PLEX_SERVER] SSE connection error"}
{"level":40,"time":1774430746152,"pid":7,"hostname":"8c53bb05c99c","msg":"[PLEX_SERVER] SSE disconnected - polling continues as fallback"}
{"level":30,"time":1774430746153,"pid":7,"hostname":"8c53bb05c99c","delayMs":37246,"msg":"[PLEX_SERVER] Scheduling SSE reconnect"}
{"level":30,"time":1774430783409,"pid":7,"hostname":"8c53bb05c99c","msg":"[PLEX_SERVER] Opening SSE connection to Plex"}
{"level":40,"time":1774430783425,"pid":7,"hostname":"8c53bb05c99c","msg":"[PLEX_SERVER] SSE connection error"}
{"level":40,"time":1774430783425,"pid":7,"hostname":"8c53bb05c99c","msg":"[PLEX_SERVER] SSE disconnected - polling continues as fallback"}
{"level":30,"time":1774430783426,"pid":7,"hostname":"8c53bb05c99c","delayMs":33724,"msg":"[PLEX_SERVER] Scheduling SSE reconnect"}
{"level":40,"time":1774430798510,"pid":7,"hostname":"8c53bb05c99c","msg":"[PLEX_WATCHLIST] No friends found for Plex token"}
{"level":30,"time":1774430799138,"pid":7,"hostname":"8c53bb05c99c","msg":"[PLEX_WATCHLIST] Plex Pass status: not detected"}
{"level":30,"time":1774430817156,"pid":7,"hostname":"8c53bb05c99c","msg":"[PLEX_SERVER] Opening SSE connection to Plex"}
{"level":40,"time":1774430817171,"pid":7,"hostname":"8c53bb05c99c","msg":"[PLEX_SERVER] SSE connection error"}
{"level":40,"time":1774430817172,"pid":7,"hostname":"8c53bb05c99c","msg":"[PLEX_SERVER] SSE disconnected - polling continues as fallback"}
{"level":30,"time":1774430817172,"pid":7,"hostname":"8c53bb05c99c","delayMs":30803,"msg":"[PLEX_SERVER] Scheduling SSE reconnect"}
{"level":30,"time":1774430847982,"pid":7,"hostname":"8c53bb05c99c","msg":"[PLEX_SERVER] Opening SSE connection to Plex"}
{"level":40,"time":1774430847989,"pid":7,"hostname":"8c53bb05c99c","msg":"[PLEX_SERVER] SSE connection error"}
{"level":40,"time":1774430847990,"pid":7,"hostname":"8c53bb05c99c","msg":"[PLEX_SERVER] SSE disconnected - polling continues as fallback"}
{"level":30,"time":1774430847990,"pid":7,"hostname":"8c53bb05c99c","delayMs":34005,"msg":"[PLEX_SERVER] Scheduling SSE reconnect"}
{"level":30,"time":1774430882003,"pid":7,"hostname":"8c53bb05c99c","msg":"[PLEX_SERVER] Opening SSE connection to Plex"}
{"level":40,"time":1774430882019,"pid":7,"hostname":"8c53bb05c99c","msg":"[PLEX_SERVER] SSE connection error"}
{"level":40,"time":1774430882020,"pid":7,"hostname":"8c53bb05c99c","msg":"[PLEX_SERVER] SSE disconnected - polling continues as fallback"}
{"level":30,"time":1774430882020,"pid":7,"hostname":"8c53bb05c99c","delayMs":33424,"msg":"[PLEX_SERVER] Scheduling SSE reconnect"}
{"level":30,"time":1774430915452,"pid":7,"hostname":"8c53bb05c99c","msg":"[PLEX_SERVER] Opening SSE connection to Plex"}
{"level":40,"time":1774430915467,"pid":7,"hostname":"8c53bb05c99c","msg":"[PLEX_SERVER] SSE connection error"}
{"level":40,"time":1774430915468,"pid":7,"hostname":"8c53bb05c99c","msg":"[PLEX_SERVER] SSE disconnected - polling continues as fallback"}
{"level":30,"time":1774430915469,"pid":7,"hostname":"8c53bb05c99c","delayMs":32348,"msg":"[PLEX_SERVER] Scheduling SSE reconnect"}
{"level":40,"time":1774430943698,"pid":7,"hostname":"8c53bb05c99c","msg":"[PLEX_WATCHLIST] No friends found for Plex token"}
{"level":30,"time":1774430944270,"pid":7,"hostname":"8c53bb05c99c","msg":"[PLEX_WATCHLIST] Plex Pass status: not detected"}
{"level":30,"time":1774430947819,"pid":7,"hostname":"8c53bb05c99c","msg":"[PLEX_SERVER] Opening SSE connection to Plex"}
{"level":40,"time":1774430947824,"pid":7,"hostname":"8c53bb05c99c","msg":"[PLEX_SERVER] SSE connection error"}
{"level":40,"time":1774430947825,"pid":7,"hostname":"8c53bb05c99c","msg":"[PLEX_SERVER] SSE disconnected - polling continues as fallback"}
{"level":30,"time":1774430947825,"pid":7,"hostname":"8c53bb05c99c","delayMs":31938,"msg":"[PLEX_SERVER] Scheduling SSE reconnect"}
{"level":30,"time":1774430979769,"pid":7,"hostname":"8c53bb05c99c","msg":"[PLEX_SERVER] Opening SSE connection to Plex"}
{"level":40,"time":1774430979788,"pid":7,"hostname":"8c53bb05c99c","msg":"[PLEX_SERVER] SSE connection error"}
{"level":40,"time":1774430979789,"pid":7,"hostname":"8c53bb05c99c","msg":"[PLEX_SERVER] SSE disconnected - polling continues as fallback"}
{"level":30,"time":1774430979789,"pid":7,"hostname":"8c53bb05c99c","delayMs":31077,"msg":"[PLEX_SERVER] Scheduling SSE reconnect"}
{"level":30,"time":1774431010881,"pid":7,"hostname":"8c53bb05c99c","msg":"[PLEX_SERVER] Opening SSE connection to Plex"}
{"level":40,"time":1774431010896,"pid":7,"hostname":"8c53bb05c99c","msg":"[PLEX_SERVER] SSE connection error"}
{"level":40,"time":1774431010897,"pid":7,"hostname":"8c53bb05c99c","msg":"[PLEX_SERVER] SSE disconnected - polling continues as fallback"}
{"level":30,"time":1774431010897,"pid":7,"hostname":"8c53bb05c99c","delayMs":31527,"msg":"[PLEX_SERVER] Scheduling SSE reconnect"}
{"level":30,"time":1774431042438,"pid":7,"hostname":"8c53bb05c99c","msg":"[PLEX_SERVER] Opening SSE connection to Plex"}
{"level":40,"time":1774431042454,"pid":7,"hostname":"8c53bb05c99c","msg":"[PLEX_SERVER] SSE connection error"}
{"level":40,"time":1774431042455,"pid":7,"hostname":"8c53bb05c99c","msg":"[PLEX_SERVER] SSE disconnected - polling continues as fallback"}
{"level":30,"time":1774431042456,"pid":7,"hostname":"8c53bb05c99c","delayMs":36359,"msg":"[PLEX_SERVER] Scheduling SSE reconnect"}
{"level":30,"time":1774431078703,"pid":7,"hostname":"8c53bb05c99c","msg":"[PLEX_SERVER] Opening SSE connection to Plex"}
{"level":40,"time":1774431078715,"pid":7,"hostname":"8c53bb05c99c","msg":"[PLEX_SERVER] SSE connection error"}
{"level":40,"time":1774431078716,"pid":7,"hostname":"8c53bb05c99c","msg":"[PLEX_SERVER] SSE disconnected - polling continues as fallback"}
{"level":30,"time":1774431078717,"pid":7,"hostname":"8c53bb05c99c","delayMs":33548,"msg":"[PLEX_SERVER] Scheduling SSE reconnect"}
{"level":40,"time":1774431095114,"pid":7,"hostname":"8c53bb05c99c","msg":"[PLEX_WATCHLIST] No friends found for Plex token"}
{"level":30,"time":1774431095600,"pid":7,"hostname":"8c53bb05c99c","msg":"[PLEX_WATCHLIST] Plex Pass status: not detected"}
{"level":30,"time":1774431112265,"pid":7,"hostname":"8c53bb05c99c","msg":"[PLEX_SERVER] Opening SSE connection to Plex"}
{"level":40,"time":1774431112274,"pid":7,"hostname":"8c53bb05c99c","msg":"[PLEX_SERVER] SSE connection error"}
{"level":40,"time":1774431112275,"pid":7,"hostname":"8c53bb05c99c","msg":"[PLEX_SERVER] SSE disconnected - polling continues as fallback"}
{"level":30,"time":1774431112276,"pid":7,"hostname":"8c53bb05c99c","delayMs":36733,"msg":"[PLEX_SERVER] Scheduling SSE reconnect"}
{"level":30,"time":1774431149014,"pid":7,"hostname":"8c53bb05c99c","msg":"[PLEX_SERVER] Opening SSE connection to Plex"}
{"level":40,"time":1774431149026,"pid":7,"hostname":"8c53bb05c99c","msg":"[PLEX_SERVER] SSE connection error"}
{"level":40,"time":1774431149027,"pid":7,"hostname":"8c53bb05c99c","msg":"[PLEX_SERVER] SSE disconnected - polling continues as fallback"}
{"level":30,"time":1774431149028,"pid":7,"hostname":"8c53bb05c99c","delayMs":35230,"msg":"[PLEX_SERVER] Scheduling SSE reconnect"}
{"level":30,"time":1774431184265,"pid":7,"hostname":"8c53bb05c99c","msg":"[PLEX_SERVER] Opening SSE connection to Plex"}
{"level":40,"time":1774431184311,"pid":7,"hostname":"8c53bb05c99c","msg":"[PLEX_SERVER] SSE connection error"}
{"level":40,"time":1774431184312,"pid":7,"hostname":"8c53bb05c99c","msg":"[PLEX_SERVER] SSE disconnected - polling continues as fallback"}
{"level":30,"time":1774431184312,"pid":7,"hostname":"8c53bb05c99c","delayMs":32823,"msg":"[PLEX_SERVER] Scheduling SSE reconnect"}
{"level":30,"time":1774431217137,"pid":7,"hostname":"8c53bb05c99c","msg":"[PLEX_SERVER] Opening SSE connection to Plex"}
{"level":40,"time":1774431217154,"pid":7,"hostname":"8c53bb05c99c","msg":"[PLEX_SERVER] SSE connection error"}
{"level":40,"time":1774431217155,"pid":7,"hostname":"8c53bb05c99c","msg":"[PLEX_SERVER] SSE disconnected - polling continues as fallback"}
{"level":30,"time":1774431217156,"pid":7,"hostname":"8c53bb05c99c","delayMs":33883,"msg":"[PLEX_SERVER] Scheduling SSE reconnect"}
{"level":40,"time":1774431235158,"pid":7,"hostname":"8c53bb05c99c","msg":"[PLEX_WATCHLIST] No friends found for Plex token"}
{"level":30,"time":1774431235648,"pid":7,"hostname":"8c53bb05c99c","msg":"[PLEX_WATCHLIST] Plex Pass status: not detected"}
{"level":30,"time":1774431251044,"pid":7,"hostname":"8c53bb05c99c","msg":"[PLEX_SERVER] Opening SSE connection to Plex"}
{"level":40,"time":1774431251059,"pid":7,"hostname":"8c53bb05c99c","msg":"[PLEX_SERVER] SSE connection error"}
{"level":40,"time":1774431251060,"pid":7,"hostname":"8c53bb05c99c","msg":"[PLEX_SERVER] SSE disconnected - polling continues as fallback"}
{"level":30,"time":1774431251060,"pid":7,"hostname":"8c53bb05c99c","delayMs":31582,"msg":"[PLEX_SERVER] Scheduling SSE reconnect"}
{"level":30,"time":1774431282643,"pid":7,"hostname":"8c53bb05c99c","msg":"[PLEX_SERVER] Opening SSE connection to Plex"}
{"level":40,"time":1774431282652,"pid":7,"hostname":"8c53bb05c99c","msg":"[PLEX_SERVER] SSE connection error"}
{"level":40,"time":1774431282652,"pid":7,"hostname":"8c53bb05c99c","msg":"[PLEX_SERVER] SSE disconnected - polling continues as fallback"}
{"level":30,"time":1774431282653,"pid":7,"hostname":"8c53bb05c99c","delayMs":34773,"msg":"[PLEX_SERVER] Scheduling SSE reconnect"}
{"level":30,"time":1774431317434,"pid":7,"hostname":"8c53bb05c99c","msg":"[PLEX_SERVER] Opening SSE connection to Plex"}
{"level":40,"time":1774431317443,"pid":7,"hostname":"8c53bb05c99c","msg":"[PLEX_SERVER] SSE connection error"}
{"level":40,"time":1774431317443,"pid":7,"hostname":"8c53bb05c99c","msg":"[PLEX_SERVER] SSE disconnected - polling continues as fallback"}
{"level":30,"time":1774431317444,"pid":7,"hostname":"8c53bb05c99c","delayMs":36256,"msg":"[PLEX_SERVER] Scheduling SSE reconnect"}
{"level":30,"time":1774431353704,"pid":7,"hostname":"8c53bb05c99c","msg":"[PLEX_SERVER] Opening SSE connection to Plex"}
{"level":40,"time":1774431353714,"pid":7,"hostname":"8c53bb05c99c","msg":"[PLEX_SERVER] SSE connection error"}
{"level":40,"time":1774431353715,"pid":7,"hostname":"8c53bb05c99c","msg":"[PLEX_SERVER] SSE disconnected - polling continues as fallback"}
{"level":30,"time":1774431353715,"pid":7,"hostname":"8c53bb05c99c","delayMs":37181,"msg":"[PLEX_SERVER] Scheduling SSE reconnect"}
{"level":40,"time":1774431371789,"pid":7,"hostname":"8c53bb05c99c","msg":"[PLEX_WATCHLIST] No friends found for Plex token"}
{"level":30,"time":1774431372257,"pid":7,"hostname":"8c53bb05c99c","msg":"[PLEX_WATCHLIST] Plex Pass status: not detected"}
{"level":30,"time":1774431390907,"pid":7,"hostname":"8c53bb05c99c","msg":"[PLEX_SERVER] Opening SSE connection to Plex"}
{"level":40,"time":1774431390915,"pid":7,"hostname":"8c53bb05c99c","msg":"[PLEX_SERVER] SSE connection error"}
{"level":40,"time":1774431390916,"pid":7,"hostname":"8c53bb05c99c","msg":"[PLEX_SERVER] SSE disconnected - polling continues as fallback"}
{"level":30,"time":1774431390917,"pid":7,"hostname":"8c53bb05c99c","delayMs":33357,"msg":"[PLEX_SERVER] Scheduling SSE reconnect"}
{"level":30,"time":1774431424283,"pid":7,"hostname":"8c53bb05c99c","msg":"[PLEX_SERVER] Opening SSE connection to Plex"}
{"level":40,"time":1774431424291,"pid":7,"hostname":"8c53bb05c99c","msg":"[PLEX_SERVER] SSE connection error"}
{"level":40,"time":1774431424292,"pid":7,"hostname":"8c53bb05c99c","msg":"[PLEX_SERVER] SSE disconnected - polling continues as fallback"}
{"level":30,"time":1774431424292,"pid":7,"hostname":"8c53bb05c99c","delayMs":31864,"msg":"[PLEX_SERVER] Scheduling SSE reconnect"}
{"level":30,"time":1774431456156,"pid":7,"hostname":"8c53bb05c99c","msg":"[PLEX_SERVER] Opening SSE connection to Plex"}
{"level":40,"time":1774431456166,"pid":7,"hostname":"8c53bb05c99c","msg":"[PLEX_SERVER] SSE connection error"}
{"level":40,"time":1774431456166,"pid":7,"hostname":"8c53bb05c99c","msg":"[PLEX_SERVER] SSE disconnected - polling continues as fallback"}
{"level":30,"time":1774431456166,"pid":7,"hostname":"8c53bb05c99c","delayMs":32314,"msg":"[PLEX_SERVER] Scheduling SSE reconnect"}
{"level":30,"time":1774431488481,"pid":7,"hostname":"8c53bb05c99c","msg":"[PLEX_SERVER] Opening SSE connection to Plex"}
{"level":40,"time":1774431488491,"pid":7,"hostname":"8c53bb05c99c","msg":"[PLEX_SERVER] SSE connection error"}
{"level":40,"time":1774431488491,"pid":7,"hostname":"8c53bb05c99c","msg":"[PLEX_SERVER] SSE disconnected - polling continues as fallback"}
{"level":30,"time":1774431488492,"pid":7,"hostname":"8c53bb05c99c","delayMs":30388,"msg":"[PLEX_SERVER] Scheduling SSE reconnect"}
{"level":30,"time":1774431518888,"pid":7,"hostname":"8c53bb05c99c","msg":"[PLEX_SERVER] Opening SSE connection to Plex"}
{"level":40,"time":1774431518899,"pid":7,"hostname":"8c53bb05c99c","msg":"[PLEX_SERVER] SSE connection error"}
{"level":40,"time":1774431518900,"pid":7,"hostname":"8c53bb05c99c","msg":"[PLEX_SERVER] SSE disconnected - polling continues as fallback"}
{"level":30,"time":1774431518900,"pid":7,"hostname":"8c53bb05c99c","delayMs":35308,"msg":"[PLEX_SERVER] Scheduling SSE reconnect"}
{"level":40,"time":1774431528021,"pid":7,"hostname":"8c53bb05c99c","msg":"[PLEX_WATCHLIST] No friends found for Plex token"}
{"level":30,"time":1774431528511,"pid":7,"hostname":"8c53bb05c99c","msg":"[PLEX_WATCHLIST] Plex Pass status: not detected"}
{"level":30,"time":1774431554220,"pid":7,"hostname":"8c53bb05c99c","msg":"[PLEX_SERVER] Opening SSE connection to Plex"}
{"level":40,"time":1774431554230,"pid":7,"hostname":"8c53bb05c99c","msg":"[PLEX_SERVER] SSE connection error"}
{"level":40,"time":1774431554231,"pid":7,"hostname":"8c53bb05c99c","msg":"[PLEX_SERVER] SSE disconnected - polling continues as fallback"}
{"level":30,"time":1774431554231,"pid":7,"hostname":"8c53bb05c99c","delayMs":33506,"msg":"[PLEX_SERVER] Scheduling SSE reconnect"}
{"level":30,"time":1774431587743,"pid":7,"hostname":"8c53bb05c99c","msg":"[PLEX_SERVER] Opening SSE connection to Plex"}
{"level":40,"time":1774431587753,"pid":7,"hostname":"8c53bb05c99c","msg":"[PLEX_SERVER] SSE connection error"}
{"level":40,"time":1774431587753,"pid":7,"hostname":"8c53bb05c99c","msg":"[PLEX_SERVER] SSE disconnected - polling continues as fallback"}
{"level":30,"time":1774431587754,"pid":7,"hostname":"8c53bb05c99c","delayMs":33544,"msg":"[PLEX_SERVER] Scheduling SSE reconnect"}
{"level":30,"time":1774431621301,"pid":7,"hostname":"8c53bb05c99c","msg":"[PLEX_SERVER] Opening SSE connection to Plex"}
{"level":40,"time":1774431621306,"pid":7,"hostname":"8c53bb05c99c","msg":"[PLEX_SERVER] SSE connection error"}
{"level":40,"time":1774431621306,"pid":7,"hostname":"8c53bb05c99c","msg":"[PLEX_SERVER] SSE disconnected - polling continues as fallback"}
{"level":30,"time":1774431621306,"pid":7,"hostname":"8c53bb05c99c","delayMs":34029,"msg":"[PLEX_SERVER] Scheduling SSE reconnect"}
{"level":30,"time":1774431655341,"pid":7,"hostname":"8c53bb05c99c","msg":"[PLEX_SERVER] Opening SSE connection to Plex"}
{"level":40,"time":1774431655353,"pid":7,"hostname":"8c53bb05c99c","msg":"[PLEX_SERVER] SSE connection error"}
{"level":40,"time":1774431655354,"pid":7,"hostname":"8c53bb05c99c","msg":"[PLEX_SERVER] SSE disconnected - polling continues as fallback"}
{"level":30,"time":1774431655354,"pid":7,"hostname":"8c53bb05c99c","delayMs":30934,"msg":"[PLEX_SERVER] Scheduling SSE reconnect"}
{"level":40,"time":1774431680728,"pid":7,"hostname":"8c53bb05c99c","msg":"[PLEX_WATCHLIST] No friends found for Plex token"}
{"level":30,"time":1774431681221,"pid":7,"hostname":"8c53bb05c99c","msg":"[PLEX_WATCHLIST] Plex Pass status: not detected"}
{"level":30,"time":1774431686289,"pid":7,"hostname":"8c53bb05c99c","msg":"[PLEX_SERVER] Opening SSE connection to Plex"}
{"level":40,"time":1774431686295,"pid":7,"hostname":"8c53bb05c99c","msg":"[PLEX_SERVER] SSE connection error"}
{"level":40,"time":1774431686295,"pid":7,"hostname":"8c53bb05c99c","msg":"[PLEX_SERVER] SSE disconnected - polling continues as fallback"}
{"level":30,"time":1774431686295,"pid":7,"hostname":"8c53bb05c99c","delayMs":31804,"msg":"[PLEX_SERVER] Scheduling SSE reconnect"}
{"level":30,"time":1774431718100,"pid":7,"hostname":"8c53bb05c99c","msg":"[PLEX_SERVER] Opening SSE connection to Plex"}
{"level":40,"time":1774431718110,"pid":7,"hostname":"8c53bb05c99c","msg":"[PLEX_SERVER] SSE connection error"}
{"level":40,"time":1774431718111,"pid":7,"hostname":"8c53bb05c99c","msg":"[PLEX_SERVER] SSE disconnected - polling continues as fallback"}
{"level":30,"time":1774431718111,"pid":7,"hostname":"8c53bb05c99c","delayMs":36741,"msg":"[PLEX_SERVER] Scheduling SSE reconnect"}
{"level":30,"time":1774431754854,"pid":7,"hostname":"8c53bb05c99c","msg":"[PLEX_SERVER] Opening SSE connection to Plex"}
{"level":40,"time":1774431754864,"pid":7,"hostname":"8c53bb05c99c","msg":"[PLEX_SERVER] SSE connection error"}
{"level":40,"time":1774431754864,"pid":7,"hostname":"8c53bb05c99c","msg":"[PLEX_SERVER] SSE disconnected - polling continues as fallback"}
{"level":30,"time":1774431754864,"pid":7,"hostname":"8c53bb05c99c","delayMs":33268,"msg":"[PLEX_SERVER] Scheduling SSE reconnect"}
{"level":30,"time":1774431788140,"pid":7,"hostname":"8c53bb05c99c","msg":"[PLEX_SERVER] Opening SSE connection to Plex"}
{"level":40,"time":1774431788181,"pid":7,"hostname":"8c53bb05c99c","msg":"[PLEX_SERVER] SSE connection error"}
{"level":40,"time":1774431788182,"pid":7,"hostname":"8c53bb05c99c","msg":"[PLEX_SERVER] SSE disconnected - polling continues as fallback"}
{"level":30,"time":1774431788183,"pid":7,"hostname":"8c53bb05c99c","delayMs":36818,"msg":"[PLEX_SERVER] Scheduling SSE reconnect"}
{"level":30,"time":1774431825008,"pid":7,"hostname":"8c53bb05c99c","msg":"[PLEX_SERVER] Opening SSE connection to Plex"}
{"level":40,"time":1774431825026,"pid":7,"hostname":"8c53bb05c99c","msg":"[PLEX_SERVER] SSE connection error"}
{"level":40,"time":1774431825027,"pid":7,"hostname":"8c53bb05c99c","msg":"[PLEX_SERVER] SSE disconnected - polling continues as fallback"}
{"level":30,"time":1774431825028,"pid":7,"hostname":"8c53bb05c99c","delayMs":30130,"msg":"[PLEX_SERVER] Scheduling SSE reconnect"}
{"level":40,"time":1774431842602,"pid":7,"hostname":"8c53bb05c99c","msg":"[PLEX_WATCHLIST] No friends found for Plex token"}
{"level":30,"time":1774431843103,"pid":7,"hostname":"8c53bb05c99c","msg":"[PLEX_WATCHLIST] Plex Pass status: not detected"}
{"level":30,"time":1774431855158,"pid":7,"hostname":"8c53bb05c99c","msg":"[PLEX_SERVER] Opening SSE connection to Plex"}
{"level":40,"time":1774431855163,"pid":7,"hostname":"8c53bb05c99c","msg":"[PLEX_SERVER] SSE connection error"}
{"level":40,"time":1774431855163,"pid":7,"hostname":"8c53bb05c99c","msg":"[PLEX_SERVER] SSE disconnected - polling continues as fallback"}
{"level":30,"time":1774431855164,"pid":7,"hostname":"8c53bb05c99c","delayMs":31418,"msg":"[PLEX_SERVER] Scheduling SSE reconnect"}
{"level":30,"time":1774431886587,"pid":7,"hostname":"8c53bb05c99c","msg":"[PLEX_SERVER] Opening SSE connection to Plex"}
{"level":40,"time":1774431886601,"pid":7,"hostname":"8c53bb05c99c","msg":"[PLEX_SERVER] SSE connection error"}
{"level":40,"time":1774431886602,"pid":7,"hostname":"8c53bb05c99c","msg":"[PLEX_SERVER] SSE disconnected - polling continues as fallback"}
{"level":30,"time":1774431886602,"pid":7,"hostname":"8c53bb05c99c","delayMs":30617,"msg":"[PLEX_SERVER] Scheduling SSE reconnect"}
{"level":30,"time":1774431917224,"pid":7,"hostname":"8c53bb05c99c","msg":"[PLEX_SERVER] Opening SSE connection to Plex"}
{"level":40,"time":1774431917242,"pid":7,"hostname":"8c53bb05c99c","msg":"[PLEX_SERVER] SSE connection error"}
{"level":40,"time":1774431917243,"pid":7,"hostname":"8c53bb05c99c","msg":"[PLEX_SERVER] SSE disconnected - polling continues as fallback"}
{"level":30,"time":1774431917243,"pid":7,"hostname":"8c53bb05c99c","delayMs":33778,"msg":"[PLEX_SERVER] Scheduling SSE reconnect"}
{"level":30,"time":1774431951026,"pid":7,"hostname":"8c53bb05c99c","msg":"[PLEX_SERVER] Opening SSE connection to Plex"}
{"level":40,"time":1774431951053,"pid":7,"hostname":"8c53bb05c99c","msg":"[PLEX_SERVER] SSE connection error"}
{"level":40,"time":1774431951054,"pid":7,"hostname":"8c53bb05c99c","msg":"[PLEX_SERVER] SSE disconnected - polling continues as fallback"}
{"level":30,"time":1774431951054,"pid":7,"hostname":"8c53bb05c99c","delayMs":35085,"msg":"[PLEX_SERVER] Scheduling SSE reconnect"}
{"level":30,"time":1774431986143,"pid":7,"hostname":"8c53bb05c99c","msg":"[PLEX_SERVER] Opening SSE connection to Plex"}
{"level":40,"time":1774431986158,"pid":7,"hostname":"8c53bb05c99c","msg":"[PLEX_SERVER] SSE connection error"}
{"level":40,"time":1774431986159,"pid":7,"hostname":"8c53bb05c99c","msg":"[PLEX_SERVER] SSE disconnected - polling continues as fallback"}
{"level":30,"time":1774431986159,"pid":7,"hostname":"8c53bb05c99c","delayMs":37474,"msg":"[PLEX_SERVER] Scheduling SSE reconnect"}
{"level":40,"time":1774431991831,"pid":7,"hostname":"8c53bb05c99c","msg":"[PLEX_WATCHLIST] No friends found for Plex token"}
{"level":30,"time":1774431992344,"pid":7,"hostname":"8c53bb05c99c","msg":"[PLEX_WATCHLIST] Plex Pass status: not detected"}
{"level":30,"time":1774432023635,"pid":7,"hostname":"8c53bb05c99c","msg":"[PLEX_SERVER] Opening SSE connection to Plex"}
{"level":40,"time":1774432023653,"pid":7,"hostname":"8c53bb05c99c","msg":"[PLEX_SERVER] SSE connection error"}
{"level":40,"time":1774432023654,"pid":7,"hostname":"8c53bb05c99c","msg":"[PLEX_SERVER] SSE disconnected - polling continues as fallback"}
{"level":30,"time":1774432023655,"pid":7,"hostname":"8c53bb05c99c","delayMs":33476,"msg":"[PLEX_SERVER] Scheduling SSE reconnect"}
{"level":30,"time":1774432057215,"pid":7,"hostname":"8c53bb05c99c","msg":"[PLEX_SERVER] Opening SSE connection to Plex"}
{"level":40,"time":1774432058705,"pid":7,"hostname":"8c53bb05c99c","msg":"[PLEX_SERVER] SSE connection error"}
{"level":40,"time":1774432058705,"pid":7,"hostname":"8c53bb05c99c","msg":"[PLEX_SERVER] SSE disconnected - polling continues as fallback"}
{"level":30,"time":1774432058706,"pid":7,"hostname":"8c53bb05c99c","delayMs":33734,"msg":"[PLEX_SERVER] Scheduling SSE reconnect"}
{"level":30,"time":1774432092102,"pid":7,"hostname":"8c53bb05c99c","msg":"SIGTERM received, server closing"}
{"level":30,"time":1774432165248,"pid":7,"hostname":"8c53bb05c99c","msg":"Using baseUrl: http://localhost for service connections"}
{"level":30,"time":1774432165976,"pid":7,"hostname":"8c53bb05c99c","msg":"Config is now ready, resolving waitForConfig promise"}
{"level":30,"time":1774432165978,"pid":7,"hostname":"8c53bb05c99c","msg":"[PLEX_SERVER] Initializing PlexServerService"}
{"level":30,"time":1774432165982,"pid":7,"hostname":"8c53bb05c99c","msg":"[SCHEDULER] Scheduler service initialized"}
{"level":30,"time":1774432165982,"pid":7,"hostname":"8c53bb05c99c","msg":"[PLEX_LABEL_SYNC] Initializing PlexLabelSyncService"}
{"level":30,"time":1774432165983,"pid":7,"hostname":"8c53bb05c99c","msg":"[DELETE_SYNC] Initializing Delete Sync Service"}
{"level":30,"time":1774432165984,"pid":7,"hostname":"8c53bb05c99c","msg":"[API_KEY] Initializing ApiKeyService"}
{"level":30,"time":1774432166018,"pid":7,"hostname":"8c53bb05c99c","msg":"[CONTENT_ROUTER] Successfully loaded 9 router evaluators"}
{"level":30,"time":1774432166018,"pid":7,"hostname":"8c53bb05c99c","msg":"Content router initialized with plugins: Conditional Router, Streaming Availability Router, Ratings Router, Genre Router, User Router, Year Router, Season Router, Language Router, Certification Router"}
{"level":30,"time":1774432166019,"pid":7,"hostname":"8c53bb05c99c","msg":"[WATCHLIST_WORKFLOW] Initializing Watchlist Workflow Service"}
{"level":30,"time":1774432166019,"pid":7,"hostname":"8c53bb05c99c","msg":"[PLEX_SESSION_MONITOR] PlexSessionMonitorService initialized"}
{"level":30,"time":1774432166029,"pid":7,"hostname":"8c53bb05c99c","msg":"Config ready, starting workflow"}
{"level":30,"time":1774432167955,"pid":7,"hostname":"8c53bb05c99c","msg":"[PLEX_WATCHLIST] Successfully validated Plex token"}
{"level":30,"time":1774432167956,"pid":7,"hostname":"8c53bb05c99c","msg":"[WATCHLIST_WORKFLOW] Plex connection verified"}
{"level":30,"time":1774432168368,"pid":7,"hostname":"8c53bb05c99c","msg":"[PLEX_SERVER] Initializing PlexServerService connections and users"}
{"level":40,"time":1774432168369,"pid":7,"hostname":"8c53bb05c99c","msg":"[PLEX_WATCHLIST] Unable to generate an RSS feed: Unauthorized"}
{"level":30,"time":1774432168369,"pid":7,"hostname":"8c53bb05c99c","msg":"[PLEX_WATCHLIST] Generated watchlist RSS feed for self: None"}
{"level":40,"time":1774432168426,"pid":7,"hostname":"8c53bb05c99c","msg":"[PLEX_WATCHLIST] Unable to generate an RSS feed: Unauthorized"}
{"level":30,"time":1774432168427,"pid":7,"hostname":"8c53bb05c99c","msg":"[PLEX_WATCHLIST] Generated watchlist RSS feed for friends: None"}
{"level":40,"time":1774432168427,"pid":7,"hostname":"8c53bb05c99c","msg":"[PLEX_WATCHLIST] Missing RSS URL. Are you an active Plex Pass user?"}
{"level":40,"time":1774432168427,"pid":7,"hostname":"8c53bb05c99c","msg":"[PLEX_WATCHLIST] Real-time RSS sync disabled"}
{"level":40,"time":1774432168427,"pid":7,"hostname":"8c53bb05c99c","error":{"message":"Unable to fetch watchlist URLs","name":"Error","type":"Error","stack":"Error: Unable to fetch watchlist URLs\n    at generateAndSaveRssFeeds (/app/dist/services/plex-watchlist/orchestration/rss-processor.js:13:19)\n    at processTicksAndRejections (native:7:39)"},"msg":"[WATCHLIST_WORKFLOW] Failed to generate RSS feeds, falling back to manual sync"}
{"level":30,"time":1774432168431,"pid":7,"hostname":"8c53bb05c99c","msg":"[WATCHLIST_WORKFLOW] Periodic watchlist reconciliation job created (will be dynamically scheduled)"}
{"level":30,"time":1774432168431,"pid":7,"hostname":"8c53bb05c99c","msg":"[WATCHLIST_WORKFLOW] Deferred routing queue started"}
{"level":40,"time":1774432168608,"pid":7,"hostname":"8c53bb05c99c","msg":"[PLEX_SERVER] All connection tests failed - keeping full list as fallback"}
{"level":30,"time":1774432168609,"pid":7,"hostname":"8c53bb05c99c","msg":"[PLEX_SERVER] Found 1 Plex server connections (1 local, 0 relay)"}
{"level":40,"time":1774432168675,"pid":7,"hostname":"8c53bb05c99c","msg":"[PLEX_WATCHLIST] No friends found for Plex token"}
{"level":40,"time":1774432168753,"pid":7,"hostname":"8c53bb05c99c","msg":"[PLEX_SERVER] No Plex users found during initialization"}
{"level":30,"time":1774432168891,"pid":7,"hostname":"8c53bb05c99c","msg":"PlexServerService initialized successfully"}
{"level":30,"time":1774432168892,"pid":7,"hostname":"8c53bb05c99c","msg":"[PLEX_SERVER] Opening SSE connection to Plex"}
{"level":30,"time":1774432168893,"pid":7,"hostname":"8c53bb05c99c","msg":"[NOTIFICATIONS] [PLEX_MOBILE] Plex Pass status not yet determined — Plex mobile notifications deferred"}
{"level":30,"time":1774432168894,"pid":7,"hostname":"8c53bb05c99c","msg":"[NOTIFICATIONS] No Apprise URL configured, Apprise notifications will be disabled"}
{"level":30,"time":1774432168903,"pid":7,"hostname":"8c53bb05c99c","msg":"[SCHEDULER] Scheduler ready: 9 jobs scheduled and active"}
{"level":30,"time":1774432168909,"pid":7,"hostname":"8c53bb05c99c","msg":"Anime database already contains 10529 entries"}
{"level":40,"time":1774432168919,"pid":7,"hostname":"8c53bb05c99c","msg":"[PLEX_SERVER] SSE connection error"}
{"level":40,"time":1774432168919,"pid":7,"hostname":"8c53bb05c99c","msg":"[PLEX_SERVER] SSE disconnected - polling continues as fallback"}
{"level":30,"time":1774432168919,"pid":7,"hostname":"8c53bb05c99c","delayMs":1169,"msg":"[PLEX_SERVER] Scheduling SSE reconnect"}
{"level":30,"time":1774432168921,"pid":7,"hostname":"8c53bb05c99c","msg":"Server listening at http://127.0.0.1:3003"}
{"level":30,"time":1774432168921,"pid":7,"hostname":"8c53bb05c99c","msg":"Server listening at http://172.18.0.7:3003"}
{"level":30,"time":1774432169285,"pid":7,"hostname":"8c53bb05c99c","msg":"[PLEX_WATCHLIST] Plex Pass status: not detected"}
{"level":30,"time":1774432169369,"pid":7,"hostname":"8c53bb05c99c","friendCount":0,"msg":"[WATCHLIST_WORKFLOW] Watchlist baselines established for all users"}
{"level":40,"time":1774432169507,"pid":7,"hostname":"8c53bb05c99c","msg":"[PLEX_WATCHLIST] No friends found for Plex token"}
{"level":30,"time":1774432169894,"pid":7,"hostname":"8c53bb05c99c","msg":"[PLEX_WATCHLIST] Plex Pass status: not detected"}
{"level":30,"time":1774432169895,"pid":7,"hostname":"8c53bb05c99c","msg":"[WATCHLIST_WORKFLOW] Starting full reconciliation"}
{"level":30,"time":1774432169896,"pid":7,"hostname":"8c53bb05c99c","msg":"[WATCHLIST_WORKFLOW] Refreshing watchlists"}
{"level":30,"time":1774432169924,"pid":7,"hostname":"8c53bb05c99c","msg":"[RADARR] Credentials verified, attempting to setup webhook \"Pulsarr (host.docker.internal:3003)\" with URL for Radarr: http://host.docker.internal:3003/v1/notifications/webhook?instanceId=radarr7878"}
{"level":30,"time":1774432169925,"pid":7,"hostname":"8c53bb05c99c","msg":"[SONARR] Credentials verified, attempting to setup webhook \"Pulsarr (host.docker.internal:3003)\" with URL for Sonarr: http://host.docker.internal:3003/v1/notifications/webhook?instanceId=sonarr8989"}
{"level":40,"time":1774432170024,"pid":7,"hostname":"8c53bb05c99c","msg":"[PLEX_WATCHLIST] No friends found for Plex token"}
{"level":30,"time":1774432170092,"pid":7,"hostname":"8c53bb05c99c","msg":"[PLEX_SERVER] Opening SSE connection to Plex"}
{"level":40,"time":1774432170094,"pid":7,"hostname":"8c53bb05c99c","msg":"[PLEX_SERVER] SSE connection error"}
{"level":40,"time":1774432170095,"pid":7,"hostname":"8c53bb05c99c","msg":"[PLEX_SERVER] SSE disconnected - polling continues as fallback"}
{"level":30,"time":1774432170095,"pid":7,"hostname":"8c53bb05c99c","delayMs":2227,"msg":"[PLEX_SERVER] Scheduling SSE reconnect"}
{"level":30,"time":1774432170102,"pid":7,"hostname":"8c53bb05c99c","msg":"[PLEX_WATCHLIST] Plex Pass status: not detected"}
{"level":30,"time":1774432170154,"pid":7,"hostname":"8c53bb05c99c","msg":"[SONARR] Successfully updated Pulsarr webhook \"Pulsarr (host.docker.internal:3003)\" for Sonarr"}
{"level":30,"time":1774432170154,"pid":7,"hostname":"8c53bb05c99c","msg":"[RADARR] Successfully updated Pulsarr webhook \"Pulsarr (host.docker.internal:3003)\" for Radarr"}
{"level":30,"time":1774432170183,"pid":7,"hostname":"8c53bb05c99c","msg":"[PLEX_WATCHLIST] Self watchlist fetched successfully with 1 total items"}
{"level":30,"time":1774432170249,"pid":7,"hostname":"8c53bb05c99c","msg":"[PLEX_WATCHLIST] Plex Pass status: not detected"}
{"level":30,"time":1774432170250,"pid":7,"hostname":"8c53bb05c99c","msg":"[WATCHLIST_WORKFLOW] Watchlists refreshed successfully"}
{"level":30,"time":1774432170252,"pid":7,"hostname":"8c53bb05c99c","msg":"[WATCHLIST_WORKFLOW] Performing watchlist item sync"}
{"level":30,"time":1774432170448,"pid":7,"hostname":"8c53bb05c99c","title":"Sundays","contentType":"movie","syncing":false,"userId":1,"userName":"oscaarp","msg":"[CONTENT_ROUTER] Routing movie \"Sundays\""}
{"level":30,"time":1774432170449,"pid":7,"hostname":"8c53bb05c99c","msg":"[CONTENT_ROUTER] Existing approval request found with status \"auto_approved\" for \"Sundays\" by user oscaarp, skipping routing"}
{"level":30,"time":1774432170449,"pid":7,"hostname":"8c53bb05c99c","added":{"shows":0,"movies":0},"unmatched":{"shows":1,"movies":1},"skippedDueToUserSetting":0,"skippedDueToMissingIds":0,"skippedDueToWatchlistCap":0,"msg":"[WATCHLIST_WORKFLOW] Watchlist sync completed"}
{"level":30,"time":1774432170542,"pid":7,"hostname":"8c53bb05c99c","friendCount":0,"msg":"[WATCHLIST_WORKFLOW] Watchlist baselines established for all users"}
{"level":30,"time":1774432170543,"pid":7,"hostname":"8c53bb05c99c","msg":"[WATCHLIST_WORKFLOW] Full reconciliation completed"}
{"level":30,"time":1774432170544,"pid":7,"hostname":"8c53bb05c99c","msg":"[WATCHLIST_WORKFLOW] Scheduled next periodic reconciliation in 120 minutes"}
{"level":30,"time":1774432170545,"pid":7,"hostname":"8c53bb05c99c","msg":"[WATCHLIST_WORKFLOW] Watchlist workflow running in ETag mode (5-minute staggered polling, 2-hour full reconciliation)"}
{"level":40,"time":1774432170671,"pid":7,"hostname":"8c53bb05c99c","msg":"[PLEX_WATCHLIST] No friends found for Plex token"}
{"level":30,"time":1774432170878,"pid":7,"hostname":"8c53bb05c99c","msg":"[PLEX_WATCHLIST] Plex Pass status: not detected"}
{"level":30,"time":1774432170879,"pid":7,"hostname":"8c53bb05c99c","userCount":1,"msg":"[WATCHLIST_WORKFLOW] Starting staggered ETag polling (5-minute cycles)"}
{"level":40,"time":1774432171027,"pid":7,"hostname":"8c53bb05c99c","msg":"[PLEX_WATCHLIST] No friends found for Plex token"}
{"level":30,"time":1774432171232,"pid":7,"hostname":"8c53bb05c99c","msg":"[PLEX_WATCHLIST] Plex Pass status: not detected"}
{"level":30,"time":1774432172327,"pid":7,"hostname":"8c53bb05c99c","msg":"[PLEX_SERVER] Opening SSE connection to Plex"}
{"level":40,"time":1774432172330,"pid":7,"hostname":"8c53bb05c99c","msg":"[PLEX_SERVER] SSE connection error"}
{"level":40,"time":1774432172330,"pid":7,"hostname":"8c53bb05c99c","msg":"[PLEX_SERVER] SSE disconnected - polling continues as fallback"}
{"level":30,"time":1774432172331,"pid":7,"hostname":"8c53bb05c99c","delayMs":4717,"msg":"[PLEX_SERVER] Scheduling SSE reconnect"}
{"level":30,"time":1774432177050,"pid":7,"hostname":"8c53bb05c99c","msg":"[PLEX_SERVER] Opening SSE connection to Plex"}
{"level":40,"time":1774432177060,"pid":7,"hostname":"8c53bb05c99c","msg":"[PLEX_SERVER] SSE connection error"}
{"level":40,"time":1774432177061,"pid":7,"hostname":"8c53bb05c99c","msg":"[PLEX_SERVER] SSE disconnected - polling continues as fallback"}
{"level":30,"time":1774432177061,"pid":7,"hostname":"8c53bb05c99c","delayMs":8356,"msg":"[PLEX_SERVER] Scheduling SSE reconnect"}
{"level":30,"time":1774432185426,"pid":7,"hostname":"8c53bb05c99c","msg":"[PLEX_SERVER] Opening SSE connection to Plex"}
{"level":40,"time":1774432185432,"pid":7,"hostname":"8c53bb05c99c","msg":"[PLEX_SERVER] SSE connection error"}
{"level":40,"time":1774432185433,"pid":7,"hostname":"8c53bb05c99c","msg":"[PLEX_SERVER] SSE disconnected - polling continues as fallback"}
{"level":30,"time":1774432185434,"pid":7,"hostname":"8c53bb05c99c","delayMs":16747,"msg":"[PLEX_SERVER] Scheduling SSE reconnect"}
{"level":30,"time":1774432202277,"pid":7,"hostname":"8c53bb05c99c","msg":"[PLEX_SERVER] Opening SSE connection to Plex"}
{"level":40,"time":1774432202293,"pid":7,"hostname":"8c53bb05c99c","msg":"[PLEX_SERVER] SSE connection error"}
{"level":40,"time":1774432202294,"pid":7,"hostname":"8c53bb05c99c","msg":"[PLEX_SERVER] SSE disconnected - polling continues as fallback"}
{"level":30,"time":1774432202294,"pid":7,"hostname":"8c53bb05c99c","delayMs":34500,"msg":"[PLEX_SERVER] Scheduling SSE reconnect"}
{"level":30,"time":1774432236796,"pid":7,"hostname":"8c53bb05c99c","msg":"[PLEX_SERVER] Opening SSE connection to Plex"}
{"level":40,"time":1774432236812,"pid":7,"hostname":"8c53bb05c99c","msg":"[PLEX_SERVER] SSE connection error"}
{"level":40,"time":1774432236813,"pid":7,"hostname":"8c53bb05c99c","msg":"[PLEX_SERVER] SSE disconnected - polling continues as fallback"}
{"level":30,"time":1774432236814,"pid":7,"hostname":"8c53bb05c99c","delayMs":31619,"msg":"[PLEX_SERVER] Scheduling SSE reconnect"}
{"level":30,"time":1774432268441,"pid":7,"hostname":"8c53bb05c99c","msg":"[PLEX_SERVER] Opening SSE connection to Plex"}
{"level":40,"time":1774432268456,"pid":7,"hostname":"8c53bb05c99c","msg":"[PLEX_SERVER] SSE connection error"}
{"level":40,"time":1774432268457,"pid":7,"hostname":"8c53bb05c99c","msg":"[PLEX_SERVER] SSE disconnected - polling continues as fallback"}
{"level":30,"time":1774432268457,"pid":7,"hostname":"8c53bb05c99c","delayMs":31763,"msg":"[PLEX_SERVER] Scheduling SSE reconnect"}
{"level":30,"time":1774432300220,"pid":7,"hostname":"8c53bb05c99c","msg":"[PLEX_SERVER] Opening SSE connection to Plex"}
{"level":40,"time":1774432300235,"pid":7,"hostname":"8c53bb05c99c","msg":"[PLEX_SERVER] SSE connection error"}
{"level":40,"time":1774432300235,"pid":7,"hostname":"8c53bb05c99c","msg":"[PLEX_SERVER] SSE disconnected - polling continues as fallback"}
{"level":30,"time":1774432300236,"pid":7,"hostname":"8c53bb05c99c","delayMs":34461,"msg":"[PLEX_SERVER] Scheduling SSE reconnect"}
{"level":40,"time":1774432329139,"pid":7,"hostname":"8c53bb05c99c","msg":"[PLEX_WATCHLIST] No friends found for Plex token"}
{"level":30,"time":1774432329637,"pid":7,"hostname":"8c53bb05c99c","msg":"[PLEX_WATCHLIST] Plex Pass status: not detected"}
{"level":30,"time":1774432334701,"pid":7,"hostname":"8c53bb05c99c","msg":"[PLEX_SERVER] Opening SSE connection to Plex"}
{"level":40,"time":1774432334712,"pid":7,"hostname":"8c53bb05c99c","msg":"[PLEX_SERVER] SSE connection error"}
{"level":40,"time":1774432334712,"pid":7,"hostname":"8c53bb05c99c","msg":"[PLEX_SERVER] SSE disconnected - polling continues as fallback"}
{"level":30,"time":1774432334713,"pid":7,"hostname":"8c53bb05c99c","delayMs":30507,"msg":"[PLEX_SERVER] Scheduling SSE reconnect"}
{"level":30,"time":1774432365220,"pid":7,"hostname":"8c53bb05c99c","msg":"[PLEX_SERVER] Opening SSE connection to Plex"}
{"level":40,"time":1774432365228,"pid":7,"hostname":"8c53bb05c99c","msg":"[PLEX_SERVER] SSE connection error"}
{"level":40,"time":1774432365228,"pid":7,"hostname":"8c53bb05c99c","msg":"[PLEX_SERVER] SSE disconnected - polling continues as fallback"}
{"level":30,"time":1774432365229,"pid":7,"hostname":"8c53bb05c99c","delayMs":33181,"msg":"[PLEX_SERVER] Scheduling SSE reconnect"}
{"level":30,"time":1774432398418,"pid":7,"hostname":"8c53bb05c99c","msg":"[PLEX_SERVER] Opening SSE connection to Plex"}
{"level":40,"time":1774432398433,"pid":7,"hostname":"8c53bb05c99c","msg":"[PLEX_SERVER] SSE connection error"}
{"level":40,"time":1774432398433,"pid":7,"hostname":"8c53bb05c99c","msg":"[PLEX_SERVER] SSE disconnected - polling continues as fallback"}
{"level":30,"time":1774432398433,"pid":7,"hostname":"8c53bb05c99c","delayMs":35803,"msg":"[PLEX_SERVER] Scheduling SSE reconnect"}
{"level":30,"time":1774432434237,"pid":7,"hostname":"8c53bb05c99c","msg":"[PLEX_SERVER] Opening SSE connection to Plex"}
{"level":40,"time":1774432434248,"pid":7,"hostname":"8c53bb05c99c","msg":"[PLEX_SERVER] SSE connection error"}
{"level":40,"time":1774432434248,"pid":7,"hostname":"8c53bb05c99c","msg":"[PLEX_SERVER] SSE disconnected - polling continues as fallback"}
{"level":30,"time":1774432434249,"pid":7,"hostname":"8c53bb05c99c","delayMs":31242,"msg":"[PLEX_SERVER] Scheduling SSE reconnect"}
{"level":30,"time":1774432465498,"pid":7,"hostname":"8c53bb05c99c","msg":"[PLEX_SERVER] Opening SSE connection to Plex"}
{"level":40,"time":1774432465517,"pid":7,"hostname":"8c53bb05c99c","msg":"[PLEX_SERVER] SSE connection error"}
{"level":40,"time":1774432465518,"pid":7,"hostname":"8c53bb05c99c","msg":"[PLEX_SERVER] SSE disconnected - polling continues as fallback"}
{"level":30,"time":1774432465518,"pid":7,"hostname":"8c53bb05c99c","delayMs":34443,"msg":"[PLEX_SERVER] Scheduling SSE reconnect"}
{"level":40,"time":1774432487762,"pid":7,"hostname":"8c53bb05c99c","msg":"[PLEX_WATCHLIST] No friends found for Plex token"}
{"level":30,"time":1774432488260,"pid":7,"hostname":"8c53bb05c99c","msg":"[PLEX_WATCHLIST] Plex Pass status: not detected"}
{"level":30,"time":1774432499970,"pid":7,"hostname":"8c53bb05c99c","msg":"[PLEX_SERVER] Opening SSE connection to Plex"}
{"level":40,"time":1774432499983,"pid":7,"hostname":"8c53bb05c99c","msg":"[PLEX_SERVER] SSE connection error"}
{"level":40,"time":1774432499984,"pid":7,"hostname":"8c53bb05c99c","msg":"[PLEX_SERVER] SSE disconnected - polling continues as fallback"}
{"level":30,"time":1774432499984,"pid":7,"hostname":"8c53bb05c99c","delayMs":30493,"msg":"[PLEX_SERVER] Scheduling SSE reconnect"}
{"level":30,"time":1774432530478,"pid":7,"hostname":"8c53bb05c99c","msg":"[PLEX_SERVER] Opening SSE connection to Plex"}
{"level":40,"time":1774432530499,"pid":7,"hostname":"8c53bb05c99c","msg":"[PLEX_SERVER] SSE connection error"}
{"level":40,"time":1774432530499,"pid":7,"hostname":"8c53bb05c99c","msg":"[PLEX_SERVER] SSE disconnected - polling continues as fallback"}
{"level":30,"time":1774432530500,"pid":7,"hostname":"8c53bb05c99c","delayMs":31135,"msg":"[PLEX_SERVER] Scheduling SSE reconnect"}
{"level":30,"time":1774432561638,"pid":7,"hostname":"8c53bb05c99c","msg":"[PLEX_SERVER] Opening SSE connection to Plex"}
{"level":40,"time":1774432561650,"pid":7,"hostname":"8c53bb05c99c","msg":"[PLEX_SERVER] SSE connection error"}
{"level":40,"time":1774432561650,"pid":7,"hostname":"8c53bb05c99c","msg":"[PLEX_SERVER] SSE disconnected - polling continues as fallback"}
{"level":30,"time":1774432561651,"pid":7,"hostname":"8c53bb05c99c","delayMs":33081,"msg":"[PLEX_SERVER] Scheduling SSE reconnect"}
{"level":30,"time":1774432594731,"pid":7,"hostname":"8c53bb05c99c","msg":"[PLEX_SERVER] Opening SSE connection to Plex"}
{"level":40,"time":1774432594751,"pid":7,"hostname":"8c53bb05c99c","msg":"[PLEX_SERVER] SSE connection error"}
{"level":40,"time":1774432594752,"pid":7,"hostname":"8c53bb05c99c","msg":"[PLEX_SERVER] SSE disconnected - polling continues as fallback"}
{"level":30,"time":1774432594752,"pid":7,"hostname":"8c53bb05c99c","delayMs":33963,"msg":"[PLEX_SERVER] Scheduling SSE reconnect"}
{"level":30,"time":1774432628723,"pid":7,"hostname":"8c53bb05c99c","msg":"[PLEX_SERVER] Opening SSE connection to Plex"}
{"level":40,"time":1774432628740,"pid":7,"hostname":"8c53bb05c99c","msg":"[PLEX_SERVER] SSE connection error"}
{"level":40,"time":1774432628741,"pid":7,"hostname":"8c53bb05c99c","msg":"[PLEX_SERVER] SSE disconnected - polling continues as fallback"}
{"level":30,"time":1774432628741,"pid":7,"hostname":"8c53bb05c99c","delayMs":32778,"msg":"[PLEX_SERVER] Scheduling SSE reconnect"}
{"level":40,"time":1774432639262,"pid":7,"hostname":"8c53bb05c99c","msg":"[PLEX_WATCHLIST] No friends found for Plex token"}
{"level":30,"time":1774432639814,"pid":7,"hostname":"8c53bb05c99c","msg":"[PLEX_WATCHLIST] Plex Pass status: not detected"}
{"level":30,"time":1774432661525,"pid":7,"hostname":"8c53bb05c99c","msg":"[PLEX_SERVER] Opening SSE connection to Plex"}
{"level":40,"time":1774432661538,"pid":7,"hostname":"8c53bb05c99c","msg":"[PLEX_SERVER] SSE connection error"}
{"level":40,"time":1774432661539,"pid":7,"hostname":"8c53bb05c99c","msg":"[PLEX_SERVER] SSE disconnected - polling continues as fallback"}
{"level":30,"time":1774432661539,"pid":7,"hostname":"8c53bb05c99c","delayMs":32496,"msg":"[PLEX_SERVER] Scheduling SSE reconnect"}
{"level":30,"time":1774432694041,"pid":7,"hostname":"8c53bb05c99c","msg":"[PLEX_SERVER] Opening SSE connection to Plex"}
{"level":40,"time":1774432694065,"pid":7,"hostname":"8c53bb05c99c","msg":"[PLEX_SERVER] SSE connection error"}
{"level":40,"time":1774432694065,"pid":7,"hostname":"8c53bb05c99c","msg":"[PLEX_SERVER] SSE disconnected - polling continues as fallback"}
{"level":30,"time":1774432694066,"pid":7,"hostname":"8c53bb05c99c","delayMs":32795,"msg":"[PLEX_SERVER] Scheduling SSE reconnect"}
{"level":30,"time":1774432726863,"pid":7,"hostname":"8c53bb05c99c","msg":"[PLEX_SERVER] Opening SSE connection to Plex"}
{"level":40,"time":1774432726882,"pid":7,"hostname":"8c53bb05c99c","msg":"[PLEX_SERVER] SSE connection error"}
{"level":40,"time":1774432726883,"pid":7,"hostname":"8c53bb05c99c","msg":"[PLEX_SERVER] SSE disconnected - polling continues as fallback"}
{"level":30,"time":1774432726884,"pid":7,"hostname":"8c53bb05c99c","delayMs":30963,"msg":"[PLEX_SERVER] Scheduling SSE reconnect"}
{"level":30,"time":1774432757853,"pid":7,"hostname":"8c53bb05c99c","msg":"[PLEX_SERVER] Opening SSE connection to Plex"}
{"level":40,"time":1774432757870,"pid":7,"hostname":"8c53bb05c99c","msg":"[PLEX_SERVER] SSE connection error"}
{"level":40,"time":1774432757871,"pid":7,"hostname":"8c53bb05c99c","msg":"[PLEX_SERVER] SSE disconnected - polling continues as fallback"}
{"level":30,"time":1774432757871,"pid":7,"hostname":"8c53bb05c99c","delayMs":31127,"msg":"[PLEX_SERVER] Scheduling SSE reconnect"}
{"level":30,"time":1774432789009,"pid":7,"hostname":"8c53bb05c99c","msg":"[PLEX_SERVER] Opening SSE connection to Plex"}
{"level":40,"time":1774432789022,"pid":7,"hostname":"8c53bb05c99c","msg":"[PLEX_SERVER] SSE connection error"}
{"level":40,"time":1774432789022,"pid":7,"hostname":"8c53bb05c99c","msg":"[PLEX_SERVER] SSE disconnected - polling continues as fallback"}
{"level":30,"time":1774432789022,"pid":7,"hostname":"8c53bb05c99c","delayMs":30659,"msg":"[PLEX_SERVER] Scheduling SSE reconnect"}
{"level":40,"time":1774432797008,"pid":7,"hostname":"8c53bb05c99c","msg":"[PLEX_WATCHLIST] No friends found for Plex token"}
{"level":30,"time":1774432797483,"pid":7,"hostname":"8c53bb05c99c","msg":"[PLEX_WATCHLIST] Plex Pass status: not detected"}
{"level":30,"time":1774432819681,"pid":7,"hostname":"8c53bb05c99c","msg":"[PLEX_SERVER] Opening SSE connection to Plex"}
{"level":40,"time":1774432819701,"pid":7,"hostname":"8c53bb05c99c","msg":"[PLEX_SERVER] SSE connection error"}
{"level":40,"time":1774432819702,"pid":7,"hostname":"8c53bb05c99c","msg":"[PLEX_SERVER] SSE disconnected - polling continues as fallback"}
{"level":30,"time":1774432819703,"pid":7,"hostname":"8c53bb05c99c","delayMs":31793,"msg":"[PLEX_SERVER] Scheduling SSE reconnect"}
{"level":30,"time":1774432851499,"pid":7,"hostname":"8c53bb05c99c","msg":"[PLEX_SERVER] Opening SSE connection to Plex"}
{"level":40,"time":1774432851515,"pid":7,"hostname":"8c53bb05c99c","msg":"[PLEX_SERVER] SSE connection error"}
{"level":40,"time":1774432851516,"pid":7,"hostname":"8c53bb05c99c","msg":"[PLEX_SERVER] SSE disconnected - polling continues as fallback"}
{"level":30,"time":1774432851517,"pid":7,"hostname":"8c53bb05c99c","delayMs":34869,"msg":"[PLEX_SERVER] Scheduling SSE reconnect"}
{"level":30,"time":1774432886388,"pid":7,"hostname":"8c53bb05c99c","msg":"[PLEX_SERVER] Opening SSE connection to Plex"}
{"level":40,"time":1774432886404,"pid":7,"hostname":"8c53bb05c99c","msg":"[PLEX_SERVER] SSE connection error"}
{"level":40,"time":1774432886405,"pid":7,"hostname":"8c53bb05c99c","msg":"[PLEX_SERVER] SSE disconnected - polling continues as fallback"}
{"level":30,"time":1774432886405,"pid":7,"hostname":"8c53bb05c99c","delayMs":33022,"msg":"[PLEX_SERVER] Scheduling SSE reconnect"}
{"level":30,"time":1774432919391,"pid":7,"hostname":"8c53bb05c99c","msg":"[PLEX_SERVER] Opening SSE connection to Plex"}
{"level":40,"time":1774432919413,"pid":7,"hostname":"8c53bb05c99c","msg":"[PLEX_SERVER] SSE connection error"}
{"level":40,"time":1774432919414,"pid":7,"hostname":"8c53bb05c99c","msg":"[PLEX_SERVER] SSE disconnected - polling continues as fallback"}
{"level":30,"time":1774432919414,"pid":7,"hostname":"8c53bb05c99c","delayMs":30124,"msg":"[PLEX_SERVER] Scheduling SSE reconnect"}
{"level":30,"time":1774432949539,"pid":7,"hostname":"8c53bb05c99c","msg":"[PLEX_SERVER] Opening SSE connection to Plex"}
{"level":40,"time":1774432949545,"pid":7,"hostname":"8c53bb05c99c","msg":"[PLEX_SERVER] SSE connection error"}
{"level":40,"time":1774432949545,"pid":7,"hostname":"8c53bb05c99c","msg":"[PLEX_SERVER] SSE disconnected - polling continues as fallback"}
{"level":30,"time":1774432949546,"pid":7,"hostname":"8c53bb05c99c","delayMs":31043,"msg":"[PLEX_SERVER] Scheduling SSE reconnect"}
{"level":40,"time":1774432961754,"pid":7,"hostname":"8c53bb05c99c","msg":"[PLEX_WATCHLIST] No friends found for Plex token"}
{"level":30,"time":1774432962623,"pid":7,"hostname":"8c53bb05c99c","msg":"[PLEX_WATCHLIST] Plex Pass status: not detected"}
{"level":30,"time":1774432980587,"pid":7,"hostname":"8c53bb05c99c","msg":"[PLEX_SERVER] Opening SSE connection to Plex"}
{"level":40,"time":1774432980601,"pid":7,"hostname":"8c53bb05c99c","msg":"[PLEX_SERVER] SSE connection error"}
{"level":40,"time":1774432980601,"pid":7,"hostname":"8c53bb05c99c","msg":"[PLEX_SERVER] SSE disconnected - polling continues as fallback"}
{"level":30,"time":1774432980601,"pid":7,"hostname":"8c53bb05c99c","delayMs":35409,"msg":"[PLEX_SERVER] Scheduling SSE reconnect"}
{"level":30,"time":1774433016011,"pid":7,"hostname":"8c53bb05c99c","msg":"[PLEX_SERVER] Opening SSE connection to Plex"}
{"level":40,"time":1774433016016,"pid":7,"hostname":"8c53bb05c99c","msg":"[PLEX_SERVER] SSE connection error"}
{"level":40,"time":1774433016016,"pid":7,"hostname":"8c53bb05c99c","msg":"[PLEX_SERVER] SSE disconnected - polling continues as fallback"}
{"level":30,"time":1774433016017,"pid":7,"hostname":"8c53bb05c99c","delayMs":34851,"msg":"[PLEX_SERVER] Scheduling SSE reconnect"}
{"level":30,"time":1774433050868,"pid":7,"hostname":"8c53bb05c99c","msg":"[PLEX_SERVER] Opening SSE connection to Plex"}
{"level":40,"time":1774433050884,"pid":7,"hostname":"8c53bb05c99c","msg":"[PLEX_SERVER] SSE connection error"}
{"level":40,"time":1774433050884,"pid":7,"hostname":"8c53bb05c99c","msg":"[PLEX_SERVER] SSE disconnected - polling continues as fallback"}
{"level":30,"time":1774433050885,"pid":7,"hostname":"8c53bb05c99c","delayMs":31174,"msg":"[PLEX_SERVER] Scheduling SSE reconnect"}
{"level":30,"time":1774433082060,"pid":7,"hostname":"8c53bb05c99c","msg":"[PLEX_SERVER] Opening SSE connection to Plex"}
{"level":40,"time":1774433082073,"pid":7,"hostname":"8c53bb05c99c","msg":"[PLEX_SERVER] SSE connection error"}
{"level":40,"time":1774433082074,"pid":7,"hostname":"8c53bb05c99c","msg":"[PLEX_SERVER] SSE disconnected - polling continues as fallback"}
{"level":30,"time":1774433082074,"pid":7,"hostname":"8c53bb05c99c","delayMs":32033,"msg":"[PLEX_SERVER] Scheduling SSE reconnect"}
{"level":40,"time":1774433105431,"pid":7,"hostname":"8c53bb05c99c","msg":"[PLEX_WATCHLIST] No friends found for Plex token"}
{"level":30,"time":1774433105991,"pid":7,"hostname":"8c53bb05c99c","msg":"[PLEX_WATCHLIST] Plex Pass status: not detected"}
{"level":30,"time":1774433114107,"pid":7,"hostname":"8c53bb05c99c","msg":"[PLEX_SERVER] Opening SSE connection to Plex"}
{"level":40,"time":1774433114112,"pid":7,"hostname":"8c53bb05c99c","msg":"[PLEX_SERVER] SSE connection error"}
{"level":40,"time":1774433114112,"pid":7,"hostname":"8c53bb05c99c","msg":"[PLEX_SERVER] SSE disconnected - polling continues as fallback"}
{"level":30,"time":1774433114112,"pid":7,"hostname":"8c53bb05c99c","delayMs":30377,"msg":"[PLEX_SERVER] Scheduling SSE reconnect"}
{"level":30,"time":1774433144490,"pid":7,"hostname":"8c53bb05c99c","msg":"[PLEX_SERVER] Opening SSE connection to Plex"}
{"level":40,"time":1774433144508,"pid":7,"hostname":"8c53bb05c99c","msg":"[PLEX_SERVER] SSE connection error"}
{"level":40,"time":1774433144509,"pid":7,"hostname":"8c53bb05c99c","msg":"[PLEX_SERVER] SSE disconnected - polling continues as fallback"}
{"level":30,"time":1774433144509,"pid":7,"hostname":"8c53bb05c99c","delayMs":37004,"msg":"[PLEX_SERVER] Scheduling SSE reconnect"}
{"level":30,"time":1774433181521,"pid":7,"hostname":"8c53bb05c99c","msg":"[PLEX_SERVER] Opening SSE connection to Plex"}
{"level":40,"time":1774433181534,"pid":7,"hostname":"8c53bb05c99c","msg":"[PLEX_SERVER] SSE connection error"}
{"level":40,"time":1774433181535,"pid":7,"hostname":"8c53bb05c99c","msg":"[PLEX_SERVER] SSE disconnected - polling continues as fallback"}
{"level":30,"time":1774433181536,"pid":7,"hostname":"8c53bb05c99c","delayMs":32660,"msg":"[PLEX_SERVER] Scheduling SSE reconnect"}
{"level":30,"time":1774433214199,"pid":7,"hostname":"8c53bb05c99c","msg":"[PLEX_SERVER] Opening SSE connection to Plex"}
{"level":40,"time":1774433214208,"pid":7,"hostname":"8c53bb05c99c","msg":"[PLEX_SERVER] SSE connection error"}
{"level":40,"time":1774433214208,"pid":7,"hostname":"8c53bb05c99c","msg":"[PLEX_SERVER] SSE disconnected - polling continues as fallback"}
{"level":30,"time":1774433214208,"pid":7,"hostname":"8c53bb05c99c","delayMs":34953,"msg":"[PLEX_SERVER] Scheduling SSE reconnect"}
{"level":40,"time":1774433243470,"pid":7,"hostname":"8c53bb05c99c","msg":"[PLEX_WATCHLIST] No friends found for Plex token"}
{"level":30,"time":1774433244037,"pid":7,"hostname":"8c53bb05c99c","msg":"[PLEX_WATCHLIST] Plex Pass status: not detected"}
{"level":30,"time":1774433249164,"pid":7,"hostname":"8c53bb05c99c","msg":"[PLEX_SERVER] Opening SSE connection to Plex"}
{"level":40,"time":1774433249176,"pid":7,"hostname":"8c53bb05c99c","msg":"[PLEX_SERVER] SSE connection error"}
{"level":40,"time":1774433249177,"pid":7,"hostname":"8c53bb05c99c","msg":"[PLEX_SERVER] SSE disconnected - polling continues as fallback"}
{"level":30,"time":1774433249177,"pid":7,"hostname":"8c53bb05c99c","delayMs":30597,"msg":"[PLEX_SERVER] Scheduling SSE reconnect"}
{"level":30,"time":1774433279774,"pid":7,"hostname":"8c53bb05c99c","msg":"[PLEX_SERVER] Opening SSE connection to Plex"}
{"level":40,"time":1774433279781,"pid":7,"hostname":"8c53bb05c99c","msg":"[PLEX_SERVER] SSE connection error"}
{"level":40,"time":1774433279782,"pid":7,"hostname":"8c53bb05c99c","msg":"[PLEX_SERVER] SSE disconnected - polling continues as fallback"}
{"level":30,"time":1774433279782,"pid":7,"hostname":"8c53bb05c99c","delayMs":34509,"msg":"[PLEX_SERVER] Scheduling SSE reconnect"}
{"level":30,"time":1774433314293,"pid":7,"hostname":"8c53bb05c99c","msg":"[PLEX_SERVER] Opening SSE connection to Plex"}
{"level":40,"time":1774433314301,"pid":7,"hostname":"8c53bb05c99c","msg":"[PLEX_SERVER] SSE connection error"}
{"level":40,"time":1774433314302,"pid":7,"hostname":"8c53bb05c99c","msg":"[PLEX_SERVER] SSE disconnected - polling continues as fallback"}
{"level":30,"time":1774433314302,"pid":7,"hostname":"8c53bb05c99c","delayMs":32952,"msg":"[PLEX_SERVER] Scheduling SSE reconnect"}
{"level":30,"time":1774433347255,"pid":7,"hostname":"8c53bb05c99c","msg":"[PLEX_SERVER] Opening SSE connection to Plex"}
{"level":40,"time":1774433347267,"pid":7,"hostname":"8c53bb05c99c","msg":"[PLEX_SERVER] SSE connection error"}
{"level":40,"time":1774433347268,"pid":7,"hostname":"8c53bb05c99c","msg":"[PLEX_SERVER] SSE disconnected - polling continues as fallback"}
{"level":30,"time":1774433347268,"pid":7,"hostname":"8c53bb05c99c","delayMs":36507,"msg":"[PLEX_SERVER] Scheduling SSE reconnect"}
{"level":40,"time":1774433381793,"pid":7,"hostname":"8c53bb05c99c","msg":"[PLEX_WATCHLIST] No friends found for Plex token"}
{"level":30,"time":1774433382244,"pid":7,"hostname":"8c53bb05c99c","msg":"[PLEX_WATCHLIST] Plex Pass status: not detected"}
{"level":30,"time":1774433383775,"pid":7,"hostname":"8c53bb05c99c","msg":"[PLEX_SERVER] Opening SSE connection to Plex"}
{"level":40,"time":1774433383784,"pid":7,"hostname":"8c53bb05c99c","msg":"[PLEX_SERVER] SSE connection error"}
{"level":40,"time":1774433383784,"pid":7,"hostname":"8c53bb05c99c","msg":"[PLEX_SERVER] SSE disconnected - polling continues as fallback"}
{"level":30,"time":1774433383784,"pid":7,"hostname":"8c53bb05c99c","delayMs":34438,"msg":"[PLEX_SERVER] Scheduling SSE reconnect"}
{"level":30,"time":1774433418227,"pid":7,"hostname":"8c53bb05c99c","msg":"[PLEX_SERVER] Opening SSE connection to Plex"}
{"level":40,"time":1774433418240,"pid":7,"hostname":"8c53bb05c99c","msg":"[PLEX_SERVER] SSE connection error"}
{"level":40,"time":1774433418240,"pid":7,"hostname":"8c53bb05c99c","msg":"[PLEX_SERVER] SSE disconnected - polling continues as fallback"}
{"level":30,"time":1774433418241,"pid":7,"hostname":"8c53bb05c99c","delayMs":32968,"msg":"[PLEX_SERVER] Scheduling SSE reconnect"}
{"level":30,"time":1774433451212,"pid":7,"hostname":"8c53bb05c99c","msg":"[PLEX_SERVER] Opening SSE connection to Plex"}
{"level":40,"time":1774433451227,"pid":7,"hostname":"8c53bb05c99c","msg":"[PLEX_SERVER] SSE connection error"}
{"level":40,"time":1774433451228,"pid":7,"hostname":"8c53bb05c99c","msg":"[PLEX_SERVER] SSE disconnected - polling continues as fallback"}
{"level":30,"time":1774433451228,"pid":7,"hostname":"8c53bb05c99c","delayMs":34050,"msg":"[PLEX_SERVER] Scheduling SSE reconnect"}
{"level":30,"time":1774433485283,"pid":7,"hostname":"8c53bb05c99c","msg":"[PLEX_SERVER] Opening SSE connection to Plex"}
{"level":40,"time":1774433485296,"pid":7,"hostname":"8c53bb05c99c","msg":"[PLEX_SERVER] SSE connection error"}
{"level":40,"time":1774433485296,"pid":7,"hostname":"8c53bb05c99c","msg":"[PLEX_SERVER] SSE disconnected - polling continues as fallback"}
{"level":30,"time":1774433485296,"pid":7,"hostname":"8c53bb05c99c","delayMs":35070,"msg":"[PLEX_SERVER] Scheduling SSE reconnect"}
{"level":30,"time":1774433520373,"pid":7,"hostname":"8c53bb05c99c","msg":"[PLEX_SERVER] Opening SSE connection to Plex"}
{"level":40,"time":1774433520386,"pid":7,"hostname":"8c53bb05c99c","msg":"[PLEX_SERVER] SSE connection error"}
{"level":40,"time":1774433520386,"pid":7,"hostname":"8c53bb05c99c","msg":"[PLEX_SERVER] SSE disconnected - polling continues as fallback"}
{"level":30,"time":1774433520386,"pid":7,"hostname":"8c53bb05c99c","delayMs":32584,"msg":"[PLEX_SERVER] Scheduling SSE reconnect"}
{"level":40,"time":1774433540706,"pid":7,"hostname":"8c53bb05c99c","msg":"[PLEX_WATCHLIST] No friends found for Plex token"}
{"level":30,"time":1774433541179,"pid":7,"hostname":"8c53bb05c99c","msg":"[PLEX_WATCHLIST] Plex Pass status: not detected"}
{"level":30,"time":1774433552972,"pid":7,"hostname":"8c53bb05c99c","msg":"[PLEX_SERVER] Opening SSE connection to Plex"}
{"level":40,"time":1774433552989,"pid":7,"hostname":"8c53bb05c99c","msg":"[PLEX_SERVER] SSE connection error"}
{"level":40,"time":1774433552990,"pid":7,"hostname":"8c53bb05c99c","msg":"[PLEX_SERVER] SSE disconnected - polling continues as fallback"}
{"level":30,"time":1774433552991,"pid":7,"hostname":"8c53bb05c99c","delayMs":30703,"msg":"[PLEX_SERVER] Scheduling SSE reconnect"}
{"level":30,"time":1774433583693,"pid":7,"hostname":"8c53bb05c99c","msg":"[PLEX_SERVER] Opening SSE connection to Plex"}
{"level":40,"time":1774433583704,"pid":7,"hostname":"8c53bb05c99c","msg":"[PLEX_SERVER] SSE connection error"}
{"level":40,"time":1774433583704,"pid":7,"hostname":"8c53bb05c99c","msg":"[PLEX_SERVER] SSE disconnected - polling continues as fallback"}
{"level":30,"time":1774433583704,"pid":7,"hostname":"8c53bb05c99c","delayMs":33354,"msg":"[PLEX_SERVER] Scheduling SSE reconnect"}
{"level":30,"time":1774433617058,"pid":7,"hostname":"8c53bb05c99c","msg":"[PLEX_SERVER] Opening SSE connection to Plex"}
{"level":40,"time":1774433617066,"pid":7,"hostname":"8c53bb05c99c","msg":"[PLEX_SERVER] SSE connection error"}
{"level":40,"time":1774433617066,"pid":7,"hostname":"8c53bb05c99c","msg":"[PLEX_SERVER] SSE disconnected - polling continues as fallback"}
{"level":30,"time":1774433617067,"pid":7,"hostname":"8c53bb05c99c","delayMs":36876,"msg":"[PLEX_SERVER] Scheduling SSE reconnect"}
{"level":30,"time":1774433653942,"pid":7,"hostname":"8c53bb05c99c","msg":"[PLEX_SERVER] Opening SSE connection to Plex"}
{"level":40,"time":1774433653955,"pid":7,"hostname":"8c53bb05c99c","msg":"[PLEX_SERVER] SSE connection error"}
{"level":40,"time":1774433653955,"pid":7,"hostname":"8c53bb05c99c","msg":"[PLEX_SERVER] SSE disconnected - polling continues as fallback"}
{"level":30,"time":1774433653955,"pid":7,"hostname":"8c53bb05c99c","delayMs":31086,"msg":"[PLEX_SERVER] Scheduling SSE reconnect"}
{"level":30,"time":1774433685042,"pid":7,"hostname":"8c53bb05c99c","msg":"[PLEX_SERVER] Opening SSE connection to Plex"}
{"level":40,"time":1774433685058,"pid":7,"hostname":"8c53bb05c99c","msg":"[PLEX_SERVER] SSE connection error"}
{"level":40,"time":1774433685058,"pid":7,"hostname":"8c53bb05c99c","msg":"[PLEX_SERVER] SSE disconnected - polling continues as fallback"}
{"level":30,"time":1774433685058,"pid":7,"hostname":"8c53bb05c99c","delayMs":34245,"msg":"[PLEX_SERVER] Scheduling SSE reconnect"}
{"level":40,"time":1774433696182,"pid":7,"hostname":"8c53bb05c99c","msg":"[PLEX_WATCHLIST] No friends found for Plex token"}
{"level":30,"time":1774433696754,"pid":7,"hostname":"8c53bb05c99c","msg":"[PLEX_WATCHLIST] Plex Pass status: not detected"}
{"level":30,"time":1774433719303,"pid":7,"hostname":"8c53bb05c99c","msg":"[PLEX_SERVER] Opening SSE connection to Plex"}
{"level":40,"time":1774433719315,"pid":7,"hostname":"8c53bb05c99c","msg":"[PLEX_SERVER] SSE connection error"}
{"level":40,"time":1774433719316,"pid":7,"hostname":"8c53bb05c99c","msg":"[PLEX_SERVER] SSE disconnected - polling continues as fallback"}
{"level":30,"time":1774433719316,"pid":7,"hostname":"8c53bb05c99c","delayMs":30885,"msg":"[PLEX_SERVER] Scheduling SSE reconnect"}
{"level":30,"time":1774433750200,"pid":7,"hostname":"8c53bb05c99c","msg":"[PLEX_SERVER] Opening SSE connection to Plex"}
{"level":40,"time":1774433750214,"pid":7,"hostname":"8c53bb05c99c","msg":"[PLEX_SERVER] SSE connection error"}
{"level":40,"time":1774433750215,"pid":7,"hostname":"8c53bb05c99c","msg":"[PLEX_SERVER] SSE disconnected - polling continues as fallback"}
{"level":30,"time":1774433750215,"pid":7,"hostname":"8c53bb05c99c","delayMs":33541,"msg":"[PLEX_SERVER] Scheduling SSE reconnect"}
{"level":30,"time":1774433783754,"pid":7,"hostname":"8c53bb05c99c","msg":"[PLEX_SERVER] Opening SSE connection to Plex"}
{"level":40,"time":1774433783766,"pid":7,"hostname":"8c53bb05c99c","msg":"[PLEX_SERVER] SSE connection error"}
{"level":40,"time":1774433783766,"pid":7,"hostname":"8c53bb05c99c","msg":"[PLEX_SERVER] SSE disconnected - polling continues as fallback"}
{"level":30,"time":1774433783766,"pid":7,"hostname":"8c53bb05c99c","delayMs":33718,"msg":"[PLEX_SERVER] Scheduling SSE reconnect"}
{"level":30,"time":1774433817484,"pid":7,"hostname":"8c53bb05c99c","msg":"[PLEX_SERVER] Opening SSE connection to Plex"}
{"level":40,"time":1774433817497,"pid":7,"hostname":"8c53bb05c99c","msg":"[PLEX_SERVER] SSE connection error"}
{"level":40,"time":1774433817498,"pid":7,"hostname":"8c53bb05c99c","msg":"[PLEX_SERVER] SSE disconnected - polling continues as fallback"}
{"level":30,"time":1774433817498,"pid":7,"hostname":"8c53bb05c99c","delayMs":30571,"msg":"[PLEX_SERVER] Scheduling SSE reconnect"}
{"level":30,"time":1774433848070,"pid":7,"hostname":"8c53bb05c99c","msg":"[PLEX_SERVER] Opening SSE connection to Plex"}
{"level":40,"time":1774433848080,"pid":7,"hostname":"8c53bb05c99c","msg":"[PLEX_SERVER] SSE connection error"}
{"level":40,"time":1774433848081,"pid":7,"hostname":"8c53bb05c99c","msg":"[PLEX_SERVER] SSE disconnected - polling continues as fallback"}
{"level":30,"time":1774433848082,"pid":7,"hostname":"8c53bb05c99c","delayMs":34793,"msg":"[PLEX_SERVER] Scheduling SSE reconnect"}
{"level":40,"time":1774433858588,"pid":7,"hostname":"8c53bb05c99c","msg":"[PLEX_WATCHLIST] No friends found for Plex token"}
{"level":30,"time":1774433859100,"pid":7,"hostname":"8c53bb05c99c","msg":"[PLEX_WATCHLIST] Plex Pass status: not detected"}
{"level":30,"time":1774433882874,"pid":7,"hostname":"8c53bb05c99c","msg":"[PLEX_SERVER] Opening SSE connection to Plex"}
{"level":40,"time":1774433882889,"pid":7,"hostname":"8c53bb05c99c","msg":"[PLEX_SERVER] SSE connection error"}
{"level":40,"time":1774433882889,"pid":7,"hostname":"8c53bb05c99c","msg":"[PLEX_SERVER] SSE disconnected - polling continues as fallback"}
{"level":30,"time":1774433882889,"pid":7,"hostname":"8c53bb05c99c","delayMs":31177,"msg":"[PLEX_SERVER] Scheduling SSE reconnect"}
{"level":30,"time":1774433914067,"pid":7,"hostname":"8c53bb05c99c","msg":"[PLEX_SERVER] Opening SSE connection to Plex"}
{"level":40,"time":1774433914087,"pid":7,"hostname":"8c53bb05c99c","msg":"[PLEX_SERVER] SSE connection error"}
{"level":40,"time":1774433914087,"pid":7,"hostname":"8c53bb05c99c","msg":"[PLEX_SERVER] SSE disconnected - polling continues as fallback"}
{"level":30,"time":1774433914088,"pid":7,"hostname":"8c53bb05c99c","delayMs":30407,"msg":"[PLEX_SERVER] Scheduling SSE reconnect"}
{"level":30,"time":1774433944495,"pid":7,"hostname":"8c53bb05c99c","msg":"[PLEX_SERVER] Opening SSE connection to Plex"}
{"level":40,"time":1774433944509,"pid":7,"hostname":"8c53bb05c99c","msg":"[PLEX_SERVER] SSE connection error"}
{"level":40,"time":1774433944510,"pid":7,"hostname":"8c53bb05c99c","msg":"[PLEX_SERVER] SSE disconnected - polling continues as fallback"}
{"level":30,"time":1774433944510,"pid":7,"hostname":"8c53bb05c99c","delayMs":33681,"msg":"[PLEX_SERVER] Scheduling SSE reconnect"}
{"level":30,"time":1774433978193,"pid":7,"hostname":"8c53bb05c99c","msg":"[PLEX_SERVER] Opening SSE connection to Plex"}
{"level":40,"time":1774433978216,"pid":7,"hostname":"8c53bb05c99c","msg":"[PLEX_SERVER] SSE connection error"}
{"level":40,"time":1774433978216,"pid":7,"hostname":"8c53bb05c99c","msg":"[PLEX_SERVER] SSE disconnected - polling continues as fallback"}
{"level":30,"time":1774433978216,"pid":7,"hostname":"8c53bb05c99c","delayMs":35598,"msg":"[PLEX_SERVER] Scheduling SSE reconnect"}
{"level":40,"time":1774434013519,"pid":7,"hostname":"8c53bb05c99c","msg":"[PLEX_WATCHLIST] No friends found for Plex token"}
{"level":30,"time":1774434013813,"pid":7,"hostname":"8c53bb05c99c","msg":"[PLEX_SERVER] Opening SSE connection to Plex"}
{"level":40,"time":1774434013874,"pid":7,"hostname":"8c53bb05c99c","msg":"[PLEX_SERVER] SSE connection error"}
{"level":40,"time":1774434013875,"pid":7,"hostname":"8c53bb05c99c","msg":"[PLEX_SERVER] SSE disconnected - polling continues as fallback"}
{"level":30,"time":1774434013875,"pid":7,"hostname":"8c53bb05c99c","delayMs":36784,"msg":"[PLEX_SERVER] Scheduling SSE reconnect"}
{"level":30,"time":1774434013983,"pid":7,"hostname":"8c53bb05c99c","msg":"[PLEX_WATCHLIST] Plex Pass status: not detected"}
{"level":30,"time":1774434050659,"pid":7,"hostname":"8c53bb05c99c","msg":"[PLEX_SERVER] Opening SSE connection to Plex"}
{"level":40,"time":1774434050670,"pid":7,"hostname":"8c53bb05c99c","msg":"[PLEX_SERVER] SSE connection error"}
{"level":40,"time":1774434050671,"pid":7,"hostname":"8c53bb05c99c","msg":"[PLEX_SERVER] SSE disconnected - polling continues as fallback"}
{"level":30,"time":1774434050671,"pid":7,"hostname":"8c53bb05c99c","delayMs":32017,"msg":"[PLEX_SERVER] Scheduling SSE reconnect"}
{"level":30,"time":1774434082781,"pid":7,"hostname":"8c53bb05c99c","msg":"[PLEX_SERVER] Opening SSE connection to Plex"}
{"level":40,"time":1774434082852,"pid":7,"hostname":"8c53bb05c99c","msg":"[PLEX_SERVER] SSE connection error"}
{"level":40,"time":1774434082855,"pid":7,"hostname":"8c53bb05c99c","msg":"[PLEX_SERVER] SSE disconnected - polling continues as fallback"}
{"level":30,"time":1774434082861,"pid":7,"hostname":"8c53bb05c99c","delayMs":32331,"msg":"[PLEX_SERVER] Scheduling SSE reconnect"}
{"level":30,"time":1774434115195,"pid":7,"hostname":"8c53bb05c99c","msg":"[PLEX_SERVER] Opening SSE connection to Plex"}
{"level":40,"time":1774434115206,"pid":7,"hostname":"8c53bb05c99c","msg":"[PLEX_SERVER] SSE connection error"}
{"level":40,"time":1774434115207,"pid":7,"hostname":"8c53bb05c99c","msg":"[PLEX_SERVER] SSE disconnected - polling continues as fallback"}
{"level":30,"time":1774434115207,"pid":7,"hostname":"8c53bb05c99c","delayMs":33786,"msg":"[PLEX_SERVER] Scheduling SSE reconnect"}
{"level":30,"time":1774434148993,"pid":7,"hostname":"8c53bb05c99c","msg":"[PLEX_SERVER] Opening SSE connection to Plex"}
{"level":40,"time":1774434149014,"pid":7,"hostname":"8c53bb05c99c","msg":"[PLEX_SERVER] SSE connection error"}
{"level":40,"time":1774434149015,"pid":7,"hostname":"8c53bb05c99c","msg":"[PLEX_SERVER] SSE disconnected - polling continues as fallback"}
{"level":30,"time":1774434149019,"pid":7,"hostname":"8c53bb05c99c","delayMs":30867,"msg":"[PLEX_SERVER] Scheduling SSE reconnect"}
{"level":40,"time":1774434171074,"pid":7,"hostname":"8c53bb05c99c","msg":"[PLEX_WATCHLIST] No friends found for Plex token"}
{"level":30,"time":1774434171553,"pid":7,"hostname":"8c53bb05c99c","msg":"[PLEX_WATCHLIST] Plex Pass status: not detected"}
{"level":30,"time":1774434179888,"pid":7,"hostname":"8c53bb05c99c","msg":"[PLEX_SERVER] Opening SSE connection to Plex"}
{"level":40,"time":1774434179901,"pid":7,"hostname":"8c53bb05c99c","msg":"[PLEX_SERVER] SSE connection error"}
{"level":40,"time":1774434179901,"pid":7,"hostname":"8c53bb05c99c","msg":"[PLEX_SERVER] SSE disconnected - polling continues as fallback"}
{"level":30,"time":1774434179902,"pid":7,"hostname":"8c53bb05c99c","delayMs":31174,"msg":"[PLEX_SERVER] Scheduling SSE reconnect"}
{"level":30,"time":1774434211079,"pid":7,"hostname":"8c53bb05c99c","msg":"[PLEX_SERVER] Opening SSE connection to Plex"}
{"level":40,"time":1774434211089,"pid":7,"hostname":"8c53bb05c99c","msg":"[PLEX_SERVER] SSE connection error"}
{"level":40,"time":1774434211090,"pid":7,"hostname":"8c53bb05c99c","msg":"[PLEX_SERVER] SSE disconnected - polling continues as fallback"}
{"level":30,"time":1774434211090,"pid":7,"hostname":"8c53bb05c99c","delayMs":31820,"msg":"[PLEX_SERVER] Scheduling SSE reconnect"}
{"level":30,"time":1774434242910,"pid":7,"hostname":"8c53bb05c99c","msg":"[PLEX_SERVER] Opening SSE connection to Plex"}
{"level":40,"time":1774434242921,"pid":7,"hostname":"8c53bb05c99c","msg":"[PLEX_SERVER] SSE connection error"}
{"level":40,"time":1774434242922,"pid":7,"hostname":"8c53bb05c99c","msg":"[PLEX_SERVER] SSE disconnected - polling continues as fallback"}
{"level":30,"time":1774434242922,"pid":7,"hostname":"8c53bb05c99c","delayMs":33835,"msg":"[PLEX_SERVER] Scheduling SSE reconnect"}
{"level":30,"time":1774434276758,"pid":7,"hostname":"8c53bb05c99c","msg":"[PLEX_SERVER] Opening SSE connection to Plex"}
{"level":40,"time":1774434276770,"pid":7,"hostname":"8c53bb05c99c","msg":"[PLEX_SERVER] SSE connection error"}
{"level":40,"time":1774434276770,"pid":7,"hostname":"8c53bb05c99c","msg":"[PLEX_SERVER] SSE disconnected - polling continues as fallback"}
{"level":30,"time":1774434276770,"pid":7,"hostname":"8c53bb05c99c","delayMs":36216,"msg":"[PLEX_SERVER] Scheduling SSE reconnect"}
{"level":30,"time":1774434312987,"pid":7,"hostname":"8c53bb05c99c","msg":"[PLEX_SERVER] Opening SSE connection to Plex"}
{"level":40,"time":1774434312997,"pid":7,"hostname":"8c53bb05c99c","msg":"[PLEX_SERVER] SSE connection error"}
{"level":40,"time":1774434312997,"pid":7,"hostname":"8c53bb05c99c","msg":"[PLEX_SERVER] SSE disconnected - polling continues as fallback"}
{"level":30,"time":1774434312997,"pid":7,"hostname":"8c53bb05c99c","delayMs":30025,"msg":"[PLEX_SERVER] Scheduling SSE reconnect"}
{"level":40,"time":1774434334588,"pid":7,"hostname":"8c53bb05c99c","msg":"[PLEX_WATCHLIST] No friends found for Plex token"}
{"level":30,"time":1774434335171,"pid":7,"hostname":"8c53bb05c99c","msg":"[PLEX_WATCHLIST] Plex Pass status: not detected"}
{"level":30,"time":1774434343022,"pid":7,"hostname":"8c53bb05c99c","msg":"[PLEX_SERVER] Opening SSE connection to Plex"}
{"level":40,"time":1774434343026,"pid":7,"hostname":"8c53bb05c99c","msg":"[PLEX_SERVER] SSE connection error"}
{"level":40,"time":1774434343026,"pid":7,"hostname":"8c53bb05c99c","msg":"[PLEX_SERVER] SSE disconnected - polling continues as fallback"}
{"level":30,"time":1774434343026,"pid":7,"hostname":"8c53bb05c99c","delayMs":30798,"msg":"[PLEX_SERVER] Scheduling SSE reconnect"}
{"level":30,"time":1774434373822,"pid":7,"hostname":"8c53bb05c99c","msg":"[PLEX_SERVER] Opening SSE connection to Plex"}
{"level":40,"time":1774434373832,"pid":7,"hostname":"8c53bb05c99c","msg":"[PLEX_SERVER] SSE connection error"}
{"level":40,"time":1774434373832,"pid":7,"hostname":"8c53bb05c99c","msg":"[PLEX_SERVER] SSE disconnected - polling continues as fallback"}
{"level":30,"time":1774434373833,"pid":7,"hostname":"8c53bb05c99c","delayMs":30692,"msg":"[PLEX_SERVER] Scheduling SSE reconnect"}
{"level":30,"time":1774434404528,"pid":7,"hostname":"8c53bb05c99c","msg":"[PLEX_SERVER] Opening SSE connection to Plex"}
{"level":40,"time":1774434404539,"pid":7,"hostname":"8c53bb05c99c","msg":"[PLEX_SERVER] SSE connection error"}
{"level":40,"time":1774434404539,"pid":7,"hostname":"8c53bb05c99c","msg":"[PLEX_SERVER] SSE disconnected - polling continues as fallback"}
{"level":30,"time":1774434404539,"pid":7,"hostname":"8c53bb05c99c","delayMs":32169,"msg":"[PLEX_SERVER] Scheduling SSE reconnect"}
{"level":30,"time":1774434436714,"pid":7,"hostname":"8c53bb05c99c","msg":"[PLEX_SERVER] Opening SSE connection to Plex"}
{"level":40,"time":1774434436729,"pid":7,"hostname":"8c53bb05c99c","msg":"[PLEX_SERVER] SSE connection error"}
{"level":40,"time":1774434436730,"pid":7,"hostname":"8c53bb05c99c","msg":"[PLEX_SERVER] SSE disconnected - polling continues as fallback"}
{"level":30,"time":1774434436730,"pid":7,"hostname":"8c53bb05c99c","delayMs":33684,"msg":"[PLEX_SERVER] Scheduling SSE reconnect"}
{"level":30,"time":1774434470415,"pid":7,"hostname":"8c53bb05c99c","msg":"[PLEX_SERVER] Opening SSE connection to Plex"}
{"level":40,"time":1774434470424,"pid":7,"hostname":"8c53bb05c99c","msg":"[PLEX_SERVER] SSE connection error"}
{"level":40,"time":1774434470425,"pid":7,"hostname":"8c53bb05c99c","msg":"[PLEX_SERVER] SSE disconnected - polling continues as fallback"}
{"level":30,"time":1774434470426,"pid":7,"hostname":"8c53bb05c99c","delayMs":35081,"msg":"[PLEX_SERVER] Scheduling SSE reconnect"}
{"level":40,"time":1774434480957,"pid":7,"hostname":"8c53bb05c99c","msg":"[PLEX_WATCHLIST] No friends found for Plex token"}
{"level":30,"time":1774434481456,"pid":7,"hostname":"8c53bb05c99c","msg":"[PLEX_WATCHLIST] Plex Pass status: not detected"}
{"level":30,"time":1774434505507,"pid":7,"hostname":"8c53bb05c99c","msg":"[PLEX_SERVER] Opening SSE connection to Plex"}
{"level":40,"time":1774434505519,"pid":7,"hostname":"8c53bb05c99c","msg":"[PLEX_SERVER] SSE connection error"}
{"level":40,"time":1774434505519,"pid":7,"hostname":"8c53bb05c99c","msg":"[PLEX_SERVER] SSE disconnected - polling continues as fallback"}
{"level":30,"time":1774434505520,"pid":7,"hostname":"8c53bb05c99c","delayMs":35360,"msg":"[PLEX_SERVER] Scheduling SSE reconnect"}
{"level":30,"time":1774434540879,"pid":7,"hostname":"8c53bb05c99c","msg":"[PLEX_SERVER] Opening SSE connection to Plex"}
{"level":40,"time":1774434540895,"pid":7,"hostname":"8c53bb05c99c","msg":"[PLEX_SERVER] SSE connection error"}
{"level":40,"time":1774434540895,"pid":7,"hostname":"8c53bb05c99c","msg":"[PLEX_SERVER] SSE disconnected - polling continues as fallback"}
{"level":30,"time":1774434540896,"pid":7,"hostname":"8c53bb05c99c","delayMs":30684,"msg":"[PLEX_SERVER] Scheduling SSE reconnect"}
{"level":30,"time":1774434571579,"pid":7,"hostname":"8c53bb05c99c","msg":"[PLEX_SERVER] Opening SSE connection to Plex"}
{"level":40,"time":1774434571589,"pid":7,"hostname":"8c53bb05c99c","msg":"[PLEX_SERVER] SSE connection error"}
{"level":40,"time":1774434571590,"pid":7,"hostname":"8c53bb05c99c","msg":"[PLEX_SERVER] SSE disconnected - polling continues as fallback"}
{"level":30,"time":1774434571590,"pid":7,"hostname":"8c53bb05c99c","delayMs":37155,"msg":"[PLEX_SERVER] Scheduling SSE reconnect"}
{"level":30,"time":1774434608745,"pid":7,"hostname":"8c53bb05c99c","msg":"[PLEX_SERVER] Opening SSE connection to Plex"}
{"level":40,"time":1774434608756,"pid":7,"hostname":"8c53bb05c99c","msg":"[PLEX_SERVER] SSE connection error"}
{"level":40,"time":1774434608757,"pid":7,"hostname":"8c53bb05c99c","msg":"[PLEX_SERVER] SSE disconnected - polling continues as fallback"}
{"level":30,"time":1774434608757,"pid":7,"hostname":"8c53bb05c99c","delayMs":32806,"msg":"[PLEX_SERVER] Scheduling SSE reconnect"}
{"level":40,"time":1774434631240,"pid":7,"hostname":"8c53bb05c99c","msg":"[PLEX_WATCHLIST] No friends found for Plex token"}
{"level":30,"time":1774434631732,"pid":7,"hostname":"8c53bb05c99c","msg":"[PLEX_WATCHLIST] Plex Pass status: not detected"}
{"level":30,"time":1774434641566,"pid":7,"hostname":"8c53bb05c99c","msg":"[PLEX_SERVER] Opening SSE connection to Plex"}
{"level":40,"time":1774434641578,"pid":7,"hostname":"8c53bb05c99c","msg":"[PLEX_SERVER] SSE connection error"}
{"level":40,"time":1774434641579,"pid":7,"hostname":"8c53bb05c99c","msg":"[PLEX_SERVER] SSE disconnected - polling continues as fallback"}
{"level":30,"time":1774434641579,"pid":7,"hostname":"8c53bb05c99c","delayMs":34535,"msg":"[PLEX_SERVER] Scheduling SSE reconnect"}
{"level":30,"time":1774434676113,"pid":7,"hostname":"8c53bb05c99c","msg":"[PLEX_SERVER] Opening SSE connection to Plex"}
{"level":40,"time":1774434676126,"pid":7,"hostname":"8c53bb05c99c","msg":"[PLEX_SERVER] SSE connection error"}
{"level":40,"time":1774434676126,"pid":7,"hostname":"8c53bb05c99c","msg":"[PLEX_SERVER] SSE disconnected - polling continues as fallback"}
{"level":30,"time":1774434676127,"pid":7,"hostname":"8c53bb05c99c","delayMs":31057,"msg":"[PLEX_SERVER] Scheduling SSE reconnect"}
{"level":30,"time":1774434707184,"pid":7,"hostname":"8c53bb05c99c","msg":"[PLEX_SERVER] Opening SSE connection to Plex"}
{"level":40,"time":1774434707234,"pid":7,"hostname":"8c53bb05c99c","msg":"[PLEX_SERVER] SSE connection error"}
{"level":40,"time":1774434707236,"pid":7,"hostname":"8c53bb05c99c","msg":"[PLEX_SERVER] SSE disconnected - polling continues as fallback"}
{"level":30,"time":1774434707237,"pid":7,"hostname":"8c53bb05c99c","delayMs":30813,"msg":"[PLEX_SERVER] Scheduling SSE reconnect"}
{"level":30,"time":1774434738050,"pid":7,"hostname":"8c53bb05c99c","msg":"[PLEX_SERVER] Opening SSE connection to Plex"}
{"level":40,"time":1774434738061,"pid":7,"hostname":"8c53bb05c99c","msg":"[PLEX_SERVER] SSE connection error"}
{"level":40,"time":1774434738061,"pid":7,"hostname":"8c53bb05c99c","msg":"[PLEX_SERVER] SSE disconnected - polling continues as fallback"}
{"level":30,"time":1774434738062,"pid":7,"hostname":"8c53bb05c99c","delayMs":30828,"msg":"[PLEX_SERVER] Scheduling SSE reconnect"}
{"level":30,"time":1774434768894,"pid":7,"hostname":"8c53bb05c99c","msg":"[PLEX_SERVER] Opening SSE connection to Plex"}
{"level":40,"time":1774434768909,"pid":7,"hostname":"8c53bb05c99c","msg":"[PLEX_SERVER] SSE connection error"}
{"level":40,"time":1774434768909,"pid":7,"hostname":"8c53bb05c99c","msg":"[PLEX_SERVER] SSE disconnected - polling continues as fallback"}
{"level":30,"time":1774434768910,"pid":7,"hostname":"8c53bb05c99c","delayMs":30932,"msg":"[PLEX_SERVER] Scheduling SSE reconnect"}
{"level":40,"time":1774434790790,"pid":7,"hostname":"8c53bb05c99c","msg":"[PLEX_WATCHLIST] No friends found for Plex token"}
{"level":30,"time":1774434791316,"pid":7,"hostname":"8c53bb05c99c","msg":"[PLEX_WATCHLIST] Plex Pass status: not detected"}
{"level":30,"time":1774434799843,"pid":7,"hostname":"8c53bb05c99c","msg":"[PLEX_SERVER] Opening SSE connection to Plex"}
{"level":40,"time":1774434799858,"pid":7,"hostname":"8c53bb05c99c","msg":"[PLEX_SERVER] SSE connection error"}
{"level":40,"time":1774434799859,"pid":7,"hostname":"8c53bb05c99c","msg":"[PLEX_SERVER] SSE disconnected - polling continues as fallback"}
{"level":30,"time":1774434799859,"pid":7,"hostname":"8c53bb05c99c","delayMs":35245,"msg":"[PLEX_SERVER] Scheduling SSE reconnect"}
{"level":30,"time":1774434835104,"pid":7,"hostname":"8c53bb05c99c","msg":"[PLEX_SERVER] Opening SSE connection to Plex"}
{"level":40,"time":1774434835135,"pid":7,"hostname":"8c53bb05c99c","msg":"[PLEX_SERVER] SSE connection error"}
{"level":40,"time":1774434835135,"pid":7,"hostname":"8c53bb05c99c","msg":"[PLEX_SERVER] SSE disconnected - polling continues as fallback"}
{"level":30,"time":1774434835136,"pid":7,"hostname":"8c53bb05c99c","delayMs":35062,"msg":"[PLEX_SERVER] Scheduling SSE reconnect"}
{"level":30,"time":1774434870198,"pid":7,"hostname":"8c53bb05c99c","msg":"[PLEX_SERVER] Opening SSE connection to Plex"}
{"level":40,"time":1774434870209,"pid":7,"hostname":"8c53bb05c99c","msg":"[PLEX_SERVER] SSE connection error"}
{"level":40,"time":1774434870210,"pid":7,"hostname":"8c53bb05c99c","msg":"[PLEX_SERVER] SSE disconnected - polling continues as fallback"}
{"level":30,"time":1774434870210,"pid":7,"hostname":"8c53bb05c99c","delayMs":35433,"msg":"[PLEX_SERVER] Scheduling SSE reconnect"}
{"level":30,"time":1774434905646,"pid":7,"hostname":"8c53bb05c99c","msg":"[PLEX_SERVER] Opening SSE connection to Plex"}
{"level":40,"time":1774434905660,"pid":7,"hostname":"8c53bb05c99c","msg":"[PLEX_SERVER] SSE connection error"}
{"level":40,"time":1774434905661,"pid":7,"hostname":"8c53bb05c99c","msg":"[PLEX_SERVER] SSE disconnected - polling continues as fallback"}
{"level":30,"time":1774434905662,"pid":7,"hostname":"8c53bb05c99c","delayMs":36701,"msg":"[PLEX_SERVER] Scheduling SSE reconnect"}
{"level":30,"time":1774434942362,"pid":7,"hostname":"8c53bb05c99c","msg":"[PLEX_SERVER] Opening SSE connection to Plex"}
{"level":40,"time":1774434942376,"pid":7,"hostname":"8c53bb05c99c","msg":"[PLEX_SERVER] SSE connection error"}
{"level":40,"time":1774434942377,"pid":7,"hostname":"8c53bb05c99c","msg":"[PLEX_SERVER] SSE disconnected - polling continues as fallback"}
{"level":30,"time":1774434942377,"pid":7,"hostname":"8c53bb05c99c","delayMs":36891,"msg":"[PLEX_SERVER] Scheduling SSE reconnect"}
{"level":40,"time":1774434948575,"pid":7,"hostname":"8c53bb05c99c","msg":"[PLEX_WATCHLIST] No friends found for Plex token"}
{"level":30,"time":1774434949064,"pid":7,"hostname":"8c53bb05c99c","msg":"[PLEX_WATCHLIST] Plex Pass status: not detected"}
{"level":30,"time":1774434979277,"pid":7,"hostname":"8c53bb05c99c","msg":"[PLEX_SERVER] Opening SSE connection to Plex"}
{"level":40,"time":1774434979291,"pid":7,"hostname":"8c53bb05c99c","msg":"[PLEX_SERVER] SSE connection error"}
{"level":40,"time":1774434979291,"pid":7,"hostname":"8c53bb05c99c","msg":"[PLEX_SERVER] SSE disconnected - polling continues as fallback"}
{"level":30,"time":1774434979291,"pid":7,"hostname":"8c53bb05c99c","delayMs":32284,"msg":"[PLEX_SERVER] Scheduling SSE reconnect"}
{"level":30,"time":1774435011575,"pid":7,"hostname":"8c53bb05c99c","msg":"[PLEX_SERVER] Opening SSE connection to Plex"}
{"level":40,"time":1774435011587,"pid":7,"hostname":"8c53bb05c99c","msg":"[PLEX_SERVER] SSE connection error"}
{"level":40,"time":1774435011587,"pid":7,"hostname":"8c53bb05c99c","msg":"[PLEX_SERVER] SSE disconnected - polling continues as fallback"}
{"level":30,"time":1774435011588,"pid":7,"hostname":"8c53bb05c99c","delayMs":31437,"msg":"[PLEX_SERVER] Scheduling SSE reconnect"}
{"level":30,"time":1774435043023,"pid":7,"hostname":"8c53bb05c99c","msg":"[PLEX_SERVER] Opening SSE connection to Plex"}
{"level":40,"time":1774435043038,"pid":7,"hostname":"8c53bb05c99c","msg":"[PLEX_SERVER] SSE connection error"}
{"level":40,"time":1774435043038,"pid":7,"hostname":"8c53bb05c99c","msg":"[PLEX_SERVER] SSE disconnected - polling continues as fallback"}
{"level":30,"time":1774435043038,"pid":7,"hostname":"8c53bb05c99c","delayMs":35515,"msg":"[PLEX_SERVER] Scheduling SSE reconnect"}
{"level":30,"time":1774435078555,"pid":7,"hostname":"8c53bb05c99c","msg":"[PLEX_SERVER] Opening SSE connection to Plex"}
{"level":40,"time":1774435078577,"pid":7,"hostname":"8c53bb05c99c","msg":"[PLEX_SERVER] SSE connection error"}
{"level":40,"time":1774435078580,"pid":7,"hostname":"8c53bb05c99c","msg":"[PLEX_SERVER] SSE disconnected - polling continues as fallback"}
{"level":30,"time":1774435078583,"pid":7,"hostname":"8c53bb05c99c","delayMs":32700,"msg":"[PLEX_SERVER] Scheduling SSE reconnect"}
{"level":40,"time":1774435084495,"pid":7,"hostname":"8c53bb05c99c","msg":"[PLEX_WATCHLIST] No friends found for Plex token"}
{"level":30,"time":1774435085008,"pid":7,"hostname":"8c53bb05c99c","msg":"[PLEX_WATCHLIST] Plex Pass status: not detected"}
{"level":30,"time":1774435111286,"pid":7,"hostname":"8c53bb05c99c","msg":"[PLEX_SERVER] Opening SSE connection to Plex"}
{"level":40,"time":1774435111299,"pid":7,"hostname":"8c53bb05c99c","msg":"[PLEX_SERVER] SSE connection error"}
{"level":40,"time":1774435111299,"pid":7,"hostname":"8c53bb05c99c","msg":"[PLEX_SERVER] SSE disconnected - polling continues as fallback"}
{"level":30,"time":1774435111300,"pid":7,"hostname":"8c53bb05c99c","delayMs":34947,"msg":"[PLEX_SERVER] Scheduling SSE reconnect"}
{"level":30,"time":1774435146248,"pid":7,"hostname":"8c53bb05c99c","msg":"[PLEX_SERVER] Opening SSE connection to Plex"}
{"level":40,"time":1774435146261,"pid":7,"hostname":"8c53bb05c99c","msg":"[PLEX_SERVER] SSE connection error"}
{"level":40,"time":1774435146261,"pid":7,"hostname":"8c53bb05c99c","msg":"[PLEX_SERVER] SSE disconnected - polling continues as fallback"}
{"level":30,"time":1774435146264,"pid":7,"hostname":"8c53bb05c99c","delayMs":31003,"msg":"[PLEX_SERVER] Scheduling SSE reconnect"}
{"level":30,"time":1774435177275,"pid":7,"hostname":"8c53bb05c99c","msg":"[PLEX_SERVER] Opening SSE connection to Plex"}
{"level":40,"time":1774435177291,"pid":7,"hostname":"8c53bb05c99c","msg":"[PLEX_SERVER] SSE connection error"}
{"level":40,"time":1774435177292,"pid":7,"hostname":"8c53bb05c99c","msg":"[PLEX_SERVER] SSE disconnected - polling continues as fallback"}
{"level":30,"time":1774435177292,"pid":7,"hostname":"8c53bb05c99c","delayMs":32048,"msg":"[PLEX_SERVER] Scheduling SSE reconnect"}
{"level":30,"time":1774435209342,"pid":7,"hostname":"8c53bb05c99c","msg":"[PLEX_SERVER] Opening SSE connection to Plex"}
{"level":40,"time":1774435209353,"pid":7,"hostname":"8c53bb05c99c","msg":"[PLEX_SERVER] SSE connection error"}
{"level":40,"time":1774435209354,"pid":7,"hostname":"8c53bb05c99c","msg":"[PLEX_SERVER] SSE disconnected - polling continues as fallback"}
{"level":30,"time":1774435209355,"pid":7,"hostname":"8c53bb05c99c","delayMs":35532,"msg":"[PLEX_SERVER] Scheduling SSE reconnect"}
{"level":40,"time":1774435236905,"pid":7,"hostname":"8c53bb05c99c","msg":"[PLEX_WATCHLIST] No friends found for Plex token"}
{"level":30,"time":1774435237383,"pid":7,"hostname":"8c53bb05c99c","msg":"[PLEX_WATCHLIST] Plex Pass status: not detected"}
{"level":30,"time":1774435244888,"pid":7,"hostname":"8c53bb05c99c","msg":"[PLEX_SERVER] Opening SSE connection to Plex"}
{"level":40,"time":1774435244900,"pid":7,"hostname":"8c53bb05c99c","msg":"[PLEX_SERVER] SSE connection error"}
{"level":40,"time":1774435244901,"pid":7,"hostname":"8c53bb05c99c","msg":"[PLEX_SERVER] SSE disconnected - polling continues as fallback"}
{"level":30,"time":1774435244901,"pid":7,"hostname":"8c53bb05c99c","delayMs":36073,"msg":"[PLEX_SERVER] Scheduling SSE reconnect"}
{"level":30,"time":1774435280976,"pid":7,"hostname":"8c53bb05c99c","msg":"[PLEX_SERVER] Opening SSE connection to Plex"}
{"level":40,"time":1774435280999,"pid":7,"hostname":"8c53bb05c99c","msg":"[PLEX_SERVER] SSE connection error"}
{"level":40,"time":1774435281000,"pid":7,"hostname":"8c53bb05c99c","msg":"[PLEX_SERVER] SSE disconnected - polling continues as fallback"}
{"level":30,"time":1774435281001,"pid":7,"hostname":"8c53bb05c99c","delayMs":34397,"msg":"[PLEX_SERVER] Scheduling SSE reconnect"}
{"level":30,"time":1774435312453,"pid":7,"hostname":"8c53bb05c99c","msg":"SIGTERM received, server closing"}
{"level":30,"time":1774435631681,"pid":7,"hostname":"8c53bb05c99c","msg":"Using baseUrl: http://localhost for service connections"}
{"level":30,"time":1774435632272,"pid":7,"hostname":"8c53bb05c99c","msg":"Config is now ready, resolving waitForConfig promise"}
{"level":30,"time":1774435632278,"pid":7,"hostname":"8c53bb05c99c","msg":"[PLEX_SERVER] Initializing PlexServerService"}
{"level":30,"time":1774435632285,"pid":7,"hostname":"8c53bb05c99c","msg":"[SCHEDULER] Scheduler service initialized"}
{"level":30,"time":1774435632286,"pid":7,"hostname":"8c53bb05c99c","msg":"[PLEX_LABEL_SYNC] Initializing PlexLabelSyncService"}
{"level":30,"time":1774435632287,"pid":7,"hostname":"8c53bb05c99c","msg":"[DELETE_SYNC] Initializing Delete Sync Service"}
{"level":30,"time":1774435632289,"pid":7,"hostname":"8c53bb05c99c","msg":"[API_KEY] Initializing ApiKeyService"}
{"level":30,"time":1774435632312,"pid":7,"hostname":"8c53bb05c99c","msg":"[CONTENT_ROUTER] Successfully loaded 9 router evaluators"}
{"level":30,"time":1774435632313,"pid":7,"hostname":"8c53bb05c99c","msg":"Content router initialized with plugins: Conditional Router, Streaming Availability Router, Ratings Router, Genre Router, User Router, Year Router, Season Router, Language Router, Certification Router"}
{"level":30,"time":1774435632314,"pid":7,"hostname":"8c53bb05c99c","msg":"[WATCHLIST_WORKFLOW] Initializing Watchlist Workflow Service"}
{"level":30,"time":1774435632314,"pid":7,"hostname":"8c53bb05c99c","msg":"[PLEX_SESSION_MONITOR] PlexSessionMonitorService initialized"}
{"level":30,"time":1774435632328,"pid":7,"hostname":"8c53bb05c99c","msg":"Config ready, starting workflow"}
{"level":30,"time":1774435634238,"pid":7,"hostname":"8c53bb05c99c","msg":"[PLEX_WATCHLIST] Successfully validated Plex token"}
{"level":30,"time":1774435634239,"pid":7,"hostname":"8c53bb05c99c","msg":"[WATCHLIST_WORKFLOW] Plex connection verified"}
{"level":30,"time":1774435634699,"pid":7,"hostname":"8c53bb05c99c","msg":"[PLEX_SERVER] Initializing PlexServerService connections and users"}
{"level":40,"time":1774435634700,"pid":7,"hostname":"8c53bb05c99c","msg":"[PLEX_WATCHLIST] Unable to generate an RSS feed: Unauthorized"}
{"level":30,"time":1774435634701,"pid":7,"hostname":"8c53bb05c99c","msg":"[PLEX_WATCHLIST] Generated watchlist RSS feed for self: None"}
{"level":40,"time":1774435634761,"pid":7,"hostname":"8c53bb05c99c","msg":"[PLEX_WATCHLIST] Unable to generate an RSS feed: Unauthorized"}
{"level":30,"time":1774435634762,"pid":7,"hostname":"8c53bb05c99c","msg":"[PLEX_WATCHLIST] Generated watchlist RSS feed for friends: None"}
{"level":40,"time":1774435634762,"pid":7,"hostname":"8c53bb05c99c","msg":"[PLEX_WATCHLIST] Missing RSS URL. Are you an active Plex Pass user?"}
{"level":40,"time":1774435634762,"pid":7,"hostname":"8c53bb05c99c","msg":"[PLEX_WATCHLIST] Real-time RSS sync disabled"}
{"level":40,"time":1774435634763,"pid":7,"hostname":"8c53bb05c99c","error":{"message":"Unable to fetch watchlist URLs","name":"Error","type":"Error","stack":"Error: Unable to fetch watchlist URLs\n    at generateAndSaveRssFeeds (/app/dist/services/plex-watchlist/orchestration/rss-processor.js:13:19)\n    at processTicksAndRejections (native:7:39)"},"msg":"[WATCHLIST_WORKFLOW] Failed to generate RSS feeds, falling back to manual sync"}
{"level":30,"time":1774435634766,"pid":7,"hostname":"8c53bb05c99c","msg":"[WATCHLIST_WORKFLOW] Periodic watchlist reconciliation job created (will be dynamically scheduled)"}
{"level":30,"time":1774435634766,"pid":7,"hostname":"8c53bb05c99c","msg":"[WATCHLIST_WORKFLOW] Deferred routing queue started"}
{"level":40,"time":1774435635000,"pid":7,"hostname":"8c53bb05c99c","msg":"[PLEX_SERVER] All connection tests failed - keeping full list as fallback"}
{"level":30,"time":1774435635000,"pid":7,"hostname":"8c53bb05c99c","msg":"[PLEX_SERVER] Found 1 Plex server connections (1 local, 0 relay)"}
{"level":40,"time":1774435635035,"pid":7,"hostname":"8c53bb05c99c","msg":"[PLEX_WATCHLIST] No friends found for Plex token"}
{"level":40,"time":1774435635142,"pid":7,"hostname":"8c53bb05c99c","msg":"[PLEX_SERVER] No Plex users found during initialization"}
{"level":30,"time":1774435635280,"pid":7,"hostname":"8c53bb05c99c","msg":"PlexServerService initialized successfully"}
{"level":30,"time":1774435635281,"pid":7,"hostname":"8c53bb05c99c","msg":"[PLEX_SERVER] Opening SSE connection to Plex"}
{"level":30,"time":1774435635282,"pid":7,"hostname":"8c53bb05c99c","msg":"[NOTIFICATIONS] [PLEX_MOBILE] Plex Pass status not yet determined — Plex mobile notifications deferred"}
{"level":30,"time":1774435635282,"pid":7,"hostname":"8c53bb05c99c","msg":"[NOTIFICATIONS] No Apprise URL configured, Apprise notifications will be disabled"}
{"level":30,"time":1774435635295,"pid":7,"hostname":"8c53bb05c99c","msg":"[SCHEDULER] Scheduler ready: 9 jobs scheduled and active"}
{"level":30,"time":1774435635300,"pid":7,"hostname":"8c53bb05c99c","msg":"Anime database already contains 10529 entries"}
{"level":40,"time":1774435635311,"pid":7,"hostname":"8c53bb05c99c","msg":"[PLEX_SERVER] SSE connection error"}
{"level":40,"time":1774435635312,"pid":7,"hostname":"8c53bb05c99c","msg":"[PLEX_SERVER] SSE disconnected - polling continues as fallback"}
{"level":30,"time":1774435635312,"pid":7,"hostname":"8c53bb05c99c","delayMs":1152,"msg":"[PLEX_SERVER] Scheduling SSE reconnect"}
{"level":30,"time":1774435635314,"pid":7,"hostname":"8c53bb05c99c","msg":"Server listening at http://127.0.0.1:3003"}
{"level":30,"time":1774435635314,"pid":7,"hostname":"8c53bb05c99c","msg":"Server listening at http://172.18.0.3:3003"}
{"level":30,"time":1774435635507,"pid":7,"hostname":"8c53bb05c99c","msg":"[PLEX_WATCHLIST] Plex Pass status: not detected"}
{"level":30,"time":1774435635585,"pid":7,"hostname":"8c53bb05c99c","friendCount":0,"msg":"[WATCHLIST_WORKFLOW] Watchlist baselines established for all users"}
{"level":40,"time":1774435635715,"pid":7,"hostname":"8c53bb05c99c","msg":"[PLEX_WATCHLIST] No friends found for Plex token"}
{"level":30,"time":1774435635927,"pid":7,"hostname":"8c53bb05c99c","msg":"[PLEX_WATCHLIST] Plex Pass status: not detected"}
{"level":30,"time":1774435635929,"pid":7,"hostname":"8c53bb05c99c","msg":"[WATCHLIST_WORKFLOW] Starting full reconciliation"}
{"level":30,"time":1774435635929,"pid":7,"hostname":"8c53bb05c99c","msg":"[WATCHLIST_WORKFLOW] Refreshing watchlists"}
{"level":40,"time":1774435636067,"pid":7,"hostname":"8c53bb05c99c","msg":"[PLEX_WATCHLIST] No friends found for Plex token"}
{"level":30,"time":1774435636142,"pid":7,"hostname":"8c53bb05c99c","msg":"[PLEX_WATCHLIST] Plex Pass status: not detected"}
{"level":30,"time":1774435636219,"pid":7,"hostname":"8c53bb05c99c","msg":"[PLEX_WATCHLIST] Self watchlist fetched successfully with 1 total items"}
{"level":30,"time":1774435636281,"pid":7,"hostname":"8c53bb05c99c","msg":"[PLEX_WATCHLIST] Plex Pass status: not detected"}
{"level":30,"time":1774435636282,"pid":7,"hostname":"8c53bb05c99c","msg":"[WATCHLIST_WORKFLOW] Watchlists refreshed successfully"}
{"level":30,"time":1774435636283,"pid":7,"hostname":"8c53bb05c99c","msg":"[WATCHLIST_WORKFLOW] Performing watchlist item sync"}
{"level":30,"time":1774435636318,"pid":7,"hostname":"8c53bb05c99c","msg":"[RADARR] Credentials verified, attempting to setup webhook \"Pulsarr (host.docker.internal:3003)\" with URL for Radarr: http://host.docker.internal:3003/v1/notifications/webhook?instanceId=radarr7878"}
{"level":30,"time":1774435636318,"pid":7,"hostname":"8c53bb05c99c","msg":"[SONARR] Credentials verified, attempting to setup webhook \"Pulsarr (host.docker.internal:3003)\" with URL for Sonarr: http://host.docker.internal:3003/v1/notifications/webhook?instanceId=sonarr8989"}
{"level":30,"time":1774435636467,"pid":7,"hostname":"8c53bb05c99c","msg":"[PLEX_SERVER] Opening SSE connection to Plex"}
{"level":40,"time":1774435636469,"pid":7,"hostname":"8c53bb05c99c","msg":"[PLEX_SERVER] SSE connection error"}
{"level":40,"time":1774435636469,"pid":7,"hostname":"8c53bb05c99c","msg":"[PLEX_SERVER] SSE disconnected - polling continues as fallback"}
{"level":30,"time":1774435636469,"pid":7,"hostname":"8c53bb05c99c","delayMs":2465,"msg":"[PLEX_SERVER] Scheduling SSE reconnect"}
{"level":30,"time":1774435636506,"pid":7,"hostname":"8c53bb05c99c","msg":"[RADARR] Successfully updated Pulsarr webhook \"Pulsarr (host.docker.internal:3003)\" for Radarr"}
{"level":30,"time":1774435636522,"pid":7,"hostname":"8c53bb05c99c","msg":"[SONARR] Successfully updated Pulsarr webhook \"Pulsarr (host.docker.internal:3003)\" for Sonarr"}
{"level":30,"time":1774435636566,"pid":7,"hostname":"8c53bb05c99c","title":"Sundays","contentType":"movie","syncing":false,"userId":1,"userName":"oscaarp","msg":"[CONTENT_ROUTER] Routing movie \"Sundays\""}
{"level":30,"time":1774435636570,"pid":7,"hostname":"8c53bb05c99c","msg":"[CONTENT_ROUTER] Existing approval request found with status \"auto_approved\" for \"Sundays\" by user oscaarp, skipping routing"}
{"level":30,"time":1774435636570,"pid":7,"hostname":"8c53bb05c99c","added":{"shows":0,"movies":0},"unmatched":{"shows":1,"movies":1},"skippedDueToUserSetting":0,"skippedDueToMissingIds":0,"skippedDueToWatchlistCap":0,"msg":"[WATCHLIST_WORKFLOW] Watchlist sync completed"}
{"level":30,"time":1774435636694,"pid":7,"hostname":"8c53bb05c99c","friendCount":0,"msg":"[WATCHLIST_WORKFLOW] Watchlist baselines established for all users"}
{"level":30,"time":1774435636694,"pid":7,"hostname":"8c53bb05c99c","msg":"[WATCHLIST_WORKFLOW] Full reconciliation completed"}
{"level":30,"time":1774435636697,"pid":7,"hostname":"8c53bb05c99c","msg":"[WATCHLIST_WORKFLOW] Scheduled next periodic reconciliation in 120 minutes"}
{"level":30,"time":1774435636697,"pid":7,"hostname":"8c53bb05c99c","msg":"[WATCHLIST_WORKFLOW] Watchlist workflow running in ETag mode (5-minute staggered polling, 2-hour full reconciliation)"}
{"level":40,"time":1774435636831,"pid":7,"hostname":"8c53bb05c99c","msg":"[PLEX_WATCHLIST] No friends found for Plex token"}
{"level":30,"time":1774435637066,"pid":7,"hostname":"8c53bb05c99c","msg":"[PLEX_WATCHLIST] Plex Pass status: not detected"}
{"level":30,"time":1774435637067,"pid":7,"hostname":"8c53bb05c99c","userCount":1,"msg":"[WATCHLIST_WORKFLOW] Starting staggered ETag polling (5-minute cycles)"}
{"level":40,"time":1774435637204,"pid":7,"hostname":"8c53bb05c99c","msg":"[PLEX_WATCHLIST] No friends found for Plex token"}
{"level":30,"time":1774435637424,"pid":7,"hostname":"8c53bb05c99c","msg":"[PLEX_WATCHLIST] Plex Pass status: not detected"}
{"level":30,"time":1774435638937,"pid":7,"hostname":"8c53bb05c99c","msg":"[PLEX_SERVER] Opening SSE connection to Plex"}
{"level":40,"time":1774435638939,"pid":7,"hostname":"8c53bb05c99c","msg":"[PLEX_SERVER] SSE connection error"}
{"level":40,"time":1774435638940,"pid":7,"hostname":"8c53bb05c99c","msg":"[PLEX_SERVER] SSE disconnected - polling continues as fallback"}
{"level":30,"time":1774435638940,"pid":7,"hostname":"8c53bb05c99c","delayMs":4067,"msg":"[PLEX_SERVER] Scheduling SSE reconnect"}
{"level":30,"time":1774435643011,"pid":7,"hostname":"8c53bb05c99c","msg":"[PLEX_SERVER] Opening SSE connection to Plex"}
{"level":40,"time":1774435643015,"pid":7,"hostname":"8c53bb05c99c","msg":"[PLEX_SERVER] SSE connection error"}
{"level":40,"time":1774435643015,"pid":7,"hostname":"8c53bb05c99c","msg":"[PLEX_SERVER] SSE disconnected - polling continues as fallback"}
{"level":30,"time":1774435643016,"pid":7,"hostname":"8c53bb05c99c","delayMs":8511,"msg":"[PLEX_SERVER] Scheduling SSE reconnect"}
{"level":30,"time":1774435651527,"pid":7,"hostname":"8c53bb05c99c","msg":"[PLEX_SERVER] Opening SSE connection to Plex"}
{"level":40,"time":1774435651531,"pid":7,"hostname":"8c53bb05c99c","msg":"[PLEX_SERVER] SSE connection error"}
{"level":40,"time":1774435651531,"pid":7,"hostname":"8c53bb05c99c","msg":"[PLEX_SERVER] SSE disconnected - polling continues as fallback"}
{"level":30,"time":1774435651531,"pid":7,"hostname":"8c53bb05c99c","delayMs":16143,"msg":"[PLEX_SERVER] Scheduling SSE reconnect"}
{"level":30,"time":1774435667686,"pid":7,"hostname":"8c53bb05c99c","msg":"[PLEX_SERVER] Opening SSE connection to Plex"}
{"level":40,"time":1774435667690,"pid":7,"hostname":"8c53bb05c99c","msg":"[PLEX_SERVER] SSE connection error"}
{"level":40,"time":1774435667690,"pid":7,"hostname":"8c53bb05c99c","msg":"[PLEX_SERVER] SSE disconnected - polling continues as fallback"}
{"level":30,"time":1774435667690,"pid":7,"hostname":"8c53bb05c99c","delayMs":37309,"msg":"[PLEX_SERVER] Scheduling SSE reconnect"}
{"level":30,"time":1774435705007,"pid":7,"hostname":"8c53bb05c99c","msg":"[PLEX_SERVER] Opening SSE connection to Plex"}
{"level":40,"time":1774435705018,"pid":7,"hostname":"8c53bb05c99c","msg":"[PLEX_SERVER] SSE connection error"}
{"level":40,"time":1774435705019,"pid":7,"hostname":"8c53bb05c99c","msg":"[PLEX_SERVER] SSE disconnected - polling continues as fallback"}
{"level":30,"time":1774435705019,"pid":7,"hostname":"8c53bb05c99c","delayMs":31374,"msg":"[PLEX_SERVER] Scheduling SSE reconnect"}
{"level":30,"time":1774435736395,"pid":7,"hostname":"8c53bb05c99c","msg":"[PLEX_SERVER] Opening SSE connection to Plex"}
{"level":40,"time":1774435736404,"pid":7,"hostname":"8c53bb05c99c","msg":"[PLEX_SERVER] SSE connection error"}
{"level":40,"time":1774435736405,"pid":7,"hostname":"8c53bb05c99c","msg":"[PLEX_SERVER] SSE disconnected - polling continues as fallback"}
{"level":30,"time":1774435736405,"pid":7,"hostname":"8c53bb05c99c","delayMs":34830,"msg":"[PLEX_SERVER] Scheduling SSE reconnect"}
{"level":30,"time":1774435771547,"pid":7,"hostname":"8c53bb05c99c","msg":"[PLEX_SERVER] Opening SSE connection to Plex"}
{"level":40,"time":1774435772397,"pid":7,"hostname":"8c53bb05c99c","msg":"[PLEX_SERVER] SSE connection error"}
{"level":40,"time":1774435772398,"pid":7,"hostname":"8c53bb05c99c","msg":"[PLEX_SERVER] SSE disconnected - polling continues as fallback"}
{"level":30,"time":1774435772398,"pid":7,"hostname":"8c53bb05c99c","delayMs":34389,"msg":"[PLEX_SERVER] Scheduling SSE reconnect"}
{"level":40,"time":1774435776580,"pid":7,"hostname":"8c53bb05c99c","msg":"[PLEX_WATCHLIST] No friends found for Plex token"}
{"level":30,"time":1774435777527,"pid":7,"hostname":"8c53bb05c99c","msg":"[PLEX_WATCHLIST] Plex Pass status: not detected"}
{"level":30,"time":1774435806794,"pid":7,"hostname":"8c53bb05c99c","msg":"[PLEX_SERVER] Opening SSE connection to Plex"}
{"level":40,"time":1774435806825,"pid":7,"hostname":"8c53bb05c99c","msg":"[PLEX_SERVER] SSE connection error"}
{"level":40,"time":1774435806825,"pid":7,"hostname":"8c53bb05c99c","msg":"[PLEX_SERVER] SSE disconnected - polling continues as fallback"}
{"level":30,"time":1774435806826,"pid":7,"hostname":"8c53bb05c99c","delayMs":33033,"msg":"[PLEX_SERVER] Scheduling SSE reconnect"}
{"level":30,"time":1774435827488,"pid":7,"hostname":"8c53bb05c99c","instanceName":"Radarr","eventType":"unknown","contentTitle":"Hamnet","reqId":"req-a","msg":"Webhook received and processing"}
{"level":30,"time":1774435827503,"pid":7,"hostname":"8c53bb05c99c","title":"Hamnet","tmdbId":858024,"instanceName":"Radarr Instance 1","msg":"[WEBHOOK_QUEUE] Movie not in watchlist yet, queuing webhook for later processing"}
{"level":30,"time":1774435839866,"pid":7,"hostname":"8c53bb05c99c","msg":"[PLEX_SERVER] Opening SSE connection to Plex"}
{"level":40,"time":1774435839894,"pid":7,"hostname":"8c53bb05c99c","msg":"[PLEX_SERVER] SSE connection error"}
{"level":40,"time":1774435839895,"pid":7,"hostname":"8c53bb05c99c","msg":"[PLEX_SERVER] SSE disconnected - polling continues as fallback"}
{"level":30,"time":1774435839895,"pid":7,"hostname":"8c53bb05c99c","delayMs":34235,"msg":"[PLEX_SERVER] Scheduling SSE reconnect"}
{"level":30,"time":1774435874143,"pid":7,"hostname":"8c53bb05c99c","msg":"[PLEX_SERVER] Opening SSE connection to Plex"}
{"level":40,"time":1774435874170,"pid":7,"hostname":"8c53bb05c99c","msg":"[PLEX_SERVER] SSE connection error"}
{"level":40,"time":1774435874171,"pid":7,"hostname":"8c53bb05c99c","msg":"[PLEX_SERVER] SSE disconnected - polling continues as fallback"}
{"level":30,"time":1774435874171,"pid":7,"hostname":"8c53bb05c99c","delayMs":36029,"msg":"[PLEX_SERVER] Scheduling SSE reconnect"}
{"level":30,"time":1774435910209,"pid":7,"hostname":"8c53bb05c99c","msg":"[PLEX_SERVER] Opening SSE connection to Plex"}
{"level":40,"time":1774435910225,"pid":7,"hostname":"8c53bb05c99c","msg":"[PLEX_SERVER] SSE connection error"}
{"level":40,"time":1774435910225,"pid":7,"hostname":"8c53bb05c99c","msg":"[PLEX_SERVER] SSE disconnected - polling continues as fallback"}
{"level":30,"time":1774435910229,"pid":7,"hostname":"8c53bb05c99c","delayMs":35544,"msg":"[PLEX_SERVER] Scheduling SSE reconnect"}
{"level":40,"time":1774435927358,"pid":7,"hostname":"8c53bb05c99c","msg":"[PLEX_WATCHLIST] No friends found for Plex token"}
{"level":30,"time":1774435927876,"pid":7,"hostname":"8c53bb05c99c","msg":"[PLEX_WATCHLIST] Plex Pass status: not detected"}
{"level":30,"time":1774435945780,"pid":7,"hostname":"8c53bb05c99c","msg":"[PLEX_SERVER] Opening SSE connection to Plex"}
{"level":40,"time":1774435945786,"pid":7,"hostname":"8c53bb05c99c","msg":"[PLEX_SERVER] SSE connection error"}
{"level":40,"time":1774435945786,"pid":7,"hostname":"8c53bb05c99c","msg":"[PLEX_SERVER] SSE disconnected - polling continues as fallback"}
{"level":30,"time":1774435945786,"pid":7,"hostname":"8c53bb05c99c","delayMs":31845,"msg":"[PLEX_SERVER] Scheduling SSE reconnect"}
{"level":30,"time":1774435977639,"pid":7,"hostname":"8c53bb05c99c","msg":"[PLEX_SERVER] Opening SSE connection to Plex"}
{"level":40,"time":1774435977652,"pid":7,"hostname":"8c53bb05c99c","msg":"[PLEX_SERVER] SSE connection error"}
{"level":40,"time":1774435977653,"pid":7,"hostname":"8c53bb05c99c","msg":"[PLEX_SERVER] SSE disconnected - polling continues as fallback"}
{"level":30,"time":1774435977654,"pid":7,"hostname":"8c53bb05c99c","delayMs":33192,"msg":"[PLEX_SERVER] Scheduling SSE reconnect"}
{"level":30,"time":1774436010851,"pid":7,"hostname":"8c53bb05c99c","msg":"[PLEX_SERVER] Opening SSE connection to Plex"}
{"level":40,"time":1774436010864,"pid":7,"hostname":"8c53bb05c99c","msg":"[PLEX_SERVER] SSE connection error"}
{"level":40,"time":1774436010865,"pid":7,"hostname":"8c53bb05c99c","msg":"[PLEX_SERVER] SSE disconnected - polling continues as fallback"}
{"level":30,"time":1774436010865,"pid":7,"hostname":"8c53bb05c99c","delayMs":34383,"msg":"[PLEX_SERVER] Scheduling SSE reconnect"}
{"level":30,"time":1774436045259,"pid":7,"hostname":"8c53bb05c99c","msg":"[PLEX_SERVER] Opening SSE connection to Plex"}
{"level":40,"time":1774436045272,"pid":7,"hostname":"8c53bb05c99c","msg":"[PLEX_SERVER] SSE connection error"}
{"level":40,"time":1774436045272,"pid":7,"hostname":"8c53bb05c99c","msg":"[PLEX_SERVER] SSE disconnected - polling continues as fallback"}
{"level":30,"time":1774436045273,"pid":7,"hostname":"8c53bb05c99c","delayMs":36896,"msg":"[PLEX_SERVER] Scheduling SSE reconnect"}
{"level":30,"time":1774436082171,"pid":7,"hostname":"8c53bb05c99c","msg":"[PLEX_SERVER] Opening SSE connection to Plex"}
{"level":40,"time":1774436082188,"pid":7,"hostname":"8c53bb05c99c","msg":"[PLEX_SERVER] SSE connection error"}
{"level":40,"time":1774436082188,"pid":7,"hostname":"8c53bb05c99c","msg":"[PLEX_SERVER] SSE disconnected - polling continues as fallback"}
{"level":30,"time":1774436082189,"pid":7,"hostname":"8c53bb05c99c","delayMs":36203,"msg":"[PLEX_SERVER] Scheduling SSE reconnect"}
{"level":40,"time":1774436087474,"pid":7,"hostname":"8c53bb05c99c","msg":"[PLEX_WATCHLIST] No friends found for Plex token"}
{"level":30,"time":1774436088051,"pid":7,"hostname":"8c53bb05c99c","msg":"[PLEX_WATCHLIST] Plex Pass status: not detected"}
{"level":30,"time":1774436118394,"pid":7,"hostname":"8c53bb05c99c","msg":"[PLEX_SERVER] Opening SSE connection to Plex"}
{"level":40,"time":1774436118406,"pid":7,"hostname":"8c53bb05c99c","msg":"[PLEX_SERVER] SSE connection error"}
{"level":40,"time":1774436118406,"pid":7,"hostname":"8c53bb05c99c","msg":"[PLEX_SERVER] SSE disconnected - polling continues as fallback"}
{"level":30,"time":1774436118407,"pid":7,"hostname":"8c53bb05c99c","delayMs":32892,"msg":"[PLEX_SERVER] Scheduling SSE reconnect"}
{"level":30,"time":1774436151302,"pid":7,"hostname":"8c53bb05c99c","msg":"[PLEX_SERVER] Opening SSE connection to Plex"}
{"level":40,"time":1774436151316,"pid":7,"hostname":"8c53bb05c99c","msg":"[PLEX_SERVER] SSE connection error"}
{"level":40,"time":1774436151317,"pid":7,"hostname":"8c53bb05c99c","msg":"[PLEX_SERVER] SSE disconnected - polling continues as fallback"}
{"level":30,"time":1774436151319,"pid":7,"hostname":"8c53bb05c99c","delayMs":35763,"msg":"[PLEX_SERVER] Scheduling SSE reconnect"}
{"level":30,"time":1774436187101,"pid":7,"hostname":"8c53bb05c99c","msg":"[PLEX_SERVER] Opening SSE connection to Plex"}
{"level":40,"time":1774436187120,"pid":7,"hostname":"8c53bb05c99c","msg":"[PLEX_SERVER] SSE connection error"}
{"level":40,"time":1774436187121,"pid":7,"hostname":"8c53bb05c99c","msg":"[PLEX_SERVER] SSE disconnected - polling continues as fallback"}
{"level":30,"time":1774436187121,"pid":7,"hostname":"8c53bb05c99c","delayMs":36699,"msg":"[PLEX_SERVER] Scheduling SSE reconnect"}
{"level":30,"time":1774436223821,"pid":7,"hostname":"8c53bb05c99c","msg":"[PLEX_SERVER] Opening SSE connection to Plex"}
{"level":40,"time":1774436223836,"pid":7,"hostname":"8c53bb05c99c","msg":"[PLEX_SERVER] SSE connection error"}
{"level":40,"time":1774436223836,"pid":7,"hostname":"8c53bb05c99c","msg":"[PLEX_SERVER] SSE disconnected - polling continues as fallback"}
{"level":30,"time":1774436223837,"pid":7,"hostname":"8c53bb05c99c","delayMs":36047,"msg":"[PLEX_SERVER] Scheduling SSE reconnect"}
{"level":40,"time":1774436244508,"pid":7,"hostname":"8c53bb05c99c","msg":"[PLEX_WATCHLIST] No friends found for Plex token"}
{"level":30,"time":1774436244972,"pid":7,"hostname":"8c53bb05c99c","msg":"[PLEX_WATCHLIST] Plex Pass status: not detected"}
{"level":30,"time":1774436259890,"pid":7,"hostname":"8c53bb05c99c","msg":"[PLEX_SERVER] Opening SSE connection to Plex"}
{"level":40,"time":1774436259895,"pid":7,"hostname":"8c53bb05c99c","msg":"[PLEX_SERVER] SSE connection error"}
{"level":40,"time":1774436259896,"pid":7,"hostname":"8c53bb05c99c","msg":"[PLEX_SERVER] SSE disconnected - polling continues as fallback"}
{"level":30,"time":1774436259896,"pid":7,"hostname":"8c53bb05c99c","delayMs":30916,"msg":"[PLEX_SERVER] Scheduling SSE reconnect"}
{"level":30,"time":1774436290821,"pid":7,"hostname":"8c53bb05c99c","msg":"[PLEX_SERVER] Opening SSE connection to Plex"}
{"level":40,"time":1774436290837,"pid":7,"hostname":"8c53bb05c99c","msg":"[PLEX_SERVER] SSE connection error"}
{"level":40,"time":1774436290838,"pid":7,"hostname":"8c53bb05c99c","msg":"[PLEX_SERVER] SSE disconnected - polling continues as fallback"}
{"level":30,"time":1774436290838,"pid":7,"hostname":"8c53bb05c99c","delayMs":37280,"msg":"[PLEX_SERVER] Scheduling SSE reconnect"}
{"level":30,"time":1774436328124,"pid":7,"hostname":"8c53bb05c99c","msg":"[PLEX_SERVER] Opening SSE connection to Plex"}
{"level":40,"time":1774436328134,"pid":7,"hostname":"8c53bb05c99c","msg":"[PLEX_SERVER] SSE connection error"}
{"level":40,"time":1774436328135,"pid":7,"hostname":"8c53bb05c99c","msg":"[PLEX_SERVER] SSE disconnected - polling continues as fallback"}
{"level":30,"time":1774436328135,"pid":7,"hostname":"8c53bb05c99c","delayMs":36557,"msg":"[PLEX_SERVER] Scheduling SSE reconnect"}
{"level":30,"time":1774436364700,"pid":7,"hostname":"8c53bb05c99c","msg":"[PLEX_SERVER] Opening SSE connection to Plex"}
{"level":40,"time":1774436364716,"pid":7,"hostname":"8c53bb05c99c","msg":"[PLEX_SERVER] SSE connection error"}
{"level":40,"time":1774436364717,"pid":7,"hostname":"8c53bb05c99c","msg":"[PLEX_SERVER] SSE disconnected - polling continues as fallback"}
{"level":30,"time":1774436364717,"pid":7,"hostname":"8c53bb05c99c","delayMs":30868,"msg":"[PLEX_SERVER] Scheduling SSE reconnect"}
{"level":40,"time":1774436394864,"pid":7,"hostname":"8c53bb05c99c","msg":"[PLEX_WATCHLIST] No friends found for Plex token"}
{"level":30,"time":1774436395396,"pid":7,"hostname":"8c53bb05c99c","msg":"[PLEX_WATCHLIST] Plex Pass status: not detected"}
{"level":30,"time":1774436395590,"pid":7,"hostname":"8c53bb05c99c","msg":"[PLEX_SERVER] Opening SSE connection to Plex"}
{"level":40,"time":1774436395596,"pid":7,"hostname":"8c53bb05c99c","msg":"[PLEX_SERVER] SSE connection error"}
{"level":40,"time":1774436395596,"pid":7,"hostname":"8c53bb05c99c","msg":"[PLEX_SERVER] SSE disconnected - polling continues as fallback"}
{"level":30,"time":1774436395597,"pid":7,"hostname":"8c53bb05c99c","delayMs":36221,"msg":"[PLEX_SERVER] Scheduling SSE reconnect"}
{"level":30,"time":1774436400011,"pid":7,"hostname":"8c53bb05c99c","msg":"[APPROVAL] Running scheduled job: approval-maintenance"}
{"level":30,"time":1774436400014,"pid":7,"hostname":"8c53bb05c99c","msg":"[APPROVAL] Completed scheduled job: approval-maintenance"}
{"level":30,"time":1774436431824,"pid":7,"hostname":"8c53bb05c99c","msg":"[PLEX_SERVER] Opening SSE connection to Plex"}
{"level":40,"time":1774436431835,"pid":7,"hostname":"8c53bb05c99c","msg":"[PLEX_SERVER] SSE connection error"}
{"level":40,"time":1774436431835,"pid":7,"hostname":"8c53bb05c99c","msg":"[PLEX_SERVER] SSE disconnected - polling continues as fallback"}
{"level":30,"time":1774436431836,"pid":7,"hostname":"8c53bb05c99c","delayMs":31575,"msg":"[PLEX_SERVER] Scheduling SSE reconnect"}
{"level":30,"time":1774436463416,"pid":7,"hostname":"8c53bb05c99c","msg":"[PLEX_SERVER] Opening SSE connection to Plex"}
{"level":40,"time":1774436463430,"pid":7,"hostname":"8c53bb05c99c","msg":"[PLEX_SERVER] SSE connection error"}
{"level":40,"time":1774436463430,"pid":7,"hostname":"8c53bb05c99c","msg":"[PLEX_SERVER] SSE disconnected - polling continues as fallback"}
{"level":30,"time":1774436463430,"pid":7,"hostname":"8c53bb05c99c","delayMs":32636,"msg":"[PLEX_SERVER] Scheduling SSE reconnect"}
{"level":30,"time":1774436475477,"pid":7,"hostname":"8c53bb05c99c","msg":"[WEBHOOK_QUEUE] Cleaned up 1 expired webhooks"}
{"level":30,"time":1774436496079,"pid":7,"hostname":"8c53bb05c99c","msg":"[PLEX_SERVER] Opening SSE connection to Plex"}
{"level":40,"time":1774436496089,"pid":7,"hostname":"8c53bb05c99c","msg":"[PLEX_SERVER] SSE connection error"}
{"level":40,"time":1774436496089,"pid":7,"hostname":"8c53bb05c99c","msg":"[PLEX_SERVER] SSE disconnected - polling continues as fallback"}
{"level":30,"time":1774436496090,"pid":7,"hostname":"8c53bb05c99c","delayMs":36727,"msg":"[PLEX_SERVER] Scheduling SSE reconnect"}
{"level":30,"time":1774436532828,"pid":7,"hostname":"8c53bb05c99c","msg":"[PLEX_SERVER] Opening SSE connection to Plex"}
{"level":40,"time":1774436532850,"pid":7,"hostname":"8c53bb05c99c","msg":"[PLEX_SERVER] SSE connection error"}
{"level":40,"time":1774436532852,"pid":7,"hostname":"8c53bb05c99c","msg":"[PLEX_SERVER] SSE disconnected - polling continues as fallback"}
{"level":30,"time":1774436532853,"pid":7,"hostname":"8c53bb05c99c","delayMs":34368,"msg":"[PLEX_SERVER] Scheduling SSE reconnect"}
{"level":40,"time":1774436541958,"pid":7,"hostname":"8c53bb05c99c","msg":"[PLEX_WATCHLIST] No friends found for Plex token"}
{"level":30,"time":1774436542498,"pid":7,"hostname":"8c53bb05c99c","msg":"[PLEX_WATCHLIST] Plex Pass status: not detected"}
{"level":30,"time":1774436567225,"pid":7,"hostname":"8c53bb05c99c","msg":"[PLEX_SERVER] Opening SSE connection to Plex"}
{"level":40,"time":1774436567243,"pid":7,"hostname":"8c53bb05c99c","msg":"[PLEX_SERVER] SSE connection error"}
{"level":40,"time":1774436567243,"pid":7,"hostname":"8c53bb05c99c","msg":"[PLEX_SERVER] SSE disconnected - polling continues as fallback"}
{"level":30,"time":1774436567245,"pid":7,"hostname":"8c53bb05c99c","delayMs":36408,"msg":"[PLEX_SERVER] Scheduling SSE reconnect"}
{"level":30,"time":1774436603662,"pid":7,"hostname":"8c53bb05c99c","msg":"[PLEX_SERVER] Opening SSE connection to Plex"}
{"level":40,"time":1774436603671,"pid":7,"hostname":"8c53bb05c99c","msg":"[PLEX_SERVER] SSE connection error"}
{"level":40,"time":1774436603672,"pid":7,"hostname":"8c53bb05c99c","msg":"[PLEX_SERVER] SSE disconnected - polling continues as fallback"}
{"level":30,"time":1774436603672,"pid":7,"hostname":"8c53bb05c99c","delayMs":34044,"msg":"[PLEX_SERVER] Scheduling SSE reconnect"}
{"level":30,"time":1774436637720,"pid":7,"hostname":"8c53bb05c99c","msg":"[PLEX_SERVER] Opening SSE connection to Plex"}
{"level":40,"time":1774436637728,"pid":7,"hostname":"8c53bb05c99c","msg":"[PLEX_SERVER] SSE connection error"}
{"level":40,"time":1774436637729,"pid":7,"hostname":"8c53bb05c99c","msg":"[PLEX_SERVER] SSE disconnected - polling continues as fallback"}
{"level":30,"time":1774436637729,"pid":7,"hostname":"8c53bb05c99c","delayMs":34684,"msg":"[PLEX_SERVER] Scheduling SSE reconnect"}
{"level":30,"time":1774436672415,"pid":7,"hostname":"8c53bb05c99c","msg":"[PLEX_SERVER] Opening SSE connection to Plex"}
{"level":40,"time":1774436672424,"pid":7,"hostname":"8c53bb05c99c","msg":"[PLEX_SERVER] SSE connection error"}
{"level":40,"time":1774436672424,"pid":7,"hostname":"8c53bb05c99c","msg":"[PLEX_SERVER] SSE disconnected - polling continues as fallback"}
{"level":30,"time":1774436672425,"pid":7,"hostname":"8c53bb05c99c","delayMs":31379,"msg":"[PLEX_SERVER] Scheduling SSE reconnect"}
{"level":40,"time":1774436696989,"pid":7,"hostname":"8c53bb05c99c","msg":"[PLEX_WATCHLIST] No friends found for Plex token"}
{"level":30,"time":1774436697623,"pid":7,"hostname":"8c53bb05c99c","msg":"[PLEX_WATCHLIST] Plex Pass status: not detected"}
{"level":30,"time":1774436703809,"pid":7,"hostname":"8c53bb05c99c","msg":"[PLEX_SERVER] Opening SSE connection to Plex"}
{"level":40,"time":1774436703816,"pid":7,"hostname":"8c53bb05c99c","msg":"[PLEX_SERVER] SSE connection error"}
{"level":40,"time":1774436703817,"pid":7,"hostname":"8c53bb05c99c","msg":"[PLEX_SERVER] SSE disconnected - polling continues as fallback"}
{"level":30,"time":1774436703818,"pid":7,"hostname":"8c53bb05c99c","delayMs":34430,"msg":"[PLEX_SERVER] Scheduling SSE reconnect"}
{"level":30,"time":1774436738248,"pid":7,"hostname":"8c53bb05c99c","msg":"[PLEX_SERVER] Opening SSE connection to Plex"}
{"level":40,"time":1774436738260,"pid":7,"hostname":"8c53bb05c99c","msg":"[PLEX_SERVER] SSE connection error"}
{"level":40,"time":1774436738260,"pid":7,"hostname":"8c53bb05c99c","msg":"[PLEX_SERVER] SSE disconnected - polling continues as fallback"}
{"level":30,"time":1774436738261,"pid":7,"hostname":"8c53bb05c99c","delayMs":35096,"msg":"[PLEX_SERVER] Scheduling SSE reconnect"}
{"level":30,"time":1774436773365,"pid":7,"hostname":"8c53bb05c99c","msg":"[PLEX_SERVER] Opening SSE connection to Plex"}
{"level":40,"time":1774436773376,"pid":7,"hostname":"8c53bb05c99c","msg":"[PLEX_SERVER] SSE connection error"}
{"level":40,"time":1774436773377,"pid":7,"hostname":"8c53bb05c99c","msg":"[PLEX_SERVER] SSE disconnected - polling continues as fallback"}
{"level":30,"time":1774436773377,"pid":7,"hostname":"8c53bb05c99c","delayMs":36500,"msg":"[PLEX_SERVER] Scheduling SSE reconnect"}
{"level":30,"time":1774436809882,"pid":7,"hostname":"8c53bb05c99c","msg":"[PLEX_SERVER] Opening SSE connection to Plex"}
{"level":40,"time":1774436809892,"pid":7,"hostname":"8c53bb05c99c","msg":"[PLEX_SERVER] SSE connection error"}
{"level":40,"time":1774436809893,"pid":7,"hostname":"8c53bb05c99c","msg":"[PLEX_SERVER] SSE disconnected - polling continues as fallback"}
{"level":30,"time":1774436809893,"pid":7,"hostname":"8c53bb05c99c","delayMs":34283,"msg":"[PLEX_SERVER] Scheduling SSE reconnect"}
{"level":30,"time":1774436844180,"pid":7,"hostname":"8c53bb05c99c","msg":"[PLEX_SERVER] Opening SSE connection to Plex"}
{"level":40,"time":1774436844191,"pid":7,"hostname":"8c53bb05c99c","msg":"[PLEX_SERVER] SSE connection error"}
{"level":40,"time":1774436844191,"pid":7,"hostname":"8c53bb05c99c","msg":"[PLEX_SERVER] SSE disconnected - polling continues as fallback"}
{"level":30,"time":1774436844192,"pid":7,"hostname":"8c53bb05c99c","delayMs":30123,"msg":"[PLEX_SERVER] Scheduling SSE reconnect"}
{"level":40,"time":1774436845332,"pid":7,"hostname":"8c53bb05c99c","msg":"[PLEX_WATCHLIST] No friends found for Plex token"}
{"level":30,"time":1774436845866,"pid":7,"hostname":"8c53bb05c99c","msg":"[PLEX_WATCHLIST] Plex Pass status: not detected"}
{"level":30,"time":1774436874313,"pid":7,"hostname":"8c53bb05c99c","msg":"[PLEX_SERVER] Opening SSE connection to Plex"}
{"level":40,"time":1774436874321,"pid":7,"hostname":"8c53bb05c99c","msg":"[PLEX_SERVER] SSE connection error"}
{"level":40,"time":1774436874322,"pid":7,"hostname":"8c53bb05c99c","msg":"[PLEX_SERVER] SSE disconnected - polling continues as fallback"}
{"level":30,"time":1774436874322,"pid":7,"hostname":"8c53bb05c99c","delayMs":33139,"msg":"[PLEX_SERVER] Scheduling SSE reconnect"}
{"level":30,"time":1774436907467,"pid":7,"hostname":"8c53bb05c99c","msg":"[PLEX_SERVER] Opening SSE connection to Plex"}
{"level":40,"time":1774436907479,"pid":7,"hostname":"8c53bb05c99c","msg":"[PLEX_SERVER] SSE connection error"}
{"level":40,"time":1774436907480,"pid":7,"hostname":"8c53bb05c99c","msg":"[PLEX_SERVER] SSE disconnected - polling continues as fallback"}
{"level":30,"time":1774436907480,"pid":7,"hostname":"8c53bb05c99c","delayMs":37266,"msg":"[PLEX_SERVER] Scheduling SSE reconnect"}
{"level":30,"time":1774436944751,"pid":7,"hostname":"8c53bb05c99c","msg":"[PLEX_SERVER] Opening SSE connection to Plex"}
{"level":40,"time":1774436944765,"pid":7,"hostname":"8c53bb05c99c","msg":"[PLEX_SERVER] SSE connection error"}
{"level":40,"time":1774436944765,"pid":7,"hostname":"8c53bb05c99c","msg":"[PLEX_SERVER] SSE disconnected - polling continues as fallback"}
{"level":30,"time":1774436944766,"pid":7,"hostname":"8c53bb05c99c","delayMs":31839,"msg":"[PLEX_SERVER] Scheduling SSE reconnect"}
{"level":30,"time":1774436976610,"pid":7,"hostname":"8c53bb05c99c","msg":"[PLEX_SERVER] Opening SSE connection to Plex"}
{"level":40,"time":1774436976622,"pid":7,"hostname":"8c53bb05c99c","msg":"[PLEX_SERVER] SSE connection error"}
{"level":40,"time":1774436976623,"pid":7,"hostname":"8c53bb05c99c","msg":"[PLEX_SERVER] SSE disconnected - polling continues as fallback"}
{"level":30,"time":1774436976623,"pid":7,"hostname":"8c53bb05c99c","delayMs":34829,"msg":"[PLEX_SERVER] Scheduling SSE reconnect"}
{"level":40,"time":1774437003254,"pid":7,"hostname":"8c53bb05c99c","msg":"[PLEX_WATCHLIST] No friends found for Plex token"}
{"level":30,"time":1774437003764,"pid":7,"hostname":"8c53bb05c99c","msg":"[PLEX_WATCHLIST] Plex Pass status: not detected"}
{"level":30,"time":1774437011454,"pid":7,"hostname":"8c53bb05c99c","msg":"[PLEX_SERVER] Opening SSE connection to Plex"}
{"level":40,"time":1774437011461,"pid":7,"hostname":"8c53bb05c99c","msg":"[PLEX_SERVER] SSE connection error"}
{"level":40,"time":1774437011462,"pid":7,"hostname":"8c53bb05c99c","msg":"[PLEX_SERVER] SSE disconnected - polling continues as fallback"}
{"level":30,"time":1774437011463,"pid":7,"hostname":"8c53bb05c99c","delayMs":32615,"msg":"[PLEX_SERVER] Scheduling SSE reconnect"}
{"level":30,"time":1774437044087,"pid":7,"hostname":"8c53bb05c99c","msg":"[PLEX_SERVER] Opening SSE connection to Plex"}
{"level":40,"time":1774437044094,"pid":7,"hostname":"8c53bb05c99c","msg":"[PLEX_SERVER] SSE connection error"}
{"level":40,"time":1774437044094,"pid":7,"hostname":"8c53bb05c99c","msg":"[PLEX_SERVER] SSE disconnected - polling continues as fallback"}
{"level":30,"time":1774437044095,"pid":7,"hostname":"8c53bb05c99c","delayMs":35675,"msg":"[PLEX_SERVER] Scheduling SSE reconnect"}
{"level":30,"time":1774437079779,"pid":7,"hostname":"8c53bb05c99c","msg":"[PLEX_SERVER] Opening SSE connection to Plex"}
{"level":40,"time":1774437079794,"pid":7,"hostname":"8c53bb05c99c","msg":"[PLEX_SERVER] SSE connection error"}
{"level":40,"time":1774437079794,"pid":7,"hostname":"8c53bb05c99c","msg":"[PLEX_SERVER] SSE disconnected - polling continues as fallback"}
{"level":30,"time":1774437079795,"pid":7,"hostname":"8c53bb05c99c","delayMs":37013,"msg":"[PLEX_SERVER] Scheduling SSE reconnect"}
{"level":30,"time":1774437116815,"pid":7,"hostname":"8c53bb05c99c","msg":"[PLEX_SERVER] Opening SSE connection to Plex"}
{"level":40,"time":1774437116829,"pid":7,"hostname":"8c53bb05c99c","msg":"[PLEX_SERVER] SSE connection error"}
{"level":40,"time":1774437116830,"pid":7,"hostname":"8c53bb05c99c","msg":"[PLEX_SERVER] SSE disconnected - polling continues as fallback"}
{"level":30,"time":1774437116830,"pid":7,"hostname":"8c53bb05c99c","delayMs":33564,"msg":"[PLEX_SERVER] Scheduling SSE reconnect"}
{"level":40,"time":1774437140257,"pid":7,"hostname":"8c53bb05c99c","msg":"[PLEX_WATCHLIST] No friends found for Plex token"}
{"level":30,"time":1774437145765,"pid":7,"hostname":"8c53bb05c99c","msg":"[WATCHLIST_WORKFLOW] Stopping Watchlist workflow"}
{"level":30,"time":1774437145768,"pid":7,"hostname":"8c53bb05c99c","msg":"[WATCHLIST_WORKFLOW] Found existing periodic reconciliation job from previous run, cleaning up"}
{"level":30,"time":1774437145771,"pid":7,"hostname":"8c53bb05c99c","msg":"[WATCHLIST_WORKFLOW] Successfully cleaned up existing periodic reconciliation job"}
{"level":30,"time":1774437145772,"pid":7,"hostname":"8c53bb05c99c","msg":"[WATCHLIST_WORKFLOW] Deferred routing queue stopped"}
{"level":40,"time":1774437145880,"pid":7,"hostname":"8c53bb05c99c","msg":"[PLEX_WATCHLIST] No friends found for Plex token"}
{"level":30,"time":1774437146086,"pid":7,"hostname":"8c53bb05c99c","msg":"[PLEX_WATCHLIST] Plex Pass status: not detected"}
{"level":30,"time":1774437150396,"pid":7,"hostname":"8c53bb05c99c","msg":"[PLEX_SERVER] Opening SSE connection to Plex"}
{"level":40,"time":1774437150403,"pid":7,"hostname":"8c53bb05c99c","msg":"[PLEX_SERVER] SSE connection error"}
{"level":40,"time":1774437150404,"pid":7,"hostname":"8c53bb05c99c","msg":"[PLEX_SERVER] SSE disconnected - polling continues as fallback"}
{"level":30,"time":1774437150404,"pid":7,"hostname":"8c53bb05c99c","delayMs":33346,"msg":"[PLEX_SERVER] Scheduling SSE reconnect"}
{"level":30,"time":1774437154992,"pid":7,"hostname":"8c53bb05c99c","pinId":2127698892,"clientId":"pulsarr-35f79735","msg":"Generated Plex PIN for authentication"}
{"level":30,"time":1774437171029,"pid":7,"hostname":"8c53bb05c99c","pinId":2127698892,"msg":"Plex PIN authorized successfully"}
{"level":30,"time":1774437171065,"pid":7,"hostname":"8c53bb05c99c","msg":"Plex server connection settings changed, clearing caches and reconnecting SSE"}
{"level":30,"time":1774437172031,"pid":7,"hostname":"8c53bb05c99c","msg":"[PLEX_SERVER] Filtered to 2 reachable connections (0 unreachable)"}
{"level":30,"time":1774437172033,"pid":7,"hostname":"8c53bb05c99c","msg":"[PLEX_SERVER] Found 2 Plex server connections (2 local, 0 relay)"}
{"level":30,"time":1774437172035,"pid":7,"hostname":"8c53bb05c99c","msg":"[PLEX_SERVER] Opening SSE connection to Plex"}
{"level":30,"time":1774437172106,"pid":7,"hostname":"8c53bb05c99c","msg":"[PLEX_SERVER] SSE connection to Plex established"}
{"level":30,"time":1774437172107,"pid":7,"hostname":"8c53bb05c99c","msg":"[PLEX_SERVER] SSE connected - reconciling with live sessions"}
{"level":30,"time":1774437175186,"pid":7,"hostname":"8c53bb05c99c","msg":"Plex server connection settings changed, clearing caches and reconnecting SSE"}
{"level":40,"time":1774437175187,"pid":7,"hostname":"8c53bb05c99c","msg":"[PLEX_SERVER] No Plex admin token available for connection discovery"}
{"level":40,"time":1774437175189,"pid":7,"hostname":"8c53bb05c99c","msg":"[PLEX_SERVER] No Plex token available, skipping SSE connection"}
{"level":30,"time":1774437177934,"pid":7,"hostname":"8c53bb05c99c","pinId":996667459,"clientId":"pulsarr-86e60e0e","msg":"Generated Plex PIN for authentication"}
{"level":30,"time":1774437253100,"pid":7,"hostname":"8c53bb05c99c","pinId":996667459,"msg":"Plex PIN authorized successfully"}
{"level":30,"time":1774437253122,"pid":7,"hostname":"8c53bb05c99c","msg":"Plex server connection settings changed, clearing caches and reconnecting SSE"}
{"level":30,"time":1774437253972,"pid":7,"hostname":"8c53bb05c99c","msg":"[PLEX_SERVER] Filtered to 2 reachable connections (0 unreachable)"}
{"level":30,"time":1774437253973,"pid":7,"hostname":"8c53bb05c99c","msg":"[PLEX_SERVER] Found 2 Plex server connections (2 local, 0 relay)"}
{"level":30,"time":1774437253974,"pid":7,"hostname":"8c53bb05c99c","msg":"[PLEX_SERVER] Opening SSE connection to Plex"}
{"level":30,"time":1774437253985,"pid":7,"hostname":"8c53bb05c99c","msg":"[PLEX_SERVER] SSE connection to Plex established"}
{"level":30,"time":1774437253986,"pid":7,"hostname":"8c53bb05c99c","msg":"[PLEX_SERVER] SSE connected - reconciling with live sessions"}
{"level":30,"time":1774437254131,"pid":7,"hostname":"8c53bb05c99c","msg":"[PLEX_WATCHLIST] Successfully validated Plex token"}
{"level":30,"time":1774437254746,"pid":7,"hostname":"8c53bb05c99c","msg":"[PLEX_WATCHLIST] Plex Pass status: not detected"}
{"level":30,"time":1774437255142,"pid":7,"hostname":"8c53bb05c99c","msg":"[PLEX_WATCHLIST] Plex API returned MediaContainer without Metadata array"}
{"level":30,"time":1774437255143,"pid":7,"hostname":"8c53bb05c99c","msg":"[PLEX_WATCHLIST] User has no items in their watchlist"}
{"level":30,"time":1774437255143,"pid":7,"hostname":"8c53bb05c99c","msg":"[PLEX_WATCHLIST] Self watchlist fetched successfully with 0 total items"}
{"level":40,"time":1774437256318,"pid":7,"hostname":"8c53bb05c99c","msg":"[PLEX_WATCHLIST] No friends found for Plex token"}
{"level":30,"time":1774437256556,"pid":7,"hostname":"8c53bb05c99c","msg":"[PLEX_WATCHLIST] Plex Pass status: not detected"}
{"level":40,"time":1774437256840,"pid":7,"hostname":"8c53bb05c99c","msg":"[PLEX_WATCHLIST] Unable to generate an RSS feed: Unauthorized"}
{"level":30,"time":1774437256842,"pid":7,"hostname":"8c53bb05c99c","msg":"[PLEX_WATCHLIST] Generated watchlist RSS feed for self: None"}
{"level":40,"time":1774437256902,"pid":7,"hostname":"8c53bb05c99c","msg":"[PLEX_WATCHLIST] Unable to generate an RSS feed: Unauthorized"}
{"level":30,"time":1774437256903,"pid":7,"hostname":"8c53bb05c99c","msg":"[PLEX_WATCHLIST] Generated watchlist RSS feed for friends: None"}
{"level":40,"time":1774437256904,"pid":7,"hostname":"8c53bb05c99c","msg":"[PLEX_WATCHLIST] Missing RSS URL. Are you an active Plex Pass user?"}
{"level":40,"time":1774437256904,"pid":7,"hostname":"8c53bb05c99c","msg":"[PLEX_WATCHLIST] Real-time RSS sync disabled"}
{"level":50,"time":1774437256904,"pid":7,"hostname":"8c53bb05c99c","error":{"message":"Unable to fetch watchlist URLs","name":"Error","type":"Error","stack":"Error: Unable to fetch watchlist URLs\n    at generateAndSaveRssFeeds (/app/dist/services/plex-watchlist/orchestration/rss-processor.js:13:19)\n    at processTicksAndRejections (native:7:39)"},"route":"GET /v1/plex/generate-rss-feeds","msg":"Failed to generate RSS feeds"}
{"level":50,"time":1774437256912,"pid":7,"hostname":"8c53bb05c99c","reqId":"req-46","err":{"message":"Unable to fetch watchlist URLs","name":"InternalServerError","status":500,"statusCode":500,"type":"Error","stack":"InternalServerError: Unable to fetch watchlist URLs\n    at internalServerError (/app/node_modules/@fastify/sensible/lib/httpErrors.js:137:28)\n    at sensibleInternalServerError (/app/node_modules/@fastify/sensible/index.js:55:34)\n    at processTicksAndRejections (native:7:39)"},"request":{"id":"req-46","method":"GET","path":"/v1/plex/generate-rss-feeds","route":"/v1/plex/generate-rss-feeds","ip":"172.18.0.1"},"msg":"Internal server error occurred"}
{"level":40,"time":1774437258350,"pid":7,"hostname":"8c53bb05c99c","msg":"[PLEX_WATCHLIST] No friends found for Plex token"}
{"level":30,"time":1774437280930,"pid":7,"hostname":"8c53bb05c99c","msg":"[DATABASE] Radarr instance 1 updated"}
{"level":30,"time":1774437366570,"pid":7,"hostname":"8c53bb05c99c","msg":"[PLEX_WATCHLIST] Successfully validated Plex token"}
{"level":30,"time":1774437366572,"pid":7,"hostname":"8c53bb05c99c","msg":"[WATCHLIST_WORKFLOW] Plex connection verified"}
{"level":40,"time":1774437366630,"pid":7,"hostname":"8c53bb05c99c","msg":"[PLEX_WATCHLIST] Unable to generate an RSS feed: Unauthorized"}
{"level":30,"time":1774437366631,"pid":7,"hostname":"8c53bb05c99c","msg":"[PLEX_WATCHLIST] Generated watchlist RSS feed for self: None"}
{"level":40,"time":1774437366706,"pid":7,"hostname":"8c53bb05c99c","msg":"[PLEX_WATCHLIST] Unable to generate an RSS feed: Unauthorized"}
{"level":30,"time":1774437366706,"pid":7,"hostname":"8c53bb05c99c","msg":"[PLEX_WATCHLIST] Generated watchlist RSS feed for friends: None"}
{"level":40,"time":1774437366707,"pid":7,"hostname":"8c53bb05c99c","msg":"[PLEX_WATCHLIST] Missing RSS URL. Are you an active Plex Pass user?"}
{"level":40,"time":1774437366707,"pid":7,"hostname":"8c53bb05c99c","msg":"[PLEX_WATCHLIST] Real-time RSS sync disabled"}
{"level":40,"time":1774437366708,"pid":7,"hostname":"8c53bb05c99c","error":{"message":"Unable to fetch watchlist URLs","name":"Error","type":"Error","stack":"Error: Unable to fetch watchlist URLs\n    at generateAndSaveRssFeeds (/app/dist/services/plex-watchlist/orchestration/rss-processor.js:13:19)\n    at processTicksAndRejections (native:7:39)"},"msg":"[WATCHLIST_WORKFLOW] Failed to generate RSS feeds, falling back to manual sync"}
{"level":30,"time":1774437366710,"pid":7,"hostname":"8c53bb05c99c","msg":"[SCHEDULER] Registered handler for new job: periodic-watchlist-reconciliation"}
{"level":30,"time":1774437366716,"pid":7,"hostname":"8c53bb05c99c","msg":"[WATCHLIST_WORKFLOW] Periodic watchlist reconciliation job created (will be dynamically scheduled)"}
{"level":30,"time":1774437366717,"pid":7,"hostname":"8c53bb05c99c","msg":"[WATCHLIST_WORKFLOW] Deferred routing queue started"}
{"level":40,"time":1774437366845,"pid":7,"hostname":"8c53bb05c99c","msg":"[PLEX_WATCHLIST] No friends found for Plex token"}
{"level":30,"time":1774437367064,"pid":7,"hostname":"8c53bb05c99c","msg":"[PLEX_WATCHLIST] Plex Pass status: not detected"}
{"level":30,"time":1774437367141,"pid":7,"hostname":"8c53bb05c99c","friendCount":0,"msg":"[WATCHLIST_WORKFLOW] Watchlist baselines established for all users"}
{"level":40,"time":1774437367291,"pid":7,"hostname":"8c53bb05c99c","msg":"[PLEX_WATCHLIST] No friends found for Plex token"}
{"level":30,"time":1774437367513,"pid":7,"hostname":"8c53bb05c99c","msg":"[PLEX_WATCHLIST] Plex Pass status: not detected"}
{"level":30,"time":1774437367518,"pid":7,"hostname":"8c53bb05c99c","msg":"[WATCHLIST_WORKFLOW] Starting full reconciliation"}
{"level":30,"time":1774437367519,"pid":7,"hostname":"8c53bb05c99c","msg":"[WATCHLIST_WORKFLOW] Refreshing watchlists"}
{"level":40,"time":1774437367670,"pid":7,"hostname":"8c53bb05c99c","msg":"[PLEX_WATCHLIST] No friends found for Plex token"}
{"level":30,"time":1774437367751,"pid":7,"hostname":"8c53bb05c99c","msg":"[PLEX_WATCHLIST] Plex Pass status: not detected"}
{"level":30,"time":1774437367910,"pid":7,"hostname":"8c53bb05c99c","msg":"[PLEX_WATCHLIST] Self watchlist fetched successfully with 1 total items"}
{"level":30,"time":1774437368106,"pid":7,"hostname":"8c53bb05c99c","msg":"[PLEX_WATCHLIST] Plex Pass status: not detected"}
{"level":30,"time":1774437368108,"pid":7,"hostname":"8c53bb05c99c","msg":"[WATCHLIST_WORKFLOW] Watchlists refreshed successfully"}
{"level":30,"time":1774437368109,"pid":7,"hostname":"8c53bb05c99c","msg":"[WATCHLIST_WORKFLOW] Performing watchlist item sync"}
{"level":30,"time":1774437368193,"pid":7,"hostname":"8c53bb05c99c","title":"Marty Supreme","contentType":"movie","syncing":false,"userId":1,"userName":"oscar.p46","msg":"[CONTENT_ROUTER] Routing movie \"Marty Supreme\""}
{"level":30,"time":1774437368197,"pid":7,"hostname":"8c53bb05c99c","title":"Marty Supreme","contentType":"movie","msg":"[CONTENT_ROUTER] No routing rules exist, using default routing for \"Marty Supreme\""}
{"level":30,"time":1774437368394,"pid":7,"hostname":"8c53bb05c99c","title":"Marty Supreme","qualityProfileId":5,"rootFolder":"/movies","searchOnAdd":true,"minimumAvailability":"released","monitor":"movieOnly","monitored":true,"msg":"[RADARR] Sent Marty Supreme to Radarr"}
{"level":30,"time":1774437368402,"pid":7,"hostname":"8c53bb05c99c","msg":"[CONTENT_ROUTER] Created auto-approval tracking record for \"Marty Supreme\" (request ID: 3)"}
{"level":30,"time":1774437368406,"pid":7,"hostname":"8c53bb05c99c","added":{"shows":0,"movies":1},"unmatched":{"shows":1,"movies":2},"skippedDueToUserSetting":0,"skippedDueToMissingIds":0,"skippedDueToWatchlistCap":0,"msg":"[WATCHLIST_WORKFLOW] Watchlist sync completed"}
{"level":30,"time":1774437368482,"pid":7,"hostname":"8c53bb05c99c","friendCount":0,"msg":"[WATCHLIST_WORKFLOW] Watchlist baselines established for all users"}
{"level":30,"time":1774437368483,"pid":7,"hostname":"8c53bb05c99c","msg":"[WATCHLIST_WORKFLOW] Full reconciliation completed"}
{"level":30,"time":1774437368487,"pid":7,"hostname":"8c53bb05c99c","msg":"[WATCHLIST_WORKFLOW] Scheduled next periodic reconciliation in 120 minutes"}
{"level":30,"time":1774437368487,"pid":7,"hostname":"8c53bb05c99c","msg":"[WATCHLIST_WORKFLOW] Watchlist workflow running in ETag mode (5-minute staggered polling, 2-hour full reconciliation)"}
{"level":30,"time":1774437368495,"pid":7,"hostname":"8c53bb05c99c","msg":"Updated config _isReady to true"}
{"level":40,"time":1774437368626,"pid":7,"hostname":"8c53bb05c99c","msg":"[PLEX_WATCHLIST] No friends found for Plex token"}
{"level":30,"time":1774437368967,"pid":7,"hostname":"8c53bb05c99c","msg":"[PLEX_WATCHLIST] Plex Pass status: not detected"}
{"level":30,"time":1774437368968,"pid":7,"hostname":"8c53bb05c99c","userCount":1,"msg":"[WATCHLIST_WORKFLOW] Starting staggered ETag polling (5-minute cycles)"}
{"level":40,"time":1774437369114,"pid":7,"hostname":"8c53bb05c99c","msg":"[PLEX_WATCHLIST] No friends found for Plex token"}
{"level":30,"time":1774437369339,"pid":7,"hostname":"8c53bb05c99c","msg":"[PLEX_WATCHLIST] Plex Pass status: not detected"}
{"level":40,"time":1774437444021,"pid":7,"hostname":"8c53bb05c99c","msg":"[PLEX_SERVER] SSE heartbeat timeout - no events received in 30s"}
{"level":40,"time":1774437444024,"pid":7,"hostname":"8c53bb05c99c","msg":"[PLEX_SERVER] SSE disconnected - polling continues as fallback"}
{"level":30,"time":1774437444024,"pid":7,"hostname":"8c53bb05c99c","delayMs":1050,"msg":"[PLEX_SERVER] Scheduling SSE reconnect"}
{"level":30,"time":1774437445074,"pid":7,"hostname":"8c53bb05c99c","msg":"[PLEX_SERVER] Opening SSE connection to Plex"}
{"level":40,"time":1774437475080,"pid":7,"hostname":"8c53bb05c99c","msg":"[PLEX_SERVER] SSE connection stuck in CONNECTING state, forcing reconnect"}
{"level":30,"time":1774437475082,"pid":7,"hostname":"8c53bb05c99c","delayMs":2458,"msg":"[PLEX_SERVER] Scheduling SSE reconnect"}
{"level":30,"time":1774437477542,"pid":7,"hostname":"8c53bb05c99c","msg":"[PLEX_SERVER] Opening SSE connection to Plex"}
{"level":40,"time":1774437507547,"pid":7,"hostname":"8c53bb05c99c","msg":"[PLEX_SERVER] SSE connection stuck in CONNECTING state, forcing reconnect"}
{"level":30,"time":1774437507552,"pid":7,"hostname":"8c53bb05c99c","delayMs":4550,"msg":"[PLEX_SERVER] Scheduling SSE reconnect"}
{"level":30,"time":1774437512117,"pid":7,"hostname":"8c53bb05c99c","msg":"[PLEX_SERVER] Opening SSE connection to Plex"}
{"level":40,"time":1774437542132,"pid":7,"hostname":"8c53bb05c99c","msg":"[PLEX_SERVER] SSE connection stuck in CONNECTING state, forcing reconnect"}
{"level":30,"time":1774437542136,"pid":7,"hostname":"8c53bb05c99c","delayMs":9208,"msg":"[PLEX_SERVER] Scheduling SSE reconnect"}
{"level":50,"time":1774437543968,"pid":7,"hostname":"8c53bb05c99c","error":{"message":"The operation timed out.","name":"TimeoutError","type":"Error"},"userId":1,"msg":"[WATCHLIST_WORKFLOW] Error checking primary watchlist"}
{"level":30,"time":1774437551349,"pid":7,"hostname":"8c53bb05c99c","msg":"[PLEX_SERVER] Opening SSE connection to Plex"}
{"level":40,"time":1774437573983,"pid":7,"hostname":"8c53bb05c99c","msg":"[PLEX_WATCHLIST] Unable to fetch friends from Plex: TimeoutError: The operation timed out."}
{"level":50,"time":1774437573985,"pid":7,"hostname":"8c53bb05c99c","msg":"[PLEX_WATCHLIST] Failed to fetch friends from any token"}
{"level":40,"time":1774437573985,"pid":7,"hostname":"8c53bb05c99c","msg":"[PLEX_WATCHLIST] Friend API completely failed - skipping cleanup to prevent data loss"}
{"level":40,"time":1774437581351,"pid":7,"hostname":"8c53bb05c99c","msg":"[PLEX_SERVER] SSE connection stuck in CONNECTING state, forcing reconnect"}
{"level":30,"time":1774437581353,"pid":7,"hostname":"8c53bb05c99c","delayMs":18068,"msg":"[PLEX_SERVER] Scheduling SSE reconnect"}
{"level":30,"time":1774437599423,"pid":7,"hostname":"8c53bb05c99c","msg":"[PLEX_SERVER] Opening SSE connection to Plex"}
{"level":40,"time":1774437629427,"pid":7,"hostname":"8c53bb05c99c","msg":"[PLEX_SERVER] SSE connection stuck in CONNECTING state, forcing reconnect"}
{"level":30,"time":1774437629429,"pid":7,"hostname":"8c53bb05c99c","delayMs":34401,"msg":"[PLEX_SERVER] Scheduling SSE reconnect"}
{"level":40,"time":1774437655122,"pid":7,"hostname":"8c53bb05c99c","msg":"[PLEX_WATCHLIST] Unable to fetch friends from Plex: TimeoutError: The operation timed out."}
{"level":50,"time":1774437655123,"pid":7,"hostname":"8c53bb05c99c","msg":"[PLEX_WATCHLIST] Failed to fetch friends from any token"}
{"level":40,"time":1774437655125,"pid":7,"hostname":"8c53bb05c99c","msg":"[PLEX_WATCHLIST] Unable to fetch friend requests: TimeoutError: The operation timed out."}
{"level":50,"time":1774437655126,"pid":7,"hostname":"8c53bb05c99c","error":{"message":"The operation timed out.","name":"TimeoutError","type":"Error"},"msg":"[PLEX_SERVER] Error fetching Plex users:"}
{"level":40,"time":1774437655127,"pid":7,"hostname":"8c53bb05c99c","msg":"[PLEX_WATCHLIST] Friend API failed - skipping classification to prevent misclassifying users"}
{"level":30,"time":1774437663837,"pid":7,"hostname":"8c53bb05c99c","msg":"[PLEX_SERVER] Opening SSE connection to Plex"}
{"level":40,"time":1774437693842,"pid":7,"hostname":"8c53bb05c99c","msg":"[PLEX_SERVER] SSE connection stuck in CONNECTING state, forcing reconnect"}
{"level":30,"time":1774437693847,"pid":7,"hostname":"8c53bb05c99c","delayMs":30625,"msg":"[PLEX_SERVER] Scheduling SSE reconnect"}
{"level":30,"time":1774437724476,"pid":7,"hostname":"8c53bb05c99c","msg":"[PLEX_SERVER] Opening SSE connection to Plex"}
{"level":40,"time":1774437754486,"pid":7,"hostname":"8c53bb05c99c","msg":"[PLEX_SERVER] SSE connection stuck in CONNECTING state, forcing reconnect"}
{"level":30,"time":1774437754489,"pid":7,"hostname":"8c53bb05c99c","delayMs":33778,"msg":"[PLEX_SERVER] Scheduling SSE reconnect"}
{"level":50,"time":1774437757145,"pid":7,"hostname":"8c53bb05c99c","error":{"message":"The operation timed out.","name":"TimeoutError","type":"Error"},"userId":1,"msg":"[WATCHLIST_WORKFLOW] Error checking primary watchlist"}
{"level":40,"time":1774437787150,"pid":7,"hostname":"8c53bb05c99c","msg":"[PLEX_WATCHLIST] Unable to fetch friends from Plex: TimeoutError: The operation timed out."}
{"level":50,"time":1774437787152,"pid":7,"hostname":"8c53bb05c99c","msg":"[PLEX_WATCHLIST] Failed to fetch friends from any token"}
{"level":40,"time":1774437787153,"pid":7,"hostname":"8c53bb05c99c","msg":"[PLEX_WATCHLIST] Friend API completely failed - skipping cleanup to prevent data loss"}
{"level":30,"time":1774437788269,"pid":7,"hostname":"8c53bb05c99c","msg":"[PLEX_SERVER] Opening SSE connection to Plex"}
{"level":40,"time":1774437818274,"pid":7,"hostname":"8c53bb05c99c","msg":"[PLEX_SERVER] SSE connection stuck in CONNECTING state, forcing reconnect"}
{"level":30,"time":1774437818278,"pid":7,"hostname":"8c53bb05c99c","delayMs":36084,"msg":"[PLEX_SERVER] Scheduling SSE reconnect"}
{"level":30,"time":1774437854366,"pid":7,"hostname":"8c53bb05c99c","msg":"[PLEX_SERVER] Opening SSE connection to Plex"}
{"level":40,"time":1774437884375,"pid":7,"hostname":"8c53bb05c99c","msg":"[PLEX_SERVER] SSE connection stuck in CONNECTING state, forcing reconnect"}
{"level":30,"time":1774437884383,"pid":7,"hostname":"8c53bb05c99c","delayMs":32514,"msg":"[PLEX_SERVER] Scheduling SSE reconnect"}
{"level":30,"time":1774437890034,"pid":7,"hostname":"8c53bb05c99c","msg":"SIGTERM received, server closing"}
{"level":30,"time":1774437908602,"pid":6,"hostname":"8c53bb05c99c","msg":"Using baseUrl: http://localhost for service connections"}
{"level":30,"time":1774437909071,"pid":6,"hostname":"8c53bb05c99c","msg":"Config is now ready, resolving waitForConfig promise"}
{"level":30,"time":1774437909074,"pid":6,"hostname":"8c53bb05c99c","msg":"[PLEX_SERVER] Initializing PlexServerService"}
{"level":30,"time":1774437909077,"pid":6,"hostname":"8c53bb05c99c","msg":"[SCHEDULER] Scheduler service initialized"}
{"level":30,"time":1774437909078,"pid":6,"hostname":"8c53bb05c99c","msg":"[PLEX_LABEL_SYNC] Initializing PlexLabelSyncService"}
{"level":30,"time":1774437909079,"pid":6,"hostname":"8c53bb05c99c","msg":"[DELETE_SYNC] Initializing Delete Sync Service"}
{"level":30,"time":1774437909080,"pid":6,"hostname":"8c53bb05c99c","msg":"[API_KEY] Initializing ApiKeyService"}
{"level":30,"time":1774437909138,"pid":6,"hostname":"8c53bb05c99c","msg":"[CONTENT_ROUTER] Successfully loaded 9 router evaluators"}
{"level":30,"time":1774437909139,"pid":6,"hostname":"8c53bb05c99c","msg":"Content router initialized with plugins: Conditional Router, Streaming Availability Router, Ratings Router, Genre Router, User Router, Year Router, Season Router, Language Router, Certification Router"}
{"level":30,"time":1774437909139,"pid":6,"hostname":"8c53bb05c99c","msg":"[WATCHLIST_WORKFLOW] Initializing Watchlist Workflow Service"}
{"level":30,"time":1774437909140,"pid":6,"hostname":"8c53bb05c99c","msg":"[PLEX_SESSION_MONITOR] PlexSessionMonitorService initialized"}
{"level":30,"time":1774437909150,"pid":6,"hostname":"8c53bb05c99c","msg":"Config ready, starting workflow"}
{"level":30,"time":1774437911001,"pid":6,"hostname":"8c53bb05c99c","msg":"[PLEX_WATCHLIST] Successfully validated Plex token"}
{"level":30,"time":1774437911001,"pid":6,"hostname":"8c53bb05c99c","msg":"[WATCHLIST_WORKFLOW] Plex connection verified"}
{"level":40,"time":1774437911092,"pid":6,"hostname":"8c53bb05c99c","msg":"[PLEX_WATCHLIST] Unable to generate an RSS feed: Unauthorized"}
{"level":30,"time":1774437911092,"pid":6,"hostname":"8c53bb05c99c","msg":"[PLEX_WATCHLIST] Generated watchlist RSS feed for self: None"}
{"level":30,"time":1774437911616,"pid":6,"hostname":"8c53bb05c99c","msg":"[PLEX_SERVER] Initializing PlexServerService connections and users"}
{"level":40,"time":1774437911617,"pid":6,"hostname":"8c53bb05c99c","msg":"[PLEX_WATCHLIST] Unable to generate an RSS feed: Unauthorized"}
{"level":30,"time":1774437911618,"pid":6,"hostname":"8c53bb05c99c","msg":"[PLEX_WATCHLIST] Generated watchlist RSS feed for friends: None"}
{"level":40,"time":1774437911618,"pid":6,"hostname":"8c53bb05c99c","msg":"[PLEX_WATCHLIST] Missing RSS URL. Are you an active Plex Pass user?"}
{"level":40,"time":1774437911618,"pid":6,"hostname":"8c53bb05c99c","msg":"[PLEX_WATCHLIST] Real-time RSS sync disabled"}
{"level":40,"time":1774437911618,"pid":6,"hostname":"8c53bb05c99c","error":{"message":"Unable to fetch watchlist URLs","name":"Error","type":"Error","stack":"Error: Unable to fetch watchlist URLs\n    at generateAndSaveRssFeeds (/app/dist/services/plex-watchlist/orchestration/rss-processor.js:13:19)\n    at processTicksAndRejections (native:7:39)"},"msg":"[WATCHLIST_WORKFLOW] Failed to generate RSS feeds, falling back to manual sync"}
{"level":30,"time":1774437911624,"pid":6,"hostname":"8c53bb05c99c","msg":"[WATCHLIST_WORKFLOW] Periodic watchlist reconciliation job created (will be dynamically scheduled)"}
{"level":30,"time":1774437911624,"pid":6,"hostname":"8c53bb05c99c","msg":"[WATCHLIST_WORKFLOW] Deferred routing queue started"}
{"level":40,"time":1774437911843,"pid":6,"hostname":"8c53bb05c99c","msg":"[PLEX_WATCHLIST] No friends found for Plex token"}
{"level":30,"time":1774437911893,"pid":6,"hostname":"8c53bb05c99c","msg":"[PLEX_SERVER] Filtered to 2 reachable connections (0 unreachable)"}
{"level":30,"time":1774437911894,"pid":6,"hostname":"8c53bb05c99c","msg":"[PLEX_SERVER] Found 2 Plex server connections (2 local, 0 relay)"}
{"level":30,"time":1774437912087,"pid":6,"hostname":"8c53bb05c99c","msg":"[PLEX_WATCHLIST] Plex Pass status: not detected"}
{"level":30,"time":1774437912168,"pid":6,"hostname":"8c53bb05c99c","friendCount":0,"msg":"[WATCHLIST_WORKFLOW] Watchlist baselines established for all users"}
{"level":40,"time":1774437912238,"pid":6,"hostname":"8c53bb05c99c","msg":"[PLEX_SERVER] No Plex users found during initialization"}
{"level":40,"time":1774437912298,"pid":6,"hostname":"8c53bb05c99c","msg":"[PLEX_WATCHLIST] No friends found for Plex token"}
{"level":30,"time":1774437912361,"pid":6,"hostname":"8c53bb05c99c","msg":"PlexServerService initialized successfully"}
{"level":30,"time":1774437912362,"pid":6,"hostname":"8c53bb05c99c","msg":"[PLEX_SERVER] Opening SSE connection to Plex"}
{"level":30,"time":1774437912365,"pid":6,"hostname":"8c53bb05c99c","msg":"[NOTIFICATIONS] [PLEX_MOBILE] Plex Pass not detected — Plex mobile notifications unavailable"}
{"level":30,"time":1774437912372,"pid":6,"hostname":"8c53bb05c99c","msg":"[NOTIFICATIONS] No Apprise URL configured, Apprise notifications will be disabled"}
{"level":30,"time":1774437912411,"pid":6,"hostname":"8c53bb05c99c","msg":"[SCHEDULER] Scheduler ready: 9 jobs scheduled and active"}
{"level":30,"time":1774437912447,"pid":6,"hostname":"8c53bb05c99c","msg":"Anime database already contains 10529 entries"}
{"level":30,"time":1774437912472,"pid":6,"hostname":"8c53bb05c99c","msg":"[PLEX_SERVER] SSE connection to Plex established"}
{"level":30,"time":1774437912472,"pid":6,"hostname":"8c53bb05c99c","msg":"[PLEX_SERVER] SSE connected - reconciling with live sessions"}
{"level":30,"time":1774437912478,"pid":6,"hostname":"8c53bb05c99c","msg":"Server listening at http://127.0.0.1:3003"}
{"level":30,"time":1774437912479,"pid":6,"hostname":"8c53bb05c99c","msg":"Server listening at http://172.18.0.6:3003"}
{"level":30,"time":1774437912527,"pid":6,"hostname":"8c53bb05c99c","msg":"[PLEX_WATCHLIST] Plex Pass status: not detected"}
{"level":30,"time":1774437912529,"pid":6,"hostname":"8c53bb05c99c","msg":"[WATCHLIST_WORKFLOW] Starting full reconciliation"}
{"level":30,"time":1774437912529,"pid":6,"hostname":"8c53bb05c99c","msg":"[WATCHLIST_WORKFLOW] Refreshing watchlists"}
{"level":40,"time":1774437912771,"pid":6,"hostname":"8c53bb05c99c","msg":"[PLEX_WATCHLIST] No friends found for Plex token"}
{"level":30,"time":1774437912829,"pid":6,"hostname":"8c53bb05c99c","msg":"[PLEX_WATCHLIST] Plex Pass status: not detected"}
{"level":30,"time":1774437912955,"pid":6,"hostname":"8c53bb05c99c","msg":"[PLEX_WATCHLIST] Self watchlist fetched successfully with 1 total items"}
{"level":30,"time":1774437912984,"pid":6,"hostname":"8c53bb05c99c","msg":"[PLEX_WATCHLIST] Plex Pass status: not detected"}
{"level":30,"time":1774437912985,"pid":6,"hostname":"8c53bb05c99c","msg":"[WATCHLIST_WORKFLOW] Watchlists refreshed successfully"}
{"level":30,"time":1774437912986,"pid":6,"hostname":"8c53bb05c99c","msg":"[WATCHLIST_WORKFLOW] Performing watchlist item sync"}
{"level":30,"time":1774437913275,"pid":6,"hostname":"8c53bb05c99c","added":{"shows":0,"movies":0},"unmatched":{"shows":1,"movies":2},"skippedDueToUserSetting":0,"skippedDueToMissingIds":0,"skippedDueToWatchlistCap":0,"msg":"[WATCHLIST_WORKFLOW] Watchlist sync completed"}
{"level":30,"time":1774437913368,"pid":6,"hostname":"8c53bb05c99c","friendCount":0,"msg":"[WATCHLIST_WORKFLOW] Watchlist baselines established for all users"}
{"level":30,"time":1774437913368,"pid":6,"hostname":"8c53bb05c99c","msg":"[WATCHLIST_WORKFLOW] Full reconciliation completed"}
{"level":30,"time":1774437913371,"pid":6,"hostname":"8c53bb05c99c","msg":"[WATCHLIST_WORKFLOW] Scheduled next periodic reconciliation in 120 minutes"}
{"level":30,"time":1774437913372,"pid":6,"hostname":"8c53bb05c99c","msg":"[WATCHLIST_WORKFLOW] Watchlist workflow running in ETag mode (5-minute staggered polling, 2-hour full reconciliation)"}
{"level":30,"time":1774437913479,"pid":6,"hostname":"8c53bb05c99c","msg":"[RADARR] Credentials verified, attempting to setup webhook \"Pulsarr (host.docker.internal:3003)\" with URL for Radarr: http://host.docker.internal:3003/v1/notifications/webhook?instanceId=radarr7878"}
{"level":30,"time":1774437913480,"pid":6,"hostname":"8c53bb05c99c","msg":"[SONARR] Credentials verified, attempting to setup webhook \"Pulsarr (host.docker.internal:3003)\" with URL for Sonarr: http://host.docker.internal:3003/v1/notifications/webhook?instanceId=sonarr8989"}
{"level":40,"time":1774437913504,"pid":6,"hostname":"8c53bb05c99c","msg":"[PLEX_WATCHLIST] No friends found for Plex token"}
{"level":30,"time":1774437913651,"pid":6,"hostname":"8c53bb05c99c","msg":"[RADARR] Successfully updated Pulsarr webhook \"Pulsarr (host.docker.internal:3003)\" for Radarr"}
{"level":30,"time":1774437913660,"pid":6,"hostname":"8c53bb05c99c","msg":"[SONARR] Successfully updated Pulsarr webhook \"Pulsarr (host.docker.internal:3003)\" for Sonarr"}
{"level":30,"time":1774437913793,"pid":6,"hostname":"8c53bb05c99c","msg":"[PLEX_WATCHLIST] Plex Pass status: not detected"}
{"level":30,"time":1774437913795,"pid":6,"hostname":"8c53bb05c99c","userCount":1,"msg":"[WATCHLIST_WORKFLOW] Starting staggered ETag polling (5-minute cycles)"}
{"level":40,"time":1774437913924,"pid":6,"hostname":"8c53bb05c99c","msg":"[PLEX_WATCHLIST] No friends found for Plex token"}
{"level":30,"time":1774437914164,"pid":6,"hostname":"8c53bb05c99c","msg":"[PLEX_WATCHLIST] Plex Pass status: not detected"}
{"level":40,"time":1774438062399,"pid":6,"hostname":"8c53bb05c99c","msg":"[PLEX_SERVER] SSE heartbeat timeout - no events received in 30s"}
{"level":40,"time":1774438062410,"pid":6,"hostname":"8c53bb05c99c","msg":"[PLEX_SERVER] SSE disconnected - polling continues as fallback"}
{"level":30,"time":1774438062414,"pid":6,"hostname":"8c53bb05c99c","delayMs":1156,"msg":"[PLEX_SERVER] Scheduling SSE reconnect"}
{"level":30,"time":1774438063575,"pid":6,"hostname":"8c53bb05c99c","msg":"[PLEX_SERVER] Opening SSE connection to Plex"}
{"level":40,"time":1774438093590,"pid":6,"hostname":"8c53bb05c99c","msg":"[PLEX_SERVER] SSE connection stuck in CONNECTING state, forcing reconnect"}
{"level":30,"time":1774438093593,"pid":6,"hostname":"8c53bb05c99c","delayMs":2177,"msg":"[PLEX_SERVER] Scheduling SSE reconnect"}
{"level":30,"time":1774438095777,"pid":6,"hostname":"8c53bb05c99c","msg":"[PLEX_SERVER] Opening SSE connection to Plex"}
{"level":50,"time":1774438102468,"pid":6,"hostname":"8c53bb05c99c","error":{"message":"The operation timed out.","name":"TimeoutError","type":"Error"},"userId":1,"msg":"[WATCHLIST_WORKFLOW] Error checking primary watchlist"}
{"level":40,"time":1774438125786,"pid":6,"hostname":"8c53bb05c99c","msg":"[PLEX_SERVER] SSE connection stuck in CONNECTING state, forcing reconnect"}
{"level":30,"time":1774438125792,"pid":6,"hostname":"8c53bb05c99c","delayMs":4682,"msg":"[PLEX_SERVER] Scheduling SSE reconnect"}
{"level":30,"time":1774438130480,"pid":6,"hostname":"8c53bb05c99c","msg":"[PLEX_SERVER] Opening SSE connection to Plex"}
{"level":40,"time":1774438132477,"pid":6,"hostname":"8c53bb05c99c","msg":"[PLEX_WATCHLIST] Unable to fetch friends from Plex: TimeoutError: The operation timed out."}
{"level":50,"time":1774438132478,"pid":6,"hostname":"8c53bb05c99c","msg":"[PLEX_WATCHLIST] Failed to fetch friends from any token"}
{"level":40,"time":1774438132478,"pid":6,"hostname":"8c53bb05c99c","msg":"[PLEX_WATCHLIST] Friend API completely failed - skipping cleanup to prevent data loss"}
{"level":40,"time":1774438160486,"pid":6,"hostname":"8c53bb05c99c","msg":"[PLEX_SERVER] SSE connection stuck in CONNECTING state, forcing reconnect"}
{"level":30,"time":1774438160491,"pid":6,"hostname":"8c53bb05c99c","delayMs":9386,"msg":"[PLEX_SERVER] Scheduling SSE reconnect"}
{"level":30,"time":1774438168481,"pid":6,"hostname":"8c53bb05c99c","msg":"SIGTERM received, server closing"}
{"level":30,"time":1774438265077,"pid":7,"hostname":"1f26cd177070","msg":"Using baseUrl: http://localhost for service connections"}
{"level":30,"time":1774438265407,"pid":7,"hostname":"1f26cd177070","msg":"Config is now ready, resolving waitForConfig promise"}
{"level":30,"time":1774438265408,"pid":7,"hostname":"1f26cd177070","msg":"[SCHEDULER] Scheduler service initialized"}
{"level":30,"time":1774438265409,"pid":7,"hostname":"1f26cd177070","msg":"[API_KEY] Initializing ApiKeyService"}
{"level":30,"time":1774438265410,"pid":7,"hostname":"1f26cd177070","msg":"[PLEX_SERVER] Initializing PlexServerService"}
{"level":30,"time":1774438265426,"pid":7,"hostname":"1f26cd177070","msg":"[CONTENT_ROUTER] Successfully loaded 9 router evaluators"}
{"level":30,"time":1774438265427,"pid":7,"hostname":"1f26cd177070","msg":"Content router initialized with plugins: Conditional Router, Streaming Availability Router, Genre Router, Ratings Router, User Router, Year Router, Season Router, Language Router, Certification Router"}
{"level":30,"time":1774438265427,"pid":7,"hostname":"1f26cd177070","msg":"[PLEX_LABEL_SYNC] Initializing PlexLabelSyncService"}
{"level":30,"time":1774438265427,"pid":7,"hostname":"1f26cd177070","msg":"[DELETE_SYNC] Initializing Delete Sync Service"}
{"level":30,"time":1774438265428,"pid":7,"hostname":"1f26cd177070","msg":"[PLEX_SESSION_MONITOR] PlexSessionMonitorService initialized"}
{"level":30,"time":1774438265429,"pid":7,"hostname":"1f26cd177070","msg":"[WATCHLIST_WORKFLOW] Initializing Watchlist Workflow Service"}
{"level":30,"time":1774438265445,"pid":7,"hostname":"1f26cd177070","msg":"Config ready, starting workflow"}
{"level":30,"time":1774438267142,"pid":7,"hostname":"1f26cd177070","msg":"[PLEX_WATCHLIST] Successfully validated Plex token"}
{"level":30,"time":1774438267142,"pid":7,"hostname":"1f26cd177070","msg":"[WATCHLIST_WORKFLOW] Plex connection verified"}
{"level":30,"time":1774438267726,"pid":7,"hostname":"1f26cd177070","msg":"Anime database already contains 10529 entries"}
{"level":30,"time":1774438267727,"pid":7,"hostname":"1f26cd177070","msg":"[PLEX_SERVER] Initializing PlexServerService connections and users"}
{"level":40,"time":1774438267728,"pid":7,"hostname":"1f26cd177070","msg":"[PLEX_WATCHLIST] Unable to generate an RSS feed: Unauthorized"}
{"level":30,"time":1774438267728,"pid":7,"hostname":"1f26cd177070","msg":"[PLEX_WATCHLIST] Generated watchlist RSS feed for self: None"}
{"level":40,"time":1774438267784,"pid":7,"hostname":"1f26cd177070","msg":"[PLEX_WATCHLIST] Unable to generate an RSS feed: Unauthorized"}
{"level":30,"time":1774438267784,"pid":7,"hostname":"1f26cd177070","msg":"[PLEX_WATCHLIST] Generated watchlist RSS feed for friends: None"}
{"level":40,"time":1774438267784,"pid":7,"hostname":"1f26cd177070","msg":"[PLEX_WATCHLIST] Missing RSS URL. Are you an active Plex Pass user?"}
{"level":40,"time":1774438267785,"pid":7,"hostname":"1f26cd177070","msg":"[PLEX_WATCHLIST] Real-time RSS sync disabled"}
{"level":40,"time":1774438267785,"pid":7,"hostname":"1f26cd177070","error":{"message":"Unable to fetch watchlist URLs","name":"Error","type":"Error","stack":"Error: Unable to fetch watchlist URLs\n    at generateAndSaveRssFeeds (/app/dist/services/plex-watchlist/orchestration/rss-processor.js:13:19)\n    at processTicksAndRejections (native:7:39)"},"msg":"[WATCHLIST_WORKFLOW] Failed to generate RSS feeds, falling back to manual sync"}
{"level":30,"time":1774438267787,"pid":7,"hostname":"1f26cd177070","msg":"[WATCHLIST_WORKFLOW] Periodic watchlist reconciliation job created (will be dynamically scheduled)"}
{"level":30,"time":1774438267787,"pid":7,"hostname":"1f26cd177070","msg":"[WATCHLIST_WORKFLOW] Deferred routing queue started"}
{"level":30,"time":1774438267989,"pid":7,"hostname":"1f26cd177070","msg":"[PLEX_SERVER] Filtered to 2 reachable connections (0 unreachable)"}
{"level":30,"time":1774438267990,"pid":7,"hostname":"1f26cd177070","msg":"[PLEX_SERVER] Found 2 Plex server connections (2 local, 0 relay)"}
{"level":40,"time":1774438268073,"pid":7,"hostname":"1f26cd177070","msg":"[PLEX_WATCHLIST] No friends found for Plex token"}
{"level":40,"time":1774438268122,"pid":7,"hostname":"1f26cd177070","msg":"[PLEX_SERVER] No Plex users found during initialization"}
{"level":30,"time":1774438268248,"pid":7,"hostname":"1f26cd177070","msg":"PlexServerService initialized successfully"}
{"level":30,"time":1774438268249,"pid":7,"hostname":"1f26cd177070","msg":"[PLEX_SERVER] Opening SSE connection to Plex"}
{"level":30,"time":1774438268250,"pid":7,"hostname":"1f26cd177070","msg":"[NOTIFICATIONS] [PLEX_MOBILE] Plex Pass status not yet determined — Plex mobile notifications deferred"}
{"level":30,"time":1774438268251,"pid":7,"hostname":"1f26cd177070","msg":"[NOTIFICATIONS] No Apprise URL configured, Apprise notifications will be disabled"}
{"level":30,"time":1774438268259,"pid":7,"hostname":"1f26cd177070","msg":"[SCHEDULER] Scheduler ready: 8 jobs scheduled and active"}
{"level":30,"time":1774438268274,"pid":7,"hostname":"1f26cd177070","msg":"[PLEX_SERVER] SSE connection to Plex established"}
{"level":30,"time":1774438268274,"pid":7,"hostname":"1f26cd177070","msg":"[PLEX_SERVER] SSE connected - reconciling with live sessions"}
{"level":30,"time":1774438268277,"pid":7,"hostname":"1f26cd177070","msg":"Server listening at http://127.0.0.1:3003"}
{"level":30,"time":1774438268277,"pid":7,"hostname":"1f26cd177070","msg":"Server listening at http://192.168.97.7:3003"}
{"level":30,"time":1774438268666,"pid":7,"hostname":"1f26cd177070","msg":"[PLEX_WATCHLIST] Plex Pass status: not detected"}
{"level":30,"time":1774438268731,"pid":7,"hostname":"1f26cd177070","friendCount":0,"msg":"[WATCHLIST_WORKFLOW] Watchlist baselines established for all users"}
{"level":40,"time":1774438268904,"pid":7,"hostname":"1f26cd177070","msg":"[PLEX_WATCHLIST] No friends found for Plex token"}
{"level":30,"time":1774438269116,"pid":7,"hostname":"1f26cd177070","msg":"[PLEX_WATCHLIST] Plex Pass status: not detected"}
{"level":30,"time":1774438269118,"pid":7,"hostname":"1f26cd177070","msg":"[WATCHLIST_WORKFLOW] Starting full reconciliation"}
{"level":30,"time":1774438269118,"pid":7,"hostname":"1f26cd177070","msg":"[WATCHLIST_WORKFLOW] Refreshing watchlists"}
{"level":40,"time":1774438269262,"pid":7,"hostname":"1f26cd177070","msg":"[PLEX_WATCHLIST] No friends found for Plex token"}
{"level":30,"time":1774438269281,"pid":7,"hostname":"1f26cd177070","msg":"[RADARR] Credentials verified, attempting to setup webhook \"Pulsarr (host.docker.internal:3003)\" with URL for Radarr: http://host.docker.internal:3003/v1/notifications/webhook?instanceId=radarr7878"}
{"level":30,"time":1774438269281,"pid":7,"hostname":"1f26cd177070","msg":"[SONARR] Credentials verified, attempting to setup webhook \"Pulsarr (host.docker.internal:3003)\" with URL for Sonarr: http://host.docker.internal:3003/v1/notifications/webhook?instanceId=sonarr8989"}
{"level":30,"time":1774438269363,"pid":7,"hostname":"1f26cd177070","msg":"[PLEX_WATCHLIST] Plex Pass status: not detected"}
{"level":30,"time":1774438269481,"pid":7,"hostname":"1f26cd177070","msg":"[PLEX_WATCHLIST] Plex Pass status: not detected"}
{"level":30,"time":1774438269482,"pid":7,"hostname":"1f26cd177070","msg":"[RADARR] Successfully updated Pulsarr webhook \"Pulsarr (host.docker.internal:3003)\" for Radarr"}
{"level":30,"time":1774438269492,"pid":7,"hostname":"1f26cd177070","msg":"[PLEX_WATCHLIST] Self watchlist fetched successfully with 1 total items"}
{"level":30,"time":1774438269496,"pid":7,"hostname":"1f26cd177070","msg":"[WATCHLIST_WORKFLOW] Watchlists refreshed successfully"}
{"level":30,"time":1774438269498,"pid":7,"hostname":"1f26cd177070","msg":"[WATCHLIST_WORKFLOW] Performing watchlist item sync"}
{"level":30,"time":1774438269500,"pid":7,"hostname":"1f26cd177070","msg":"[SONARR] Successfully updated Pulsarr webhook \"Pulsarr (host.docker.internal:3003)\" for Sonarr"}
{"level":30,"time":1774438269704,"pid":7,"hostname":"1f26cd177070","added":{"shows":0,"movies":0},"unmatched":{"shows":1,"movies":2},"skippedDueToUserSetting":0,"skippedDueToMissingIds":0,"skippedDueToWatchlistCap":0,"msg":"[WATCHLIST_WORKFLOW] Watchlist sync completed"}
{"level":30,"time":1774438269829,"pid":7,"hostname":"1f26cd177070","friendCount":0,"msg":"[WATCHLIST_WORKFLOW] Watchlist baselines established for all users"}
{"level":30,"time":1774438269830,"pid":7,"hostname":"1f26cd177070","msg":"[WATCHLIST_WORKFLOW] Full reconciliation completed"}
{"level":30,"time":1774438269832,"pid":7,"hostname":"1f26cd177070","msg":"[WATCHLIST_WORKFLOW] Scheduled next periodic reconciliation in 120 minutes"}
{"level":30,"time":1774438269832,"pid":7,"hostname":"1f26cd177070","msg":"[WATCHLIST_WORKFLOW] Watchlist workflow running in ETag mode (5-minute staggered polling, 2-hour full reconciliation)"}
{"level":40,"time":1774438269989,"pid":7,"hostname":"1f26cd177070","msg":"[PLEX_WATCHLIST] No friends found for Plex token"}
{"level":30,"time":1774438270306,"pid":7,"hostname":"1f26cd177070","msg":"[PLEX_WATCHLIST] Plex Pass status: not detected"}
{"level":30,"time":1774438270307,"pid":7,"hostname":"1f26cd177070","userCount":1,"msg":"[WATCHLIST_WORKFLOW] Starting staggered ETag polling (5-minute cycles)"}
{"level":40,"time":1774438270436,"pid":7,"hostname":"1f26cd177070","msg":"[PLEX_WATCHLIST] No friends found for Plex token"}
{"level":30,"time":1774438270647,"pid":7,"hostname":"1f26cd177070","msg":"[PLEX_WATCHLIST] Plex Pass status: not detected"}
{"level":40,"time":1774438368851,"pid":7,"hostname":"1f26cd177070","msg":"[PLEX_WATCHLIST] No friends found for Plex token"}
{"level":40,"time":1774438383787,"pid":7,"hostname":"1f26cd177070","msg":"[PLEX_WATCHLIST] No friends found for Plex token"}
{"level":30,"time":1774438384088,"pid":7,"hostname":"1f26cd177070","msg":"[PLEX_WATCHLIST] Plex Pass status: not detected"}
{"level":30,"time":1774438384275,"pid":7,"hostname":"1f26cd177070","msg":"[PLEX_WATCHLIST] Self watchlist fetched successfully with 1 total items"}
{"level":30,"time":1774438384345,"pid":7,"hostname":"1f26cd177070","msg":"[PLEX_WATCHLIST] Plex Pass status: not detected"}
{"level":40,"time":1774438425302,"pid":7,"hostname":"1f26cd177070","msg":"[PLEX_WATCHLIST] No friends found for Plex token"}
{"level":30,"time":1774438425876,"pid":7,"hostname":"1f26cd177070","msg":"[PLEX_WATCHLIST] Plex Pass status: not detected"}
{"level":40,"time":1774438576660,"pid":7,"hostname":"1f26cd177070","msg":"[PLEX_WATCHLIST] No friends found for Plex token"}
{"level":30,"time":1774438577219,"pid":7,"hostname":"1f26cd177070","msg":"[PLEX_WATCHLIST] Plex Pass status: not detected"}
{"level":30,"time":1774438739725,"pid":7,"hostname":"1f26cd177070","userId":1,"username":"oscar.p46","newItems":1,"msg":"[WATCHLIST_WORKFLOW] Staggered poll detected new items"}
{"level":30,"time":1774438739984,"pid":7,"hostname":"1f26cd177070","title":"Spider-Man: No Way Home","contentType":"movie","syncing":false,"userId":1,"userName":"oscar.p46","msg":"[CONTENT_ROUTER] Routing movie \"Spider-Man: No Way Home\""}
{"level":30,"time":1774438739988,"pid":7,"hostname":"1f26cd177070","title":"Spider-Man: No Way Home","contentType":"movie","msg":"[CONTENT_ROUTER] No routing rules exist, using default routing for \"Spider-Man: No Way Home\""}
{"level":30,"time":1774438740058,"pid":7,"hostname":"1f26cd177070","title":"Spider-Man: No Way Home","qualityProfileId":5,"rootFolder":"/movies","searchOnAdd":true,"minimumAvailability":"released","monitor":"movieOnly","monitored":true,"msg":"[RADARR] Sent Spider-Man: No Way Home to Radarr"}
{"level":30,"time":1774438740066,"pid":7,"hostname":"1f26cd177070","msg":"[CONTENT_ROUTER] Created auto-approval tracking record for \"Spider-Man: No Way Home\" (request ID: 4)"}
{"level":40,"time":1774438740339,"pid":7,"hostname":"1f26cd177070","msg":"[PLEX_WATCHLIST] No friends found for Plex token"}
{"level":30,"time":1774438741147,"pid":7,"hostname":"1f26cd177070","msg":"[PLEX_WATCHLIST] Plex Pass status: not detected"}
{"level":30,"time":1774438800104,"pid":7,"hostname":"1f26cd177070","msg":"[WATCHLIST_WORKFLOW] Status sync completed: 0 show updates, 2 movie updates"}
{"level":40,"time":1774438906052,"pid":7,"hostname":"1f26cd177070","msg":"[PLEX_WATCHLIST] No friends found for Plex token"}
{"level":30,"time":1774438906606,"pid":7,"hostname":"1f26cd177070","msg":"[PLEX_WATCHLIST] Plex Pass status: not detected"}
{"level":40,"time":1774439070256,"pid":7,"hostname":"1f26cd177070","msg":"[PLEX_WATCHLIST] No friends found for Plex token"}
{"level":30,"time":1774439070856,"pid":7,"hostname":"1f26cd177070","msg":"[PLEX_WATCHLIST] Plex Pass status: not detected"}
{"level":40,"time":1774439229009,"pid":7,"hostname":"1f26cd177070","msg":"[PLEX_WATCHLIST] No friends found for Plex token"}
{"level":30,"time":1774439229556,"pid":7,"hostname":"1f26cd177070","msg":"[PLEX_WATCHLIST] Plex Pass status: not detected"}
{"level":40,"time":1774439366866,"pid":7,"hostname":"1f26cd177070","msg":"[PLEX_WATCHLIST] No friends found for Plex token"}
{"level":30,"time":1774439367507,"pid":7,"hostname":"1f26cd177070","msg":"[PLEX_WATCHLIST] Plex Pass status: not detected"}
{"level":40,"time":1774439513168,"pid":7,"hostname":"1f26cd177070","msg":"[PLEX_WATCHLIST] No friends found for Plex token"}
{"level":30,"time":1774439513790,"pid":7,"hostname":"1f26cd177070","msg":"[PLEX_WATCHLIST] Plex Pass status: not detected"}
{"level":40,"time":1774439649654,"pid":7,"hostname":"1f26cd177070","msg":"[PLEX_WATCHLIST] No friends found for Plex token"}
{"level":30,"time":1774439650290,"pid":7,"hostname":"1f26cd177070","msg":"[PLEX_WATCHLIST] Plex Pass status: not detected"}
{"level":30,"time":1774439801275,"pid":7,"hostname":"1f26cd177070","userId":1,"username":"oscar.p46","newItems":1,"msg":"[WATCHLIST_WORKFLOW] Staggered poll detected new items"}
{"level":30,"time":1774439801560,"pid":7,"hostname":"1f26cd177070","msg":"[WATCHLIST_WORKFLOW] Movie Wuthering Heights already exists in Radarr instance(s) 1, skipping addition"}
{"level":40,"time":1774439801693,"pid":7,"hostname":"1f26cd177070","msg":"[PLEX_WATCHLIST] No friends found for Plex token"}
{"level":30,"time":1774439802270,"pid":7,"hostname":"1f26cd177070","msg":"[PLEX_WATCHLIST] Plex Pass status: not detected"}
{"level":30,"time":1774439861606,"pid":7,"hostname":"1f26cd177070","msg":"[WATCHLIST_WORKFLOW] Status sync completed: 0 show updates, 3 movie updates"}
{"level":40,"time":1774439939333,"pid":7,"hostname":"1f26cd177070","msg":"[PLEX_WATCHLIST] No friends found for Plex token"}
{"level":30,"time":1774439939966,"pid":7,"hostname":"1f26cd177070","msg":"[PLEX_WATCHLIST] Plex Pass status: not detected"}
{"level":50,"time":1774440122693,"pid":7,"hostname":"1f26cd177070","error":{"message":"The operation timed out.","name":"TimeoutError","type":"Error"},"userId":1,"msg":"[WATCHLIST_WORKFLOW] Error checking primary watchlist"}
{"level":40,"time":1774440122878,"pid":7,"hostname":"1f26cd177070","msg":"[PLEX_WATCHLIST] No friends found for Plex token"}
{"level":30,"time":1774440123464,"pid":7,"hostname":"1f26cd177070","msg":"[PLEX_WATCHLIST] Plex Pass status: not detected"}
{"level":40,"time":1774440266699,"pid":7,"hostname":"1f26cd177070","msg":"[PLEX_WATCHLIST] No friends found for Plex token"}
{"level":30,"time":1774440267418,"pid":7,"hostname":"1f26cd177070","msg":"[PLEX_WATCHLIST] Plex Pass status: not detected"}
{"level":40,"time":1774440296634,"pid":7,"hostname":"1f26cd177070","msg":"[PLEX_WATCHLIST] No friends found for Plex token"}
{"level":30,"time":1774440316851,"pid":7,"hostname":"1f26cd177070","msg":"[DATABASE] Sonarr instance 1 updated"}
{"level":30,"time":1774440356297,"pid":7,"hostname":"1f26cd177070","instanceName":"Radarr","eventType":"unknown","contentTitle":"Spider-Man: No Way Home","reqId":"req-6g","msg":"Webhook received and processing"}
{"level":30,"time":1774440356328,"pid":7,"hostname":"1f26cd177070","title":"Spider-Man: No Way Home","tmdbId":634649,"instanceName":"Radarr Instance 1","msg":"[WEBHOOK_QUEUE] Processing movie download"}
{"level":40,"time":1774440415069,"pid":7,"hostname":"1f26cd177070","msg":"[PLEX_WATCHLIST] No friends found for Plex token"}
{"level":30,"time":1774440415688,"pid":7,"hostname":"1f26cd177070","msg":"[PLEX_WATCHLIST] Plex Pass status: not detected"}
{"level":30,"time":1774440433276,"pid":7,"hostname":"1f26cd177070","instanceName":"Radarr","eventType":"unknown","contentTitle":"\"Wuthering Heights\"","reqId":"req-6k","msg":"Webhook received and processing"}
{"level":30,"time":1774440433294,"pid":7,"hostname":"1f26cd177070","title":"\"Wuthering Heights\"","tmdbId":1316092,"instanceName":"Radarr Instance 1","msg":"[WEBHOOK_QUEUE] Processing movie download"}
{"level":40,"time":1774440565303,"pid":7,"hostname":"1f26cd177070","msg":"[PLEX_WATCHLIST] No friends found for Plex token"}
{"level":30,"time":1774440566039,"pid":7,"hostname":"1f26cd177070","msg":"[PLEX_WATCHLIST] Plex Pass status: not detected"}
{"level":40,"time":1774440708959,"pid":7,"hostname":"1f26cd177070","msg":"[PLEX_WATCHLIST] No friends found for Plex token"}
{"level":30,"time":1774440709567,"pid":7,"hostname":"1f26cd177070","msg":"[PLEX_WATCHLIST] Plex Pass status: not detected"}
{"level":40,"time":1774440861753,"pid":7,"hostname":"1f26cd177070","msg":"[PLEX_WATCHLIST] No friends found for Plex token"}
{"level":30,"time":1774440862309,"pid":7,"hostname":"1f26cd177070","msg":"[PLEX_WATCHLIST] Plex Pass status: not detected"}
{"level":40,"time":1774441008236,"pid":7,"hostname":"1f26cd177070","msg":"[PLEX_WATCHLIST] No friends found for Plex token"}
{"level":30,"time":1774441008821,"pid":7,"hostname":"1f26cd177070","msg":"[PLEX_WATCHLIST] Plex Pass status: not detected"}
{"level":30,"time":1774441141536,"pid":7,"hostname":"1f26cd177070","msg":"SIGTERM received, server closing"}
{"level":30,"time":1774441171432,"pid":7,"hostname":"c72fd736b63a","msg":"Using baseUrl: http://localhost for service connections"}
{"level":30,"time":1774441171833,"pid":7,"hostname":"c72fd736b63a","msg":"Config is now ready, resolving waitForConfig promise"}
{"level":30,"time":1774441171835,"pid":7,"hostname":"c72fd736b63a","msg":"[SCHEDULER] Scheduler service initialized"}
{"level":30,"time":1774441171836,"pid":7,"hostname":"c72fd736b63a","msg":"[API_KEY] Initializing ApiKeyService"}
{"level":30,"time":1774441171838,"pid":7,"hostname":"c72fd736b63a","msg":"[PLEX_SERVER] Initializing PlexServerService"}
{"level":30,"time":1774441171860,"pid":7,"hostname":"c72fd736b63a","msg":"[CONTENT_ROUTER] Successfully loaded 9 router evaluators"}
{"level":30,"time":1774441171861,"pid":7,"hostname":"c72fd736b63a","msg":"Content router initialized with plugins: Conditional Router, Streaming Availability Router, Genre Router, Ratings Router, User Router, Year Router, Season Router, Language Router, Certification Router"}
{"level":30,"time":1774441171862,"pid":7,"hostname":"c72fd736b63a","msg":"[PLEX_LABEL_SYNC] Initializing PlexLabelSyncService"}
{"level":30,"time":1774441171862,"pid":7,"hostname":"c72fd736b63a","msg":"[DELETE_SYNC] Initializing Delete Sync Service"}
{"level":30,"time":1774441171863,"pid":7,"hostname":"c72fd736b63a","msg":"[PLEX_SESSION_MONITOR] PlexSessionMonitorService initialized"}
{"level":30,"time":1774441171863,"pid":7,"hostname":"c72fd736b63a","msg":"[WATCHLIST_WORKFLOW] Initializing Watchlist Workflow Service"}
{"level":30,"time":1774441171873,"pid":7,"hostname":"c72fd736b63a","msg":"Config ready, starting workflow"}
{"level":30,"time":1774441173519,"pid":7,"hostname":"c72fd736b63a","msg":"[PLEX_WATCHLIST] Successfully validated Plex token"}
{"level":30,"time":1774441173520,"pid":7,"hostname":"c72fd736b63a","msg":"[WATCHLIST_WORKFLOW] Plex connection verified"}
{"level":30,"time":1774441174010,"pid":7,"hostname":"c72fd736b63a","msg":"Anime database already contains 10529 entries"}
{"level":30,"time":1774441174010,"pid":7,"hostname":"c72fd736b63a","msg":"[PLEX_SERVER] Initializing PlexServerService connections and users"}
{"level":40,"time":1774441174011,"pid":7,"hostname":"c72fd736b63a","msg":"[PLEX_WATCHLIST] Unable to generate an RSS feed: Unauthorized"}
{"level":30,"time":1774441174011,"pid":7,"hostname":"c72fd736b63a","msg":"[PLEX_WATCHLIST] Generated watchlist RSS feed for self: None"}
{"level":40,"time":1774441174151,"pid":7,"hostname":"c72fd736b63a","msg":"[PLEX_WATCHLIST] Unable to generate an RSS feed: Unauthorized"}
{"level":30,"time":1774441174151,"pid":7,"hostname":"c72fd736b63a","msg":"[PLEX_WATCHLIST] Generated watchlist RSS feed for friends: None"}
{"level":40,"time":1774441174151,"pid":7,"hostname":"c72fd736b63a","msg":"[PLEX_WATCHLIST] Missing RSS URL. Are you an active Plex Pass user?"}
{"level":40,"time":1774441174151,"pid":7,"hostname":"c72fd736b63a","msg":"[PLEX_WATCHLIST] Real-time RSS sync disabled"}
{"level":40,"time":1774441174151,"pid":7,"hostname":"c72fd736b63a","error":{"message":"Unable to fetch watchlist URLs","name":"Error","type":"Error","stack":"Error: Unable to fetch watchlist URLs\n    at generateAndSaveRssFeeds (/app/dist/services/plex-watchlist/orchestration/rss-processor.js:13:19)\n    at processTicksAndRejections (native:7:39)"},"msg":"[WATCHLIST_WORKFLOW] Failed to generate RSS feeds, falling back to manual sync"}
{"level":30,"time":1774441174154,"pid":7,"hostname":"c72fd736b63a","msg":"[WATCHLIST_WORKFLOW] Periodic watchlist reconciliation job created (will be dynamically scheduled)"}
{"level":30,"time":1774441174154,"pid":7,"hostname":"c72fd736b63a","msg":"[WATCHLIST_WORKFLOW] Deferred routing queue started"}
{"level":30,"time":1774441174273,"pid":7,"hostname":"c72fd736b63a","msg":"[PLEX_SERVER] Filtered to 2 reachable connections (0 unreachable)"}
{"level":30,"time":1774441174273,"pid":7,"hostname":"c72fd736b63a","msg":"[PLEX_SERVER] Found 2 Plex server connections (2 local, 0 relay)"}
{"level":40,"time":1774441174327,"pid":7,"hostname":"c72fd736b63a","msg":"[PLEX_WATCHLIST] No friends found for Plex token"}
{"level":40,"time":1774441174459,"pid":7,"hostname":"c72fd736b63a","msg":"[PLEX_SERVER] No Plex users found during initialization"}
{"level":30,"time":1774441174592,"pid":7,"hostname":"c72fd736b63a","msg":"PlexServerService initialized successfully"}
{"level":30,"time":1774441174592,"pid":7,"hostname":"c72fd736b63a","msg":"[PLEX_SERVER] Opening SSE connection to Plex"}
{"level":30,"time":1774441174593,"pid":7,"hostname":"c72fd736b63a","msg":"[NOTIFICATIONS] [PLEX_MOBILE] Plex Pass status not yet determined — Plex mobile notifications deferred"}
{"level":30,"time":1774441174593,"pid":7,"hostname":"c72fd736b63a","msg":"[NOTIFICATIONS] No Apprise URL configured, Apprise notifications will be disabled"}
{"level":30,"time":1774441174601,"pid":7,"hostname":"c72fd736b63a","msg":"[SCHEDULER] Scheduler ready: 8 jobs scheduled and active"}
{"level":30,"time":1774441174618,"pid":7,"hostname":"c72fd736b63a","msg":"[PLEX_SERVER] SSE connection to Plex established"}
{"level":30,"time":1774441174618,"pid":7,"hostname":"c72fd736b63a","msg":"[PLEX_SERVER] SSE connected - reconciling with live sessions"}
{"level":30,"time":1774441174622,"pid":7,"hostname":"c72fd736b63a","msg":"Server listening at http://127.0.0.1:3003"}
{"level":30,"time":1774441174623,"pid":7,"hostname":"c72fd736b63a","msg":"Server listening at http://192.168.97.7:3003"}
{"level":40,"time":1774441174805,"pid":7,"hostname":"c72fd736b63a","reqId":"req-1","err":{"message":"You must be authenticated to access this route.","name":"UnauthorizedError","status":401,"statusCode":401,"type":"Error"},"request":{"id":"req-1","method":"GET","path":"/v1/progress","route":"/v1/progress","ip":"192.168.97.1"},"msg":"Authentication required"}
{"level":40,"time":1774441174811,"pid":7,"hostname":"c72fd736b63a","reqId":"req-2","err":{"message":"You must be authenticated to access this route.","name":"UnauthorizedError","status":401,"statusCode":401,"type":"Error"},"request":{"id":"req-2","method":"GET","path":"/v1/users/check","route":"/v1/users/check","ip":"192.168.97.1"},"msg":"Authentication required"}
{"level":30,"time":1774441174883,"pid":7,"hostname":"c72fd736b63a","msg":"[PLEX_WATCHLIST] Plex Pass status: not detected"}
{"level":30,"time":1774441174963,"pid":7,"hostname":"c72fd736b63a","friendCount":0,"msg":"[WATCHLIST_WORKFLOW] Watchlist baselines established for all users"}
{"level":40,"time":1774441175102,"pid":7,"hostname":"c72fd736b63a","msg":"[PLEX_WATCHLIST] No friends found for Plex token"}
{"level":30,"time":1774441175396,"pid":7,"hostname":"c72fd736b63a","msg":"[PLEX_WATCHLIST] Plex Pass status: not detected"}
{"level":30,"time":1774441175397,"pid":7,"hostname":"c72fd736b63a","msg":"[WATCHLIST_WORKFLOW] Starting full reconciliation"}
{"level":30,"time":1774441175397,"pid":7,"hostname":"c72fd736b63a","msg":"[WATCHLIST_WORKFLOW] Refreshing watchlists"}
{"level":40,"time":1774441175532,"pid":7,"hostname":"c72fd736b63a","msg":"[PLEX_WATCHLIST] No friends found for Plex token"}
{"level":30,"time":1774441175624,"pid":7,"hostname":"c72fd736b63a","msg":"[RADARR] Credentials verified, attempting to setup webhook \"Pulsarr (host.docker.internal:3003)\" with URL for Radarr: http://host.docker.internal:3003/v1/notifications/webhook?instanceId=radarr7878"}
{"level":30,"time":1774441175625,"pid":7,"hostname":"c72fd736b63a","msg":"[SONARR] Credentials verified, attempting to setup webhook \"Pulsarr (host.docker.internal:3003)\" with URL for Sonarr: http://host.docker.internal:3003/v1/notifications/webhook?instanceId=sonarr8989"}
{"level":30,"time":1774441175638,"pid":7,"hostname":"c72fd736b63a","msg":"[PLEX_WATCHLIST] Plex Pass status: not detected"}
{"level":30,"time":1774441175734,"pid":7,"hostname":"c72fd736b63a","msg":"[PLEX_WATCHLIST] Self watchlist fetched successfully with 4 total items"}
{"level":30,"time":1774441175799,"pid":7,"hostname":"c72fd736b63a","msg":"[RADARR] Successfully updated Pulsarr webhook \"Pulsarr (host.docker.internal:3003)\" for Radarr"}
{"level":30,"time":1774441175835,"pid":7,"hostname":"c72fd736b63a","msg":"[SONARR] Successfully updated Pulsarr webhook \"Pulsarr (host.docker.internal:3003)\" for Sonarr"}
{"level":30,"time":1774441175911,"pid":7,"hostname":"c72fd736b63a","msg":"[PLEX_WATCHLIST] Plex Pass status: not detected"}
{"level":30,"time":1774441175912,"pid":7,"hostname":"c72fd736b63a","msg":"[WATCHLIST_WORKFLOW] Watchlists refreshed successfully"}
{"level":30,"time":1774441175914,"pid":7,"hostname":"c72fd736b63a","msg":"[WATCHLIST_WORKFLOW] Performing watchlist item sync"}
{"level":30,"time":1774441176105,"pid":7,"hostname":"c72fd736b63a","title":"The Grand Budapest Hotel","contentType":"movie","syncing":false,"userId":1,"userName":"oscar.p46","msg":"[CONTENT_ROUTER] Routing movie \"The Grand Budapest Hotel\""}
{"level":30,"time":1774441176107,"pid":7,"hostname":"c72fd736b63a","title":"The Grand Budapest Hotel","contentType":"movie","msg":"[CONTENT_ROUTER] No routing rules exist, using default routing for \"The Grand Budapest Hotel\""}
{"level":30,"time":1774441176362,"pid":7,"hostname":"c72fd736b63a","title":"The Grand Budapest Hotel","qualityProfileId":5,"rootFolder":"/movies","searchOnAdd":true,"minimumAvailability":"released","monitor":"movieOnly","monitored":true,"msg":"[RADARR] Sent The Grand Budapest Hotel to Radarr"}
{"level":30,"time":1774441176371,"pid":7,"hostname":"c72fd736b63a","msg":"[CONTENT_ROUTER] Created auto-approval tracking record for \"The Grand Budapest Hotel\" (request ID: 5)"}
{"level":30,"time":1774441176374,"pid":7,"hostname":"c72fd736b63a","added":{"shows":0,"movies":1},"unmatched":{"shows":1,"movies":1},"skippedDueToUserSetting":0,"skippedDueToMissingIds":0,"skippedDueToWatchlistCap":0,"msg":"[WATCHLIST_WORKFLOW] Watchlist sync completed"}
{"level":30,"time":1774441176465,"pid":7,"hostname":"c72fd736b63a","friendCount":0,"msg":"[WATCHLIST_WORKFLOW] Watchlist baselines established for all users"}
{"level":30,"time":1774441176465,"pid":7,"hostname":"c72fd736b63a","msg":"[WATCHLIST_WORKFLOW] Full reconciliation completed"}
{"level":30,"time":1774441176467,"pid":7,"hostname":"c72fd736b63a","msg":"[WATCHLIST_WORKFLOW] Scheduled next periodic reconciliation in 120 minutes"}
{"level":30,"time":1774441176467,"pid":7,"hostname":"c72fd736b63a","msg":"[WATCHLIST_WORKFLOW] Watchlist workflow running in ETag mode (5-minute staggered polling, 2-hour full reconciliation)"}
{"level":40,"time":1774441176600,"pid":7,"hostname":"c72fd736b63a","msg":"[PLEX_WATCHLIST] No friends found for Plex token"}
{"level":30,"time":1774441176907,"pid":7,"hostname":"c72fd736b63a","msg":"[PLEX_WATCHLIST] Plex Pass status: not detected"}
{"level":30,"time":1774441176908,"pid":7,"hostname":"c72fd736b63a","userCount":1,"msg":"[WATCHLIST_WORKFLOW] Starting staggered ETag polling (5-minute cycles)"}
{"level":40,"time":1774441177039,"pid":7,"hostname":"c72fd736b63a","msg":"[PLEX_WATCHLIST] No friends found for Plex token"}
{"level":30,"time":1774441177294,"pid":7,"hostname":"c72fd736b63a","msg":"[PLEX_WATCHLIST] Plex Pass status: not detected"}
{"level":40,"time":1774441326515,"pid":7,"hostname":"c72fd736b63a","msg":"[PLEX_WATCHLIST] No friends found for Plex token"}
{"level":30,"time":1774441327114,"pid":7,"hostname":"c72fd736b63a","msg":"[PLEX_WATCHLIST] Plex Pass status: not detected"}
{"level":40,"time":1774441437983,"pid":7,"hostname":"c72fd736b63a","msg":"[PLEX_WATCHLIST] No friends found for Plex token"}
{"level":30,"time":1774441438408,"pid":7,"hostname":"c72fd736b63a","msg":"[PLEX_WATCHLIST] Plex Pass status: not detected"}
{"level":30,"time":1774441438424,"pid":7,"hostname":"c72fd736b63a","msg":"[PLEX_WATCHLIST] Plex Pass status: not detected"}
{"level":30,"time":1774441438498,"pid":7,"hostname":"c72fd736b63a","msg":"[PLEX_WATCHLIST] Self watchlist fetched successfully with 4 total items"}
{"level":30,"time":1774441453412,"pid":7,"hostname":"c72fd736b63a","msg":"[SCHEDULER] Manually running job: approval-maintenance"}
{"level":30,"time":1774441453413,"pid":7,"hostname":"c72fd736b63a","msg":"[APPROVAL] Running scheduled job: approval-maintenance"}
{"level":30,"time":1774441453414,"pid":7,"hostname":"c72fd736b63a","msg":"[APPROVAL] Completed scheduled job: approval-maintenance"}
{"level":30,"time":1774441453418,"pid":7,"hostname":"c72fd736b63a","msg":"[SCHEDULER] Job approval-maintenance executed manually"}
{"level":40,"time":1774441491099,"pid":7,"hostname":"c72fd736b63a","msg":"[PLEX_WATCHLIST] No friends found for Plex token"}
{"level":30,"time":1774441491708,"pid":7,"hostname":"c72fd736b63a","msg":"[PLEX_WATCHLIST] Plex Pass status: not detected"}
{"level":40,"time":1774441575965,"pid":7,"hostname":"c72fd736b63a","msg":"[PLEX_WATCHLIST] No friends found for Plex token"}
{"level":30,"time":1774441576430,"pid":7,"hostname":"c72fd736b63a","msg":"[PLEX_WATCHLIST] Plex Pass status: not detected"}
{"level":30,"time":1774441576500,"pid":7,"hostname":"c72fd736b63a","msg":"[PLEX_WATCHLIST] Self watchlist fetched successfully with 4 total items"}
{"level":30,"time":1774441576554,"pid":7,"hostname":"c72fd736b63a","msg":"[PLEX_WATCHLIST] Plex Pass status: not detected"}
{"level":40,"time":1774441598621,"pid":7,"hostname":"c72fd736b63a","msg":"[PLEX_WATCHLIST] No friends found for Plex token"}
{"level":30,"time":1774441599007,"pid":7,"hostname":"c72fd736b63a","msg":"[PLEX_WATCHLIST] Plex Pass status: not detected"}
{"level":30,"time":1774441599052,"pid":7,"hostname":"c72fd736b63a","msg":"[PLEX_WATCHLIST] Plex Pass status: not detected"}
{"level":30,"time":1774441599082,"pid":7,"hostname":"c72fd736b63a","msg":"[PLEX_WATCHLIST] Self watchlist fetched successfully with 4 total items"}
{"level":40,"time":1774441656785,"pid":7,"hostname":"c72fd736b63a","msg":"[PLEX_WATCHLIST] No friends found for Plex token"}
{"level":30,"time":1774441657321,"pid":7,"hostname":"c72fd736b63a","msg":"[PLEX_WATCHLIST] Plex Pass status: not detected"}
{"level":40,"time":1774441669004,"pid":7,"hostname":"c72fd736b63a","msg":"[PLEX_WATCHLIST] No friends found for Plex token"}
{"level":30,"time":1774441669571,"pid":7,"hostname":"c72fd736b63a","msg":"[PLEX_WATCHLIST] Plex Pass status: not detected"}
{"level":30,"time":1774441669580,"pid":7,"hostname":"c72fd736b63a","msg":"[PLEX_WATCHLIST] Plex Pass status: not detected"}
{"level":30,"time":1774441669666,"pid":7,"hostname":"c72fd736b63a","msg":"[PLEX_WATCHLIST] Self watchlist fetched successfully with 4 total items"}
{"level":40,"time":1774441694650,"pid":7,"hostname":"c72fd736b63a","msg":"[PLEX_WATCHLIST] No friends found for Plex token"}
{"level":30,"time":1774441695125,"pid":7,"hostname":"c72fd736b63a","msg":"[PLEX_WATCHLIST] Plex Pass status: not detected"}
{"level":30,"time":1774441695340,"pid":7,"hostname":"c72fd736b63a","msg":"[PLEX_WATCHLIST] Plex Pass status: not detected"}
{"level":30,"time":1774441695418,"pid":7,"hostname":"c72fd736b63a","msg":"[PLEX_WATCHLIST] Self watchlist fetched successfully with 4 total items"}
{"level":40,"time":1774441782657,"pid":7,"hostname":"c72fd736b63a","msg":"[PLEX_WATCHLIST] No friends found for Plex token"}
{"level":30,"time":1774441783070,"pid":7,"hostname":"c72fd736b63a","msg":"[PLEX_WATCHLIST] Plex Pass status: not detected"}
{"level":30,"time":1774441783150,"pid":7,"hostname":"c72fd736b63a","msg":"[PLEX_WATCHLIST] Self watchlist fetched successfully with 4 total items"}
{"level":30,"time":1774441783327,"pid":7,"hostname":"c72fd736b63a","msg":"[PLEX_WATCHLIST] Plex Pass status: not detected"}
{"level":30,"time":1774441806625,"pid":7,"hostname":"c72fd736b63a","userId":1,"username":"oscar.p46","newItems":1,"msg":"[WATCHLIST_WORKFLOW] Staggered poll detected new items"}
{"level":40,"time":1774441806814,"pid":7,"hostname":"c72fd736b63a","msg":"[PLEX_WATCHLIST] No friends found for Plex token"}
{"level":30,"time":1774441808971,"pid":7,"hostname":"c72fd736b63a","msg":"[PLEX_WATCHLIST] Plex Pass status: not detected"}
{"level":40,"time":1774441967704,"pid":7,"hostname":"c72fd736b63a","msg":"[PLEX_WATCHLIST] No friends found for Plex token"}
{"level":30,"time":1774441968289,"pid":7,"hostname":"c72fd736b63a","msg":"[PLEX_WATCHLIST] Plex Pass status: not detected"}
{"level":40,"time":1774442113435,"pid":7,"hostname":"c72fd736b63a","msg":"[PLEX_WATCHLIST] No friends found for Plex token"}
{"level":30,"time":1774442114094,"pid":7,"hostname":"c72fd736b63a","msg":"[PLEX_WATCHLIST] Plex Pass status: not detected"}
{"level":40,"time":1774442252015,"pid":7,"hostname":"c72fd736b63a","msg":"[PLEX_WATCHLIST] No friends found for Plex token"}
{"level":30,"time":1774442253584,"pid":7,"hostname":"c72fd736b63a","msg":"[PLEX_WATCHLIST] Plex Pass status: not detected"}
{"level":40,"time":1774442410202,"pid":7,"hostname":"c72fd736b63a","msg":"[PLEX_WATCHLIST] No friends found for Plex token"}
{"level":30,"time":1774442410869,"pid":7,"hostname":"c72fd736b63a","msg":"[PLEX_WATCHLIST] Plex Pass status: not detected"}
{"level":40,"time":1774442560133,"pid":7,"hostname":"c72fd736b63a","msg":"[PLEX_WATCHLIST] No friends found for Plex token"}
{"level":30,"time":1774442560743,"pid":7,"hostname":"c72fd736b63a","msg":"[PLEX_WATCHLIST] Plex Pass status: not detected"}
{"level":40,"time":1774442700377,"pid":7,"hostname":"c72fd736b63a","msg":"[PLEX_WATCHLIST] No friends found for Plex token"}
{"level":30,"time":1774442700910,"pid":7,"hostname":"c72fd736b63a","msg":"[PLEX_WATCHLIST] Plex Pass status: not detected"}
{"level":30,"time":1774442701509,"pid":7,"hostname":"c72fd736b63a","msg":"[PLEX_WATCHLIST] Plex Pass status: not detected"}
{"level":30,"time":1774442702468,"pid":7,"hostname":"c72fd736b63a","msg":"[PLEX_WATCHLIST] Self watchlist fetched successfully with 4 total items"}
{"level":40,"time":1774442705152,"pid":7,"hostname":"c72fd736b63a","msg":"[PLEX_WATCHLIST] No friends found for Plex token"}
{"level":30,"time":1774442705444,"pid":7,"hostname":"c72fd736b63a","msg":"[PLEX_WATCHLIST] Plex Pass status: not detected"}
{"level":40,"time":1774442860664,"pid":7,"hostname":"c72fd736b63a","msg":"[PLEX_WATCHLIST] No friends found for Plex token"}
{"level":30,"time":1774442861253,"pid":7,"hostname":"c72fd736b63a","msg":"[PLEX_WATCHLIST] Plex Pass status: not detected"}
{"level":40,"time":1774442997538,"pid":7,"hostname":"c72fd736b63a","msg":"[PLEX_WATCHLIST] No friends found for Plex token"}
{"level":30,"time":1774442998144,"pid":7,"hostname":"c72fd736b63a","msg":"[PLEX_WATCHLIST] Plex Pass status: not detected"}
{"level":40,"time":1774443137340,"pid":7,"hostname":"c72fd736b63a","msg":"[PLEX_WATCHLIST] No friends found for Plex token"}
{"level":30,"time":1774443138308,"pid":7,"hostname":"c72fd736b63a","msg":"[PLEX_WATCHLIST] Plex Pass status: not detected"}
{"level":30,"time":1774443179028,"pid":7,"hostname":"c72fd736b63a","msg":"[WATCHLIST_WORKFLOW] Stopping Watchlist workflow"}
{"level":30,"time":1774443179032,"pid":7,"hostname":"c72fd736b63a","msg":"[WATCHLIST_WORKFLOW] Found existing periodic reconciliation job from previous run, cleaning up"}
{"level":30,"time":1774443179036,"pid":7,"hostname":"c72fd736b63a","msg":"[WATCHLIST_WORKFLOW] Successfully cleaned up existing periodic reconciliation job"}
{"level":30,"time":1774443179037,"pid":7,"hostname":"c72fd736b63a","msg":"[WATCHLIST_WORKFLOW] Deferred routing queue stopped"}
{"level":30,"time":1774443180801,"pid":7,"hostname":"c72fd736b63a","msg":"[PLEX_WATCHLIST] Successfully validated Plex token"}
{"level":30,"time":1774443180802,"pid":7,"hostname":"c72fd736b63a","msg":"[WATCHLIST_WORKFLOW] Plex connection verified"}
{"level":40,"time":1774443180968,"pid":7,"hostname":"c72fd736b63a","msg":"[PLEX_WATCHLIST] Unable to generate an RSS feed: Unauthorized"}
{"level":30,"time":1774443180968,"pid":7,"hostname":"c72fd736b63a","msg":"[PLEX_WATCHLIST] Generated watchlist RSS feed for self: None"}
{"level":40,"time":1774443181034,"pid":7,"hostname":"c72fd736b63a","msg":"[PLEX_WATCHLIST] Unable to generate an RSS feed: Unauthorized"}
{"level":30,"time":1774443181035,"pid":7,"hostname":"c72fd736b63a","msg":"[PLEX_WATCHLIST] Generated watchlist RSS feed for friends: None"}
{"level":40,"time":1774443181035,"pid":7,"hostname":"c72fd736b63a","msg":"[PLEX_WATCHLIST] Missing RSS URL. Are you an active Plex Pass user?"}
{"level":40,"time":1774443181035,"pid":7,"hostname":"c72fd736b63a","msg":"[PLEX_WATCHLIST] Real-time RSS sync disabled"}
{"level":40,"time":1774443181035,"pid":7,"hostname":"c72fd736b63a","error":{"message":"Unable to fetch watchlist URLs","name":"Error","type":"Error","stack":"Error: Unable to fetch watchlist URLs\n    at generateAndSaveRssFeeds (/app/dist/services/plex-watchlist/orchestration/rss-processor.js:13:19)\n    at processTicksAndRejections (native:7:39)"},"msg":"[WATCHLIST_WORKFLOW] Failed to generate RSS feeds, falling back to manual sync"}
{"level":30,"time":1774443181037,"pid":7,"hostname":"c72fd736b63a","msg":"[SCHEDULER] Registered handler for new job: periodic-watchlist-reconciliation"}
{"level":30,"time":1774443181043,"pid":7,"hostname":"c72fd736b63a","msg":"[WATCHLIST_WORKFLOW] Periodic watchlist reconciliation job created (will be dynamically scheduled)"}
{"level":30,"time":1774443181044,"pid":7,"hostname":"c72fd736b63a","msg":"[WATCHLIST_WORKFLOW] Deferred routing queue started"}
{"level":40,"time":1774443181179,"pid":7,"hostname":"c72fd736b63a","msg":"[PLEX_WATCHLIST] No friends found for Plex token"}
{"level":30,"time":1774443181405,"pid":7,"hostname":"c72fd736b63a","msg":"[PLEX_WATCHLIST] Plex Pass status: not detected"}
{"level":30,"time":1774443181480,"pid":7,"hostname":"c72fd736b63a","friendCount":0,"msg":"[WATCHLIST_WORKFLOW] Watchlist baselines established for all users"}
{"level":40,"time":1774443181616,"pid":7,"hostname":"c72fd736b63a","msg":"[PLEX_WATCHLIST] No friends found for Plex token"}
{"level":30,"time":1774443181866,"pid":7,"hostname":"c72fd736b63a","msg":"[PLEX_WATCHLIST] Plex Pass status: not detected"}
{"level":30,"time":1774443181869,"pid":7,"hostname":"c72fd736b63a","msg":"[WATCHLIST_WORKFLOW] Starting full reconciliation"}
{"level":30,"time":1774443181870,"pid":7,"hostname":"c72fd736b63a","msg":"[WATCHLIST_WORKFLOW] Refreshing watchlists"}
{"level":40,"time":1774443182043,"pid":7,"hostname":"c72fd736b63a","msg":"[PLEX_WATCHLIST] No friends found for Plex token"}
{"level":30,"time":1774443182107,"pid":7,"hostname":"c72fd736b63a","msg":"[PLEX_WATCHLIST] Plex Pass status: not detected"}
{"level":30,"time":1774443182184,"pid":7,"hostname":"c72fd736b63a","msg":"[PLEX_WATCHLIST] Self watchlist fetched successfully with 4 total items"}
{"level":30,"time":1774443182561,"pid":7,"hostname":"c72fd736b63a","msg":"[PLEX_WATCHLIST] Plex Pass status: not detected"}
{"level":30,"time":1774443182565,"pid":7,"hostname":"c72fd736b63a","msg":"[WATCHLIST_WORKFLOW] Watchlists refreshed successfully"}
{"level":30,"time":1774443182566,"pid":7,"hostname":"c72fd736b63a","msg":"[WATCHLIST_WORKFLOW] Performing watchlist item sync"}
{"level":30,"time":1774443182620,"pid":7,"hostname":"c72fd736b63a","title":"Marty Supreme","contentType":"movie","syncing":false,"userId":1,"userName":"oscar.p46","msg":"[CONTENT_ROUTER] Routing movie \"Marty Supreme\""}
{"level":30,"time":1774443182621,"pid":7,"hostname":"c72fd736b63a","title":"Spider-Man: No Way Home","contentType":"movie","syncing":false,"userId":1,"userName":"oscar.p46","msg":"[CONTENT_ROUTER] Routing movie \"Spider-Man: No Way Home\""}
{"level":30,"time":1774443182621,"pid":7,"hostname":"c72fd736b63a","title":"Wuthering Heights","contentType":"movie","syncing":false,"userId":1,"userName":"oscar.p46","msg":"[CONTENT_ROUTER] Routing movie \"Wuthering Heights\""}
{"level":30,"time":1774443182622,"pid":7,"hostname":"c72fd736b63a","title":"Little Amélie or the Character of Rain","contentType":"movie","syncing":false,"userId":1,"userName":"oscar.p46","msg":"[CONTENT_ROUTER] Routing movie \"Little Amélie or the Character of Rain\""}
{"level":30,"time":1774443182623,"pid":7,"hostname":"c72fd736b63a","msg":"[CONTENT_ROUTER] Existing approval request found with status \"auto_approved\" for \"Marty Supreme\" by user oscar.p46, skipping routing"}
{"level":30,"time":1774443182623,"pid":7,"hostname":"c72fd736b63a","msg":"[CONTENT_ROUTER] Existing approval request found with status \"auto_approved\" for \"Spider-Man: No Way Home\" by user oscar.p46, skipping routing"}
{"level":30,"time":1774443182625,"pid":7,"hostname":"c72fd736b63a","title":"Wuthering Heights","contentType":"movie","msg":"[CONTENT_ROUTER] No routing rules exist, using default routing for \"Wuthering Heights\""}
{"level":30,"time":1774443182625,"pid":7,"hostname":"c72fd736b63a","title":"Little Amélie or the Character of Rain","contentType":"movie","msg":"[CONTENT_ROUTER] No routing rules exist, using default routing for \"Little Amélie or the Character of Rain\""}
{"level":30,"time":1774443182695,"pid":7,"hostname":"c72fd736b63a","title":"Little Amélie or the Character of Rain","qualityProfileId":5,"rootFolder":"/movies","searchOnAdd":true,"minimumAvailability":"released","monitor":"movieOnly","monitored":true,"msg":"[RADARR] Sent Little Amélie or the Character of Rain to Radarr"}
{"level":30,"time":1774443182705,"pid":7,"hostname":"c72fd736b63a","msg":"[CONTENT_ROUTER] Created auto-approval tracking record for \"Little Amélie or the Character of Rain\" (request ID: 6)"}
{"level":30,"time":1774443182717,"pid":7,"hostname":"c72fd736b63a","title":"Wuthering Heights","qualityProfileId":5,"rootFolder":"/movies","searchOnAdd":true,"minimumAvailability":"released","monitor":"movieOnly","monitored":true,"msg":"[RADARR] Sent Wuthering Heights to Radarr"}
{"level":30,"time":1774443182724,"pid":7,"hostname":"c72fd736b63a","msg":"[CONTENT_ROUTER] Created auto-approval tracking record for \"Wuthering Heights\" (request ID: 7)"}
{"level":30,"time":1774443182726,"pid":7,"hostname":"c72fd736b63a","added":{"shows":0,"movies":2},"unmatched":{"shows":0,"movies":0},"skippedDueToUserSetting":0,"skippedDueToMissingIds":0,"skippedDueToWatchlistCap":0,"msg":"[WATCHLIST_WORKFLOW] Watchlist sync completed"}
{"level":30,"time":1774443182786,"pid":7,"hostname":"c72fd736b63a","friendCount":0,"msg":"[WATCHLIST_WORKFLOW] Watchlist baselines established for all users"}
{"level":30,"time":1774443182786,"pid":7,"hostname":"c72fd736b63a","msg":"[WATCHLIST_WORKFLOW] Full reconciliation completed"}
{"level":30,"time":1774443182789,"pid":7,"hostname":"c72fd736b63a","msg":"[WATCHLIST_WORKFLOW] Scheduled next periodic reconciliation in 120 minutes"}
{"level":30,"time":1774443182790,"pid":7,"hostname":"c72fd736b63a","msg":"[WATCHLIST_WORKFLOW] Watchlist workflow running in ETag mode (5-minute staggered polling, 2-hour full reconciliation)"}
{"level":30,"time":1774443182799,"pid":7,"hostname":"c72fd736b63a","msg":"Updated config _isReady to true"}
{"level":40,"time":1774443182939,"pid":7,"hostname":"c72fd736b63a","msg":"[PLEX_WATCHLIST] No friends found for Plex token"}
{"level":30,"time":1774443183151,"pid":7,"hostname":"c72fd736b63a","msg":"[PLEX_WATCHLIST] Plex Pass status: not detected"}
{"level":30,"time":1774443183152,"pid":7,"hostname":"c72fd736b63a","userCount":1,"msg":"[WATCHLIST_WORKFLOW] Starting staggered ETag polling (5-minute cycles)"}
{"level":40,"time":1774443183283,"pid":7,"hostname":"c72fd736b63a","msg":"[PLEX_WATCHLIST] No friends found for Plex token"}
{"level":30,"time":1774443183599,"pid":7,"hostname":"c72fd736b63a","msg":"[PLEX_WATCHLIST] Plex Pass status: not detected"}
{"level":40,"time":1774443346300,"pid":7,"hostname":"c72fd736b63a","msg":"[PLEX_WATCHLIST] No friends found for Plex token"}
{"level":30,"time":1774443346919,"pid":7,"hostname":"c72fd736b63a","msg":"[PLEX_WATCHLIST] Plex Pass status: not detected"}
{"level":30,"time":1774443377791,"pid":7,"hostname":"c72fd736b63a","instanceName":"Radarr","eventType":"unknown","contentTitle":"Little Amélie or the Character of Rain","reqId":"req-67","msg":"Webhook received and processing"}
{"level":30,"time":1774443377826,"pid":7,"hostname":"c72fd736b63a","title":"Little Amélie or the Character of Rain","tmdbId":682012,"instanceName":"Radarr Instance 1","msg":"[WEBHOOK_QUEUE] Processing movie download"}
{"level":40,"time":1774443509139,"pid":7,"hostname":"c72fd736b63a","msg":"[PLEX_WATCHLIST] No friends found for Plex token"}
{"level":30,"time":1774443509917,"pid":7,"hostname":"c72fd736b63a","msg":"[PLEX_WATCHLIST] Plex Pass status: not detected"}
{"level":40,"time":1774443657947,"pid":7,"hostname":"c72fd736b63a","msg":"[PLEX_WATCHLIST] No friends found for Plex token"}
{"level":30,"time":1774443658633,"pid":7,"hostname":"c72fd736b63a","msg":"[PLEX_WATCHLIST] Plex Pass status: not detected"}
{"level":40,"time":1774443812742,"pid":7,"hostname":"c72fd736b63a","msg":"[PLEX_WATCHLIST] No friends found for Plex token"}
{"level":30,"time":1774443813363,"pid":7,"hostname":"c72fd736b63a","msg":"[PLEX_WATCHLIST] Plex Pass status: not detected"}
{"level":40,"time":1774443966036,"pid":7,"hostname":"c72fd736b63a","msg":"[PLEX_WATCHLIST] No friends found for Plex token"}
{"level":30,"time":1774443966745,"pid":7,"hostname":"c72fd736b63a","msg":"[PLEX_WATCHLIST] Plex Pass status: not detected"}
{"level":40,"time":1774444125133,"pid":7,"hostname":"c72fd736b63a","msg":"[PLEX_WATCHLIST] No friends found for Plex token"}
{"level":30,"time":1774444125745,"pid":7,"hostname":"c72fd736b63a","msg":"[PLEX_WATCHLIST] Plex Pass status: not detected"}
{"level":40,"time":1774444264019,"pid":7,"hostname":"c72fd736b63a","msg":"[PLEX_WATCHLIST] No friends found for Plex token"}
{"level":30,"time":1774444264605,"pid":7,"hostname":"c72fd736b63a","msg":"[PLEX_WATCHLIST] Plex Pass status: not detected"}
{"level":40,"time":1774444408842,"pid":7,"hostname":"c72fd736b63a","msg":"[PLEX_WATCHLIST] No friends found for Plex token"}
{"level":30,"time":1774444409557,"pid":7,"hostname":"c72fd736b63a","msg":"[PLEX_WATCHLIST] Plex Pass status: not detected"}
{"level":40,"time":1774444549720,"pid":7,"hostname":"c72fd736b63a","msg":"[PLEX_WATCHLIST] No friends found for Plex token"}
{"level":30,"time":1774444550286,"pid":7,"hostname":"c72fd736b63a","msg":"[PLEX_WATCHLIST] Plex Pass status: not detected"}
{"level":40,"time":1774444696706,"pid":7,"hostname":"c72fd736b63a","msg":"[PLEX_WATCHLIST] No friends found for Plex token"}
{"level":30,"time":1774444697320,"pid":7,"hostname":"c72fd736b63a","msg":"[PLEX_WATCHLIST] Plex Pass status: not detected"}
{"level":40,"time":1774444852022,"pid":7,"hostname":"c72fd736b63a","msg":"[PLEX_WATCHLIST] No friends found for Plex token"}
{"level":30,"time":1774444852635,"pid":7,"hostname":"c72fd736b63a","msg":"[PLEX_WATCHLIST] Plex Pass status: not detected"}
{"level":40,"time":1774445002609,"pid":7,"hostname":"c72fd736b63a","msg":"[PLEX_WATCHLIST] No friends found for Plex token"}
{"level":30,"time":1774445003262,"pid":7,"hostname":"c72fd736b63a","msg":"[PLEX_WATCHLIST] Plex Pass status: not detected"}
{"level":40,"time":1774445146213,"pid":7,"hostname":"c72fd736b63a","msg":"[PLEX_WATCHLIST] No friends found for Plex token"}
{"level":30,"time":1774445146909,"pid":7,"hostname":"c72fd736b63a","msg":"[PLEX_WATCHLIST] Plex Pass status: not detected"}
{"level":40,"time":1774445292593,"pid":7,"hostname":"c72fd736b63a","msg":"[PLEX_WATCHLIST] No friends found for Plex token"}
{"level":30,"time":1774445293153,"pid":7,"hostname":"c72fd736b63a","msg":"[PLEX_WATCHLIST] Plex Pass status: not detected"}
{"level":40,"time":1774445438833,"pid":7,"hostname":"c72fd736b63a","msg":"[PLEX_WATCHLIST] No friends found for Plex token"}
{"level":30,"time":1774445439439,"pid":7,"hostname":"c72fd736b63a","msg":"[PLEX_WATCHLIST] Plex Pass status: not detected"}
{"level":40,"time":1774445582187,"pid":7,"hostname":"c72fd736b63a","msg":"[PLEX_WATCHLIST] No friends found for Plex token"}
{"level":30,"time":1774445582796,"pid":7,"hostname":"c72fd736b63a","msg":"[PLEX_WATCHLIST] Plex Pass status: not detected"}
{"level":30,"time":1774445745723,"pid":7,"hostname":"c72fd736b63a","userId":1,"username":"oscar.p46","newItems":1,"msg":"[WATCHLIST_WORKFLOW] Staggered poll detected new items"}
{"level":30,"time":1774445746079,"pid":7,"hostname":"c72fd736b63a","title":"Hamnet","contentType":"movie","syncing":false,"userId":1,"userName":"oscar.p46","msg":"[CONTENT_ROUTER] Routing movie \"Hamnet\""}
{"level":30,"time":1774445746081,"pid":7,"hostname":"c72fd736b63a","title":"Hamnet","contentType":"movie","msg":"[CONTENT_ROUTER] No routing rules exist, using default routing for \"Hamnet\""}
{"level":30,"time":1774445746132,"pid":7,"hostname":"c72fd736b63a","title":"Hamnet","qualityProfileId":5,"rootFolder":"/movies","searchOnAdd":true,"minimumAvailability":"released","monitor":"movieOnly","monitored":true,"msg":"[RADARR] Sent Hamnet to Radarr"}
{"level":30,"time":1774445746138,"pid":7,"hostname":"c72fd736b63a","msg":"[CONTENT_ROUTER] Created auto-approval tracking record for \"Hamnet\" (request ID: 8)"}
{"level":40,"time":1774445746303,"pid":7,"hostname":"c72fd736b63a","msg":"[PLEX_WATCHLIST] No friends found for Plex token"}
{"level":30,"time":1774445746913,"pid":7,"hostname":"c72fd736b63a","msg":"[PLEX_WATCHLIST] Plex Pass status: not detected"}
{"level":30,"time":1774445806173,"pid":7,"hostname":"c72fd736b63a","msg":"[WATCHLIST_WORKFLOW] Status sync completed: 0 show updates, 4 movie updates"}
{"level":40,"time":1774445904264,"pid":7,"hostname":"c72fd736b63a","msg":"[PLEX_WATCHLIST] No friends found for Plex token"}
{"level":30,"time":1774445906143,"pid":7,"hostname":"c72fd736b63a","msg":"[PLEX_WATCHLIST] Plex Pass status: not detected"}
{"level":40,"time":1774446064771,"pid":7,"hostname":"c72fd736b63a","msg":"[PLEX_WATCHLIST] No friends found for Plex token"}
{"level":30,"time":1774446065367,"pid":7,"hostname":"c72fd736b63a","msg":"[PLEX_WATCHLIST] Plex Pass status: not detected"}
{"level":40,"time":1774446208282,"pid":7,"hostname":"c72fd736b63a","msg":"[PLEX_WATCHLIST] No friends found for Plex token"}
{"level":30,"time":1774446210528,"pid":7,"hostname":"c72fd736b63a","msg":"[PLEX_WATCHLIST] Plex Pass status: not detected"}
{"level":40,"time":1774446374196,"pid":7,"hostname":"c72fd736b63a","msg":"[PLEX_WATCHLIST] No friends found for Plex token"}
{"level":30,"time":1774446374853,"pid":7,"hostname":"c72fd736b63a","msg":"[PLEX_WATCHLIST] Plex Pass status: not detected"}
{"level":40,"time":1774446517622,"pid":7,"hostname":"c72fd736b63a","msg":"[PLEX_WATCHLIST] No friends found for Plex token"}
{"level":30,"time":1774446518263,"pid":7,"hostname":"c72fd736b63a","msg":"[PLEX_WATCHLIST] Plex Pass status: not detected"}
{"level":40,"time":1774446672818,"pid":7,"hostname":"c72fd736b63a","msg":"[PLEX_WATCHLIST] No friends found for Plex token"}
{"level":30,"time":1774446673438,"pid":7,"hostname":"c72fd736b63a","msg":"[PLEX_WATCHLIST] Plex Pass status: not detected"}
{"level":40,"time":1774446823278,"pid":7,"hostname":"c72fd736b63a","msg":"[PLEX_WATCHLIST] No friends found for Plex token"}
{"level":30,"time":1774446823895,"pid":7,"hostname":"c72fd736b63a","msg":"[PLEX_WATCHLIST] Plex Pass status: not detected"}
{"level":40,"time":1774446968458,"pid":7,"hostname":"c72fd736b63a","msg":"[PLEX_WATCHLIST] No friends found for Plex token"}
{"level":30,"time":1774446969055,"pid":7,"hostname":"c72fd736b63a","msg":"[PLEX_WATCHLIST] Plex Pass status: not detected"}
{"level":40,"time":1774447133530,"pid":7,"hostname":"c72fd736b63a","msg":"[PLEX_WATCHLIST] No friends found for Plex token"}
{"level":30,"time":1774447134127,"pid":7,"hostname":"c72fd736b63a","msg":"[PLEX_WATCHLIST] Plex Pass status: not detected"}
{"level":40,"time":1774447288089,"pid":7,"hostname":"c72fd736b63a","msg":"[PLEX_WATCHLIST] No friends found for Plex token"}
{"level":30,"time":1774447288681,"pid":7,"hostname":"c72fd736b63a","msg":"[PLEX_WATCHLIST] Plex Pass status: not detected"}
{"level":40,"time":1774447431737,"pid":7,"hostname":"c72fd736b63a","msg":"[PLEX_WATCHLIST] No friends found for Plex token"}
{"level":30,"time":1774447432352,"pid":7,"hostname":"c72fd736b63a","msg":"[PLEX_WATCHLIST] Plex Pass status: not detected"}
{"level":40,"time":1774447592456,"pid":7,"hostname":"c72fd736b63a","msg":"[PLEX_WATCHLIST] No friends found for Plex token"}
{"level":30,"time":1774447593062,"pid":7,"hostname":"c72fd736b63a","msg":"[PLEX_WATCHLIST] Plex Pass status: not detected"}
{"level":40,"time":1774447749423,"pid":7,"hostname":"c72fd736b63a","msg":"[PLEX_WATCHLIST] No friends found for Plex token"}
{"level":30,"time":1774447750139,"pid":7,"hostname":"c72fd736b63a","msg":"[PLEX_WATCHLIST] Plex Pass status: not detected"}
{"level":40,"time":1774447907542,"pid":7,"hostname":"c72fd736b63a","msg":"[PLEX_WATCHLIST] No friends found for Plex token"}
{"level":30,"time":1774447908119,"pid":7,"hostname":"c72fd736b63a","msg":"[PLEX_WATCHLIST] Plex Pass status: not detected"}
{"level":40,"time":1774448069544,"pid":7,"hostname":"c72fd736b63a","msg":"[PLEX_WATCHLIST] No friends found for Plex token"}
{"level":30,"time":1774448070154,"pid":7,"hostname":"c72fd736b63a","msg":"[PLEX_WATCHLIST] Plex Pass status: not detected"}
{"level":40,"time":1774448219191,"pid":7,"hostname":"c72fd736b63a","msg":"[PLEX_WATCHLIST] No friends found for Plex token"}
{"level":30,"time":1774448219792,"pid":7,"hostname":"c72fd736b63a","msg":"[PLEX_WATCHLIST] Plex Pass status: not detected"}
{"level":40,"time":1774448370210,"pid":7,"hostname":"c72fd736b63a","msg":"[PLEX_WATCHLIST] No friends found for Plex token"}
{"level":30,"time":1774448370773,"pid":7,"hostname":"c72fd736b63a","msg":"[PLEX_WATCHLIST] Plex Pass status: not detected"}
{"level":40,"time":1774448527745,"pid":7,"hostname":"c72fd736b63a","msg":"[PLEX_WATCHLIST] No friends found for Plex token"}
{"level":30,"time":1774448528380,"pid":7,"hostname":"c72fd736b63a","msg":"[PLEX_WATCHLIST] Plex Pass status: not detected"}
{"level":40,"time":1774448684023,"pid":7,"hostname":"c72fd736b63a","msg":"[PLEX_WATCHLIST] No friends found for Plex token"}
{"level":30,"time":1774448684630,"pid":7,"hostname":"c72fd736b63a","msg":"[PLEX_WATCHLIST] Plex Pass status: not detected"}
{"level":40,"time":1774448826590,"pid":7,"hostname":"c72fd736b63a","msg":"[PLEX_WATCHLIST] No friends found for Plex token"}
{"level":30,"time":1774448827172,"pid":7,"hostname":"c72fd736b63a","msg":"[PLEX_WATCHLIST] Plex Pass status: not detected"}
{"level":40,"time":1774448984519,"pid":7,"hostname":"c72fd736b63a","msg":"[PLEX_WATCHLIST] No friends found for Plex token"}
{"level":30,"time":1774448985516,"pid":7,"hostname":"c72fd736b63a","msg":"[PLEX_WATCHLIST] Plex Pass status: not detected"}
{"level":40,"time":1774449139243,"pid":7,"hostname":"c72fd736b63a","msg":"[PLEX_WATCHLIST] No friends found for Plex token"}
{"level":30,"time":1774449139831,"pid":7,"hostname":"c72fd736b63a","msg":"[PLEX_WATCHLIST] Plex Pass status: not detected"}
{"level":40,"time":1774449285553,"pid":7,"hostname":"c72fd736b63a","msg":"[PLEX_WATCHLIST] No friends found for Plex token"}
{"level":30,"time":1774449286162,"pid":7,"hostname":"c72fd736b63a","msg":"[PLEX_WATCHLIST] Plex Pass status: not detected"}
{"level":40,"time":1774449428832,"pid":7,"hostname":"c72fd736b63a","msg":"[PLEX_WATCHLIST] No friends found for Plex token"}
{"level":30,"time":1774449429474,"pid":7,"hostname":"c72fd736b63a","msg":"[PLEX_WATCHLIST] Plex Pass status: not detected"}
{"level":40,"time":1774449580384,"pid":7,"hostname":"c72fd736b63a","msg":"[PLEX_WATCHLIST] No friends found for Plex token"}
{"level":30,"time":1774449580961,"pid":7,"hostname":"c72fd736b63a","msg":"[PLEX_WATCHLIST] Plex Pass status: not detected"}
{"level":40,"time":1774449731282,"pid":7,"hostname":"c72fd736b63a","msg":"[PLEX_WATCHLIST] No friends found for Plex token"}
{"level":30,"time":1774449731900,"pid":7,"hostname":"c72fd736b63a","msg":"[PLEX_WATCHLIST] Plex Pass status: not detected"}
{"level":40,"time":1774449879187,"pid":7,"hostname":"c72fd736b63a","msg":"[PLEX_WATCHLIST] No friends found for Plex token"}
{"level":30,"time":1774449879919,"pid":7,"hostname":"c72fd736b63a","msg":"[PLEX_WATCHLIST] Plex Pass status: not detected"}
{"level":40,"time":1774450045004,"pid":7,"hostname":"c72fd736b63a","msg":"[PLEX_WATCHLIST] No friends found for Plex token"}
{"level":30,"time":1774450045581,"pid":7,"hostname":"c72fd736b63a","msg":"[PLEX_WATCHLIST] Plex Pass status: not detected"}
{"level":40,"time":1774450193648,"pid":7,"hostname":"c72fd736b63a","msg":"[PLEX_WATCHLIST] No friends found for Plex token"}
{"level":30,"time":1774450194314,"pid":7,"hostname":"c72fd736b63a","msg":"[PLEX_WATCHLIST] Plex Pass status: not detected"}
{"level":40,"time":1774450339731,"pid":7,"hostname":"c72fd736b63a","msg":"[PLEX_WATCHLIST] No friends found for Plex token"}
{"level":30,"time":1774450341253,"pid":7,"hostname":"c72fd736b63a","msg":"[PLEX_WATCHLIST] Plex Pass status: not detected"}
{"level":30,"time":1774450382822,"pid":7,"hostname":"c72fd736b63a","msg":"[WATCHLIST_WORKFLOW] Periodic reconciliation triggered - performing full sync"}
{"level":40,"time":1774450382967,"pid":7,"hostname":"c72fd736b63a","msg":"[PLEX_WATCHLIST] No friends found for Plex token"}
{"level":30,"time":1774450383525,"pid":7,"hostname":"c72fd736b63a","msg":"[PLEX_WATCHLIST] Plex Pass status: not detected"}
{"level":30,"time":1774450383530,"pid":7,"hostname":"c72fd736b63a","msg":"[WATCHLIST_WORKFLOW] Starting full reconciliation"}
{"level":30,"time":1774450383531,"pid":7,"hostname":"c72fd736b63a","msg":"[WATCHLIST_WORKFLOW] Refreshing watchlists"}
{"level":40,"time":1774450383674,"pid":7,"hostname":"c72fd736b63a","msg":"[PLEX_WATCHLIST] No friends found for Plex token"}
{"level":30,"time":1774450383765,"pid":7,"hostname":"c72fd736b63a","msg":"[PLEX_WATCHLIST] Plex Pass status: not detected"}
{"level":30,"time":1774450384219,"pid":7,"hostname":"c72fd736b63a","msg":"[PLEX_WATCHLIST] Plex Pass status: not detected"}
{"level":30,"time":1774450384326,"pid":7,"hostname":"c72fd736b63a","msg":"[PLEX_WATCHLIST] Self watchlist fetched successfully with 5 total items"}
{"level":30,"time":1774450384334,"pid":7,"hostname":"c72fd736b63a","msg":"[WATCHLIST_WORKFLOW] Watchlists refreshed successfully"}
{"level":30,"time":1774450384335,"pid":7,"hostname":"c72fd736b63a","msg":"[WATCHLIST_WORKFLOW] Performing watchlist item sync"}
{"level":30,"time":1774450384386,"pid":7,"hostname":"c72fd736b63a","title":"Marty Supreme","contentType":"movie","syncing":false,"userId":1,"userName":"oscar.p46","msg":"[CONTENT_ROUTER] Routing movie \"Marty Supreme\""}
{"level":30,"time":1774450384387,"pid":7,"hostname":"c72fd736b63a","title":"Spider-Man: No Way Home","contentType":"movie","syncing":false,"userId":1,"userName":"oscar.p46","msg":"[CONTENT_ROUTER] Routing movie \"Spider-Man: No Way Home\""}
{"level":30,"time":1774450384388,"pid":7,"hostname":"c72fd736b63a","msg":"[CONTENT_ROUTER] Existing approval request found with status \"auto_approved\" for \"Marty Supreme\" by user oscar.p46, skipping routing"}
{"level":30,"time":1774450384388,"pid":7,"hostname":"c72fd736b63a","msg":"[CONTENT_ROUTER] Existing approval request found with status \"auto_approved\" for \"Spider-Man: No Way Home\" by user oscar.p46, skipping routing"}
{"level":30,"time":1774450384388,"pid":7,"hostname":"c72fd736b63a","added":{"shows":0,"movies":0},"unmatched":{"shows":0,"movies":0},"skippedDueToUserSetting":0,"skippedDueToMissingIds":0,"skippedDueToWatchlistCap":0,"msg":"[WATCHLIST_WORKFLOW] Watchlist sync completed"}
{"level":30,"time":1774450384466,"pid":7,"hostname":"c72fd736b63a","friendCount":0,"msg":"[WATCHLIST_WORKFLOW] Watchlist baselines established for all users"}
{"level":30,"time":1774450384467,"pid":7,"hostname":"c72fd736b63a","msg":"[WATCHLIST_WORKFLOW] Full reconciliation completed"}
{"level":30,"time":1774450384467,"pid":7,"hostname":"c72fd736b63a","msg":"[WATCHLIST_WORKFLOW] Periodic reconciliation completed successfully"}
{"level":30,"time":1774450384470,"pid":7,"hostname":"c72fd736b63a","msg":"[WATCHLIST_WORKFLOW] Scheduled next periodic reconciliation in 120 minutes"}
{"level":40,"time":1774450483240,"pid":7,"hostname":"c72fd736b63a","msg":"[PLEX_WATCHLIST] No friends found for Plex token"}
{"level":30,"time":1774450483850,"pid":7,"hostname":"c72fd736b63a","msg":"[PLEX_WATCHLIST] Plex Pass status: not detected"}
{"level":40,"time":1774450622868,"pid":7,"hostname":"c72fd736b63a","msg":"[PLEX_WATCHLIST] No friends found for Plex token"}
{"level":30,"time":1774450623536,"pid":7,"hostname":"c72fd736b63a","msg":"[PLEX_WATCHLIST] Plex Pass status: not detected"}
{"level":40,"time":1774450781068,"pid":7,"hostname":"c72fd736b63a","msg":"[PLEX_WATCHLIST] No friends found for Plex token"}
{"level":30,"time":1774450781643,"pid":7,"hostname":"c72fd736b63a","msg":"[PLEX_WATCHLIST] Plex Pass status: not detected"}
{"level":30,"time":1774450800028,"pid":7,"hostname":"c72fd736b63a","msg":"[APPROVAL] Running scheduled job: approval-maintenance"}
{"level":30,"time":1774450800030,"pid":7,"hostname":"c72fd736b63a","msg":"[APPROVAL] Completed scheduled job: approval-maintenance"}
{"level":40,"time":1774450942904,"pid":7,"hostname":"c72fd736b63a","msg":"[PLEX_WATCHLIST] No friends found for Plex token"}
{"level":30,"time":1774450943588,"pid":7,"hostname":"c72fd736b63a","msg":"[PLEX_WATCHLIST] Plex Pass status: not detected"}
{"level":40,"time":1774451097972,"pid":7,"hostname":"c72fd736b63a","msg":"[PLEX_WATCHLIST] No friends found for Plex token"}
{"level":30,"time":1774451098696,"pid":7,"hostname":"c72fd736b63a","msg":"[PLEX_WATCHLIST] Plex Pass status: not detected"}
{"level":40,"time":1774451235160,"pid":7,"hostname":"c72fd736b63a","msg":"[PLEX_WATCHLIST] No friends found for Plex token"}
{"level":30,"time":1774451235834,"pid":7,"hostname":"c72fd736b63a","msg":"[PLEX_WATCHLIST] Plex Pass status: not detected"}
{"level":40,"time":1774451377395,"pid":7,"hostname":"c72fd736b63a","msg":"[PLEX_WATCHLIST] No friends found for Plex token"}
{"level":30,"time":1774451378034,"pid":7,"hostname":"c72fd736b63a","msg":"[PLEX_WATCHLIST] Plex Pass status: not detected"}
{"level":40,"time":1774451516730,"pid":7,"hostname":"c72fd736b63a","msg":"[PLEX_WATCHLIST] No friends found for Plex token"}
{"level":30,"time":1774451517607,"pid":7,"hostname":"c72fd736b63a","msg":"[PLEX_WATCHLIST] Plex Pass status: not detected"}
{"level":40,"time":1774451678296,"pid":7,"hostname":"c72fd736b63a","msg":"[PLEX_WATCHLIST] No friends found for Plex token"}
{"level":30,"time":1774451678903,"pid":7,"hostname":"c72fd736b63a","msg":"[PLEX_WATCHLIST] Plex Pass status: not detected"}
{"level":40,"time":1774451829519,"pid":7,"hostname":"c72fd736b63a","msg":"[PLEX_WATCHLIST] No friends found for Plex token"}
{"level":30,"time":1774451830175,"pid":7,"hostname":"c72fd736b63a","msg":"[PLEX_WATCHLIST] Plex Pass status: not detected"}
{"level":40,"time":1774451985333,"pid":7,"hostname":"c72fd736b63a","msg":"[PLEX_WATCHLIST] No friends found for Plex token"}
{"level":30,"time":1774451985873,"pid":7,"hostname":"c72fd736b63a","msg":"[PLEX_WATCHLIST] Plex Pass status: not detected"}
{"level":40,"time":1774452126776,"pid":7,"hostname":"c72fd736b63a","msg":"[PLEX_WATCHLIST] No friends found for Plex token"}
{"level":30,"time":1774452127377,"pid":7,"hostname":"c72fd736b63a","msg":"[PLEX_WATCHLIST] Plex Pass status: not detected"}
{"level":40,"time":1774452269586,"pid":7,"hostname":"c72fd736b63a","msg":"[PLEX_WATCHLIST] No friends found for Plex token"}
{"level":30,"time":1774452270218,"pid":7,"hostname":"c72fd736b63a","msg":"[PLEX_WATCHLIST] Plex Pass status: not detected"}
{"level":40,"time":1774452419256,"pid":7,"hostname":"c72fd736b63a","msg":"[PLEX_WATCHLIST] No friends found for Plex token"}
{"level":30,"time":1774452419871,"pid":7,"hostname":"c72fd736b63a","msg":"[PLEX_WATCHLIST] Plex Pass status: not detected"}
{"level":40,"time":1774452566658,"pid":7,"hostname":"c72fd736b63a","msg":"[PLEX_WATCHLIST] No friends found for Plex token"}
{"level":30,"time":1774452567284,"pid":7,"hostname":"c72fd736b63a","msg":"[PLEX_WATCHLIST] Plex Pass status: not detected"}
{"level":40,"time":1774452731809,"pid":7,"hostname":"c72fd736b63a","msg":"[PLEX_WATCHLIST] No friends found for Plex token"}
{"level":30,"time":1774452732420,"pid":7,"hostname":"c72fd736b63a","msg":"[PLEX_WATCHLIST] Plex Pass status: not detected"}
{"level":40,"time":1774452881822,"pid":7,"hostname":"c72fd736b63a","msg":"[PLEX_WATCHLIST] No friends found for Plex token"}
{"level":30,"time":1774452882452,"pid":7,"hostname":"c72fd736b63a","msg":"[PLEX_WATCHLIST] Plex Pass status: not detected"}
{"level":40,"time":1774453018962,"pid":7,"hostname":"c72fd736b63a","msg":"[PLEX_WATCHLIST] No friends found for Plex token"}
{"level":30,"time":1774453019552,"pid":7,"hostname":"c72fd736b63a","msg":"[PLEX_WATCHLIST] Plex Pass status: not detected"}
{"level":40,"time":1774453180094,"pid":7,"hostname":"c72fd736b63a","msg":"[PLEX_WATCHLIST] No friends found for Plex token"}
{"level":30,"time":1774453180791,"pid":7,"hostname":"c72fd736b63a","msg":"[PLEX_WATCHLIST] Plex Pass status: not detected"}
{"level":40,"time":1774453328137,"pid":7,"hostname":"c72fd736b63a","msg":"[PLEX_WATCHLIST] No friends found for Plex token"}
{"level":30,"time":1774453328844,"pid":7,"hostname":"c72fd736b63a","msg":"[PLEX_WATCHLIST] Plex Pass status: not detected"}
{"level":40,"time":1774453474637,"pid":7,"hostname":"c72fd736b63a","msg":"[PLEX_WATCHLIST] No friends found for Plex token"}
{"level":30,"time":1774453475279,"pid":7,"hostname":"c72fd736b63a","msg":"[PLEX_WATCHLIST] Plex Pass status: not detected"}
{"level":40,"time":1774453613646,"pid":7,"hostname":"c72fd736b63a","msg":"[PLEX_WATCHLIST] No friends found for Plex token"}
{"level":30,"time":1774453614218,"pid":7,"hostname":"c72fd736b63a","msg":"[PLEX_WATCHLIST] Plex Pass status: not detected"}
{"level":40,"time":1774453755709,"pid":7,"hostname":"c72fd736b63a","msg":"[PLEX_WATCHLIST] No friends found for Plex token"}
{"level":30,"time":1774453756326,"pid":7,"hostname":"c72fd736b63a","msg":"[PLEX_WATCHLIST] Plex Pass status: not detected"}
{"level":40,"time":1774453910859,"pid":7,"hostname":"c72fd736b63a","msg":"[PLEX_WATCHLIST] No friends found for Plex token"}
{"level":30,"time":1774453911480,"pid":7,"hostname":"c72fd736b63a","msg":"[PLEX_WATCHLIST] Plex Pass status: not detected"}
{"level":40,"time":1774454075930,"pid":7,"hostname":"c72fd736b63a","msg":"[PLEX_WATCHLIST] No friends found for Plex token"}
{"level":30,"time":1774454076685,"pid":7,"hostname":"c72fd736b63a","msg":"[PLEX_WATCHLIST] Plex Pass status: not detected"}
{"level":40,"time":1774454237830,"pid":7,"hostname":"c72fd736b63a","msg":"[PLEX_WATCHLIST] No friends found for Plex token"}
{"level":30,"time":1774454238562,"pid":7,"hostname":"c72fd736b63a","msg":"[PLEX_WATCHLIST] Plex Pass status: not detected"}
{"level":40,"time":1774454379394,"pid":7,"hostname":"c72fd736b63a","msg":"[PLEX_WATCHLIST] No friends found for Plex token"}
{"level":30,"time":1774454380074,"pid":7,"hostname":"c72fd736b63a","msg":"[PLEX_WATCHLIST] Plex Pass status: not detected"}
{"level":40,"time":1774454540316,"pid":7,"hostname":"c72fd736b63a","msg":"[PLEX_WATCHLIST] No friends found for Plex token"}
{"level":30,"time":1774454540915,"pid":7,"hostname":"c72fd736b63a","msg":"[PLEX_WATCHLIST] Plex Pass status: not detected"}
{"level":40,"time":1774454683368,"pid":7,"hostname":"c72fd736b63a","msg":"[PLEX_WATCHLIST] No friends found for Plex token"}
{"level":30,"time":1774454683939,"pid":7,"hostname":"c72fd736b63a","msg":"[PLEX_WATCHLIST] Plex Pass status: not detected"}
{"level":40,"time":1774454837677,"pid":7,"hostname":"c72fd736b63a","msg":"[PLEX_WATCHLIST] No friends found for Plex token"}
{"level":30,"time":1774454838443,"pid":7,"hostname":"c72fd736b63a","msg":"[PLEX_WATCHLIST] Plex Pass status: not detected"}
{"level":40,"time":1774454990776,"pid":7,"hostname":"c72fd736b63a","msg":"[PLEX_WATCHLIST] No friends found for Plex token"}
{"level":30,"time":1774454991424,"pid":7,"hostname":"c72fd736b63a","msg":"[PLEX_WATCHLIST] Plex Pass status: not detected"}
{"level":40,"time":1774455147053,"pid":7,"hostname":"c72fd736b63a","msg":"[PLEX_WATCHLIST] No friends found for Plex token"}
{"level":30,"time":1774455147644,"pid":7,"hostname":"c72fd736b63a","msg":"[PLEX_WATCHLIST] Plex Pass status: not detected"}
{"level":40,"time":1774455310877,"pid":7,"hostname":"c72fd736b63a","msg":"[PLEX_WATCHLIST] No friends found for Plex token"}
{"level":30,"time":1774455311472,"pid":7,"hostname":"c72fd736b63a","msg":"[PLEX_WATCHLIST] Plex Pass status: not detected"}
{"level":40,"time":1774455458162,"pid":7,"hostname":"c72fd736b63a","msg":"[PLEX_WATCHLIST] No friends found for Plex token"}
{"level":30,"time":1774455458813,"pid":7,"hostname":"c72fd736b63a","msg":"[PLEX_WATCHLIST] Plex Pass status: not detected"}
{"level":40,"time":1774455621962,"pid":7,"hostname":"c72fd736b63a","msg":"[PLEX_WATCHLIST] No friends found for Plex token"}
{"level":30,"time":1774455622542,"pid":7,"hostname":"c72fd736b63a","msg":"[PLEX_WATCHLIST] Plex Pass status: not detected"}
{"level":40,"time":1774455770741,"pid":7,"hostname":"c72fd736b63a","msg":"[PLEX_WATCHLIST] No friends found for Plex token"}
{"level":30,"time":1774455771558,"pid":7,"hostname":"c72fd736b63a","msg":"[PLEX_WATCHLIST] Plex Pass status: not detected"}
{"level":40,"time":1774455907735,"pid":7,"hostname":"c72fd736b63a","msg":"[PLEX_WATCHLIST] No friends found for Plex token"}
{"level":30,"time":1774455908503,"pid":7,"hostname":"c72fd736b63a","msg":"[PLEX_WATCHLIST] Plex Pass status: not detected"}
{"level":40,"time":1774456043772,"pid":7,"hostname":"c72fd736b63a","msg":"[PLEX_WATCHLIST] No friends found for Plex token"}
{"level":30,"time":1774456044320,"pid":7,"hostname":"c72fd736b63a","msg":"[PLEX_WATCHLIST] Plex Pass status: not detected"}
{"level":40,"time":1774456191902,"pid":7,"hostname":"c72fd736b63a","msg":"[PLEX_WATCHLIST] No friends found for Plex token"}
{"level":30,"time":1774456192624,"pid":7,"hostname":"c72fd736b63a","msg":"[PLEX_WATCHLIST] Plex Pass status: not detected"}
{"level":40,"time":1774456351724,"pid":7,"hostname":"c72fd736b63a","msg":"[PLEX_WATCHLIST] No friends found for Plex token"}
{"level":30,"time":1774456353867,"pid":7,"hostname":"c72fd736b63a","msg":"[PLEX_WATCHLIST] Plex Pass status: not detected"}
{"level":40,"time":1774456507203,"pid":7,"hostname":"c72fd736b63a","msg":"[PLEX_WATCHLIST] No friends found for Plex token"}
{"level":30,"time":1774456507911,"pid":7,"hostname":"c72fd736b63a","msg":"[PLEX_WATCHLIST] Plex Pass status: not detected"}
{"level":40,"time":1774456652164,"pid":7,"hostname":"c72fd736b63a","msg":"[PLEX_WATCHLIST] No friends found for Plex token"}
{"level":30,"time":1774456652858,"pid":7,"hostname":"c72fd736b63a","msg":"[PLEX_WATCHLIST] Plex Pass status: not detected"}
{"level":40,"time":1774456801234,"pid":7,"hostname":"c72fd736b63a","msg":"[PLEX_WATCHLIST] No friends found for Plex token"}
{"level":30,"time":1774456802382,"pid":7,"hostname":"c72fd736b63a","msg":"[PLEX_WATCHLIST] Plex Pass status: not detected"}
{"level":40,"time":1774456962299,"pid":7,"hostname":"c72fd736b63a","msg":"[PLEX_WATCHLIST] No friends found for Plex token"}
{"level":30,"time":1774456962910,"pid":7,"hostname":"c72fd736b63a","msg":"[PLEX_WATCHLIST] Plex Pass status: not detected"}
{"level":40,"time":1774457127033,"pid":7,"hostname":"c72fd736b63a","msg":"[PLEX_WATCHLIST] No friends found for Plex token"}
{"level":30,"time":1774457127622,"pid":7,"hostname":"c72fd736b63a","msg":"[PLEX_WATCHLIST] Plex Pass status: not detected"}
{"level":40,"time":1774457283154,"pid":7,"hostname":"c72fd736b63a","msg":"[PLEX_WATCHLIST] No friends found for Plex token"}
{"level":30,"time":1774457283803,"pid":7,"hostname":"c72fd736b63a","msg":"[PLEX_WATCHLIST] Plex Pass status: not detected"}
{"level":40,"time":1774457441615,"pid":7,"hostname":"c72fd736b63a","msg":"[PLEX_WATCHLIST] No friends found for Plex token"}
{"level":30,"time":1774457442279,"pid":7,"hostname":"c72fd736b63a","msg":"[PLEX_WATCHLIST] Plex Pass status: not detected"}
{"level":30,"time":1774457584482,"pid":7,"hostname":"c72fd736b63a","msg":"[WATCHLIST_WORKFLOW] Periodic reconciliation triggered - performing full sync"}
{"level":40,"time":1774457584683,"pid":7,"hostname":"c72fd736b63a","msg":"[PLEX_WATCHLIST] No friends found for Plex token"}
{"level":30,"time":1774457585251,"pid":7,"hostname":"c72fd736b63a","msg":"[PLEX_WATCHLIST] Plex Pass status: not detected"}
{"level":30,"time":1774457585256,"pid":7,"hostname":"c72fd736b63a","msg":"[WATCHLIST_WORKFLOW] Starting full reconciliation"}
{"level":30,"time":1774457585257,"pid":7,"hostname":"c72fd736b63a","msg":"[WATCHLIST_WORKFLOW] Refreshing watchlists"}
{"level":40,"time":1774457585453,"pid":7,"hostname":"c72fd736b63a","msg":"[PLEX_WATCHLIST] No friends found for Plex token"}
{"level":30,"time":1774457585467,"pid":7,"hostname":"c72fd736b63a","msg":"[PLEX_WATCHLIST] Plex Pass status: not detected"}
{"level":30,"time":1774457585598,"pid":7,"hostname":"c72fd736b63a","msg":"[PLEX_WATCHLIST] Self watchlist fetched successfully with 5 total items"}
{"level":30,"time":1774457585936,"pid":7,"hostname":"c72fd736b63a","msg":"[PLEX_WATCHLIST] Plex Pass status: not detected"}
{"level":30,"time":1774457585940,"pid":7,"hostname":"c72fd736b63a","msg":"[WATCHLIST_WORKFLOW] Watchlists refreshed successfully"}
{"level":30,"time":1774457585941,"pid":7,"hostname":"c72fd736b63a","msg":"[WATCHLIST_WORKFLOW] Performing watchlist item sync"}
{"level":30,"time":1774457586002,"pid":7,"hostname":"c72fd736b63a","title":"Marty Supreme","contentType":"movie","syncing":false,"userId":1,"userName":"oscar.p46","msg":"[CONTENT_ROUTER] Routing movie \"Marty Supreme\""}
{"level":30,"time":1774457586003,"pid":7,"hostname":"c72fd736b63a","title":"Spider-Man: No Way Home","contentType":"movie","syncing":false,"userId":1,"userName":"oscar.p46","msg":"[CONTENT_ROUTER] Routing movie \"Spider-Man: No Way Home\""}
{"level":30,"time":1774457586004,"pid":7,"hostname":"c72fd736b63a","msg":"[CONTENT_ROUTER] Existing approval request found with status \"auto_approved\" for \"Marty Supreme\" by user oscar.p46, skipping routing"}
{"level":30,"time":1774457586004,"pid":7,"hostname":"c72fd736b63a","msg":"[CONTENT_ROUTER] Existing approval request found with status \"auto_approved\" for \"Spider-Man: No Way Home\" by user oscar.p46, skipping routing"}
{"level":30,"time":1774457586005,"pid":7,"hostname":"c72fd736b63a","added":{"shows":0,"movies":0},"unmatched":{"shows":0,"movies":0},"skippedDueToUserSetting":0,"skippedDueToMissingIds":0,"skippedDueToWatchlistCap":0,"msg":"[WATCHLIST_WORKFLOW] Watchlist sync completed"}
{"level":30,"time":1774457586083,"pid":7,"hostname":"c72fd736b63a","friendCount":0,"msg":"[WATCHLIST_WORKFLOW] Watchlist baselines established for all users"}
{"level":30,"time":1774457586083,"pid":7,"hostname":"c72fd736b63a","msg":"[WATCHLIST_WORKFLOW] Full reconciliation completed"}
{"level":30,"time":1774457586083,"pid":7,"hostname":"c72fd736b63a","msg":"[WATCHLIST_WORKFLOW] Periodic reconciliation completed successfully"}
{"level":30,"time":1774457586086,"pid":7,"hostname":"c72fd736b63a","msg":"[WATCHLIST_WORKFLOW] Scheduled next periodic reconciliation in 120 minutes"}
{"level":40,"time":1774457587699,"pid":7,"hostname":"c72fd736b63a","msg":"[PLEX_WATCHLIST] No friends found for Plex token"}
{"level":30,"time":1774457587928,"pid":7,"hostname":"c72fd736b63a","msg":"[PLEX_WATCHLIST] Plex Pass status: not detected"}
{"level":40,"time":1774457746785,"pid":7,"hostname":"c72fd736b63a","msg":"[PLEX_WATCHLIST] No friends found for Plex token"}
{"level":30,"time":1774457747387,"pid":7,"hostname":"c72fd736b63a","msg":"[PLEX_WATCHLIST] Plex Pass status: not detected"}
{"level":40,"time":1774457911810,"pid":7,"hostname":"c72fd736b63a","msg":"[PLEX_WATCHLIST] No friends found for Plex token"}
{"level":30,"time":1774457912443,"pid":7,"hostname":"c72fd736b63a","msg":"[PLEX_WATCHLIST] Plex Pass status: not detected"}
{"level":40,"time":1774458071759,"pid":7,"hostname":"c72fd736b63a","msg":"[PLEX_WATCHLIST] No friends found for Plex token"}
{"level":30,"time":1774458072377,"pid":7,"hostname":"c72fd736b63a","msg":"[PLEX_WATCHLIST] Plex Pass status: not detected"}
{"level":40,"time":1774458231129,"pid":7,"hostname":"c72fd736b63a","msg":"[PLEX_WATCHLIST] No friends found for Plex token"}
{"level":30,"time":1774458231740,"pid":7,"hostname":"c72fd736b63a","msg":"[PLEX_WATCHLIST] Plex Pass status: not detected"}
{"level":40,"time":1774458391069,"pid":7,"hostname":"c72fd736b63a","msg":"[PLEX_WATCHLIST] No friends found for Plex token"}
{"level":30,"time":1774458391796,"pid":7,"hostname":"c72fd736b63a","msg":"[PLEX_WATCHLIST] Plex Pass status: not detected"}
{"level":40,"time":1774458548951,"pid":7,"hostname":"c72fd736b63a","msg":"[PLEX_WATCHLIST] No friends found for Plex token"}
{"level":30,"time":1774458549571,"pid":7,"hostname":"c72fd736b63a","msg":"[PLEX_WATCHLIST] Plex Pass status: not detected"}
{"level":40,"time":1774458692758,"pid":7,"hostname":"c72fd736b63a","msg":"[PLEX_WATCHLIST] No friends found for Plex token"}
{"level":30,"time":1774458693347,"pid":7,"hostname":"c72fd736b63a","msg":"[PLEX_WATCHLIST] Plex Pass status: not detected"}
{"level":40,"time":1774458848635,"pid":7,"hostname":"c72fd736b63a","msg":"[PLEX_WATCHLIST] No friends found for Plex token"}
{"level":30,"time":1774458849256,"pid":7,"hostname":"c72fd736b63a","msg":"[PLEX_WATCHLIST] Plex Pass status: not detected"}
{"level":40,"time":1774458996900,"pid":7,"hostname":"c72fd736b63a","msg":"[PLEX_WATCHLIST] No friends found for Plex token"}
{"level":30,"time":1774458997608,"pid":7,"hostname":"c72fd736b63a","msg":"[PLEX_WATCHLIST] Plex Pass status: not detected"}
{"level":30,"time":1774459141740,"pid":7,"hostname":"c72fd736b63a","userId":1,"username":"oscar.p46","newItems":1,"msg":"[WATCHLIST_WORKFLOW] Staggered poll detected new items"}
{"level":30,"time":1774459142124,"pid":7,"hostname":"c72fd736b63a","title":"A Cinderella Story","contentType":"movie","syncing":false,"userId":1,"userName":"oscar.p46","msg":"[CONTENT_ROUTER] Routing movie \"A Cinderella Story\""}
{"level":30,"time":1774459142126,"pid":7,"hostname":"c72fd736b63a","title":"A Cinderella Story","contentType":"movie","msg":"[CONTENT_ROUTER] No routing rules exist, using default routing for \"A Cinderella Story\""}
{"level":30,"time":1774459142231,"pid":7,"hostname":"c72fd736b63a","title":"A Cinderella Story","qualityProfileId":5,"rootFolder":"/movies","searchOnAdd":true,"minimumAvailability":"released","monitor":"movieOnly","monitored":true,"msg":"[RADARR] Sent A Cinderella Story to Radarr"}
{"level":30,"time":1774459142238,"pid":7,"hostname":"c72fd736b63a","msg":"[CONTENT_ROUTER] Created auto-approval tracking record for \"A Cinderella Story\" (request ID: 9)"}
{"level":40,"time":1774459142386,"pid":7,"hostname":"c72fd736b63a","msg":"[PLEX_WATCHLIST] No friends found for Plex token"}
{"level":30,"time":1774459142931,"pid":7,"hostname":"c72fd736b63a","msg":"[PLEX_WATCHLIST] Plex Pass status: not detected"}
{"level":30,"time":1774459202301,"pid":7,"hostname":"c72fd736b63a","msg":"[WATCHLIST_WORKFLOW] Status sync completed: 0 show updates, 4 movie updates"}
{"level":40,"time":1774459300330,"pid":7,"hostname":"c72fd736b63a","msg":"[PLEX_WATCHLIST] No friends found for Plex token"}
{"level":30,"time":1774459300967,"pid":7,"hostname":"c72fd736b63a","msg":"[PLEX_WATCHLIST] Plex Pass status: not detected"}
{"level":40,"time":1774459436885,"pid":7,"hostname":"c72fd736b63a","msg":"[PLEX_WATCHLIST] No friends found for Plex token"}
{"level":30,"time":1774459437553,"pid":7,"hostname":"c72fd736b63a","msg":"[PLEX_WATCHLIST] Plex Pass status: not detected"}
{"level":40,"time":1774459579140,"pid":7,"hostname":"c72fd736b63a","msg":"[PLEX_WATCHLIST] No friends found for Plex token"}
{"level":30,"time":1774459579797,"pid":7,"hostname":"c72fd736b63a","msg":"[PLEX_WATCHLIST] Plex Pass status: not detected"}
{"level":40,"time":1774459735032,"pid":7,"hostname":"c72fd736b63a","msg":"[PLEX_WATCHLIST] No friends found for Plex token"}
{"level":30,"time":1774459735664,"pid":7,"hostname":"c72fd736b63a","msg":"[PLEX_WATCHLIST] Plex Pass status: not detected"}
{"level":40,"time":1774459883968,"pid":7,"hostname":"c72fd736b63a","msg":"[PLEX_WATCHLIST] No friends found for Plex token"}
{"level":30,"time":1774459884543,"pid":7,"hostname":"c72fd736b63a","msg":"[PLEX_WATCHLIST] Plex Pass status: not detected"}
{"level":40,"time":1774460039867,"pid":7,"hostname":"c72fd736b63a","msg":"[PLEX_WATCHLIST] No friends found for Plex token"}
{"level":30,"time":1774460040588,"pid":7,"hostname":"c72fd736b63a","msg":"[PLEX_WATCHLIST] Plex Pass status: not detected"}
{"level":40,"time":1774460181775,"pid":7,"hostname":"c72fd736b63a","msg":"[PLEX_WATCHLIST] No friends found for Plex token"}
{"level":30,"time":1774460182378,"pid":7,"hostname":"c72fd736b63a","msg":"[PLEX_WATCHLIST] Plex Pass status: not detected"}
{"level":40,"time":1774460337794,"pid":7,"hostname":"c72fd736b63a","msg":"[PLEX_WATCHLIST] No friends found for Plex token"}
{"level":30,"time":1774460338383,"pid":7,"hostname":"c72fd736b63a","msg":"[PLEX_WATCHLIST] Plex Pass status: not detected"}
{"level":30,"time":1774460819681,"pid":7,"hostname":"c72fd736b63a","msg":"Using baseUrl: http://localhost for service connections"}
{"level":30,"time":1774460820416,"pid":7,"hostname":"c72fd736b63a","msg":"Config is now ready, resolving waitForConfig promise"}
{"level":30,"time":1774460820419,"pid":7,"hostname":"c72fd736b63a","msg":"[SCHEDULER] Scheduler service initialized"}
{"level":30,"time":1774460820420,"pid":7,"hostname":"c72fd736b63a","msg":"[API_KEY] Initializing ApiKeyService"}
{"level":30,"time":1774460820423,"pid":7,"hostname":"c72fd736b63a","msg":"[PLEX_SERVER] Initializing PlexServerService"}
{"level":30,"time":1774460820458,"pid":7,"hostname":"c72fd736b63a","msg":"[CONTENT_ROUTER] Successfully loaded 9 router evaluators"}
{"level":30,"time":1774460820458,"pid":7,"hostname":"c72fd736b63a","msg":"Content router initialized with plugins: Conditional Router, Streaming Availability Router, Genre Router, Ratings Router, User Router, Year Router, Season Router, Language Router, Certification Router"}
{"level":30,"time":1774460820459,"pid":7,"hostname":"c72fd736b63a","msg":"[PLEX_LABEL_SYNC] Initializing PlexLabelSyncService"}
{"level":30,"time":1774460820461,"pid":7,"hostname":"c72fd736b63a","msg":"[DELETE_SYNC] Initializing Delete Sync Service"}
{"level":30,"time":1774460820464,"pid":7,"hostname":"c72fd736b63a","msg":"[PLEX_SESSION_MONITOR] PlexSessionMonitorService initialized"}
{"level":30,"time":1774460820466,"pid":7,"hostname":"c72fd736b63a","msg":"[WATCHLIST_WORKFLOW] Initializing Watchlist Workflow Service"}
{"level":30,"time":1774460820490,"pid":7,"hostname":"c72fd736b63a","msg":"Config ready, starting workflow"}
{"level":30,"time":1774460820493,"pid":7,"hostname":"c72fd736b63a","msg":"[WATCHLIST_WORKFLOW] Found existing periodic reconciliation job from previous run, cleaning up"}
{"level":30,"time":1774460820500,"pid":7,"hostname":"c72fd736b63a","msg":"[WATCHLIST_WORKFLOW] Successfully cleaned up existing periodic reconciliation job"}
{"level":30,"time":1774460822563,"pid":7,"hostname":"c72fd736b63a","msg":"[PLEX_WATCHLIST] Successfully validated Plex token"}
{"level":30,"time":1774460822563,"pid":7,"hostname":"c72fd736b63a","msg":"[WATCHLIST_WORKFLOW] Plex connection verified"}
{"level":30,"time":1774460823134,"pid":7,"hostname":"c72fd736b63a","msg":"Anime database already contains 10529 entries"}
{"level":30,"time":1774460823134,"pid":7,"hostname":"c72fd736b63a","msg":"[PLEX_SERVER] Initializing PlexServerService connections and users"}
{"level":40,"time":1774460823135,"pid":7,"hostname":"c72fd736b63a","msg":"[PLEX_WATCHLIST] Unable to generate an RSS feed: Unauthorized"}
{"level":30,"time":1774460823136,"pid":7,"hostname":"c72fd736b63a","msg":"[PLEX_WATCHLIST] Generated watchlist RSS feed for self: None"}
{"level":40,"time":1774460823197,"pid":7,"hostname":"c72fd736b63a","msg":"[PLEX_WATCHLIST] Unable to generate an RSS feed: Unauthorized"}
{"level":30,"time":1774460823197,"pid":7,"hostname":"c72fd736b63a","msg":"[PLEX_WATCHLIST] Generated watchlist RSS feed for friends: None"}
{"level":40,"time":1774460823197,"pid":7,"hostname":"c72fd736b63a","msg":"[PLEX_WATCHLIST] Missing RSS URL. Are you an active Plex Pass user?"}
{"level":40,"time":1774460823197,"pid":7,"hostname":"c72fd736b63a","msg":"[PLEX_WATCHLIST] Real-time RSS sync disabled"}
{"level":40,"time":1774460823198,"pid":7,"hostname":"c72fd736b63a","error":{"message":"Unable to fetch watchlist URLs","name":"Error","type":"Error","stack":"Error: Unable to fetch watchlist URLs\n    at generateAndSaveRssFeeds (/app/dist/services/plex-watchlist/orchestration/rss-processor.js:13:19)\n    at processTicksAndRejections (native:7:39)"},"msg":"[WATCHLIST_WORKFLOW] Failed to generate RSS feeds, falling back to manual sync"}
{"level":30,"time":1774460823201,"pid":7,"hostname":"c72fd736b63a","msg":"[WATCHLIST_WORKFLOW] Periodic watchlist reconciliation job created (will be dynamically scheduled)"}
{"level":30,"time":1774460823201,"pid":7,"hostname":"c72fd736b63a","msg":"[WATCHLIST_WORKFLOW] Deferred routing queue started"}
{"level":30,"time":1774460823358,"pid":7,"hostname":"c72fd736b63a","msg":"[PLEX_SERVER] Filtered to 2 reachable connections (0 unreachable)"}
{"level":30,"time":1774460823359,"pid":7,"hostname":"c72fd736b63a","msg":"[PLEX_SERVER] Found 2 Plex server connections (2 local, 0 relay)"}
{"level":30,"time":1774460823633,"pid":7,"hostname":"c72fd736b63a","msg":"PlexServerService initialized successfully"}
{"level":30,"time":1774460823634,"pid":7,"hostname":"c72fd736b63a","msg":"[PLEX_SERVER] Opening SSE connection to Plex"}
{"level":30,"time":1774460823636,"pid":7,"hostname":"c72fd736b63a","msg":"[NOTIFICATIONS] [PLEX_MOBILE] Plex Pass status not yet determined — Plex mobile notifications deferred"}
{"level":30,"time":1774460823636,"pid":7,"hostname":"c72fd736b63a","msg":"[NOTIFICATIONS] No Apprise URL configured, Apprise notifications will be disabled"}
{"level":30,"time":1774460823644,"pid":7,"hostname":"c72fd736b63a","msg":"[SCHEDULER] Scheduler ready: 8 jobs scheduled and active"}
{"level":30,"time":1774460823660,"pid":7,"hostname":"c72fd736b63a","msg":"[PLEX_SERVER] SSE connection to Plex established"}
{"level":30,"time":1774460823660,"pid":7,"hostname":"c72fd736b63a","msg":"[PLEX_SERVER] SSE connected - reconciling with live sessions"}
{"level":30,"time":1774460823664,"pid":7,"hostname":"c72fd736b63a","msg":"Server listening at http://127.0.0.1:3003"}
{"level":30,"time":1774460823664,"pid":7,"hostname":"c72fd736b63a","msg":"Server listening at http://192.168.97.4:3003"}
{"level":30,"time":1774460824200,"pid":7,"hostname":"c72fd736b63a","msg":"[PLEX_WATCHLIST] Plex Pass status: not detected"}
{"level":30,"time":1774460824206,"pid":7,"hostname":"c72fd736b63a","count":1,"usernames":["caterinaalomar"],"msg":"[PLEX_WATCHLIST] New friends detected"}
{"level":30,"time":1774460824673,"pid":7,"hostname":"c72fd736b63a","msg":"[RADARR] Credentials verified, attempting to setup webhook \"Pulsarr (host.docker.internal:3003)\" with URL for Radarr: http://host.docker.internal:3003/v1/notifications/webhook?instanceId=radarr7878"}
{"level":30,"time":1774460824675,"pid":7,"hostname":"c72fd736b63a","msg":"[SONARR] Credentials verified, attempting to setup webhook \"Pulsarr (host.docker.internal:3003)\" with URL for Sonarr: http://host.docker.internal:3003/v1/notifications/webhook?instanceId=sonarr8989"}
{"level":30,"time":1774460824876,"pid":7,"hostname":"c72fd736b63a","msg":"[RADARR] Successfully updated Pulsarr webhook \"Pulsarr (host.docker.internal:3003)\" for Radarr"}
{"level":30,"time":1774460824883,"pid":7,"hostname":"c72fd736b63a","msg":"[SONARR] Successfully updated Pulsarr webhook \"Pulsarr (host.docker.internal:3003)\" for Sonarr"}
{"level":30,"time":1774460825031,"pid":7,"hostname":"c72fd736b63a","friendCount":1,"msg":"[WATCHLIST_WORKFLOW] Watchlist baselines established for all users"}
{"level":30,"time":1774460825469,"pid":7,"hostname":"c72fd736b63a","msg":"[PLEX_WATCHLIST] Plex Pass status: not detected"}
{"level":30,"time":1774460825471,"pid":7,"hostname":"c72fd736b63a","msg":"[WATCHLIST_WORKFLOW] Starting full reconciliation"}
{"level":30,"time":1774460825471,"pid":7,"hostname":"c72fd736b63a","msg":"[WATCHLIST_WORKFLOW] Refreshing watchlists"}
{"level":30,"time":1774460825740,"pid":7,"hostname":"c72fd736b63a","msg":"[PLEX_WATCHLIST] Plex Pass status: not detected"}
{"level":30,"time":1774460825851,"pid":7,"hostname":"c72fd736b63a","msg":"[PLEX_WATCHLIST] Self watchlist fetched successfully with 6 total items"}
{"level":30,"time":1774460826106,"pid":7,"hostname":"c72fd736b63a","msg":"[PLEX_WATCHLIST] Plex Pass status: not detected"}
{"level":30,"time":1774460826108,"pid":7,"hostname":"c72fd736b63a","msg":"[PLEX_WATCHLIST] Starting fetch of watchlists for 1 friends"}
{"level":30,"time":1774460826412,"pid":7,"hostname":"c72fd736b63a","msg":"[PLEX_WATCHLIST] Others' watchlist fetched successfully with 0 total items from 0 friends (1 friend with empty watchlist)"}
{"level":30,"time":1774460826413,"pid":7,"hostname":"c72fd736b63a","msg":"[WATCHLIST_WORKFLOW] Watchlists refreshed successfully"}
{"level":30,"time":1774460826414,"pid":7,"hostname":"c72fd736b63a","msg":"[WATCHLIST_WORKFLOW] Performing watchlist item sync"}
{"level":30,"time":1774460826543,"pid":7,"hostname":"c72fd736b63a","title":"Marty Supreme","contentType":"movie","syncing":false,"userId":1,"userName":"oscar.p46","msg":"[CONTENT_ROUTER] Routing movie \"Marty Supreme\""}
{"level":30,"time":1774460826544,"pid":7,"hostname":"c72fd736b63a","title":"Spider-Man: No Way Home","contentType":"movie","syncing":false,"userId":1,"userName":"oscar.p46","msg":"[CONTENT_ROUTER] Routing movie \"Spider-Man: No Way Home\""}
{"level":30,"time":1774460826545,"pid":7,"hostname":"c72fd736b63a","msg":"[CONTENT_ROUTER] Existing approval request found with status \"auto_approved\" for \"Marty Supreme\" by user oscar.p46, skipping routing"}
{"level":30,"time":1774460826546,"pid":7,"hostname":"c72fd736b63a","msg":"[CONTENT_ROUTER] Existing approval request found with status \"auto_approved\" for \"Spider-Man: No Way Home\" by user oscar.p46, skipping routing"}
{"level":30,"time":1774460826546,"pid":7,"hostname":"c72fd736b63a","added":{"shows":0,"movies":0},"unmatched":{"shows":0,"movies":0},"skippedDueToUserSetting":0,"skippedDueToMissingIds":0,"skippedDueToWatchlistCap":0,"msg":"[WATCHLIST_WORKFLOW] Watchlist sync completed"}
{"level":30,"time":1774460827822,"pid":7,"hostname":"c72fd736b63a","friendCount":1,"msg":"[WATCHLIST_WORKFLOW] Watchlist baselines established for all users"}
{"level":30,"time":1774460827822,"pid":7,"hostname":"c72fd736b63a","msg":"[WATCHLIST_WORKFLOW] Full reconciliation completed"}
{"level":30,"time":1774460827825,"pid":7,"hostname":"c72fd736b63a","msg":"[WATCHLIST_WORKFLOW] Scheduled next periodic reconciliation in 120 minutes"}
{"level":30,"time":1774460827826,"pid":7,"hostname":"c72fd736b63a","msg":"[WATCHLIST_WORKFLOW] Watchlist workflow running in ETag mode (5-minute staggered polling, 2-hour full reconciliation)"}
{"level":30,"time":1774460828246,"pid":7,"hostname":"c72fd736b63a","msg":"[PLEX_WATCHLIST] Plex Pass status: not detected"}
{"level":30,"time":1774460828252,"pid":7,"hostname":"c72fd736b63a","userCount":2,"msg":"[WATCHLIST_WORKFLOW] Starting staggered ETag polling (5-minute cycles)"}
{"level":30,"time":1774460828625,"pid":7,"hostname":"c72fd736b63a","msg":"[PLEX_WATCHLIST] Plex Pass status: not detected"}
{"level":30,"time":1774460854622,"pid":7,"hostname":"c72fd736b63a","instanceName":"Radarr","eventType":"unknown","contentTitle":"Hamnet","reqId":"req-4","msg":"Webhook received and processing"}
{"level":30,"time":1774460854627,"pid":7,"hostname":"c72fd736b63a","title":"Hamnet","tmdbId":858024,"instanceName":"Radarr Instance 1","msg":"[WEBHOOK_QUEUE] Processing movie download"}
{"level":40,"time":1774460908323,"pid":7,"hostname":"c72fd736b63a","reqId":"req-7","err":{"message":"You must be authenticated to access this route.","name":"UnauthorizedError","status":401,"statusCode":401,"type":"Error"},"request":{"id":"req-7","method":"GET","path":"/v1/stats/all","route":"/v1/stats/all","ip":"192.168.97.1"},"msg":"Authentication required"}
{"level":40,"time":1774460908348,"pid":7,"hostname":"c72fd736b63a","reqId":"req-8","err":{"message":"You must be authenticated to access this route.","name":"UnauthorizedError","status":401,"statusCode":401,"type":"Error"},"request":{"id":"req-8","method":"GET","path":"/v1/stats/recent-requests","route":"/v1/stats/recent-requests","ip":"192.168.97.1"},"msg":"Authentication required"}
{"level":30,"time":1774461037799,"pid":7,"hostname":"c72fd736b63a","instanceName":"Radarr","eventType":"unknown","contentTitle":"A Cinderella Story","reqId":"req-12","msg":"Webhook received and processing"}
{"level":30,"time":1774461037826,"pid":7,"hostname":"c72fd736b63a","title":"A Cinderella Story","tmdbId":11247,"instanceName":"Radarr Instance 1","msg":"[WEBHOOK_QUEUE] Processing movie download"}
{"level":30,"time":1774461039976,"pid":7,"hostname":"c72fd736b63a","msg":"[PLEX_WATCHLIST] Plex Pass status: not detected"}
{"level":30,"time":1774461241123,"pid":7,"hostname":"c72fd736b63a","msg":"[PLEX_WATCHLIST] Plex Pass status: not detected"}
{"level":30,"time":1774461433544,"pid":7,"hostname":"c72fd736b63a","msg":"[PLEX_WATCHLIST] Plex Pass status: not detected"}
{"level":30,"time":1774461646549,"pid":7,"hostname":"c72fd736b63a","msg":"[PLEX_WATCHLIST] Plex Pass status: not detected"}
{"level":30,"time":1774461846255,"pid":7,"hostname":"c72fd736b63a","msg":"[PLEX_WATCHLIST] Plex Pass status: not detected"}
{"level":30,"time":1774462047791,"pid":7,"hostname":"c72fd736b63a","msg":"[PLEX_WATCHLIST] Plex Pass status: not detected"}
{"level":30,"time":1774462254402,"pid":7,"hostname":"c72fd736b63a","msg":"[PLEX_WATCHLIST] Plex Pass status: not detected"}
{"level":30,"time":1774462399940,"pid":7,"hostname":"c72fd736b63a","msg":"[WATCHLIST_WORKFLOW] Stopping Watchlist workflow"}
{"level":30,"time":1774462399944,"pid":7,"hostname":"c72fd736b63a","msg":"[WATCHLIST_WORKFLOW] Found existing periodic reconciliation job from previous run, cleaning up"}
{"level":30,"time":1774462399947,"pid":7,"hostname":"c72fd736b63a","msg":"[WATCHLIST_WORKFLOW] Successfully cleaned up existing periodic reconciliation job"}
{"level":30,"time":1774462399948,"pid":7,"hostname":"c72fd736b63a","msg":"[WATCHLIST_WORKFLOW] Deferred routing queue stopped"}
{"level":30,"time":1774462401579,"pid":7,"hostname":"c72fd736b63a","msg":"[PLEX_WATCHLIST] Successfully validated Plex token"}
{"level":30,"time":1774462401580,"pid":7,"hostname":"c72fd736b63a","msg":"[WATCHLIST_WORKFLOW] Plex connection verified"}
{"level":40,"time":1774462401737,"pid":7,"hostname":"c72fd736b63a","msg":"[PLEX_WATCHLIST] Unable to generate an RSS feed: Unauthorized"}
{"level":30,"time":1774462401737,"pid":7,"hostname":"c72fd736b63a","msg":"[PLEX_WATCHLIST] Generated watchlist RSS feed for self: None"}
{"level":40,"time":1774462401798,"pid":7,"hostname":"c72fd736b63a","msg":"[PLEX_WATCHLIST] Unable to generate an RSS feed: Unauthorized"}
{"level":30,"time":1774462401799,"pid":7,"hostname":"c72fd736b63a","msg":"[PLEX_WATCHLIST] Generated watchlist RSS feed for friends: None"}
{"level":40,"time":1774462401799,"pid":7,"hostname":"c72fd736b63a","msg":"[PLEX_WATCHLIST] Missing RSS URL. Are you an active Plex Pass user?"}
{"level":40,"time":1774462401800,"pid":7,"hostname":"c72fd736b63a","msg":"[PLEX_WATCHLIST] Real-time RSS sync disabled"}
{"level":40,"time":1774462401800,"pid":7,"hostname":"c72fd736b63a","error":{"message":"Unable to fetch watchlist URLs","name":"Error","type":"Error","stack":"Error: Unable to fetch watchlist URLs\n    at generateAndSaveRssFeeds (/app/dist/services/plex-watchlist/orchestration/rss-processor.js:13:19)\n    at processTicksAndRejections (native:7:39)"},"msg":"[WATCHLIST_WORKFLOW] Failed to generate RSS feeds, falling back to manual sync"}
{"level":30,"time":1774462401804,"pid":7,"hostname":"c72fd736b63a","msg":"[SCHEDULER] Registered handler for new job: periodic-watchlist-reconciliation"}
{"level":30,"time":1774462401808,"pid":7,"hostname":"c72fd736b63a","msg":"[WATCHLIST_WORKFLOW] Periodic watchlist reconciliation job created (will be dynamically scheduled)"}
{"level":30,"time":1774462401808,"pid":7,"hostname":"c72fd736b63a","msg":"[WATCHLIST_WORKFLOW] Deferred routing queue started"}
{"level":30,"time":1774462402163,"pid":7,"hostname":"c72fd736b63a","msg":"[PLEX_WATCHLIST] Plex Pass status: not detected"}
{"level":30,"time":1774462402651,"pid":7,"hostname":"c72fd736b63a","friendCount":1,"msg":"[WATCHLIST_WORKFLOW] Watchlist baselines established for all users"}
{"level":30,"time":1774462403024,"pid":7,"hostname":"c72fd736b63a","msg":"[PLEX_WATCHLIST] Plex Pass status: not detected"}
{"level":30,"time":1774462403028,"pid":7,"hostname":"c72fd736b63a","msg":"[WATCHLIST_WORKFLOW] Starting full reconciliation"}
{"level":30,"time":1774462403029,"pid":7,"hostname":"c72fd736b63a","msg":"[WATCHLIST_WORKFLOW] Refreshing watchlists"}
{"level":30,"time":1774462403262,"pid":7,"hostname":"c72fd736b63a","msg":"[PLEX_WATCHLIST] Plex Pass status: not detected"}
{"level":30,"time":1774462403348,"pid":7,"hostname":"c72fd736b63a","msg":"[PLEX_WATCHLIST] Self watchlist fetched successfully with 6 total items"}
{"level":30,"time":1774462403720,"pid":7,"hostname":"c72fd736b63a","msg":"[PLEX_WATCHLIST] Plex Pass status: not detected"}
{"level":30,"time":1774462403724,"pid":7,"hostname":"c72fd736b63a","msg":"[PLEX_WATCHLIST] Starting fetch of watchlists for 1 friends"}
{"level":30,"time":1774462403935,"pid":7,"hostname":"c72fd736b63a","msg":"[PLEX_WATCHLIST] Others' watchlist fetched successfully with 1 total item from 1 friend (0 friends with empty watchlists)"}
{"level":30,"time":1774462404013,"pid":7,"hostname":"c72fd736b63a","msg":"[WATCHLIST_WORKFLOW] Watchlists refreshed successfully"}
{"level":30,"time":1774462404014,"pid":7,"hostname":"c72fd736b63a","msg":"[WATCHLIST_WORKFLOW] Performing watchlist item sync"}
{"level":30,"time":1774462404073,"pid":7,"hostname":"c72fd736b63a","title":"Marty Supreme","contentType":"movie","syncing":false,"userId":1,"userName":"oscar.p46","msg":"[CONTENT_ROUTER] Routing movie \"Marty Supreme\""}
{"level":30,"time":1774462404073,"pid":7,"hostname":"c72fd736b63a","title":"Spider-Man: No Way Home","contentType":"movie","syncing":false,"userId":1,"userName":"oscar.p46","msg":"[CONTENT_ROUTER] Routing movie \"Spider-Man: No Way Home\""}
{"level":30,"time":1774462404074,"pid":7,"hostname":"c72fd736b63a","msg":"[CONTENT_ROUTER] Existing approval request found with status \"auto_approved\" for \"Marty Supreme\" by user oscar.p46, skipping routing"}
{"level":30,"time":1774462404074,"pid":7,"hostname":"c72fd736b63a","msg":"[CONTENT_ROUTER] Existing approval request found with status \"auto_approved\" for \"Spider-Man: No Way Home\" by user oscar.p46, skipping routing"}
{"level":30,"time":1774462404074,"pid":7,"hostname":"c72fd736b63a","title":"Moulin Rouge!","contentType":"movie","syncing":false,"userId":2,"userName":"caterinaalomar","msg":"[CONTENT_ROUTER] Routing movie \"Moulin Rouge!\""}
{"level":30,"time":1774462404077,"pid":7,"hostname":"c72fd736b63a","title":"Moulin Rouge!","contentType":"movie","msg":"[CONTENT_ROUTER] No routing rules exist, using default routing for \"Moulin Rouge!\""}
{"level":30,"time":1774462404332,"pid":7,"hostname":"c72fd736b63a","title":"Moulin Rouge!","qualityProfileId":5,"rootFolder":"/movies","searchOnAdd":true,"minimumAvailability":"released","monitor":"movieOnly","monitored":true,"msg":"[RADARR] Sent Moulin Rouge! to Radarr"}
{"level":30,"time":1774462404340,"pid":7,"hostname":"c72fd736b63a","msg":"[CONTENT_ROUTER] Created auto-approval tracking record for \"Moulin Rouge!\" (request ID: 10)"}
{"level":30,"time":1774462404343,"pid":7,"hostname":"c72fd736b63a","added":{"shows":0,"movies":1},"unmatched":{"shows":0,"movies":0},"skippedDueToUserSetting":0,"skippedDueToMissingIds":0,"skippedDueToWatchlistCap":0,"msg":"[WATCHLIST_WORKFLOW] Watchlist sync completed"}
{"level":30,"time":1774462404838,"pid":7,"hostname":"c72fd736b63a","friendCount":1,"msg":"[WATCHLIST_WORKFLOW] Watchlist baselines established for all users"}
{"level":30,"time":1774462404839,"pid":7,"hostname":"c72fd736b63a","msg":"[WATCHLIST_WORKFLOW] Full reconciliation completed"}
{"level":30,"time":1774462404842,"pid":7,"hostname":"c72fd736b63a","msg":"[WATCHLIST_WORKFLOW] Scheduled next periodic reconciliation in 120 minutes"}
{"level":30,"time":1774462404842,"pid":7,"hostname":"c72fd736b63a","msg":"[WATCHLIST_WORKFLOW] Watchlist workflow running in ETag mode (5-minute staggered polling, 2-hour full reconciliation)"}
{"level":30,"time":1774462404845,"pid":7,"hostname":"c72fd736b63a","msg":"Updated config _isReady to true"}
{"level":30,"time":1774462405194,"pid":7,"hostname":"c72fd736b63a","msg":"[PLEX_WATCHLIST] Plex Pass status: not detected"}
{"level":30,"time":1774462405195,"pid":7,"hostname":"c72fd736b63a","userCount":2,"msg":"[WATCHLIST_WORKFLOW] Starting staggered ETag polling (5-minute cycles)"}
{"level":30,"time":1774462405596,"pid":7,"hostname":"c72fd736b63a","msg":"[PLEX_WATCHLIST] Plex Pass status: not detected"}
{"level":30,"time":1774462602079,"pid":7,"hostname":"c72fd736b63a","msg":"[PLEX_WATCHLIST] Plex Pass status: not detected"}
{"level":30,"time":1774462810254,"pid":7,"hostname":"c72fd736b63a","msg":"[PLEX_WATCHLIST] Plex Pass status: not detected"}
{"level":30,"time":1774463009074,"pid":7,"hostname":"c72fd736b63a","msg":"[PLEX_WATCHLIST] Plex Pass status: not detected"}
{"level":30,"time":1774463223120,"pid":7,"hostname":"c72fd736b63a","msg":"[PLEX_WATCHLIST] Plex Pass status: not detected"}
{"level":30,"time":1774463413834,"pid":7,"hostname":"c72fd736b63a","msg":"[PLEX_WATCHLIST] Plex Pass status: not detected"}
{"level":30,"time":1774463608525,"pid":7,"hostname":"c72fd736b63a","msg":"[PLEX_WATCHLIST] Plex Pass status: not detected"}
{"level":30,"time":1774463806676,"pid":7,"hostname":"c72fd736b63a","msg":"[PLEX_WATCHLIST] Plex Pass status: not detected"}
{"level":30,"time":1774464023419,"pid":7,"hostname":"c72fd736b63a","msg":"[PLEX_WATCHLIST] Plex Pass status: not detected"}
{"level":30,"time":1774464223346,"pid":7,"hostname":"c72fd736b63a","msg":"[PLEX_WATCHLIST] Plex Pass status: not detected"}
{"level":30,"time":1774464410930,"pid":7,"hostname":"c72fd736b63a","msg":"[PLEX_WATCHLIST] Plex Pass status: not detected"}
{"level":30,"time":1774464617955,"pid":7,"hostname":"c72fd736b63a","msg":"[PLEX_WATCHLIST] Plex Pass status: not detected"}
{"level":30,"time":1774464813025,"pid":7,"hostname":"c72fd736b63a","msg":"[PLEX_WATCHLIST] Plex Pass status: not detected"}
{"level":30,"time":1774465019743,"pid":7,"hostname":"c72fd736b63a","msg":"[PLEX_WATCHLIST] Plex Pass status: not detected"}
{"level":30,"time":1774465200043,"pid":7,"hostname":"c72fd736b63a","msg":"[APPROVAL] Running scheduled job: approval-maintenance"}
{"level":30,"time":1774465200059,"pid":7,"hostname":"c72fd736b63a","msg":"[APPROVAL] Completed scheduled job: approval-maintenance"}
{"level":30,"time":1774465227626,"pid":7,"hostname":"c72fd736b63a","msg":"[PLEX_WATCHLIST] Plex Pass status: not detected"}
{"level":30,"time":1774465437975,"pid":7,"hostname":"c72fd736b63a","msg":"[PLEX_WATCHLIST] Plex Pass status: not detected"}
{"level":30,"time":1774465633540,"pid":7,"hostname":"c72fd736b63a","msg":"[PLEX_WATCHLIST] Plex Pass status: not detected"}
{"level":30,"time":1774465827264,"pid":7,"hostname":"c72fd736b63a","msg":"[PLEX_WATCHLIST] Plex Pass status: not detected"}
{"level":30,"time":1774465915537,"pid":7,"hostname":"c72fd736b63a","msg":"SIGTERM received, server closing"}
