<SessionReport version="2" startTime="0" startTimestamp="Mar 25, 2026 12:08:32.894" key="/library/metadata/3" session="7bkgknep5lsq48u5tp8xsovb" transcode="kaxp4t0atzpocltjz3jnnjlv">
<User id="1" thumb="https://plex.tv/users/1604ae59b3dfd427/avatar?c=1774428735" title="oscar.p46" />
<Player address="172.18.0.1" device="OSX" machineIdentifier="kwi7nwyvhcpcyhm5fcfrs3bf" model="bundled" platform="Chrome" platformVersion="146.0" product="Plex Web" remotePublicAddress="79.117.226.16" title="Chrome" version="4.156.0" local="1" relayed="0" secure="0" userID="1" />
<Variants>
<Variant id="bd378ad9-3ecb-482a-a2b8-8d0511d7806c" targetBitrate="21270" context="streaming" sourceVideoCodec="av1" sourceAudioCodec="eac3" videoDecision="transcode" audioDecision="transcode" subtitleDecision="transcode" protocol="dash" container="mp4" videoCodec="h264" audioCodec="aac" audioChannels="2" transcodeHwRequested="0" transcodeHwFullPipeline="0">
<Media id="1" videoProfile="main" audioChannels="2" audioCodec="aac" bitrate="20256" container="mp4" duration="3434752" height="804" optimizedForStreaming="1" protocol="dash" videoCodec="h264" videoFrameRate="24p" videoResolution="1080p" width="1920" selected="1">
<Part id="1" videoProfile="main" bitrate="20256" container="mp4" duration="3434752" height="804" optimizedForStreaming="1" protocol="dash" width="1920" decision="transcode" selected="1">
<Stream bitDepth="8" bitrate="20000" codec="h264" colorTrc="bt709" default="1" displayTitle="1080p" extendedDisplayTitle="dAV1nci (1080p AV1)" frameRate="23.975999832153320" height="804" id="1" streamType="1" width="1920" decision="transcode" location="segments-video" />
<Stream bitrate="256" bitrateMode="cbr" channels="2" codec="aac" default="1" displayTitle="English (EAC3 5.1)" extendedDisplayTitle="English 5.1 (EAC3 256 kbps)" id="2" language="English" languageCode="eng" languageTag="en" selected="1" streamType="2" decision="transcode" location="segments-audio" />
<Stream codec="ass" container="ass" displayTitle="Espa&#241;ol" extendedDisplayTitle="Espa&#241;ol (SRT)" format="ass" id="14" language="Espa&#241;ol" languageCode="spa" languageTag="es" selected="1" streamType="3" decision="transcode" location="segments-subs" />
</Part>
</Media>
</Variant>
<Variant id="f16d1b90-1374-4d15-9072-7ecec8d9b6ba" targetBitrate="21270" context="streaming" sourceVideoCodec="av1" sourceAudioCodec="eac3" videoDecision="transcode" audioDecision="transcode" subtitleDecision="transcode" protocol="dash" container="mp4" videoCodec="h264" audioCodec="aac" audioChannels="2" transcodeHwRequested="0" transcodeHwFullPipeline="0">
<Media id="1" videoProfile="main" audioChannels="2" audioCodec="aac" bitrate="20256" container="mp4" duration="3434752" height="804" optimizedForStreaming="1" protocol="dash" videoCodec="h264" videoFrameRate="24p" videoResolution="1080p" width="1920" selected="1">
<Part id="1" videoProfile="main" bitrate="20256" container="mp4" duration="3434752" height="804" optimizedForStreaming="1" protocol="dash" width="1920" decision="transcode" selected="1">
<Stream bitDepth="8" bitrate="20000" codec="h264" colorTrc="bt709" default="1" displayTitle="1080p" extendedDisplayTitle="dAV1nci (1080p AV1)" frameRate="23.975999832153320" height="804" id="1" streamType="1" width="1920" decision="transcode" location="segments-video" />
<Stream bitrate="256" bitrateMode="cbr" channels="2" codec="aac" default="1" displayTitle="English (EAC3 5.1)" extendedDisplayTitle="English 5.1 (EAC3 256 kbps)" id="2" language="English" languageCode="eng" languageTag="en" selected="1" streamType="2" decision="transcode" location="segments-audio" />
<Stream codec="ass" container="ass" displayTitle="Espa&#241;ol" extendedDisplayTitle="Espa&#241;ol (SRT)" format="ass" id="14" language="Espa&#241;ol" languageCode="spa" languageTag="es" selected="1" streamType="3" decision="transcode" location="segments-subs" />
</Part>
</Media>
</Variant>
</Variants>
<SegmentList>
<Segment duration="1001" startOffset="0" endOffset="1001">
<File name="chunk-stream0-00001.m4s" type="video">
<FileVariant size="2754" variant="bd378ad9-3ecb-482a-a2b8-8d0511d7806c" />
</File>
<File name="chunk-stream1-00001.m4s" type="audio">
<FileVariant size="651" variant="bd378ad9-3ecb-482a-a2b8-8d0511d7806c" />
</File>
<File name="sub-chunk-00000" type="subs">
<FileVariant size="0" variant="f16d1b90-1374-4d15-9072-7ecec8d9b6ba" />
</File>
<Timelines>
<Transcode startTime="60" endTime="355" complete="1" fileType="video" variant="bd378ad9-3ecb-482a-a2b8-8d0511d7806c" />
<Transcode startTime="60" endTime="355" complete="1" fileType="audio" variant="bd378ad9-3ecb-482a-a2b8-8d0511d7806c" />
<Transcode startTime="602" endTime="725" complete="1" fileType="subs" variant="f16d1b90-1374-4d15-9072-7ecec8d9b6ba" />
</Timelines>
</Segment>
<Segment duration="1001" startOffset="73031" endOffset="74032">
<File name="chunk-stream0-00074.m4s" type="video">
<FileVariant size="433003" variant="f16d1b90-1374-4d15-9072-7ecec8d9b6ba" />
</File>
<File name="chunk-stream1-00074.m4s" type="audio">
<FileVariant size="32270" variant="f16d1b90-1374-4d15-9072-7ecec8d9b6ba" />
</File>
<Timelines>
<Download startTime="388" endTime="1919" complete="1" fileType="audio" variant="bd378ad9-3ecb-482a-a2b8-8d0511d7806c">
<Pause type="segmentWait" startTime="388" endTime="1915" />
</Download>
<Download startTime="393" endTime="1928" complete="1" fileType="video" variant="bd378ad9-3ecb-482a-a2b8-8d0511d7806c">
<Pause type="segmentWait" startTime="393" endTime="1917" />
</Download>
<Transcode startTime="602" endTime="1848" complete="1" fileType="video" variant="f16d1b90-1374-4d15-9072-7ecec8d9b6ba" />
<Transcode startTime="602" endTime="1848" complete="1" fileType="audio" variant="f16d1b90-1374-4d15-9072-7ecec8d9b6ba" />
</Timelines>
</Segment>
<Segment duration="1001" startOffset="1001" endOffset="2002">
<File name="chunk-stream0-00002.m4s" type="video">
<FileVariant size="2103" variant="bd378ad9-3ecb-482a-a2b8-8d0511d7806c" />
</File>
<File name="chunk-stream1-00002.m4s" type="audio">
<FileVariant size="460" variant="bd378ad9-3ecb-482a-a2b8-8d0511d7806c" />
</File>
<File name="sub-chunk-00001" type="subs">
<FileVariant size="0" variant="f16d1b90-1374-4d15-9072-7ecec8d9b6ba" />
</File>
<Timelines>
<Transcode startTime="355" endTime="521" complete="1" fileType="video" variant="bd378ad9-3ecb-482a-a2b8-8d0511d7806c" />
<Transcode startTime="355" endTime="521" complete="1" fileType="audio" variant="bd378ad9-3ecb-482a-a2b8-8d0511d7806c" />
<Transcode startTime="725" endTime="852" complete="1" fileType="subs" variant="f16d1b90-1374-4d15-9072-7ecec8d9b6ba" />
</Timelines>
</Segment>
<Segment duration="0" startOffset="70570" endOffset="70570">
<File name="sub-chunk-00002" type="subs">
<FileVariant size="0" variant="f16d1b90-1374-4d15-9072-7ecec8d9b6ba" />
</File>
<Timelines>
<Transcode startTime="852" endTime="957" complete="1" fileType="subs" variant="f16d1b90-1374-4d15-9072-7ecec8d9b6ba" />
</Timelines>
</Segment>
<Segment duration="0" startOffset="71950" endOffset="71950">
<File name="sub-chunk-00003" type="subs">
<FileVariant size="0" variant="f16d1b90-1374-4d15-9072-7ecec8d9b6ba" />
</File>
<Timelines>
<Transcode startTime="957" endTime="1118" complete="1" fileType="subs" variant="f16d1b90-1374-4d15-9072-7ecec8d9b6ba" />
</Timelines>
</Segment>
<Segment duration="1001" startOffset="74032" endOffset="75033">
<File name="chunk-stream0-00075.m4s" type="video">
<FileVariant size="518687" variant="f16d1b90-1374-4d15-9072-7ecec8d9b6ba" />
</File>
<File name="chunk-stream1-00075.m4s" type="audio">
<FileVariant size="32594" variant="f16d1b90-1374-4d15-9072-7ecec8d9b6ba" />
</File>
<Timelines>
<Download startTime="1923" endTime="2127" complete="1" fileType="audio" variant="f16d1b90-1374-4d15-9072-7ecec8d9b6ba">
<Pause type="segmentWait" startTime="1923" endTime="2125" />
</Download>
<Download startTime="1933" endTime="2144" complete="1" fileType="video" variant="f16d1b90-1374-4d15-9072-7ecec8d9b6ba">
<Pause type="segmentWait" startTime="1933" endTime="2137" />
</Download>
<Transcode startTime="1848" endTime="2036" complete="1" fileType="video" variant="f16d1b90-1374-4d15-9072-7ecec8d9b6ba" />
<Transcode startTime="1848" endTime="2036" complete="1" fileType="audio" variant="f16d1b90-1374-4d15-9072-7ecec8d9b6ba" />
</Timelines>
</Segment>
<Segment duration="0" startOffset="76450" endOffset="76450">
<File name="sub-chunk-00004" type="subs">
<FileVariant size="0" variant="f16d1b90-1374-4d15-9072-7ecec8d9b6ba" />
</File>
<Timelines>
<Transcode startTime="1118" endTime="2063" complete="1" fileType="subs" variant="f16d1b90-1374-4d15-9072-7ecec8d9b6ba" />
</Timelines>
</Segment>
<Segment duration="1001" startOffset="75033" endOffset="76034">
<File name="chunk-stream0-00076.m4s" type="video">
<FileVariant size="448879" variant="f16d1b90-1374-4d15-9072-7ecec8d9b6ba" />
</File>
<File name="chunk-stream1-00076.m4s" type="audio">
<FileVariant size="30518" variant="f16d1b90-1374-4d15-9072-7ecec8d9b6ba" />
</File>
<Timelines>
<Download startTime="2135" endTime="2241" complete="1" fileType="audio" variant="f16d1b90-1374-4d15-9072-7ecec8d9b6ba">
<Pause type="segmentWait" startTime="2135" endTime="2235" />
</Download>
<Download startTime="2172" endTime="2286" complete="1" fileType="video" variant="f16d1b90-1374-4d15-9072-7ecec8d9b6ba">
<Pause type="segmentWait" startTime="2172" endTime="2272" />
</Download>
<Transcode startTime="2036" endTime="2219" complete="1" fileType="video" variant="f16d1b90-1374-4d15-9072-7ecec8d9b6ba" />
<Transcode startTime="2036" endTime="2219" complete="1" fileType="audio" variant="f16d1b90-1374-4d15-9072-7ecec8d9b6ba" />
</Timelines>
</Segment>
<Segment duration="1001" startOffset="76034" endOffset="77035">
<File name="chunk-stream0-00077.m4s" type="video">
<FileVariant size="489576" variant="f16d1b90-1374-4d15-9072-7ecec8d9b6ba" />
</File>
<File name="chunk-stream1-00077.m4s" type="audio">
<FileVariant size="30384" variant="f16d1b90-1374-4d15-9072-7ecec8d9b6ba" />
</File>
<Timelines>
<Download startTime="2244" endTime="2447" complete="1" fileType="audio" variant="f16d1b90-1374-4d15-9072-7ecec8d9b6ba">
<Pause type="segmentWait" startTime="2244" endTime="2445" />
</Download>
<Download startTime="2301" endTime="2513" complete="1" fileType="video" variant="f16d1b90-1374-4d15-9072-7ecec8d9b6ba">
<Pause type="segmentWait" startTime="2301" endTime="2507" />
</Download>
<Transcode startTime="2219" endTime="2409" complete="1" fileType="video" variant="f16d1b90-1374-4d15-9072-7ecec8d9b6ba" />
<Transcode startTime="2219" endTime="2410" complete="1" fileType="audio" variant="f16d1b90-1374-4d15-9072-7ecec8d9b6ba" />
</Timelines>
</Segment>
<Segment duration="1001" startOffset="77035" endOffset="78036">
<File name="chunk-stream0-00078.m4s" type="video">
<FileVariant size="575845" variant="f16d1b90-1374-4d15-9072-7ecec8d9b6ba" />
</File>
<File name="chunk-stream1-00078.m4s" type="audio">
<FileVariant size="30593" variant="f16d1b90-1374-4d15-9072-7ecec8d9b6ba" />
</File>
<Timelines>
<Download startTime="2450" endTime="2656" complete="1" fileType="audio" variant="f16d1b90-1374-4d15-9072-7ecec8d9b6ba">
<Pause type="segmentWait" startTime="2450" endTime="2654" />
</Download>
<Download startTime="2524" endTime="2636" complete="1" fileType="video" variant="f16d1b90-1374-4d15-9072-7ecec8d9b6ba">
<Pause type="segmentWait" startTime="2524" endTime="2626" />
</Download>
<Transcode startTime="2409" endTime="2576" complete="1" fileType="video" variant="f16d1b90-1374-4d15-9072-7ecec8d9b6ba" />
<Transcode startTime="2410" endTime="2576" complete="1" fileType="audio" variant="f16d1b90-1374-4d15-9072-7ecec8d9b6ba" />
</Timelines>
</Segment>
<Segment duration="1001" startOffset="78036" endOffset="79037">
<File name="chunk-stream0-00079.m4s" type="video">
<FileVariant size="637657" variant="f16d1b90-1374-4d15-9072-7ecec8d9b6ba" />
</File>
<File name="chunk-stream1-00079.m4s" type="audio">
<FileVariant size="30368" variant="f16d1b90-1374-4d15-9072-7ecec8d9b6ba" />
</File>
<Timelines>
<Download startTime="2650" endTime="2754" complete="1" fileType="video" variant="f16d1b90-1374-4d15-9072-7ecec8d9b6ba">
<Pause type="segmentWait" startTime="2650" endTime="2750" />
</Download>
<Download startTime="2658" endTime="2762" complete="1" fileType="audio" variant="f16d1b90-1374-4d15-9072-7ecec8d9b6ba">
<Pause type="segmentWait" startTime="2658" endTime="2759" />
</Download>
<Transcode startTime="2576" endTime="2734" complete="1" fileType="video" variant="f16d1b90-1374-4d15-9072-7ecec8d9b6ba" />
<Transcode startTime="2576" endTime="2734" complete="1" fileType="audio" variant="f16d1b90-1374-4d15-9072-7ecec8d9b6ba" />
</Timelines>
</Segment>
<Segment duration="1001" startOffset="79037" endOffset="80038">
<File name="chunk-stream0-00080.m4s" type="video">
<FileVariant size="580829" variant="f16d1b90-1374-4d15-9072-7ecec8d9b6ba" />
</File>
<File name="chunk-stream1-00080.m4s" type="audio">
<FileVariant size="30477" variant="f16d1b90-1374-4d15-9072-7ecec8d9b6ba" />
</File>
<Timelines>
<Download startTime="2766" endTime="2972" complete="1" fileType="video" variant="f16d1b90-1374-4d15-9072-7ecec8d9b6ba">
<Pause type="segmentWait" startTime="2766" endTime="2968" />
</Download>
<Download startTime="2766" endTime="2972" complete="1" fileType="audio" variant="f16d1b90-1374-4d15-9072-7ecec8d9b6ba">
<Pause type="segmentWait" startTime="2766" endTime="2969" />
</Download>
<Transcode startTime="2734" endTime="2947" complete="1" fileType="video" variant="f16d1b90-1374-4d15-9072-7ecec8d9b6ba" />
<Transcode startTime="2734" endTime="2947" complete="1" fileType="audio" variant="f16d1b90-1374-4d15-9072-7ecec8d9b6ba" />
</Timelines>
</Segment>
<Segment duration="1001" startOffset="80038" endOffset="81039">
<File name="chunk-stream0-00081.m4s" type="video">
<FileVariant size="569656" variant="f16d1b90-1374-4d15-9072-7ecec8d9b6ba" />
</File>
<File name="chunk-stream1-00081.m4s" type="audio">
<FileVariant size="29819" variant="f16d1b90-1374-4d15-9072-7ecec8d9b6ba" />
</File>
<Timelines>
<Download startTime="2979" endTime="3186" complete="1" fileType="audio" variant="f16d1b90-1374-4d15-9072-7ecec8d9b6ba">
<Pause type="segmentWait" startTime="2979" endTime="3182" />
</Download>
<Download startTime="2991" endTime="3202" complete="1" fileType="video" variant="f16d1b90-1374-4d15-9072-7ecec8d9b6ba">
<Pause type="segmentWait" startTime="2991" endTime="3193" />
</Download>
<Transcode startTime="2947" endTime="3127" complete="1" fileType="video" variant="f16d1b90-1374-4d15-9072-7ecec8d9b6ba" />
<Transcode startTime="2947" endTime="3127" complete="1" fileType="audio" variant="f16d1b90-1374-4d15-9072-7ecec8d9b6ba" />
</Timelines>
</Segment>
<Segment duration="1001" startOffset="81039" endOffset="82040">
<File name="chunk-stream0-00082.m4s" type="video">
<FileVariant size="536471" variant="f16d1b90-1374-4d15-9072-7ecec8d9b6ba" />
</File>
<File name="chunk-stream1-00082.m4s" type="audio">
<FileVariant size="30401" variant="f16d1b90-1374-4d15-9072-7ecec8d9b6ba" />
</File>
<Timelines>
<Download startTime="3190" endTime="3392" complete="1" fileType="audio" variant="f16d1b90-1374-4d15-9072-7ecec8d9b6ba">
<Pause type="segmentWait" startTime="3190" endTime="3391" />
</Download>
<Download startTime="3238" endTime="3443" complete="1" fileType="video" variant="f16d1b90-1374-4d15-9072-7ecec8d9b6ba">
<Pause type="segmentWait" startTime="3238" endTime="3439" />
</Download>
<Transcode startTime="3127" endTime="3378" complete="1" fileType="video" variant="f16d1b90-1374-4d15-9072-7ecec8d9b6ba" />
<Transcode startTime="3127" endTime="3378" complete="1" fileType="audio" variant="f16d1b90-1374-4d15-9072-7ecec8d9b6ba" />
</Timelines>
</Segment>
<Segment duration="1001" startOffset="82040" endOffset="83041">
<File name="chunk-stream0-00083.m4s" type="video">
<FileVariant size="511333" variant="f16d1b90-1374-4d15-9072-7ecec8d9b6ba" />
</File>
<File name="chunk-stream1-00083.m4s" type="audio">
<FileVariant size="30429" variant="f16d1b90-1374-4d15-9072-7ecec8d9b6ba" />
</File>
<Timelines>
<Download startTime="3396" endTime="3601" complete="1" fileType="audio" variant="f16d1b90-1374-4d15-9072-7ecec8d9b6ba">
<Pause type="segmentWait" startTime="3396" endTime="3599" />
</Download>
<Download startTime="3455" endTime="3659" complete="1" fileType="video" variant="f16d1b90-1374-4d15-9072-7ecec8d9b6ba">
<Pause type="segmentWait" startTime="3455" endTime="3656" />
</Download>
<Transcode startTime="3378" endTime="3594" complete="1" fileType="video" variant="f16d1b90-1374-4d15-9072-7ecec8d9b6ba" />
<Transcode startTime="3378" endTime="3595" complete="1" fileType="audio" variant="f16d1b90-1374-4d15-9072-7ecec8d9b6ba" />
</Timelines>
</Segment>
<Segment duration="1001" startOffset="83041" endOffset="84042">
<File name="chunk-stream0-00084.m4s" type="video">
<FileVariant size="573770" variant="f16d1b90-1374-4d15-9072-7ecec8d9b6ba" />
</File>
<File name="chunk-stream1-00084.m4s" type="audio">
<FileVariant size="30489" variant="f16d1b90-1374-4d15-9072-7ecec8d9b6ba" />
</File>
<Timelines>
<Download startTime="3606" endTime="3811" complete="1" fileType="audio" variant="f16d1b90-1374-4d15-9072-7ecec8d9b6ba">
<Pause type="segmentWait" startTime="3606" endTime="3809" />
</Download>
<Download startTime="3670" endTime="3879" complete="1" fileType="video" variant="f16d1b90-1374-4d15-9072-7ecec8d9b6ba">
<Pause type="segmentWait" startTime="3670" endTime="3874" />
</Download>
<Transcode startTime="3594" endTime="3805" complete="1" fileType="video" variant="f16d1b90-1374-4d15-9072-7ecec8d9b6ba" />
<Transcode startTime="3595" endTime="3805" complete="1" fileType="audio" variant="f16d1b90-1374-4d15-9072-7ecec8d9b6ba" />
</Timelines>
</Segment>
<Segment duration="1001" startOffset="84042" endOffset="85043">
<File name="chunk-stream0-00085.m4s" type="video">
<FileVariant size="579290" variant="f16d1b90-1374-4d15-9072-7ecec8d9b6ba" />
</File>
<File name="chunk-stream1-00085.m4s" type="audio">
<FileVariant size="30433" variant="f16d1b90-1374-4d15-9072-7ecec8d9b6ba" />
</File>
<Timelines>
<Download startTime="3818" endTime="4022" complete="1" fileType="audio" variant="f16d1b90-1374-4d15-9072-7ecec8d9b6ba">
<Pause type="segmentWait" startTime="3818" endTime="4020" />
</Download>
<Download startTime="3898" endTime="4107" complete="1" fileType="video" variant="f16d1b90-1374-4d15-9072-7ecec8d9b6ba">
<Pause type="segmentWait" startTime="3898" endTime="4099" />
</Download>
<Transcode startTime="3805" endTime="4003" complete="1" fileType="video" variant="f16d1b90-1374-4d15-9072-7ecec8d9b6ba" />
<Transcode startTime="3805" endTime="4004" complete="1" fileType="audio" variant="f16d1b90-1374-4d15-9072-7ecec8d9b6ba" />
</Timelines>
</Segment>
<Segment duration="1001" startOffset="85043" endOffset="86044">
<File name="chunk-stream0-00086.m4s" type="video">
<FileVariant size="562915" variant="f16d1b90-1374-4d15-9072-7ecec8d9b6ba" />
</File>
<File name="chunk-stream1-00086.m4s" type="audio">
<FileVariant size="30441" variant="f16d1b90-1374-4d15-9072-7ecec8d9b6ba" />
</File>
<Timelines>
<Download startTime="4028" endTime="4233" complete="1" fileType="audio" variant="f16d1b90-1374-4d15-9072-7ecec8d9b6ba">
<Pause type="segmentWait" startTime="4028" endTime="4229" />
</Download>
<Download startTime="4118" endTime="4224" complete="1" fileType="video" variant="f16d1b90-1374-4d15-9072-7ecec8d9b6ba">
<Pause type="segmentWait" startTime="4118" endTime="4218" />
</Download>
<Transcode startTime="4003" endTime="4185" complete="1" fileType="video" variant="f16d1b90-1374-4d15-9072-7ecec8d9b6ba" />
<Transcode startTime="4004" endTime="4185" complete="1" fileType="audio" variant="f16d1b90-1374-4d15-9072-7ecec8d9b6ba" />
</Timelines>
</Segment>
<Segment duration="0" startOffset="87380" endOffset="87380">
<File name="sub-chunk-00005" type="subs">
<FileVariant size="63" variant="f16d1b90-1374-4d15-9072-7ecec8d9b6ba" />
</File>
<Timelines>
<Transcode startTime="2063" endTime="4220" complete="1" fileType="subs" variant="f16d1b90-1374-4d15-9072-7ecec8d9b6ba" />
</Timelines>
</Segment>
<Segment duration="1001" startOffset="86044" endOffset="87045">
<File name="chunk-stream0-00087.m4s" type="video">
<FileVariant size="545142" variant="f16d1b90-1374-4d15-9072-7ecec8d9b6ba" />
</File>
<File name="chunk-stream1-00087.m4s" type="audio">
<FileVariant size="30493" variant="f16d1b90-1374-4d15-9072-7ecec8d9b6ba" />
</File>
<Timelines>
<Download startTime="4232" endTime="4444" complete="1" fileType="video" variant="f16d1b90-1374-4d15-9072-7ecec8d9b6ba">
<Pause type="segmentWait" startTime="4232" endTime="4434" />
</Download>
<Download startTime="4238" endTime="4444" complete="1" fileType="audio" variant="f16d1b90-1374-4d15-9072-7ecec8d9b6ba">
<Pause type="segmentWait" startTime="4238" endTime="4439" />
</Download>
<Transcode startTime="4185" endTime="4402" complete="1" fileType="video" variant="f16d1b90-1374-4d15-9072-7ecec8d9b6ba" />
<Transcode startTime="4185" endTime="4402" complete="1" fileType="audio" variant="f16d1b90-1374-4d15-9072-7ecec8d9b6ba" />
</Timelines>
</Segment>
<Segment duration="1001" startOffset="87045" endOffset="88046">
<File name="chunk-stream0-00088.m4s" type="video">
<FileVariant size="542794" variant="f16d1b90-1374-4d15-9072-7ecec8d9b6ba" />
</File>
<File name="chunk-stream1-00088.m4s" type="audio">
<FileVariant size="30866" variant="f16d1b90-1374-4d15-9072-7ecec8d9b6ba" />
</File>
<Timelines>
<Download startTime="4452" endTime="4656" complete="1" fileType="audio" variant="f16d1b90-1374-4d15-9072-7ecec8d9b6ba">
<Pause type="segmentWait" startTime="4452" endTime="4653" />
</Download>
<Download startTime="4455" endTime="4667" complete="1" fileType="video" variant="f16d1b90-1374-4d15-9072-7ecec8d9b6ba">
<Pause type="segmentWait" startTime="4455" endTime="4656" />
</Download>
<Transcode startTime="4402" endTime="4590" complete="1" fileType="video" variant="f16d1b90-1374-4d15-9072-7ecec8d9b6ba" />
<Transcode startTime="4402" endTime="4590" complete="1" fileType="audio" variant="f16d1b90-1374-4d15-9072-7ecec8d9b6ba" />
</Timelines>
</Segment>
<Segment duration="1001" startOffset="88046" endOffset="89047">
<File name="chunk-stream0-00089.m4s" type="video">
<FileVariant size="545250" variant="f16d1b90-1374-4d15-9072-7ecec8d9b6ba" />
</File>
<File name="chunk-stream1-00089.m4s" type="audio">
<FileVariant size="30431" variant="f16d1b90-1374-4d15-9072-7ecec8d9b6ba" />
</File>
<Timelines>
<Download startTime="4659" endTime="4863" complete="1" fileType="audio" variant="f16d1b90-1374-4d15-9072-7ecec8d9b6ba">
<Pause type="segmentWait" startTime="4659" endTime="4861" />
</Download>
<Download startTime="4676" endTime="4886" complete="1" fileType="video" variant="f16d1b90-1374-4d15-9072-7ecec8d9b6ba">
<Pause type="segmentWait" startTime="4676" endTime="4878" />
</Download>
<Transcode startTime="4590" endTime="4845" complete="1" fileType="video" variant="f16d1b90-1374-4d15-9072-7ecec8d9b6ba" />
<Transcode startTime="4590" endTime="4846" complete="1" fileType="audio" variant="f16d1b90-1374-4d15-9072-7ecec8d9b6ba" />
</Timelines>
</Segment>
<Segment duration="1001" startOffset="89047" endOffset="90048">
<File name="chunk-stream0-00090.m4s" type="video">
<FileVariant size="578882" variant="f16d1b90-1374-4d15-9072-7ecec8d9b6ba" />
</File>
<File name="chunk-stream1-00090.m4s" type="audio">
<FileVariant size="30461" variant="f16d1b90-1374-4d15-9072-7ecec8d9b6ba" />
</File>
<Timelines>
<Download startTime="4866" endTime="5070" complete="1" fileType="audio" variant="f16d1b90-1374-4d15-9072-7ecec8d9b6ba">
<Pause type="segmentWait" startTime="4866" endTime="5068" />
</Download>
<Download startTime="4894" endTime="5100" complete="1" fileType="video" variant="f16d1b90-1374-4d15-9072-7ecec8d9b6ba">
<Pause type="segmentWait" startTime="4894" endTime="5096" />
</Download>
<Transcode startTime="4845" endTime="5062" complete="1" fileType="video" variant="f16d1b90-1374-4d15-9072-7ecec8d9b6ba" />
<Transcode startTime="4846" endTime="5063" complete="1" fileType="audio" variant="f16d1b90-1374-4d15-9072-7ecec8d9b6ba" />
</Timelines>
</Segment>
<Segment duration="1001" startOffset="90048" endOffset="91049">
<File name="chunk-stream0-00091.m4s" type="video">
<FileVariant size="563678" variant="f16d1b90-1374-4d15-9072-7ecec8d9b6ba" />
</File>
<File name="chunk-stream1-00091.m4s" type="audio">
<FileVariant size="31045" variant="f16d1b90-1374-4d15-9072-7ecec8d9b6ba" />
</File>
<Timelines>
<Download startTime="5075" endTime="5277" complete="1" fileType="audio" variant="f16d1b90-1374-4d15-9072-7ecec8d9b6ba">
<Pause type="segmentWait" startTime="5075" endTime="5276" />
</Download>
<Download startTime="5111" endTime="5321" complete="1" fileType="video" variant="f16d1b90-1374-4d15-9072-7ecec8d9b6ba">
<Pause type="segmentWait" startTime="5111" endTime="5315" />
</Download>
<Transcode startTime="5062" endTime="5273" complete="1" fileType="video" variant="f16d1b90-1374-4d15-9072-7ecec8d9b6ba" />
<Transcode startTime="5063" endTime="5274" complete="1" fileType="audio" variant="f16d1b90-1374-4d15-9072-7ecec8d9b6ba" />
</Timelines>
</Segment>
<Segment duration="1001" startOffset="91049" endOffset="92050">
<File name="chunk-stream0-00092.m4s" type="video">
<FileVariant size="541598" variant="f16d1b90-1374-4d15-9072-7ecec8d9b6ba" />
</File>
<File name="chunk-stream1-00092.m4s" type="audio">
<FileVariant size="30401" variant="f16d1b90-1374-4d15-9072-7ecec8d9b6ba" />
</File>
<Timelines>
<Download startTime="5284" endTime="5498" complete="1" fileType="audio" variant="f16d1b90-1374-4d15-9072-7ecec8d9b6ba">
<Pause type="segmentWait" startTime="5284" endTime="5489" />
</Download>
<Download startTime="5327" endTime="5532" complete="1" fileType="video" variant="f16d1b90-1374-4d15-9072-7ecec8d9b6ba">
<Pause type="segmentWait" startTime="5327" endTime="5529" />
</Download>
<Transcode startTime="5273" endTime="5470" complete="1" fileType="video" variant="f16d1b90-1374-4d15-9072-7ecec8d9b6ba" />
<Transcode startTime="5274" endTime="5470" complete="1" fileType="audio" variant="f16d1b90-1374-4d15-9072-7ecec8d9b6ba" />
</Timelines>
</Segment>
<Segment duration="1001" startOffset="92050" endOffset="93051">
<File name="chunk-stream0-00093.m4s" type="video">
<FileVariant size="540832" variant="f16d1b90-1374-4d15-9072-7ecec8d9b6ba" />
</File>
<File name="chunk-stream1-00093.m4s" type="audio">
<FileVariant size="29908" variant="f16d1b90-1374-4d15-9072-7ecec8d9b6ba" />
</File>
<Timelines>
<Download startTime="5502" endTime="5709" complete="1" fileType="audio" variant="f16d1b90-1374-4d15-9072-7ecec8d9b6ba">
<Pause type="segmentWait" startTime="5502" endTime="5704" />
</Download>
<Download startTime="5546" endTime="5654" complete="1" fileType="video" variant="f16d1b90-1374-4d15-9072-7ecec8d9b6ba">
<Pause type="segmentWait" startTime="5546" endTime="5647" />
</Download>
<Transcode startTime="5470" endTime="5606" complete="1" fileType="video" variant="f16d1b90-1374-4d15-9072-7ecec8d9b6ba" />
<Transcode startTime="5470" endTime="5606" complete="1" fileType="audio" variant="f16d1b90-1374-4d15-9072-7ecec8d9b6ba" />
</Timelines>
</Segment>
<Segment duration="1001" startOffset="93051" endOffset="94052">
<File name="chunk-stream0-00094.m4s" type="video">
<FileVariant size="460345" variant="f16d1b90-1374-4d15-9072-7ecec8d9b6ba" />
</File>
<File name="chunk-stream1-00094.m4s" type="audio">
<FileVariant size="30495" variant="f16d1b90-1374-4d15-9072-7ecec8d9b6ba" />
</File>
<Timelines>
<Download startTime="5669" endTime="5772" complete="1" fileType="video" variant="f16d1b90-1374-4d15-9072-7ecec8d9b6ba">
<Pause type="segmentWait" startTime="5669" endTime="5769" />
</Download>
<Download startTime="5711" endTime="5814" complete="1" fileType="audio" variant="f16d1b90-1374-4d15-9072-7ecec8d9b6ba">
<Pause type="segmentWait" startTime="5711" endTime="5813" />
</Download>
<Transcode startTime="5606" endTime="5742" complete="1" fileType="video" variant="f16d1b90-1374-4d15-9072-7ecec8d9b6ba" />
<Transcode startTime="5606" endTime="5744" complete="1" fileType="audio" variant="f16d1b90-1374-4d15-9072-7ecec8d9b6ba" />
</Timelines>
</Segment>
<Segment duration="1001" startOffset="94052" endOffset="95053">
<File name="chunk-stream0-00095.m4s" type="video">
<FileVariant size="423748" variant="f16d1b90-1374-4d15-9072-7ecec8d9b6ba" />
</File>
<File name="chunk-stream1-00095.m4s" type="audio">
<FileVariant size="30511" variant="f16d1b90-1374-4d15-9072-7ecec8d9b6ba" />
</File>
<Timelines>
<Download startTime="5780" endTime="5987" complete="1" fileType="video" variant="f16d1b90-1374-4d15-9072-7ecec8d9b6ba">
<Pause type="segmentWait" startTime="5780" endTime="5983" />
</Download>
<Download startTime="5816" endTime="5920" complete="1" fileType="audio" variant="f16d1b90-1374-4d15-9072-7ecec8d9b6ba">
<Pause type="segmentWait" startTime="5816" endTime="5917" />
</Download>
<Transcode startTime="5742" endTime="5907" complete="1" fileType="video" variant="f16d1b90-1374-4d15-9072-7ecec8d9b6ba" />
<Transcode startTime="5744" endTime="5907" complete="1" fileType="audio" variant="f16d1b90-1374-4d15-9072-7ecec8d9b6ba" />
</Timelines>
</Segment>
<Segment duration="1001" startOffset="95053" endOffset="96054">
<File name="chunk-stream0-00096.m4s" type="video">
<FileVariant size="520947" variant="f16d1b90-1374-4d15-9072-7ecec8d9b6ba" />
</File>
<File name="chunk-stream1-00096.m4s" type="audio">
<FileVariant size="30992" variant="f16d1b90-1374-4d15-9072-7ecec8d9b6ba" />
</File>
<Timelines>
<Download startTime="5924" endTime="6132" complete="1" fileType="audio" variant="f16d1b90-1374-4d15-9072-7ecec8d9b6ba">
<Pause type="segmentWait" startTime="5924" endTime="6125" />
</Download>
<Download startTime="5994" endTime="6101" complete="1" fileType="video" variant="f16d1b90-1374-4d15-9072-7ecec8d9b6ba">
<Pause type="segmentWait" startTime="5994" endTime="6094" />
</Download>
<Transcode startTime="5907" endTime="6068" complete="1" fileType="video" variant="f16d1b90-1374-4d15-9072-7ecec8d9b6ba" />
<Transcode startTime="5907" endTime="6068" complete="1" fileType="audio" variant="f16d1b90-1374-4d15-9072-7ecec8d9b6ba" />
</Timelines>
</Segment>
<Segment duration="1001" startOffset="96054" endOffset="97055">
<File name="chunk-stream0-00097.m4s" type="video">
<FileVariant size="480528" variant="f16d1b90-1374-4d15-9072-7ecec8d9b6ba" />
</File>
<File name="chunk-stream1-00097.m4s" type="audio">
<FileVariant size="30453" variant="f16d1b90-1374-4d15-9072-7ecec8d9b6ba" />
</File>
<Timelines>
<Download startTime="6110" endTime="6316" complete="1" fileType="video" variant="f16d1b90-1374-4d15-9072-7ecec8d9b6ba">
<Pause type="segmentWait" startTime="6110" endTime="6312" />
</Download>
<Download startTime="6136" endTime="6240" complete="1" fileType="audio" variant="f16d1b90-1374-4d15-9072-7ecec8d9b6ba">
<Pause type="segmentWait" startTime="6136" endTime="6237" />
</Download>
<Transcode startTime="6068" endTime="6222" complete="1" fileType="video" variant="f16d1b90-1374-4d15-9072-7ecec8d9b6ba" />
<Transcode startTime="6068" endTime="6223" complete="1" fileType="audio" variant="f16d1b90-1374-4d15-9072-7ecec8d9b6ba" />
</Timelines>
</Segment>
<Segment duration="1001" startOffset="97055" endOffset="98056">
<File name="chunk-stream0-00098.m4s" type="video">
<FileVariant size="462589" variant="f16d1b90-1374-4d15-9072-7ecec8d9b6ba" />
</File>
<File name="chunk-stream1-00098.m4s" type="audio">
<FileVariant size="30512" variant="f16d1b90-1374-4d15-9072-7ecec8d9b6ba" />
</File>
<Timelines>
<Download startTime="6244" endTime="6453" complete="1" fileType="audio" variant="f16d1b90-1374-4d15-9072-7ecec8d9b6ba">
<Pause type="segmentWait" startTime="6244" endTime="6448" />
</Download>
<Download startTime="6337" endTime="6441" complete="1" fileType="video" variant="f16d1b90-1374-4d15-9072-7ecec8d9b6ba">
<Pause type="segmentWait" startTime="6337" endTime="6438" />
</Download>
<Transcode startTime="6222" endTime="6363" complete="1" fileType="video" variant="f16d1b90-1374-4d15-9072-7ecec8d9b6ba" />
<Transcode startTime="6223" endTime="6366" complete="1" fileType="audio" variant="f16d1b90-1374-4d15-9072-7ecec8d9b6ba" />
</Timelines>
</Segment>
<Segment duration="0" startOffset="99270" endOffset="99270">
<File name="sub-chunk-00006" type="subs">
<FileVariant size="69" variant="f16d1b90-1374-4d15-9072-7ecec8d9b6ba" />
</File>
<Timelines>
<Transcode startTime="4220" endTime="6362" complete="1" fileType="subs" variant="f16d1b90-1374-4d15-9072-7ecec8d9b6ba" />
</Timelines>
</Segment>
<Segment duration="1001" startOffset="98056" endOffset="99057">
<File name="chunk-stream0-00099.m4s" type="video">
<FileVariant size="476840" variant="f16d1b90-1374-4d15-9072-7ecec8d9b6ba" />
</File>
<File name="chunk-stream1-00099.m4s" type="audio">
<FileVariant size="30450" variant="f16d1b90-1374-4d15-9072-7ecec8d9b6ba" />
</File>
<Timelines>
<Download startTime="6454" endTime="6561" complete="1" fileType="video" variant="f16d1b90-1374-4d15-9072-7ecec8d9b6ba">
<Pause type="segmentWait" startTime="6454" endTime="6555" />
</Download>
<Download startTime="6455" endTime="6562" complete="1" fileType="audio" variant="f16d1b90-1374-4d15-9072-7ecec8d9b6ba">
<Pause type="segmentWait" startTime="6455" endTime="6556" />
</Download>
<Transcode startTime="6363" endTime="6508" complete="1" fileType="video" variant="f16d1b90-1374-4d15-9072-7ecec8d9b6ba" />
<Transcode startTime="6366" endTime="6508" complete="1" fileType="audio" variant="f16d1b90-1374-4d15-9072-7ecec8d9b6ba" />
</Timelines>
</Segment>
<Segment duration="1001" startOffset="99057" endOffset="100058">
<File name="chunk-stream0-00100.m4s" type="video">
<FileVariant size="458271" variant="f16d1b90-1374-4d15-9072-7ecec8d9b6ba" />
</File>
<File name="chunk-stream1-00100.m4s" type="audio">
<FileVariant size="30469" variant="f16d1b90-1374-4d15-9072-7ecec8d9b6ba" />
</File>
<Timelines>
<Download startTime="6566" endTime="6670" complete="1" fileType="audio" variant="f16d1b90-1374-4d15-9072-7ecec8d9b6ba">
<Pause type="segmentWait" startTime="6566" endTime="6666" />
</Download>
<Download startTime="6568" endTime="6675" complete="1" fileType="video" variant="f16d1b90-1374-4d15-9072-7ecec8d9b6ba">
<Pause type="segmentWait" startTime="6568" endTime="6670" />
</Download>
<Transcode startTime="6508" endTime="6657" complete="1" fileType="video" variant="f16d1b90-1374-4d15-9072-7ecec8d9b6ba" />
<Transcode startTime="6508" endTime="6657" complete="1" fileType="audio" variant="f16d1b90-1374-4d15-9072-7ecec8d9b6ba" />
</Timelines>
</Segment>
<Segment duration="1001" startOffset="100058" endOffset="101059">
<File name="chunk-stream0-00101.m4s" type="video">
<FileVariant size="456996" variant="f16d1b90-1374-4d15-9072-7ecec8d9b6ba" />
</File>
<File name="chunk-stream1-00101.m4s" type="audio">
<FileVariant size="30440" variant="f16d1b90-1374-4d15-9072-7ecec8d9b6ba" />
</File>
<Timelines>
<Download startTime="6677" endTime="6880" complete="1" fileType="audio" variant="f16d1b90-1374-4d15-9072-7ecec8d9b6ba">
<Pause type="segmentWait" startTime="6677" endTime="6879" />
</Download>
<Download startTime="6687" endTime="6894" complete="1" fileType="video" variant="f16d1b90-1374-4d15-9072-7ecec8d9b6ba">
<Pause type="segmentWait" startTime="6687" endTime="6889" />
</Download>
<Transcode startTime="6657" endTime="6811" complete="1" fileType="video" variant="f16d1b90-1374-4d15-9072-7ecec8d9b6ba" />
<Transcode startTime="6657" endTime="6811" complete="1" fileType="audio" variant="f16d1b90-1374-4d15-9072-7ecec8d9b6ba" />
</Timelines>
</Segment>
<Segment duration="1001" startOffset="101059" endOffset="102060">
<File name="chunk-stream0-00102.m4s" type="video">
<FileVariant size="462113" variant="f16d1b90-1374-4d15-9072-7ecec8d9b6ba" />
</File>
<File name="chunk-stream1-00102.m4s" type="audio">
<FileVariant size="30407" variant="f16d1b90-1374-4d15-9072-7ecec8d9b6ba" />
</File>
<Timelines>
<Download startTime="6884" endTime="6989" complete="1" fileType="audio" variant="f16d1b90-1374-4d15-9072-7ecec8d9b6ba">
<Pause type="segmentWait" startTime="6884" endTime="6987" />
</Download>
<Download startTime="6909" endTime="7015" complete="1" fileType="video" variant="f16d1b90-1374-4d15-9072-7ecec8d9b6ba">
<Pause type="segmentWait" startTime="6909" endTime="7010" />
</Download>
<Transcode startTime="6811" endTime="6937" complete="1" fileType="video" variant="f16d1b90-1374-4d15-9072-7ecec8d9b6ba" />
<Transcode startTime="6811" endTime="6937" complete="1" fileType="audio" variant="f16d1b90-1374-4d15-9072-7ecec8d9b6ba" />
</Timelines>
</Segment>
<Segment duration="1001" startOffset="102060" endOffset="103061">
<File name="chunk-stream0-00103.m4s" type="video">
<FileVariant size="475831" variant="f16d1b90-1374-4d15-9072-7ecec8d9b6ba" />
</File>
<File name="chunk-stream1-00103.m4s" type="audio">
<FileVariant size="30484" variant="f16d1b90-1374-4d15-9072-7ecec8d9b6ba" />
</File>
<Timelines>
<Download startTime="6992" endTime="7096" complete="1" fileType="audio" variant="f16d1b90-1374-4d15-9072-7ecec8d9b6ba">
<Pause type="segmentWait" startTime="6992" endTime="7094" />
</Download>
<Download startTime="7018" endTime="7122" complete="1" fileType="video" variant="f16d1b90-1374-4d15-9072-7ecec8d9b6ba">
<Pause type="segmentWait" startTime="7018" endTime="7119" />
</Download>
<Transcode startTime="6937" endTime="7087" complete="1" fileType="video" variant="f16d1b90-1374-4d15-9072-7ecec8d9b6ba" />
<Transcode startTime="6937" endTime="7087" complete="1" fileType="audio" variant="f16d1b90-1374-4d15-9072-7ecec8d9b6ba" />
</Timelines>
</Segment>
<Segment duration="1001" startOffset="103061" endOffset="104062">
<File name="chunk-stream0-00104.m4s" type="video">
<FileVariant size="471055" variant="f16d1b90-1374-4d15-9072-7ecec8d9b6ba" />
</File>
<File name="chunk-stream1-00104.m4s" type="audio">
<FileVariant size="30579" variant="f16d1b90-1374-4d15-9072-7ecec8d9b6ba" />
</File>
<Timelines>
<Download startTime="7100" endTime="7308" complete="1" fileType="audio" variant="f16d1b90-1374-4d15-9072-7ecec8d9b6ba">
<Pause type="segmentWait" startTime="7100" endTime="7302" />
</Download>
<Download startTime="7140" endTime="7348" complete="1" fileType="video" variant="f16d1b90-1374-4d15-9072-7ecec8d9b6ba">
<Pause type="segmentWait" startTime="7140" endTime="7341" />
</Download>
<Transcode startTime="7087" endTime="7255" complete="1" fileType="video" variant="f16d1b90-1374-4d15-9072-7ecec8d9b6ba" />
<Transcode startTime="7087" endTime="7255" complete="1" fileType="audio" variant="f16d1b90-1374-4d15-9072-7ecec8d9b6ba" />
</Timelines>
</Segment>
<Segment duration="1001" startOffset="104062" endOffset="105063">
<File name="chunk-stream0-00105.m4s" type="video">
<FileVariant size="563922" variant="f16d1b90-1374-4d15-9072-7ecec8d9b6ba" />
</File>
<File name="chunk-stream1-00105.m4s" type="audio">
<FileVariant size="30409" variant="f16d1b90-1374-4d15-9072-7ecec8d9b6ba" />
</File>
<Timelines>
<Download startTime="7313" endTime="7519" complete="1" fileType="audio" variant="f16d1b90-1374-4d15-9072-7ecec8d9b6ba">
<Pause type="segmentWait" startTime="7313" endTime="7515" />
</Download>
<Download startTime="7357" endTime="7566" complete="1" fileType="video" variant="f16d1b90-1374-4d15-9072-7ecec8d9b6ba">
<Pause type="segmentWait" startTime="7357" endTime="7560" />
</Download>
<Transcode startTime="7255" endTime="7468" complete="1" fileType="video" variant="f16d1b90-1374-4d15-9072-7ecec8d9b6ba" />
<Transcode startTime="7255" endTime="7468" complete="1" fileType="audio" variant="f16d1b90-1374-4d15-9072-7ecec8d9b6ba" />
</Timelines>
</Segment>
<Segment duration="1001" startOffset="105063" endOffset="106064">
<File name="chunk-stream0-00106.m4s" type="video">
<FileVariant size="545201" variant="f16d1b90-1374-4d15-9072-7ecec8d9b6ba" />
</File>
<File name="chunk-stream1-00106.m4s" type="audio">
<FileVariant size="29777" variant="f16d1b90-1374-4d15-9072-7ecec8d9b6ba" />
</File>
<Timelines>
<Download startTime="7524" endTime="7733" complete="1" fileType="audio" variant="f16d1b90-1374-4d15-9072-7ecec8d9b6ba">
<Pause type="segmentWait" startTime="7524" endTime="7729" />
</Download>
<Download startTime="7571" endTime="7782" complete="1" fileType="video" variant="f16d1b90-1374-4d15-9072-7ecec8d9b6ba">
<Pause type="segmentWait" startTime="7571" endTime="7773" />
</Download>
<Transcode startTime="7468" endTime="7684" complete="1" fileType="video" variant="f16d1b90-1374-4d15-9072-7ecec8d9b6ba" />
<Transcode startTime="7468" endTime="7684" complete="1" fileType="audio" variant="f16d1b90-1374-4d15-9072-7ecec8d9b6ba" />
</Timelines>
</Segment>
<Segment duration="0" startOffset="107440" endOffset="107440">
<File name="sub-chunk-00007" type="subs">
<FileVariant size="109" variant="f16d1b90-1374-4d15-9072-7ecec8d9b6ba" />
</File>
<Timelines>
<Transcode startTime="6362" endTime="7713" complete="1" fileType="subs" variant="f16d1b90-1374-4d15-9072-7ecec8d9b6ba" />
</Timelines>
</Segment>
<Segment duration="1001" startOffset="106064" endOffset="107065">
<File name="chunk-stream0-00107.m4s" type="video">
<FileVariant size="544015" variant="f16d1b90-1374-4d15-9072-7ecec8d9b6ba" />
</File>
<File name="chunk-stream1-00107.m4s" type="audio">
<FileVariant size="30429" variant="f16d1b90-1374-4d15-9072-7ecec8d9b6ba" />
</File>
<Timelines>
<Download startTime="7738" endTime="7942" complete="1" fileType="audio" variant="f16d1b90-1374-4d15-9072-7ecec8d9b6ba">
<Pause type="segmentWait" startTime="7738" endTime="7940" />
</Download>
<Download startTime="7791" endTime="7904" complete="1" fileType="video" variant="f16d1b90-1374-4d15-9072-7ecec8d9b6ba">
<Pause type="segmentWait" startTime="7791" endTime="7893" />
</Download>
<Transcode startTime="7684" endTime="7891" complete="1" fileType="video" variant="f16d1b90-1374-4d15-9072-7ecec8d9b6ba" />
<Transcode startTime="7684" endTime="7893" complete="1" fileType="audio" variant="f16d1b90-1374-4d15-9072-7ecec8d9b6ba" />
</Timelines>
</Segment>
<Segment duration="1001" startOffset="107065" endOffset="108066">
<File name="chunk-stream0-00108.m4s" type="video">
<FileVariant size="506446" variant="f16d1b90-1374-4d15-9072-7ecec8d9b6ba" />
</File>
<File name="chunk-stream1-00108.m4s" type="audio">
<FileVariant size="31258" variant="f16d1b90-1374-4d15-9072-7ecec8d9b6ba" />
</File>
<Timelines>
<Download startTime="7918" endTime="8126" complete="1" fileType="video" variant="f16d1b90-1374-4d15-9072-7ecec8d9b6ba">
<Pause type="segmentWait" startTime="7918" endTime="8119" />
</Download>
<Download startTime="7946" endTime="8149" complete="1" fileType="audio" variant="f16d1b90-1374-4d15-9072-7ecec8d9b6ba">
<Pause type="segmentWait" startTime="7946" endTime="8147" />
</Download>
<Transcode startTime="7891" endTime="8116" complete="1" fileType="video" variant="f16d1b90-1374-4d15-9072-7ecec8d9b6ba" />
<Transcode startTime="7893" endTime="8119" complete="1" fileType="audio" variant="f16d1b90-1374-4d15-9072-7ecec8d9b6ba" />
</Timelines>
</Segment>
<Segment duration="1001" startOffset="108066" endOffset="109067">
<File name="chunk-stream0-00109.m4s" type="video">
<FileVariant size="485336" variant="f16d1b90-1374-4d15-9072-7ecec8d9b6ba" />
</File>
<File name="chunk-stream1-00109.m4s" type="audio">
<FileVariant size="32808" variant="f16d1b90-1374-4d15-9072-7ecec8d9b6ba" />
</File>
<Timelines>
<Download startTime="8145" endTime="8352" complete="1" fileType="video" variant="f16d1b90-1374-4d15-9072-7ecec8d9b6ba">
<Pause type="segmentWait" startTime="8145" endTime="8347" />
</Download>
<Download startTime="8152" endTime="8356" complete="1" fileType="audio" variant="f16d1b90-1374-4d15-9072-7ecec8d9b6ba">
<Pause type="segmentWait" startTime="8152" endTime="8353" />
</Download>
<Transcode startTime="8116" endTime="8344" complete="1" fileType="video" variant="f16d1b90-1374-4d15-9072-7ecec8d9b6ba" />
<Transcode startTime="8119" endTime="8347" complete="1" fileType="audio" variant="f16d1b90-1374-4d15-9072-7ecec8d9b6ba" />
</Timelines>
</Segment>
<Segment duration="1001" startOffset="109067" endOffset="110068">
<File name="chunk-stream0-00110.m4s" type="video">
<FileVariant size="480447" variant="f16d1b90-1374-4d15-9072-7ecec8d9b6ba" />
</File>
<File name="chunk-stream1-00110.m4s" type="audio">
<FileVariant size="30517" variant="f16d1b90-1374-4d15-9072-7ecec8d9b6ba" />
</File>
<Timelines>
<Download startTime="8374" endTime="8579" complete="1" fileType="video" variant="f16d1b90-1374-4d15-9072-7ecec8d9b6ba">
<Pause type="segmentWait" startTime="8374" endTime="8577" />
</Download>
<Download startTime="8375" endTime="8578" complete="1" fileType="audio" variant="f16d1b90-1374-4d15-9072-7ecec8d9b6ba">
<Pause type="segmentWait" startTime="8375" endTime="8577" />
</Download>
<Transcode startTime="8344" endTime="8557" complete="1" fileType="video" variant="f16d1b90-1374-4d15-9072-7ecec8d9b6ba" />
<Transcode startTime="8347" endTime="8557" complete="1" fileType="audio" variant="f16d1b90-1374-4d15-9072-7ecec8d9b6ba" />
</Timelines>
</Segment>
<Segment duration="0" startOffset="111320" endOffset="111320">
<File name="sub-chunk-00008" type="subs">
<FileVariant size="0" variant="f16d1b90-1374-4d15-9072-7ecec8d9b6ba" />
</File>
<Timelines>
<Transcode startTime="7713" endTime="8561" complete="1" fileType="subs" variant="f16d1b90-1374-4d15-9072-7ecec8d9b6ba" />
</Timelines>
</Segment>
<Segment duration="1001" startOffset="110068" endOffset="111069">
<File name="chunk-stream0-00111.m4s" type="video">
<FileVariant size="471161" variant="f16d1b90-1374-4d15-9072-7ecec8d9b6ba" />
</File>
<File name="chunk-stream1-00111.m4s" type="audio">
<FileVariant size="31744" variant="f16d1b90-1374-4d15-9072-7ecec8d9b6ba" />
</File>
<Timelines>
<Download startTime="8600" endTime="8811" complete="1" fileType="video" variant="f16d1b90-1374-4d15-9072-7ecec8d9b6ba">
<Pause type="segmentWait" startTime="8600" endTime="8802" />
</Download>
<Download startTime="8601" endTime="8810" complete="1" fileType="audio" variant="f16d1b90-1374-4d15-9072-7ecec8d9b6ba">
<Pause type="segmentWait" startTime="8601" endTime="8803" />
</Download>
<Transcode startTime="8557" endTime="8792" complete="1" fileType="video" variant="f16d1b90-1374-4d15-9072-7ecec8d9b6ba" />
<Transcode startTime="8557" endTime="8793" complete="1" fileType="audio" variant="f16d1b90-1374-4d15-9072-7ecec8d9b6ba" />
</Timelines>
</Segment>
<Segment duration="1001" startOffset="111069" endOffset="112070">
<File name="chunk-stream0-00112.m4s" type="video">
<FileVariant size="445073" variant="f16d1b90-1374-4d15-9072-7ecec8d9b6ba" />
</File>
<File name="chunk-stream1-00112.m4s" type="audio">
<FileVariant size="31489" variant="f16d1b90-1374-4d15-9072-7ecec8d9b6ba" />
</File>
<Timelines>
<Download startTime="8820" endTime="9123" complete="1" fileType="audio" variant="f16d1b90-1374-4d15-9072-7ecec8d9b6ba">
<Pause type="segmentWait" startTime="8820" endTime="9122" />
</Download>
<Download startTime="8829" endTime="9134" complete="1" fileType="video" variant="f16d1b90-1374-4d15-9072-7ecec8d9b6ba">
<Pause type="segmentWait" startTime="8829" endTime="9131" />
</Download>
<Transcode startTime="8792" endTime="9040" complete="1" fileType="video" variant="f16d1b90-1374-4d15-9072-7ecec8d9b6ba" />
<Transcode startTime="8793" endTime="9041" complete="1" fileType="audio" variant="f16d1b90-1374-4d15-9072-7ecec8d9b6ba" />
</Timelines>
</Segment>
<Segment duration="1001" startOffset="112070" endOffset="113071">
<File name="chunk-stream0-00113.m4s" type="video">
<FileVariant size="395266" variant="f16d1b90-1374-4d15-9072-7ecec8d9b6ba" />
</File>
<File name="chunk-stream1-00113.m4s" type="audio">
<FileVariant size="32990" variant="f16d1b90-1374-4d15-9072-7ecec8d9b6ba" />
</File>
<Timelines>
<Download startTime="9127" endTime="9333" complete="1" fileType="audio" variant="f16d1b90-1374-4d15-9072-7ecec8d9b6ba">
<Pause type="segmentWait" startTime="9127" endTime="9329" />
</Download>
<Download startTime="9142" endTime="9347" complete="1" fileType="video" variant="f16d1b90-1374-4d15-9072-7ecec8d9b6ba">
<Pause type="segmentWait" startTime="9142" endTime="9344" />
</Download>
<Transcode startTime="9040" endTime="9253" complete="1" fileType="video" variant="f16d1b90-1374-4d15-9072-7ecec8d9b6ba" />
<Transcode startTime="9041" endTime="9253" complete="1" fileType="audio" variant="f16d1b90-1374-4d15-9072-7ecec8d9b6ba" />
</Timelines>
</Segment>
<Segment duration="0" startOffset="114410" endOffset="114410">
<File name="sub-chunk-00009" type="subs">
<FileVariant size="72" variant="f16d1b90-1374-4d15-9072-7ecec8d9b6ba" />
</File>
<Timelines>
<Transcode startTime="8561" endTime="9278" complete="1" fileType="subs" variant="f16d1b90-1374-4d15-9072-7ecec8d9b6ba" />
</Timelines>
</Segment>
<Segment duration="1001" startOffset="113071" endOffset="114072">
<File name="chunk-stream0-00114.m4s" type="video">
<FileVariant size="444643" variant="f16d1b90-1374-4d15-9072-7ecec8d9b6ba" />
</File>
<File name="chunk-stream1-00114.m4s" type="audio">
<FileVariant size="30601" variant="f16d1b90-1374-4d15-9072-7ecec8d9b6ba" />
</File>
<Timelines>
<Download startTime="9341" endTime="9544" complete="1" fileType="audio" variant="f16d1b90-1374-4d15-9072-7ecec8d9b6ba">
<Pause type="segmentWait" startTime="9341" endTime="9542" />
</Download>
<Download startTime="9365" endTime="9573" complete="1" fileType="video" variant="f16d1b90-1374-4d15-9072-7ecec8d9b6ba">
<Pause type="segmentWait" startTime="9365" endTime="9567" />
</Download>
<Transcode startTime="9253" endTime="9470" complete="1" fileType="video" variant="f16d1b90-1374-4d15-9072-7ecec8d9b6ba" />
<Transcode startTime="9253" endTime="9470" complete="1" fileType="audio" variant="f16d1b90-1374-4d15-9072-7ecec8d9b6ba" />
</Timelines>
</Segment>
<Segment duration="959" startOffset="114072" endOffset="115031">
<File name="chunk-stream0-00115.m4s" type="video">
<FileVariant size="494256" variant="f16d1b90-1374-4d15-9072-7ecec8d9b6ba" />
</File>
<File name="chunk-stream1-00115.m4s" type="audio">
<FileVariant size="29273" variant="f16d1b90-1374-4d15-9072-7ecec8d9b6ba" />
</File>
<Timelines>
<Download startTime="9547" endTime="9754" complete="1" fileType="audio" variant="f16d1b90-1374-4d15-9072-7ecec8d9b6ba">
<Pause type="segmentWait" startTime="9547" endTime="9749" />
</Download>
<Download startTime="9585" endTime="9690" complete="1" fileType="video" variant="f16d1b90-1374-4d15-9072-7ecec8d9b6ba">
<Pause type="segmentWait" startTime="9585" endTime="9685" />
</Download>
<Transcode startTime="9470" endTime="9660" complete="1" fileType="video" variant="f16d1b90-1374-4d15-9072-7ecec8d9b6ba" />
<Transcode startTime="9470" endTime="9660" complete="1" fileType="audio" variant="f16d1b90-1374-4d15-9072-7ecec8d9b6ba" />
</Timelines>
</Segment>
<Segment duration="1001" startOffset="115031" endOffset="116032">
<File name="chunk-stream0-00116.m4s" type="video">
<FileVariant size="519745" variant="f16d1b90-1374-4d15-9072-7ecec8d9b6ba" />
</File>
<File name="chunk-stream1-00116.m4s" type="audio">
<FileVariant size="30518" variant="f16d1b90-1374-4d15-9072-7ecec8d9b6ba" />
</File>
<Timelines>
<Download startTime="9697" endTime="9903" complete="1" fileType="video" variant="f16d1b90-1374-4d15-9072-7ecec8d9b6ba">
<Pause type="segmentWait" startTime="9697" endTime="9899" />
</Download>
<Download startTime="9758" endTime="9966" complete="1" fileType="audio" variant="f16d1b90-1374-4d15-9072-7ecec8d9b6ba">
<Pause type="segmentWait" startTime="9758" endTime="9959" />
</Download>
<Transcode startTime="9660" endTime="9897" complete="1" fileType="video" variant="f16d1b90-1374-4d15-9072-7ecec8d9b6ba" />
<Transcode startTime="9660" endTime="9898" complete="1" fileType="audio" variant="f16d1b90-1374-4d15-9072-7ecec8d9b6ba" />
</Timelines>
</Segment>
<Segment duration="0" startOffset="117080" endOffset="117080">
<File name="sub-chunk-00010" type="subs">
<FileVariant size="88" variant="f16d1b90-1374-4d15-9072-7ecec8d9b6ba" />
</File>
<Timelines>
<Transcode startTime="9278" endTime="9859" complete="1" fileType="subs" variant="f16d1b90-1374-4d15-9072-7ecec8d9b6ba" />
</Timelines>
</Segment>
<Segment duration="1001" startOffset="116032" endOffset="117033">
<File name="chunk-stream0-00117.m4s" type="video">
<FileVariant size="567393" variant="f16d1b90-1374-4d15-9072-7ecec8d9b6ba" />
</File>
<File name="chunk-stream1-00117.m4s" type="audio">
<FileVariant size="30719" variant="f16d1b90-1374-4d15-9072-7ecec8d9b6ba" />
</File>
<Timelines>
<Download startTime="9910" endTime="10217" complete="1" fileType="video" variant="f16d1b90-1374-4d15-9072-7ecec8d9b6ba">
<Pause type="segmentWait" startTime="9910" endTime="10213" />
</Download>
<Download startTime="9974" endTime="10181" complete="1" fileType="audio" variant="f16d1b90-1374-4d15-9072-7ecec8d9b6ba">
<Pause type="segmentWait" startTime="9974" endTime="10176" />
</Download>
<Transcode startTime="9897" endTime="10121" complete="1" fileType="video" variant="f16d1b90-1374-4d15-9072-7ecec8d9b6ba" />
<Transcode startTime="9898" endTime="10122" complete="1" fileType="audio" variant="f16d1b90-1374-4d15-9072-7ecec8d9b6ba" />
</Timelines>
</Segment>
<Segment duration="1001" startOffset="117033" endOffset="118034">
<File name="chunk-stream0-00118.m4s" type="video">
<FileVariant size="604934" variant="f16d1b90-1374-4d15-9072-7ecec8d9b6ba" />
</File>
<File name="chunk-stream1-00118.m4s" type="audio">
<FileVariant size="32594" variant="f16d1b90-1374-4d15-9072-7ecec8d9b6ba" />
</File>
<Timelines>
<Download startTime="10185" endTime="10391" complete="1" fileType="audio" variant="f16d1b90-1374-4d15-9072-7ecec8d9b6ba">
<Pause type="segmentWait" startTime="10185" endTime="10387" />
</Download>
<Download startTime="10249" endTime="10454" complete="1" fileType="video" variant="f16d1b90-1374-4d15-9072-7ecec8d9b6ba">
<Pause type="segmentWait" startTime="10249" endTime="10450" />
</Download>
<Transcode startTime="10121" endTime="10350" complete="1" fileType="video" variant="f16d1b90-1374-4d15-9072-7ecec8d9b6ba" />
<Transcode startTime="10122" endTime="10350" complete="1" fileType="audio" variant="f16d1b90-1374-4d15-9072-7ecec8d9b6ba" />
</Timelines>
</Segment>
<Segment duration="1001" startOffset="118034" endOffset="119035">
<File name="chunk-stream0-00119.m4s" type="video">
<FileVariant size="602481" variant="f16d1b90-1374-4d15-9072-7ecec8d9b6ba" />
</File>
<File name="chunk-stream1-00119.m4s" type="audio">
<FileVariant size="33739" variant="f16d1b90-1374-4d15-9072-7ecec8d9b6ba" />
</File>
<Timelines>
<Download startTime="10397" endTime="10706" complete="1" fileType="audio" variant="f16d1b90-1374-4d15-9072-7ecec8d9b6ba">
<Pause type="segmentWait" startTime="10397" endTime="10700" />
</Download>
<Download startTime="10466" endTime="10673" complete="1" fileType="video" variant="f16d1b90-1374-4d15-9072-7ecec8d9b6ba">
<Pause type="segmentWait" startTime="10466" endTime="10667" />
</Download>
<Transcode startTime="10350" endTime="10620" complete="1" fileType="video" variant="f16d1b90-1374-4d15-9072-7ecec8d9b6ba" />
<Transcode startTime="10350" endTime="10620" complete="1" fileType="audio" variant="f16d1b90-1374-4d15-9072-7ecec8d9b6ba" />
</Timelines>
</Segment>
<Segment duration="1001" startOffset="119035" endOffset="120036">
<File name="chunk-stream0-00120.m4s" type="video">
<FileVariant size="579066" variant="f16d1b90-1374-4d15-9072-7ecec8d9b6ba" />
</File>
<File name="chunk-stream1-00120.m4s" type="audio">
<FileVariant size="29475" variant="f16d1b90-1374-4d15-9072-7ecec8d9b6ba" />
</File>
<Timelines>
<Download startTime="10682" endTime="10890" complete="1" fileType="video" variant="f16d1b90-1374-4d15-9072-7ecec8d9b6ba">
<Pause type="segmentWait" startTime="10682" endTime="10884" />
</Download>
<Download startTime="10710" endTime="10913" complete="1" fileType="audio" variant="f16d1b90-1374-4d15-9072-7ecec8d9b6ba">
<Pause type="segmentWait" startTime="10710" endTime="10912" />
</Download>
<Transcode startTime="10620" endTime="10830" complete="1" fileType="video" variant="f16d1b90-1374-4d15-9072-7ecec8d9b6ba" />
<Transcode startTime="10620" endTime="10830" complete="1" fileType="audio" variant="f16d1b90-1374-4d15-9072-7ecec8d9b6ba" />
</Timelines>
</Segment>
<Segment duration="1001" startOffset="120036" endOffset="121037">
<File name="chunk-stream0-00121.m4s" type="video">
<FileVariant size="544895" variant="f16d1b90-1374-4d15-9072-7ecec8d9b6ba" />
</File>
<File name="chunk-stream1-00121.m4s" type="audio">
<FileVariant size="30650" variant="f16d1b90-1374-4d15-9072-7ecec8d9b6ba" />
</File>
<Timelines>
<Download startTime="10906" endTime="11114" complete="1" fileType="video" variant="f16d1b90-1374-4d15-9072-7ecec8d9b6ba">
<Pause type="segmentWait" startTime="10906" endTime="11109" />
</Download>
<Download startTime="10918" endTime="11126" complete="1" fileType="audio" variant="f16d1b90-1374-4d15-9072-7ecec8d9b6ba">
<Pause type="segmentWait" startTime="10918" endTime="11119" />
</Download>
<Transcode startTime="10830" endTime="11033" complete="1" fileType="video" variant="f16d1b90-1374-4d15-9072-7ecec8d9b6ba" />
<Transcode startTime="10830" endTime="11033" complete="1" fileType="audio" variant="f16d1b90-1374-4d15-9072-7ecec8d9b6ba" />
</Timelines>
</Segment>
<Segment duration="1001" startOffset="121037" endOffset="122038">
<File name="chunk-stream0-00122.m4s" type="video">
<FileVariant size="531686" variant="f16d1b90-1374-4d15-9072-7ecec8d9b6ba" />
</File>
<File name="chunk-stream1-00122.m4s" type="audio">
<FileVariant size="30439" variant="f16d1b90-1374-4d15-9072-7ecec8d9b6ba" />
</File>
<Timelines>
<Download startTime="11131" endTime="11338" complete="1" fileType="video" variant="f16d1b90-1374-4d15-9072-7ecec8d9b6ba">
<Pause type="segmentWait" startTime="11131" endTime="11333" />
</Download>
<Download startTime="11131" endTime="11339" complete="1" fileType="audio" variant="f16d1b90-1374-4d15-9072-7ecec8d9b6ba">
<Pause type="segmentWait" startTime="11131" endTime="11333" />
</Download>
<Transcode startTime="11033" endTime="11262" complete="1" fileType="video" variant="f16d1b90-1374-4d15-9072-7ecec8d9b6ba" />
<Transcode startTime="11033" endTime="11263" complete="1" fileType="audio" variant="f16d1b90-1374-4d15-9072-7ecec8d9b6ba" />
</Timelines>
</Segment>
<Segment duration="0" startOffset="123000" endOffset="123000">
<File name="sub-chunk-00011" type="subs">
<FileVariant size="0" variant="f16d1b90-1374-4d15-9072-7ecec8d9b6ba" />
</File>
<Timelines>
<Transcode startTime="9859" endTime="11214" complete="1" fileType="subs" variant="f16d1b90-1374-4d15-9072-7ecec8d9b6ba" />
</Timelines>
</Segment>
<Segment duration="1001" startOffset="122038" endOffset="123039">
<File name="chunk-stream0-00123.m4s" type="video">
<FileVariant size="527875" variant="f16d1b90-1374-4d15-9072-7ecec8d9b6ba" />
</File>
<File name="chunk-stream1-00123.m4s" type="audio">
<FileVariant size="30531" variant="f16d1b90-1374-4d15-9072-7ecec8d9b6ba" />
</File>
<Timelines>
<Download startTime="11345" endTime="11553" complete="1" fileType="audio" variant="f16d1b90-1374-4d15-9072-7ecec8d9b6ba">
<Pause type="segmentWait" startTime="11345" endTime="11547" />
</Download>
<Download startTime="11350" endTime="11558" complete="1" fileType="video" variant="f16d1b90-1374-4d15-9072-7ecec8d9b6ba">
<Pause type="segmentWait" startTime="11350" endTime="11553" />
</Download>
<Transcode startTime="11262" endTime="11475" complete="1" fileType="video" variant="f16d1b90-1374-4d15-9072-7ecec8d9b6ba" />
<Transcode startTime="11263" endTime="11475" complete="1" fileType="audio" variant="f16d1b90-1374-4d15-9072-7ecec8d9b6ba" />
</Timelines>
</Segment>
<Segment duration="1001" startOffset="123039" endOffset="124040">
<File name="chunk-stream0-00124.m4s" type="video">
<FileVariant size="541428" variant="f16d1b90-1374-4d15-9072-7ecec8d9b6ba" />
</File>
<File name="chunk-stream1-00124.m4s" type="audio">
<FileVariant size="30593" variant="f16d1b90-1374-4d15-9072-7ecec8d9b6ba" />
</File>
<Timelines>
<Download startTime="11558" endTime="11764" complete="1" fileType="audio" variant="f16d1b90-1374-4d15-9072-7ecec8d9b6ba">
<Pause type="segmentWait" startTime="11558" endTime="11760" />
</Download>
<Download startTime="11565" endTime="11775" complete="1" fileType="video" variant="f16d1b90-1374-4d15-9072-7ecec8d9b6ba">
<Pause type="segmentWait" startTime="11565" endTime="11766" />
</Download>
<Transcode startTime="11475" endTime="11715" complete="1" fileType="video" variant="f16d1b90-1374-4d15-9072-7ecec8d9b6ba" />
<Transcode startTime="11475" endTime="11715" complete="1" fileType="audio" variant="f16d1b90-1374-4d15-9072-7ecec8d9b6ba" />
</Timelines>
</Segment>
<Segment duration="1001" startOffset="124040" endOffset="125041">
<File name="chunk-stream0-00125.m4s" type="video">
<FileVariant size="592559" variant="f16d1b90-1374-4d15-9072-7ecec8d9b6ba" />
</File>
<File name="chunk-stream1-00125.m4s" type="audio">
<FileVariant size="30314" variant="f16d1b90-1374-4d15-9072-7ecec8d9b6ba" />
</File>
<Timelines>
<Download startTime="11768" endTime="11970" complete="1" fileType="audio" variant="f16d1b90-1374-4d15-9072-7ecec8d9b6ba">
<Pause type="segmentWait" startTime="11768" endTime="11969" />
</Download>
<Download startTime="11794" endTime="12004" complete="1" fileType="video" variant="f16d1b90-1374-4d15-9072-7ecec8d9b6ba">
<Pause type="segmentWait" startTime="11794" endTime="11996" />
</Download>
<Transcode startTime="11715" endTime="11913" complete="1" fileType="video" variant="f16d1b90-1374-4d15-9072-7ecec8d9b6ba" />
<Transcode startTime="11715" endTime="11913" complete="1" fileType="audio" variant="f16d1b90-1374-4d15-9072-7ecec8d9b6ba" />
</Timelines>
</Segment>
<Segment duration="1001" startOffset="125041" endOffset="126042">
<File name="chunk-stream0-00126.m4s" type="video">
<FileVariant size="578405" variant="f16d1b90-1374-4d15-9072-7ecec8d9b6ba" />
</File>
<File name="chunk-stream1-00126.m4s" type="audio">
<FileVariant size="30599" variant="f16d1b90-1374-4d15-9072-7ecec8d9b6ba" />
</File>
<Timelines>
<Download startTime="11993" endTime="12097" complete="1" fileType="audio" variant="f16d1b90-1374-4d15-9072-7ecec8d9b6ba">
<Pause type="segmentWait" startTime="11993" endTime="12094" />
</Download>
<Download startTime="12017" endTime="12124" complete="1" fileType="video" variant="f16d1b90-1374-4d15-9072-7ecec8d9b6ba">
<Pause type="segmentWait" startTime="12017" endTime="12118" />
</Download>
<Transcode startTime="11913" endTime="12089" complete="1" fileType="video" variant="f16d1b90-1374-4d15-9072-7ecec8d9b6ba" />
<Transcode startTime="11913" endTime="12090" complete="1" fileType="audio" variant="f16d1b90-1374-4d15-9072-7ecec8d9b6ba" />
</Timelines>
</Segment>
<Segment duration="1001" startOffset="126042" endOffset="127043">
<File name="chunk-stream0-00127.m4s" type="video">
<FileVariant size="482792" variant="f16d1b90-1374-4d15-9072-7ecec8d9b6ba" />
</File>
<File name="chunk-stream1-00127.m4s" type="audio">
<FileVariant size="31024" variant="f16d1b90-1374-4d15-9072-7ecec8d9b6ba" />
</File>
<Timelines>
<Download startTime="12100" endTime="12304" complete="1" fileType="audio" variant="f16d1b90-1374-4d15-9072-7ecec8d9b6ba">
<Pause type="segmentWait" startTime="12100" endTime="12301" />
</Download>
<Download startTime="12139" endTime="12343" complete="1" fileType="video" variant="f16d1b90-1374-4d15-9072-7ecec8d9b6ba">
<Pause type="segmentWait" startTime="12139" endTime="12340" />
</Download>
<Transcode startTime="12089" endTime="12252" complete="1" fileType="video" variant="f16d1b90-1374-4d15-9072-7ecec8d9b6ba" />
<Transcode startTime="12090" endTime="12253" complete="1" fileType="audio" variant="f16d1b90-1374-4d15-9072-7ecec8d9b6ba" />
</Timelines>
</Segment>
<Segment duration="1001" startOffset="127043" endOffset="128044">
<File name="chunk-stream0-00128.m4s" type="video">
<FileVariant size="422176" variant="f16d1b90-1374-4d15-9072-7ecec8d9b6ba" />
</File>
<File name="chunk-stream1-00128.m4s" type="audio">
<FileVariant size="30685" variant="f16d1b90-1374-4d15-9072-7ecec8d9b6ba" />
</File>
<Timelines>
<Download startTime="12308" endTime="12411" complete="1" fileType="audio" variant="f16d1b90-1374-4d15-9072-7ecec8d9b6ba">
<Pause type="segmentWait" startTime="12308" endTime="12409" />
</Download>
<Download startTime="12353" endTime="12456" complete="1" fileType="video" variant="f16d1b90-1374-4d15-9072-7ecec8d9b6ba">
<Pause type="segmentWait" startTime="12353" endTime="12454" />
</Download>
<Transcode startTime="12252" endTime="12407" complete="1" fileType="video" variant="f16d1b90-1374-4d15-9072-7ecec8d9b6ba" />
<Transcode startTime="12253" endTime="12407" complete="1" fileType="audio" variant="f16d1b90-1374-4d15-9072-7ecec8d9b6ba" />
</Timelines>
</Segment>
<Segment duration="1001" startOffset="128044" endOffset="129045">
<File name="chunk-stream0-00129.m4s" type="video">
<FileVariant size="442150" variant="f16d1b90-1374-4d15-9072-7ecec8d9b6ba" />
</File>
<File name="chunk-stream1-00129.m4s" type="audio">
<FileVariant size="30374" variant="f16d1b90-1374-4d15-9072-7ecec8d9b6ba" />
</File>
<Timelines>
<Download startTime="12415" endTime="12618" complete="1" fileType="audio" variant="f16d1b90-1374-4d15-9072-7ecec8d9b6ba">
<Pause type="segmentWait" startTime="12415" endTime="12618" />
</Download>
<Download startTime="12464" endTime="12568" complete="1" fileType="video" variant="f16d1b90-1374-4d15-9072-7ecec8d9b6ba">
<Pause type="segmentWait" startTime="12464" endTime="12565" />
</Download>
<Transcode startTime="12407" endTime="12558" complete="1" fileType="video" variant="f16d1b90-1374-4d15-9072-7ecec8d9b6ba" />
<Transcode startTime="12407" endTime="12558" complete="1" fileType="audio" variant="f16d1b90-1374-4d15-9072-7ecec8d9b6ba" />
</Timelines>
</Segment>
<Segment duration="1001" startOffset="129045" endOffset="130046">
<File name="chunk-stream0-00130.m4s" type="video">
<FileVariant size="471113" variant="f16d1b90-1374-4d15-9072-7ecec8d9b6ba" />
</File>
<File name="chunk-stream1-00130.m4s" type="audio">
<FileVariant size="31255" variant="f16d1b90-1374-4d15-9072-7ecec8d9b6ba" />
</File>
<Timelines>
<Download startTime="12575" endTime="12783" complete="1" fileType="video" variant="f16d1b90-1374-4d15-9072-7ecec8d9b6ba">
<Pause type="segmentWait" startTime="12575" endTime="12778" />
</Download>
<Download startTime="12623" endTime="12728" complete="1" fileType="audio" variant="f16d1b90-1374-4d15-9072-7ecec8d9b6ba">
<Pause type="segmentWait" startTime="12623" endTime="12726" />
</Download>
<Transcode startTime="12558" endTime="12692" complete="1" fileType="video" variant="f16d1b90-1374-4d15-9072-7ecec8d9b6ba" />
<Transcode startTime="12558" endTime="12692" complete="1" fileType="audio" variant="f16d1b90-1374-4d15-9072-7ecec8d9b6ba" />
</Timelines>
</Segment>
<Segment duration="0" startOffset="130880" endOffset="130880">
<File name="sub-chunk-00012" type="subs">
<FileVariant size="0" variant="f16d1b90-1374-4d15-9072-7ecec8d9b6ba" />
</File>
<Timelines>
<Transcode startTime="11214" endTime="12638" complete="1" fileType="subs" variant="f16d1b90-1374-4d15-9072-7ecec8d9b6ba" />
</Timelines>
</Segment>
<Segment duration="1001" startOffset="130046" endOffset="131047">
<File name="chunk-stream0-00131.m4s" type="video">
<FileVariant size="457988" variant="f16d1b90-1374-4d15-9072-7ecec8d9b6ba" />
</File>
<File name="chunk-stream1-00131.m4s" type="audio">
<FileVariant size="30699" variant="f16d1b90-1374-4d15-9072-7ecec8d9b6ba" />
</File>
<Timelines>
<Download startTime="12731" endTime="12937" complete="1" fileType="audio" variant="f16d1b90-1374-4d15-9072-7ecec8d9b6ba">
<Pause type="segmentWait" startTime="12731" endTime="12933" />
</Download>
<Download startTime="12790" endTime="12896" complete="1" fileType="video" variant="f16d1b90-1374-4d15-9072-7ecec8d9b6ba">
<Pause type="segmentWait" startTime="12790" endTime="12891" />
</Download>
<Transcode startTime="12692" endTime="12853" complete="1" fileType="video" variant="f16d1b90-1374-4d15-9072-7ecec8d9b6ba" />
<Transcode startTime="12692" endTime="12854" complete="1" fileType="audio" variant="f16d1b90-1374-4d15-9072-7ecec8d9b6ba" />
</Timelines>
</Segment>
<Segment duration="1001" startOffset="131047" endOffset="132048">
<File name="chunk-stream0-00132.m4s" type="video">
<FileVariant size="470327" variant="f16d1b90-1374-4d15-9072-7ecec8d9b6ba" />
</File>
<File name="chunk-stream1-00132.m4s" type="audio">
<FileVariant size="30309" variant="f16d1b90-1374-4d15-9072-7ecec8d9b6ba" />
</File>
<Timelines>
<Download startTime="12927" endTime="13134" complete="1" fileType="video" variant="f16d1b90-1374-4d15-9072-7ecec8d9b6ba">
<Pause type="segmentWait" startTime="12927" endTime="13128" />
</Download>
<Download startTime="12941" endTime="13045" complete="1" fileType="audio" variant="f16d1b90-1374-4d15-9072-7ecec8d9b6ba">
<Pause type="segmentWait" startTime="12941" endTime="13042" />
</Download>
<Transcode startTime="12853" endTime="13033" complete="1" fileType="video" variant="f16d1b90-1374-4d15-9072-7ecec8d9b6ba" />
<Transcode startTime="12854" endTime="13033" complete="1" fileType="audio" variant="f16d1b90-1374-4d15-9072-7ecec8d9b6ba" />
</Timelines>
</Segment>
<Segment duration="0" startOffset="133130" endOffset="133130">
<File name="sub-chunk-00013" type="subs">
<FileVariant size="0" variant="f16d1b90-1374-4d15-9072-7ecec8d9b6ba" />
</File>
<Timelines>
<Transcode startTime="12638" endTime="12978" complete="1" fileType="subs" variant="f16d1b90-1374-4d15-9072-7ecec8d9b6ba" />
</Timelines>
</Segment>
<Segment duration="1001" startOffset="132048" endOffset="133049">
<File name="chunk-stream0-00133.m4s" type="video">
<FileVariant size="440587" variant="f16d1b90-1374-4d15-9072-7ecec8d9b6ba" />
</File>
<File name="chunk-stream1-00133.m4s" type="audio">
<FileVariant size="31231" variant="f16d1b90-1374-4d15-9072-7ecec8d9b6ba" />
</File>
<Timelines>
<Download startTime="13052" endTime="13258" complete="1" fileType="audio" variant="f16d1b90-1374-4d15-9072-7ecec8d9b6ba">
<Pause type="segmentWait" startTime="13052" endTime="13253" />
</Download>
<Download startTime="13146" endTime="13257" complete="1" fileType="video" variant="f16d1b90-1374-4d15-9072-7ecec8d9b6ba">
<Pause type="segmentWait" startTime="13146" endTime="13247" />
</Download>
<Transcode startTime="13033" endTime="13221" complete="1" fileType="video" variant="f16d1b90-1374-4d15-9072-7ecec8d9b6ba" />
<Transcode startTime="13033" endTime="13221" complete="1" fileType="audio" variant="f16d1b90-1374-4d15-9072-7ecec8d9b6ba" />
</Timelines>
</Segment>
<Segment duration="1001" startOffset="133049" endOffset="134050">
<File name="chunk-stream0-00134.m4s" type="video">
<FileVariant size="654564" variant="f16d1b90-1374-4d15-9072-7ecec8d9b6ba" />
</File>
<File name="chunk-stream1-00134.m4s" type="audio">
<FileVariant size="31185" variant="f16d1b90-1374-4d15-9072-7ecec8d9b6ba" />
</File>
<Timelines>
<Download startTime="13265" endTime="13574" complete="1" fileType="audio" variant="f16d1b90-1374-4d15-9072-7ecec8d9b6ba">
<Pause type="segmentWait" startTime="13265" endTime="13567" />
</Download>
<Download startTime="13265" endTime="13581" complete="1" fileType="video" variant="f16d1b90-1374-4d15-9072-7ecec8d9b6ba">
<Pause type="segmentWait" startTime="13265" endTime="13569" />
</Download>
<Transcode startTime="13221" endTime="13468" complete="1" fileType="video" variant="f16d1b90-1374-4d15-9072-7ecec8d9b6ba" />
<Transcode startTime="13221" endTime="13468" complete="1" fileType="audio" variant="f16d1b90-1374-4d15-9072-7ecec8d9b6ba" />
</Timelines>
</Segment>
<Segment duration="1001" startOffset="134050" endOffset="135051">
<File name="chunk-stream0-00135.m4s" type="video">
<FileVariant size="620194" variant="f16d1b90-1374-4d15-9072-7ecec8d9b6ba" />
</File>
<File name="chunk-stream1-00135.m4s" type="audio">
<FileVariant size="31044" variant="f16d1b90-1374-4d15-9072-7ecec8d9b6ba" />
</File>
<Timelines>
<Download startTime="13577" endTime="13782" complete="1" fileType="audio" variant="f16d1b90-1374-4d15-9072-7ecec8d9b6ba">
<Pause type="segmentWait" startTime="13577" endTime="13779" />
</Download>
<Download startTime="13585" endTime="13791" complete="1" fileType="video" variant="f16d1b90-1374-4d15-9072-7ecec8d9b6ba">
<Pause type="segmentWait" startTime="13585" endTime="13786" />
</Download>
<Transcode startTime="13468" endTime="13712" complete="1" fileType="video" variant="f16d1b90-1374-4d15-9072-7ecec8d9b6ba" />
<Transcode startTime="13468" endTime="13712" complete="1" fileType="audio" variant="f16d1b90-1374-4d15-9072-7ecec8d9b6ba" />
</Timelines>
</Segment>
<Segment duration="1001" startOffset="135051" endOffset="136052">
<File name="chunk-stream0-00136.m4s" type="video">
<FileVariant size="677376" variant="f16d1b90-1374-4d15-9072-7ecec8d9b6ba" />
</File>
<File name="chunk-stream1-00136.m4s" type="audio">
<FileVariant size="30522" variant="f16d1b90-1374-4d15-9072-7ecec8d9b6ba" />
</File>
<Timelines>
<Download startTime="13788" endTime="13991" complete="1" fileType="audio" variant="f16d1b90-1374-4d15-9072-7ecec8d9b6ba">
<Pause type="segmentWait" startTime="13788" endTime="13989" />
</Download>
<Download startTime="13821" endTime="14042" complete="1" fileType="video" variant="f16d1b90-1374-4d15-9072-7ecec8d9b6ba">
<Pause type="segmentWait" startTime="13821" endTime="14025" />
</Download>
<Transcode startTime="13712" endTime="13974" complete="1" fileType="video" variant="f16d1b90-1374-4d15-9072-7ecec8d9b6ba" />
<Transcode startTime="13712" endTime="13975" complete="1" fileType="audio" variant="f16d1b90-1374-4d15-9072-7ecec8d9b6ba" />
</Timelines>
</Segment>
<Segment duration="0" startOffset="136850" endOffset="136850">
<File name="sub-chunk-00014" type="subs">
<FileVariant size="68" variant="f16d1b90-1374-4d15-9072-7ecec8d9b6ba" />
</File>
<Timelines>
<Transcode startTime="12978" endTime="13870" complete="1" fileType="subs" variant="f16d1b90-1374-4d15-9072-7ecec8d9b6ba" />
</Timelines>
</Segment>
<Segment duration="1001" startOffset="136052" endOffset="137053">
<File name="chunk-stream0-00137.m4s" type="video">
<FileVariant size="652764" variant="f16d1b90-1374-4d15-9072-7ecec8d9b6ba" />
</File>
<File name="chunk-stream1-00137.m4s" type="audio">
<FileVariant size="32041" variant="f16d1b90-1374-4d15-9072-7ecec8d9b6ba" />
</File>
<Timelines>
<Download startTime="13995" endTime="14200" complete="1" fileType="audio" variant="f16d1b90-1374-4d15-9072-7ecec8d9b6ba">
<Pause type="segmentWait" startTime="13995" endTime="14198" />
</Download>
<Download startTime="14070" endTime="14274" complete="1" fileType="video" variant="f16d1b90-1374-4d15-9072-7ecec8d9b6ba">
<Pause type="segmentWait" startTime="14070" endTime="14271" />
</Download>
<Transcode startTime="13974" endTime="14192" complete="1" fileType="video" variant="f16d1b90-1374-4d15-9072-7ecec8d9b6ba" />
<Transcode startTime="13975" endTime="14192" complete="1" fileType="audio" variant="f16d1b90-1374-4d15-9072-7ecec8d9b6ba" />
</Timelines>
</Segment>
<Segment duration="1001" startOffset="137053" endOffset="138054">
<File name="chunk-stream0-00138.m4s" type="video">
<FileVariant size="692709" variant="f16d1b90-1374-4d15-9072-7ecec8d9b6ba" />
</File>
<File name="chunk-stream1-00138.m4s" type="audio">
<FileVariant size="30978" variant="f16d1b90-1374-4d15-9072-7ecec8d9b6ba" />
</File>
<Timelines>
<Download startTime="14205" endTime="14408" complete="1" fileType="audio" variant="f16d1b90-1374-4d15-9072-7ecec8d9b6ba">
<Pause type="segmentWait" startTime="14205" endTime="14406" />
</Download>
<Download startTime="14283" endTime="14504" complete="1" fileType="video" variant="f16d1b90-1374-4d15-9072-7ecec8d9b6ba">
<Pause type="segmentWait" startTime="14283" endTime="14486" />
</Download>
<Transcode startTime="14192" endTime="14402" complete="1" fileType="video" variant="f16d1b90-1374-4d15-9072-7ecec8d9b6ba" />
<Transcode startTime="14192" endTime="14403" complete="1" fileType="audio" variant="f16d1b90-1374-4d15-9072-7ecec8d9b6ba" />
</Timelines>
</Segment>
<Segment duration="1001" startOffset="138054" endOffset="139055">
<File name="chunk-stream0-00139.m4s" type="video">
<FileVariant size="501059" variant="f16d1b90-1374-4d15-9072-7ecec8d9b6ba" />
</File>
<File name="chunk-stream1-00139.m4s" type="audio">
<FileVariant size="32102" variant="f16d1b90-1374-4d15-9072-7ecec8d9b6ba" />
</File>
<Timelines>
<Download startTime="14413" endTime="14622" complete="1" fileType="audio" variant="f16d1b90-1374-4d15-9072-7ecec8d9b6ba">
<Pause type="segmentWait" startTime="14413" endTime="14614" />
</Download>
<Download startTime="14509" endTime="14619" complete="1" fileType="video" variant="f16d1b90-1374-4d15-9072-7ecec8d9b6ba">
<Pause type="segmentWait" startTime="14509" endTime="14609" />
</Download>
<Transcode startTime="14402" endTime="14600" complete="1" fileType="video" variant="f16d1b90-1374-4d15-9072-7ecec8d9b6ba" />
<Transcode startTime="14403" endTime="14601" complete="1" fileType="audio" variant="f16d1b90-1374-4d15-9072-7ecec8d9b6ba" />
</Timelines>
</Segment>
<Segment duration="1001" startOffset="139055" endOffset="140056">
<File name="chunk-stream0-00140.m4s" type="video">
<FileVariant size="596557" variant="f16d1b90-1374-4d15-9072-7ecec8d9b6ba" />
</File>
<File name="chunk-stream1-00140.m4s" type="audio">
<FileVariant size="30940" variant="f16d1b90-1374-4d15-9072-7ecec8d9b6ba" />
</File>
<Timelines>
<Download startTime="14628" endTime="14934" complete="1" fileType="video" variant="f16d1b90-1374-4d15-9072-7ecec8d9b6ba">
<Pause type="segmentWait" startTime="14628" endTime="14930" />
</Download>
<Download startTime="14628" endTime="14933" complete="1" fileType="audio" variant="f16d1b90-1374-4d15-9072-7ecec8d9b6ba">
<Pause type="segmentWait" startTime="14628" endTime="14930" />
</Download>
<Transcode startTime="14600" endTime="14831" complete="1" fileType="video" variant="f16d1b90-1374-4d15-9072-7ecec8d9b6ba" />
<Transcode startTime="14601" endTime="14831" complete="1" fileType="audio" variant="f16d1b90-1374-4d15-9072-7ecec8d9b6ba" />
</Timelines>
</Segment>
<Segment duration="1001" startOffset="140056" endOffset="141057">
<File name="chunk-stream0-00141.m4s" type="video">
<FileVariant size="760407" variant="f16d1b90-1374-4d15-9072-7ecec8d9b6ba" />
</File>
<File name="chunk-stream1-00141.m4s" type="audio">
<FileVariant size="30468" variant="f16d1b90-1374-4d15-9072-7ecec8d9b6ba" />
</File>
<Timelines>
<Download startTime="14937" endTime="15147" complete="1" fileType="audio" variant="f16d1b90-1374-4d15-9072-7ecec8d9b6ba">
<Pause type="segmentWait" startTime="14937" endTime="15138" />
</Download>
<Download startTime="14942" endTime="15065" complete="1" fileType="video" variant="f16d1b90-1374-4d15-9072-7ecec8d9b6ba">
<Pause type="segmentWait" startTime="14942" endTime="15047" />
</Download>
<Transcode startTime="14831" endTime="15045" complete="1" fileType="video" variant="f16d1b90-1374-4d15-9072-7ecec8d9b6ba" />
<Transcode startTime="14831" endTime="15047" complete="1" fileType="audio" variant="f16d1b90-1374-4d15-9072-7ecec8d9b6ba" />
</Timelines>
</Segment>
<Segment duration="1001" startOffset="141057" endOffset="142058">
<File name="chunk-stream0-00142.m4s" type="video">
<FileVariant size="682752" variant="f16d1b90-1374-4d15-9072-7ecec8d9b6ba" />
</File>
<File name="chunk-stream1-00142.m4s" type="audio">
<FileVariant size="30482" variant="f16d1b90-1374-4d15-9072-7ecec8d9b6ba" />
</File>
<Timelines>
<Download startTime="15082" endTime="15292" complete="1" fileType="video" variant="f16d1b90-1374-4d15-9072-7ecec8d9b6ba">
<Pause type="segmentWait" startTime="15082" endTime="15285" />
</Download>
<Download startTime="15151" endTime="15254" complete="1" fileType="audio" variant="f16d1b90-1374-4d15-9072-7ecec8d9b6ba">
<Pause type="segmentWait" startTime="15151" endTime="15251" />
</Download>
<Transcode startTime="15045" endTime="15242" complete="1" fileType="video" variant="f16d1b90-1374-4d15-9072-7ecec8d9b6ba" />
<Transcode startTime="15047" endTime="15242" complete="1" fileType="audio" variant="f16d1b90-1374-4d15-9072-7ecec8d9b6ba" />
</Timelines>
</Segment>
<Segment duration="1001" startOffset="142058" endOffset="143059">
<File name="chunk-stream0-00143.m4s" type="video">
<FileVariant size="534251" variant="f16d1b90-1374-4d15-9072-7ecec8d9b6ba" />
</File>
<File name="chunk-stream1-00143.m4s" type="audio">
<FileVariant size="30324" variant="f16d1b90-1374-4d15-9072-7ecec8d9b6ba" />
</File>
<Timelines>
<Download startTime="15258" endTime="15463" complete="1" fileType="audio" variant="f16d1b90-1374-4d15-9072-7ecec8d9b6ba">
<Pause type="segmentWait" startTime="15258" endTime="15459" />
</Download>
<Download startTime="15317" endTime="15526" complete="1" fileType="video" variant="f16d1b90-1374-4d15-9072-7ecec8d9b6ba">
<Pause type="segmentWait" startTime="15317" endTime="15519" />
</Download>
<Transcode startTime="15242" endTime="15426" complete="1" fileType="video" variant="f16d1b90-1374-4d15-9072-7ecec8d9b6ba" />
<Transcode startTime="15242" endTime="15427" complete="1" fileType="audio" variant="f16d1b90-1374-4d15-9072-7ecec8d9b6ba" />
</Timelines>
</Segment>
<Segment duration="1001" startOffset="143059" endOffset="144060">
<File name="chunk-stream0-00144.m4s" type="video">
<FileVariant size="528663" variant="f16d1b90-1374-4d15-9072-7ecec8d9b6ba" />
</File>
<File name="chunk-stream1-00144.m4s" type="audio">
<FileVariant size="30460" variant="f16d1b90-1374-4d15-9072-7ecec8d9b6ba" />
</File>
<Timelines>
<Download startTime="15467" endTime="15673" complete="1" fileType="audio" variant="f16d1b90-1374-4d15-9072-7ecec8d9b6ba">
<Pause type="segmentWait" startTime="15467" endTime="15669" />
</Download>
<Download startTime="15538" endTime="15646" complete="1" fileType="video" variant="f16d1b90-1374-4d15-9072-7ecec8d9b6ba">
<Pause type="segmentWait" startTime="15538" endTime="15639" />
</Download>
<Transcode startTime="15426" endTime="15588" complete="1" fileType="video" variant="f16d1b90-1374-4d15-9072-7ecec8d9b6ba" />
<Transcode startTime="15427" endTime="15588" complete="1" fileType="audio" variant="f16d1b90-1374-4d15-9072-7ecec8d9b6ba" />
</Timelines>
</Segment>
<Segment duration="1001" startOffset="144060" endOffset="145061">
<File name="chunk-stream0-00145.m4s" type="video">
<FileVariant size="553313" variant="f16d1b90-1374-4d15-9072-7ecec8d9b6ba" />
</File>
<File name="chunk-stream1-00145.m4s" type="audio">
<FileVariant size="29832" variant="f16d1b90-1374-4d15-9072-7ecec8d9b6ba" />
</File>
<Timelines>
<Download startTime="15667" endTime="15772" complete="1" fileType="video" variant="f16d1b90-1374-4d15-9072-7ecec8d9b6ba">
<Pause type="segmentWait" startTime="15667" endTime="15767" />
</Download>
<Download startTime="15677" endTime="15787" complete="1" fileType="audio" variant="f16d1b90-1374-4d15-9072-7ecec8d9b6ba">
<Pause type="segmentWait" startTime="15677" endTime="15778" />
</Download>
<Transcode startTime="15588" endTime="15765" complete="1" fileType="video" variant="f16d1b90-1374-4d15-9072-7ecec8d9b6ba" />
<Transcode startTime="15588" endTime="15766" complete="1" fileType="audio" variant="f16d1b90-1374-4d15-9072-7ecec8d9b6ba" />
</Timelines>
</Segment>
<Segment duration="1001" startOffset="145061" endOffset="146062">
<File name="chunk-stream0-00146.m4s" type="video">
<FileVariant size="619658" variant="f16d1b90-1374-4d15-9072-7ecec8d9b6ba" />
</File>
<File name="chunk-stream1-00146.m4s" type="audio">
<FileVariant size="30460" variant="f16d1b90-1374-4d15-9072-7ecec8d9b6ba" />
</File>
<Timelines>
<Download startTime="15790" endTime="15995" complete="1" fileType="audio" variant="f16d1b90-1374-4d15-9072-7ecec8d9b6ba">
<Pause type="segmentWait" startTime="15790" endTime="15992" />
</Download>
<Transcode startTime="15765" endTime="15953" complete="1" fileType="video" variant="f16d1b90-1374-4d15-9072-7ecec8d9b6ba" />
<Transcode startTime="15766" endTime="15953" complete="1" fileType="audio" variant="f16d1b90-1374-4d15-9072-7ecec8d9b6ba" />
</Timelines>
</Segment>
<Segment duration="1001" startOffset="146062" endOffset="147063">
<File name="chunk-stream0-00147.m4s" type="video">
<FileVariant size="566199" variant="f16d1b90-1374-4d15-9072-7ecec8d9b6ba" />
</File>
<File name="chunk-stream1-00147.m4s" type="audio">
<FileVariant size="30439" variant="f16d1b90-1374-4d15-9072-7ecec8d9b6ba" />
</File>
<Timelines>
<Transcode startTime="15953" endTime="16117" complete="1" fileType="video" variant="f16d1b90-1374-4d15-9072-7ecec8d9b6ba" />
<Transcode startTime="15953" endTime="16117" complete="1" fileType="audio" variant="f16d1b90-1374-4d15-9072-7ecec8d9b6ba" />
</Timelines>
</Segment>
<Segment duration="1001" startOffset="147063" endOffset="148064">
<File name="chunk-stream0-00148.m4s" type="video">
<FileVariant size="470942" variant="f16d1b90-1374-4d15-9072-7ecec8d9b6ba" />
</File>
<File name="chunk-stream1-00148.m4s" type="audio">
<FileVariant size="30416" variant="f16d1b90-1374-4d15-9072-7ecec8d9b6ba" />
</File>
<Timelines>
<Transcode startTime="16117" endTime="16277" complete="1" fileType="video" variant="f16d1b90-1374-4d15-9072-7ecec8d9b6ba" />
<Transcode startTime="16117" endTime="16277" complete="1" fileType="audio" variant="f16d1b90-1374-4d15-9072-7ecec8d9b6ba" />
</Timelines>
</Segment>
<Segment duration="1001" startOffset="148064" endOffset="149065">
<File name="chunk-stream0-00149.m4s" type="video">
<FileVariant size="553768" variant="f16d1b90-1374-4d15-9072-7ecec8d9b6ba" />
</File>
<File name="chunk-stream1-00149.m4s" type="audio">
<FileVariant size="30580" variant="f16d1b90-1374-4d15-9072-7ecec8d9b6ba" />
</File>
<Timelines>
<Transcode startTime="16277" endTime="16420" complete="1" fileType="video" variant="f16d1b90-1374-4d15-9072-7ecec8d9b6ba" />
<Transcode startTime="16277" endTime="16420" complete="1" fileType="audio" variant="f16d1b90-1374-4d15-9072-7ecec8d9b6ba" />
</Timelines>
</Segment>
<Segment duration="1001" startOffset="149065" endOffset="150066">
<File name="chunk-stream0-00150.m4s" type="video">
<FileVariant size="489630" variant="f16d1b90-1374-4d15-9072-7ecec8d9b6ba" />
</File>
<File name="chunk-stream1-00150.m4s" type="audio">
<FileVariant size="30448" variant="f16d1b90-1374-4d15-9072-7ecec8d9b6ba" />
</File>
<Timelines>
<Transcode startTime="16420" endTime="16555" complete="1" fileType="video" variant="f16d1b90-1374-4d15-9072-7ecec8d9b6ba" />
<Transcode startTime="16420" endTime="16555" complete="1" fileType="audio" variant="f16d1b90-1374-4d15-9072-7ecec8d9b6ba" />
</Timelines>
</Segment>
<Segment duration="1001" startOffset="150066" endOffset="151067">
<File name="chunk-stream0-00151.m4s" type="video">
<FileVariant size="528031" variant="f16d1b90-1374-4d15-9072-7ecec8d9b6ba" />
</File>
<File name="chunk-stream1-00151.m4s" type="audio">
<FileVariant size="30412" variant="f16d1b90-1374-4d15-9072-7ecec8d9b6ba" />
</File>
<Timelines>
<Transcode startTime="16555" endTime="16713" complete="1" fileType="video" variant="f16d1b90-1374-4d15-9072-7ecec8d9b6ba" />
<Transcode startTime="16555" endTime="16713" complete="1" fileType="audio" variant="f16d1b90-1374-4d15-9072-7ecec8d9b6ba" />
</Timelines>
</Segment>
<Segment duration="1001" startOffset="151067" endOffset="152068">
<File name="chunk-stream0-00152.m4s" type="video">
<FileVariant size="707925" variant="f16d1b90-1374-4d15-9072-7ecec8d9b6ba" />
</File>
<File name="chunk-stream1-00152.m4s" type="audio">
<FileVariant size="30479" variant="f16d1b90-1374-4d15-9072-7ecec8d9b6ba" />
</File>
<Timelines>
<Transcode startTime="16713" endTime="16839" complete="1" fileType="video" variant="f16d1b90-1374-4d15-9072-7ecec8d9b6ba" />
<Transcode startTime="16713" endTime="16839" complete="1" fileType="audio" variant="f16d1b90-1374-4d15-9072-7ecec8d9b6ba" />
</Timelines>
</Segment>
<Segment duration="1001" startOffset="152068" endOffset="153069">
<File name="chunk-stream0-00153.m4s" type="video">
<FileVariant size="391320" variant="f16d1b90-1374-4d15-9072-7ecec8d9b6ba" />
</File>
<File name="chunk-stream1-00153.m4s" type="audio">
<FileVariant size="30477" variant="f16d1b90-1374-4d15-9072-7ecec8d9b6ba" />
</File>
<Timelines>
<Transcode startTime="16839" endTime="16970" complete="1" fileType="video" variant="f16d1b90-1374-4d15-9072-7ecec8d9b6ba" />
<Transcode startTime="16839" endTime="16970" complete="1" fileType="audio" variant="f16d1b90-1374-4d15-9072-7ecec8d9b6ba" />
</Timelines>
</Segment>
<Segment duration="1001" startOffset="153069" endOffset="154070">
<File name="chunk-stream0-00154.m4s" type="video">
<FileVariant size="383178" variant="f16d1b90-1374-4d15-9072-7ecec8d9b6ba" />
</File>
<File name="chunk-stream1-00154.m4s" type="audio">
<FileVariant size="30464" variant="f16d1b90-1374-4d15-9072-7ecec8d9b6ba" />
</File>
<Timelines>
<Transcode startTime="16970" endTime="17125" complete="1" fileType="video" variant="f16d1b90-1374-4d15-9072-7ecec8d9b6ba" />
<Transcode startTime="16970" endTime="17125" complete="1" fileType="audio" variant="f16d1b90-1374-4d15-9072-7ecec8d9b6ba" />
</Timelines>
</Segment>
<Segment duration="1001" startOffset="154070" endOffset="155071">
<File name="chunk-stream0-00155.m4s" type="video">
<FileVariant size="416433" variant="f16d1b90-1374-4d15-9072-7ecec8d9b6ba" />
</File>
<File name="chunk-stream1-00155.m4s" type="audio">
<FileVariant size="30392" variant="f16d1b90-1374-4d15-9072-7ecec8d9b6ba" />
</File>
<Timelines>
<Transcode startTime="17125" endTime="17260" complete="1" fileType="video" variant="f16d1b90-1374-4d15-9072-7ecec8d9b6ba" />
<Transcode startTime="17125" endTime="17260" complete="1" fileType="audio" variant="f16d1b90-1374-4d15-9072-7ecec8d9b6ba" />
</Timelines>
</Segment>
<Segment duration="1001" startOffset="155071" endOffset="156072">
<File name="chunk-stream0-00156.m4s" type="video">
<FileVariant size="439308" variant="f16d1b90-1374-4d15-9072-7ecec8d9b6ba" />
</File>
<File name="chunk-stream1-00156.m4s" type="audio">
<FileVariant size="30484" variant="f16d1b90-1374-4d15-9072-7ecec8d9b6ba" />
</File>
<Timelines>
<Transcode startTime="17260" endTime="17390" complete="1" fileType="video" variant="f16d1b90-1374-4d15-9072-7ecec8d9b6ba" />
<Transcode startTime="17260" endTime="17390" complete="1" fileType="audio" variant="f16d1b90-1374-4d15-9072-7ecec8d9b6ba" />
</Timelines>
</Segment>
<Segment duration="959" startOffset="156072" endOffset="157032">
<File name="chunk-stream0-00157.m4s" type="video">
<FileVariant size="328645" variant="f16d1b90-1374-4d15-9072-7ecec8d9b6ba" />
</File>
<File name="chunk-stream1-00157.m4s" type="audio">
<FileVariant size="29199" variant="f16d1b90-1374-4d15-9072-7ecec8d9b6ba" />
</File>
<Timelines>
<Transcode startTime="17390" endTime="17514" complete="1" fileType="video" variant="f16d1b90-1374-4d15-9072-7ecec8d9b6ba" />
<Transcode startTime="17390" endTime="17514" complete="1" fileType="audio" variant="f16d1b90-1374-4d15-9072-7ecec8d9b6ba" />
</Timelines>
</Segment>
<Segment duration="1001" startOffset="157032" endOffset="158033">
<File name="chunk-stream0-00158.m4s" type="video">
<FileVariant size="338290" variant="f16d1b90-1374-4d15-9072-7ecec8d9b6ba" />
</File>
<File name="chunk-stream1-00158.m4s" type="audio">
<FileVariant size="30424" variant="f16d1b90-1374-4d15-9072-7ecec8d9b6ba" />
</File>
<Timelines>
<Transcode startTime="17514" endTime="17645" complete="1" fileType="video" variant="f16d1b90-1374-4d15-9072-7ecec8d9b6ba" />
<Transcode startTime="17514" endTime="17645" complete="1" fileType="audio" variant="f16d1b90-1374-4d15-9072-7ecec8d9b6ba" />
</Timelines>
</Segment>
<Segment duration="1001" startOffset="158033" endOffset="159034">
<File name="chunk-stream0-00159.m4s" type="video">
<FileVariant size="339150" variant="f16d1b90-1374-4d15-9072-7ecec8d9b6ba" />
</File>
<File name="chunk-stream1-00159.m4s" type="audio">
<FileVariant size="29791" variant="f16d1b90-1374-4d15-9072-7ecec8d9b6ba" />
</File>
<Timelines>
<Transcode startTime="17645" endTime="17781" complete="1" fileType="video" variant="f16d1b90-1374-4d15-9072-7ecec8d9b6ba" />
<Transcode startTime="17645" endTime="17781" complete="1" fileType="audio" variant="f16d1b90-1374-4d15-9072-7ecec8d9b6ba" />
</Timelines>
</Segment>
<Segment duration="1001" startOffset="159034" endOffset="160035">
<File name="chunk-stream0-00160.m4s" type="video">
<FileVariant size="325358" variant="f16d1b90-1374-4d15-9072-7ecec8d9b6ba" />
</File>
<File name="chunk-stream1-00160.m4s" type="audio">
<FileVariant size="30477" variant="f16d1b90-1374-4d15-9072-7ecec8d9b6ba" />
</File>
<Timelines>
<Transcode startTime="17781" endTime="17915" complete="1" fileType="video" variant="f16d1b90-1374-4d15-9072-7ecec8d9b6ba" />
<Transcode startTime="17781" endTime="17916" complete="1" fileType="audio" variant="f16d1b90-1374-4d15-9072-7ecec8d9b6ba" />
</Timelines>
</Segment>
<Segment duration="1001" startOffset="160035" endOffset="161036">
<File name="chunk-stream0-00161.m4s" type="video">
<FileVariant size="363369" variant="f16d1b90-1374-4d15-9072-7ecec8d9b6ba" />
</File>
<File name="chunk-stream1-00161.m4s" type="audio">
<FileVariant size="30438" variant="f16d1b90-1374-4d15-9072-7ecec8d9b6ba" />
</File>
<Timelines>
<Transcode startTime="17915" endTime="18079" complete="1" fileType="video" variant="f16d1b90-1374-4d15-9072-7ecec8d9b6ba" />
<Transcode startTime="17916" endTime="18080" complete="1" fileType="audio" variant="f16d1b90-1374-4d15-9072-7ecec8d9b6ba" />
</Timelines>
</Segment>
<Segment duration="1001" startOffset="161036" endOffset="162037">
<File name="chunk-stream0-00162.m4s" type="video">
<FileVariant size="317241" variant="f16d1b90-1374-4d15-9072-7ecec8d9b6ba" />
</File>
<File name="chunk-stream1-00162.m4s" type="audio">
<FileVariant size="32054" variant="f16d1b90-1374-4d15-9072-7ecec8d9b6ba" />
</File>
<Timelines>
<Transcode startTime="18079" endTime="18220" complete="1" fileType="video" variant="f16d1b90-1374-4d15-9072-7ecec8d9b6ba" />
<Transcode startTime="18080" endTime="18221" complete="1" fileType="audio" variant="f16d1b90-1374-4d15-9072-7ecec8d9b6ba" />
</Timelines>
</Segment>
<Segment duration="0" startOffset="164040" endOffset="164040">
<File name="sub-chunk-00015" type="subs">
<FileVariant size="57" variant="f16d1b90-1374-4d15-9072-7ecec8d9b6ba" />
</File>
<Timelines>
<Transcode startTime="13870" endTime="18308" complete="1" fileType="subs" variant="f16d1b90-1374-4d15-9072-7ecec8d9b6ba" />
</Timelines>
</Segment>
<Segment duration="1001" startOffset="162037" endOffset="163038">
<File name="chunk-stream0-00163.m4s" type="video">
<FileVariant size="307888" variant="f16d1b90-1374-4d15-9072-7ecec8d9b6ba" />
</File>
<File name="chunk-stream1-00163.m4s" type="audio">
<FileVariant size="30444" variant="f16d1b90-1374-4d15-9072-7ecec8d9b6ba" />
</File>
<Timelines>
<Transcode startTime="18220" endTime="18331" complete="1" fileType="video" variant="f16d1b90-1374-4d15-9072-7ecec8d9b6ba" />
<Transcode startTime="18221" endTime="18331" complete="1" fileType="audio" variant="f16d1b90-1374-4d15-9072-7ecec8d9b6ba" />
</Timelines>
</Segment>
<Segment duration="1001" startOffset="163038" endOffset="164039">
<File name="chunk-stream0-00164.m4s" type="video">
<FileVariant size="312378" variant="f16d1b90-1374-4d15-9072-7ecec8d9b6ba" />
</File>
<File name="chunk-stream1-00164.m4s" type="audio">
<FileVariant size="30755" variant="f16d1b90-1374-4d15-9072-7ecec8d9b6ba" />
</File>
<Timelines>
<Transcode startTime="18331" endTime="18466" complete="1" fileType="video" variant="f16d1b90-1374-4d15-9072-7ecec8d9b6ba" />
<Transcode startTime="18331" endTime="18466" complete="1" fileType="audio" variant="f16d1b90-1374-4d15-9072-7ecec8d9b6ba" />
</Timelines>
</Segment>
<Segment duration="0" startOffset="166040" endOffset="166040">
<File name="sub-chunk-00016" type="subs">
<FileVariant size="70" variant="f16d1b90-1374-4d15-9072-7ecec8d9b6ba" />
</File>
<Timelines>
<Transcode startTime="18308" endTime="18572" complete="1" fileType="subs" variant="f16d1b90-1374-4d15-9072-7ecec8d9b6ba" />
</Timelines>
</Segment>
<Segment duration="1001" startOffset="164039" endOffset="165040">
<File name="chunk-stream0-00165.m4s" type="video">
<FileVariant size="313116" variant="f16d1b90-1374-4d15-9072-7ecec8d9b6ba" />
</File>
<File name="chunk-stream1-00165.m4s" type="audio">
<FileVariant size="31284" variant="f16d1b90-1374-4d15-9072-7ecec8d9b6ba" />
</File>
<Timelines>
<Transcode startTime="18466" endTime="18591" complete="1" fileType="video" variant="f16d1b90-1374-4d15-9072-7ecec8d9b6ba" />
<Transcode startTime="18466" endTime="18591" complete="1" fileType="audio" variant="f16d1b90-1374-4d15-9072-7ecec8d9b6ba" />
</Timelines>
</Segment>
<Segment duration="1001" startOffset="165040" endOffset="166041">
<File name="chunk-stream0-00166.m4s" type="video">
<FileVariant size="332146" variant="f16d1b90-1374-4d15-9072-7ecec8d9b6ba" />
</File>
<File name="chunk-stream1-00166.m4s" type="audio">
<FileVariant size="30392" variant="f16d1b90-1374-4d15-9072-7ecec8d9b6ba" />
</File>
<Timelines>
<Transcode startTime="18591" endTime="18711" complete="1" fileType="video" variant="f16d1b90-1374-4d15-9072-7ecec8d9b6ba" />
<Transcode startTime="18591" endTime="18711" complete="1" fileType="audio" variant="f16d1b90-1374-4d15-9072-7ecec8d9b6ba" />
</Timelines>
</Segment>
<Segment duration="1001" startOffset="166041" endOffset="167042">
<File name="chunk-stream0-00167.m4s" type="video">
<FileVariant size="326980" variant="f16d1b90-1374-4d15-9072-7ecec8d9b6ba" />
</File>
<File name="chunk-stream1-00167.m4s" type="audio">
<FileVariant size="30790" variant="f16d1b90-1374-4d15-9072-7ecec8d9b6ba" />
</File>
<Timelines>
<Transcode startTime="18711" endTime="18844" complete="1" fileType="video" variant="f16d1b90-1374-4d15-9072-7ecec8d9b6ba" />
<Transcode startTime="18711" endTime="18844" complete="1" fileType="audio" variant="f16d1b90-1374-4d15-9072-7ecec8d9b6ba" />
</Timelines>
</Segment>
<Segment duration="0" startOffset="168630" endOffset="168630">
<File name="sub-chunk-00017" type="subs">
<FileVariant size="68" variant="f16d1b90-1374-4d15-9072-7ecec8d9b6ba" />
</File>
<Timelines>
<Transcode startTime="18572" endTime="18893" complete="1" fileType="subs" variant="f16d1b90-1374-4d15-9072-7ecec8d9b6ba" />
</Timelines>
</Segment>
<Segment duration="1001" startOffset="167042" endOffset="168043">
<File name="chunk-stream0-00168.m4s" type="video">
<FileVariant size="333842" variant="f16d1b90-1374-4d15-9072-7ecec8d9b6ba" />
</File>
<File name="chunk-stream1-00168.m4s" type="audio">
<FileVariant size="30477" variant="f16d1b90-1374-4d15-9072-7ecec8d9b6ba" />
</File>
<Timelines>
<Transcode startTime="18844" endTime="18986" complete="1" fileType="video" variant="f16d1b90-1374-4d15-9072-7ecec8d9b6ba" />
<Transcode startTime="18844" endTime="18986" complete="1" fileType="audio" variant="f16d1b90-1374-4d15-9072-7ecec8d9b6ba" />
</Timelines>
</Segment>
<Segment duration="1001" startOffset="168043" endOffset="169044">
<File name="chunk-stream0-00169.m4s" type="video">
<FileVariant size="341381" variant="f16d1b90-1374-4d15-9072-7ecec8d9b6ba" />
</File>
<File name="chunk-stream1-00169.m4s" type="audio">
<FileVariant size="31542" variant="f16d1b90-1374-4d15-9072-7ecec8d9b6ba" />
</File>
<Timelines>
<Transcode startTime="18986" endTime="19123" complete="1" fileType="video" variant="f16d1b90-1374-4d15-9072-7ecec8d9b6ba" />
<Transcode startTime="18986" endTime="19123" complete="1" fileType="audio" variant="f16d1b90-1374-4d15-9072-7ecec8d9b6ba" />
</Timelines>
</Segment>
<Segment duration="0" startOffset="171090" endOffset="171090">
<File name="sub-chunk-00018" type="subs">
<FileVariant size="0" variant="f16d1b90-1374-4d15-9072-7ecec8d9b6ba" />
</File>
<Timelines>
<Transcode startTime="18893" endTime="19221" complete="1" fileType="subs" variant="f16d1b90-1374-4d15-9072-7ecec8d9b6ba" />
</Timelines>
</Segment>
<Segment duration="1001" startOffset="169044" endOffset="170045">
<File name="chunk-stream0-00170.m4s" type="video">
<FileVariant size="328157" variant="f16d1b90-1374-4d15-9072-7ecec8d9b6ba" />
</File>
<File name="chunk-stream1-00170.m4s" type="audio">
<FileVariant size="32129" variant="f16d1b90-1374-4d15-9072-7ecec8d9b6ba" />
</File>
<Timelines>
<Transcode startTime="19123" endTime="19241" complete="1" fileType="video" variant="f16d1b90-1374-4d15-9072-7ecec8d9b6ba" />
<Transcode startTime="19123" endTime="19241" complete="1" fileType="audio" variant="f16d1b90-1374-4d15-9072-7ecec8d9b6ba" />
</Timelines>
</Segment>
<Segment duration="1001" startOffset="170045" endOffset="171046">
<File name="chunk-stream0-00171.m4s" type="video">
<FileVariant size="328932" variant="f16d1b90-1374-4d15-9072-7ecec8d9b6ba" />
</File>
<File name="chunk-stream1-00171.m4s" type="audio">
<FileVariant size="29828" variant="f16d1b90-1374-4d15-9072-7ecec8d9b6ba" />
</File>
<Timelines>
<Transcode startTime="19241" endTime="19363" complete="1" fileType="video" variant="f16d1b90-1374-4d15-9072-7ecec8d9b6ba" />
<Transcode startTime="19241" endTime="19363" complete="1" fileType="audio" variant="f16d1b90-1374-4d15-9072-7ecec8d9b6ba" />
</Timelines>
</Segment>
<Segment duration="1001" startOffset="171046" endOffset="172047">
<File name="chunk-stream0-00172.m4s" type="video">
<FileVariant size="327876" variant="f16d1b90-1374-4d15-9072-7ecec8d9b6ba" />
</File>
<File name="chunk-stream1-00172.m4s" type="audio">
<FileVariant size="31210" variant="f16d1b90-1374-4d15-9072-7ecec8d9b6ba" />
</File>
<Timelines>
<Transcode startTime="19363" endTime="19501" complete="1" fileType="video" variant="f16d1b90-1374-4d15-9072-7ecec8d9b6ba" />
<Transcode startTime="19363" endTime="19501" complete="1" fileType="audio" variant="f16d1b90-1374-4d15-9072-7ecec8d9b6ba" />
</Timelines>
</Segment>
<Segment duration="1001" startOffset="172047" endOffset="173048">
<File name="chunk-stream0-00173.m4s" type="video">
<FileVariant size="325670" variant="f16d1b90-1374-4d15-9072-7ecec8d9b6ba" />
</File>
<File name="chunk-stream1-00173.m4s" type="audio">
<FileVariant size="30259" variant="f16d1b90-1374-4d15-9072-7ecec8d9b6ba" />
</File>
<Timelines>
<Transcode startTime="19501" endTime="19632" complete="1" fileType="video" variant="f16d1b90-1374-4d15-9072-7ecec8d9b6ba" />
<Transcode startTime="19501" endTime="19632" complete="1" fileType="audio" variant="f16d1b90-1374-4d15-9072-7ecec8d9b6ba" />
</Timelines>
</Segment>
<Segment duration="0" startOffset="174970" endOffset="174970">
<File name="sub-chunk-00019" type="subs">
<FileVariant size="78" variant="f16d1b90-1374-4d15-9072-7ecec8d9b6ba" />
</File>
<Timelines>
<Transcode startTime="19221" endTime="19724" complete="1" fileType="subs" variant="f16d1b90-1374-4d15-9072-7ecec8d9b6ba" />
</Timelines>
</Segment>
<Segment duration="1001" startOffset="173048" endOffset="174049">
<File name="chunk-stream0-00174.m4s" type="video">
<FileVariant size="323820" variant="f16d1b90-1374-4d15-9072-7ecec8d9b6ba" />
</File>
<File name="chunk-stream1-00174.m4s" type="audio">
<FileVariant size="30468" variant="f16d1b90-1374-4d15-9072-7ecec8d9b6ba" />
</File>
<Timelines>
<Transcode startTime="19632" endTime="19769" complete="1" fileType="video" variant="f16d1b90-1374-4d15-9072-7ecec8d9b6ba" />
<Transcode startTime="19632" endTime="19769" complete="1" fileType="audio" variant="f16d1b90-1374-4d15-9072-7ecec8d9b6ba" />
</Timelines>
</Segment>
<Segment duration="1001" startOffset="174049" endOffset="175050">
<File name="chunk-stream0-00175.m4s" type="video">
<FileVariant size="322390" variant="f16d1b90-1374-4d15-9072-7ecec8d9b6ba" />
</File>
<File name="chunk-stream1-00175.m4s" type="audio">
<FileVariant size="30934" variant="f16d1b90-1374-4d15-9072-7ecec8d9b6ba" />
</File>
<Timelines>
<Transcode startTime="19769" endTime="19892" complete="1" fileType="video" variant="f16d1b90-1374-4d15-9072-7ecec8d9b6ba" />
<Transcode startTime="19769" endTime="19893" complete="1" fileType="audio" variant="f16d1b90-1374-4d15-9072-7ecec8d9b6ba" />
</Timelines>
</Segment>
<Segment duration="1001" startOffset="175050" endOffset="176051">
<File name="chunk-stream0-00176.m4s" type="video">
<FileVariant size="319938" variant="f16d1b90-1374-4d15-9072-7ecec8d9b6ba" />
</File>
<File name="chunk-stream1-00176.m4s" type="audio">
<FileVariant size="33434" variant="f16d1b90-1374-4d15-9072-7ecec8d9b6ba" />
</File>
<Timelines>
<Transcode startTime="19892" endTime="20021" complete="1" fileType="video" variant="f16d1b90-1374-4d15-9072-7ecec8d9b6ba" />
<Transcode startTime="19893" endTime="20022" complete="1" fileType="audio" variant="f16d1b90-1374-4d15-9072-7ecec8d9b6ba" />
</Timelines>
</Segment>
<Segment duration="1001" startOffset="176051" endOffset="177052">
<File name="chunk-stream0-00177.m4s" type="video">
<FileVariant size="315775" variant="f16d1b90-1374-4d15-9072-7ecec8d9b6ba" />
</File>
<File name="chunk-stream1-00177.m4s" type="audio">
<FileVariant size="30338" variant="f16d1b90-1374-4d15-9072-7ecec8d9b6ba" />
</File>
<Timelines>
<Transcode startTime="20021" endTime="20176" complete="1" fileType="video" variant="f16d1b90-1374-4d15-9072-7ecec8d9b6ba" />
<Transcode startTime="20022" endTime="20177" complete="1" fileType="audio" variant="f16d1b90-1374-4d15-9072-7ecec8d9b6ba" />
</Timelines>
</Segment>
<Segment duration="1001" startOffset="177052" endOffset="178053">
<File name="chunk-stream0-00178.m4s" type="video">
<FileVariant size="441873" variant="f16d1b90-1374-4d15-9072-7ecec8d9b6ba" />
</File>
<File name="chunk-stream1-00178.m4s" type="audio">
<FileVariant size="30523" variant="f16d1b90-1374-4d15-9072-7ecec8d9b6ba" />
</File>
<Timelines>
<Transcode startTime="20176" endTime="20327" complete="1" fileType="video" variant="f16d1b90-1374-4d15-9072-7ecec8d9b6ba" />
<Transcode startTime="20177" endTime="20327" complete="1" fileType="audio" variant="f16d1b90-1374-4d15-9072-7ecec8d9b6ba" />
</Timelines>
</Segment>
<Segment duration="0" startOffset="179760" endOffset="179760">
<File name="sub-chunk-00020" type="subs">
<FileVariant size="57" variant="f16d1b90-1374-4d15-9072-7ecec8d9b6ba" />
</File>
<Timelines>
<Transcode startTime="19724" endTime="20401" complete="1" fileType="subs" variant="f16d1b90-1374-4d15-9072-7ecec8d9b6ba" />
</Timelines>
</Segment>
<Segment duration="1001" startOffset="178053" endOffset="179054">
<File name="chunk-stream0-00179.m4s" type="video">
<FileVariant size="298843" variant="f16d1b90-1374-4d15-9072-7ecec8d9b6ba" />
</File>
<File name="chunk-stream1-00179.m4s" type="audio">
<FileVariant size="30435" variant="f16d1b90-1374-4d15-9072-7ecec8d9b6ba" />
</File>
<Timelines>
<Transcode startTime="20327" endTime="20486" complete="1" fileType="video" variant="f16d1b90-1374-4d15-9072-7ecec8d9b6ba" />
<Transcode startTime="20327" endTime="20486" complete="1" fileType="audio" variant="f16d1b90-1374-4d15-9072-7ecec8d9b6ba" />
</Timelines>
</Segment>
<Segment duration="1001" startOffset="179054" endOffset="180055">
<File name="chunk-stream0-00180.m4s" type="video">
<FileVariant size="276445" variant="f16d1b90-1374-4d15-9072-7ecec8d9b6ba" />
</File>
<File name="chunk-stream1-00180.m4s" type="audio">
<FileVariant size="30551" variant="f16d1b90-1374-4d15-9072-7ecec8d9b6ba" />
</File>
<Timelines>
<Transcode startTime="20486" endTime="20654" complete="1" fileType="video" variant="f16d1b90-1374-4d15-9072-7ecec8d9b6ba" />
<Transcode startTime="20486" endTime="20655" complete="1" fileType="audio" variant="f16d1b90-1374-4d15-9072-7ecec8d9b6ba" />
</Timelines>
</Segment>
<Segment duration="0" startOffset="181640" endOffset="181640">
<File name="sub-chunk-00021" type="subs">
<FileVariant size="72" variant="f16d1b90-1374-4d15-9072-7ecec8d9b6ba" />
</File>
<Timelines>
<Transcode startTime="20401" endTime="20714" complete="1" fileType="subs" variant="f16d1b90-1374-4d15-9072-7ecec8d9b6ba" />
</Timelines>
</Segment>
<Segment duration="1001" startOffset="180055" endOffset="181056">
<File name="chunk-stream0-00181.m4s" type="video">
<FileVariant size="330896" variant="f16d1b90-1374-4d15-9072-7ecec8d9b6ba" />
</File>
<File name="chunk-stream1-00181.m4s" type="audio">
<FileVariant size="30706" variant="f16d1b90-1374-4d15-9072-7ecec8d9b6ba" />
</File>
<Timelines>
<Transcode startTime="20654" endTime="20805" complete="1" fileType="video" variant="f16d1b90-1374-4d15-9072-7ecec8d9b6ba" />
<Transcode startTime="20655" endTime="20807" complete="1" fileType="audio" variant="f16d1b90-1374-4d15-9072-7ecec8d9b6ba" />
</Timelines>
</Segment>
<Segment duration="1001" startOffset="181056" endOffset="182057">
<File name="chunk-stream0-00182.m4s" type="video">
<FileVariant size="291450" variant="f16d1b90-1374-4d15-9072-7ecec8d9b6ba" />
</File>
<File name="chunk-stream1-00182.m4s" type="audio">
<FileVariant size="30703" variant="f16d1b90-1374-4d15-9072-7ecec8d9b6ba" />
</File>
<Timelines>
<Transcode startTime="20805" endTime="20992" complete="1" fileType="video" variant="f16d1b90-1374-4d15-9072-7ecec8d9b6ba" />
<Transcode startTime="20807" endTime="20993" complete="1" fileType="audio" variant="f16d1b90-1374-4d15-9072-7ecec8d9b6ba" />
</Timelines>
</Segment>
<Segment duration="0" startOffset="183520" endOffset="183520">
<File name="sub-chunk-00022" type="subs">
<FileVariant size="80" variant="f16d1b90-1374-4d15-9072-7ecec8d9b6ba" />
</File>
<Timelines>
<Transcode startTime="20714" endTime="21023" complete="1" fileType="subs" variant="f16d1b90-1374-4d15-9072-7ecec8d9b6ba" />
</Timelines>
</Segment>
<Segment duration="1001" startOffset="182057" endOffset="183058">
<File name="chunk-stream0-00183.m4s" type="video">
<FileVariant size="257567" variant="f16d1b90-1374-4d15-9072-7ecec8d9b6ba" />
</File>
<File name="chunk-stream1-00183.m4s" type="audio">
<FileVariant size="31432" variant="f16d1b90-1374-4d15-9072-7ecec8d9b6ba" />
</File>
<Timelines>
<Transcode startTime="20992" endTime="21135" complete="1" fileType="video" variant="f16d1b90-1374-4d15-9072-7ecec8d9b6ba" />
<Transcode startTime="20993" endTime="21136" complete="1" fileType="audio" variant="f16d1b90-1374-4d15-9072-7ecec8d9b6ba" />
</Timelines>
</Segment>
<Segment duration="1001" startOffset="183058" endOffset="184059">
<File name="chunk-stream0-00184.m4s" type="video">
<FileVariant size="230108" variant="f16d1b90-1374-4d15-9072-7ecec8d9b6ba" />
</File>
<File name="chunk-stream1-00184.m4s" type="audio">
<FileVariant size="32106" variant="f16d1b90-1374-4d15-9072-7ecec8d9b6ba" />
</File>
<Timelines>
<Transcode startTime="21135" endTime="21308" complete="1" fileType="video" variant="f16d1b90-1374-4d15-9072-7ecec8d9b6ba" />
<Transcode startTime="21136" endTime="21308" complete="1" fileType="audio" variant="f16d1b90-1374-4d15-9072-7ecec8d9b6ba" />
</Timelines>
</Segment>
<Segment duration="1001" startOffset="184059" endOffset="185060">
<File name="chunk-stream0-00185.m4s" type="video">
<FileVariant size="570951" variant="f16d1b90-1374-4d15-9072-7ecec8d9b6ba" />
</File>
<File name="chunk-stream1-00185.m4s" type="audio">
<FileVariant size="31014" variant="f16d1b90-1374-4d15-9072-7ecec8d9b6ba" />
</File>
<Timelines>
<Transcode startTime="21308" endTime="21478" complete="1" fileType="video" variant="f16d1b90-1374-4d15-9072-7ecec8d9b6ba" />
<Transcode startTime="21308" endTime="21479" complete="1" fileType="audio" variant="f16d1b90-1374-4d15-9072-7ecec8d9b6ba" />
</Timelines>
</Segment>
<Segment duration="0" startOffset="186770" endOffset="186770">
<File name="sub-chunk-00023" type="subs">
<FileVariant size="81" variant="f16d1b90-1374-4d15-9072-7ecec8d9b6ba" />
</File>
<Timelines>
<Transcode startTime="21023" endTime="21551" complete="1" fileType="subs" variant="f16d1b90-1374-4d15-9072-7ecec8d9b6ba" />
</Timelines>
</Segment>
<Segment duration="1001" startOffset="185060" endOffset="186061">
<File name="chunk-stream0-00186.m4s" type="video">
<FileVariant size="581262" variant="f16d1b90-1374-4d15-9072-7ecec8d9b6ba" />
</File>
<File name="chunk-stream1-00186.m4s" type="audio">
<FileVariant size="32497" variant="f16d1b90-1374-4d15-9072-7ecec8d9b6ba" />
</File>
<Timelines>
<Transcode startTime="21478" endTime="21639" complete="1" fileType="video" variant="f16d1b90-1374-4d15-9072-7ecec8d9b6ba" />
<Transcode startTime="21479" endTime="21640" complete="1" fileType="audio" variant="f16d1b90-1374-4d15-9072-7ecec8d9b6ba" />
</Timelines>
</Segment>
<Segment duration="1001" startOffset="186061" endOffset="187062">
<File name="chunk-stream0-00187.m4s" type="video">
<FileVariant size="577484" variant="f16d1b90-1374-4d15-9072-7ecec8d9b6ba" />
</File>
<File name="chunk-stream1-00187.m4s" type="audio">
<FileVariant size="30774" variant="f16d1b90-1374-4d15-9072-7ecec8d9b6ba" />
</File>
<Timelines>
<Transcode startTime="21639" endTime="21803" complete="1" fileType="video" variant="f16d1b90-1374-4d15-9072-7ecec8d9b6ba" />
<Transcode startTime="21640" endTime="21804" complete="1" fileType="audio" variant="f16d1b90-1374-4d15-9072-7ecec8d9b6ba" />
</Timelines>
</Segment>
<Segment duration="0" startOffset="189150" endOffset="189150">
<File name="sub-chunk-00024" type="subs">
<FileVariant size="0" variant="f16d1b90-1374-4d15-9072-7ecec8d9b6ba" />
</File>
<Timelines>
<Transcode startTime="21551" endTime="21944" complete="1" fileType="subs" variant="f16d1b90-1374-4d15-9072-7ecec8d9b6ba" />
</Timelines>
</Segment>
<Segment duration="1001" startOffset="187062" endOffset="188063">
<File name="chunk-stream0-00188.m4s" type="video">
<FileVariant size="528793" variant="f16d1b90-1374-4d15-9072-7ecec8d9b6ba" />
</File>
<File name="chunk-stream1-00188.m4s" type="audio">
<FileVariant size="32656" variant="f16d1b90-1374-4d15-9072-7ecec8d9b6ba" />
</File>
<Timelines>
<Transcode startTime="21803" endTime="21959" complete="1" fileType="video" variant="f16d1b90-1374-4d15-9072-7ecec8d9b6ba" />
<Transcode startTime="21804" endTime="21961" complete="1" fileType="audio" variant="f16d1b90-1374-4d15-9072-7ecec8d9b6ba" />
</Timelines>
</Segment>
<Segment duration="1001" startOffset="188063" endOffset="189064">
<File name="chunk-stream0-00189.m4s" type="video">
<FileVariant size="481469" variant="f16d1b90-1374-4d15-9072-7ecec8d9b6ba" />
</File>
<File name="chunk-stream1-00189.m4s" type="audio">
<FileVariant size="30887" variant="f16d1b90-1374-4d15-9072-7ecec8d9b6ba" />
</File>
<Timelines>
<Transcode startTime="21959" endTime="22095" complete="1" fileType="video" variant="f16d1b90-1374-4d15-9072-7ecec8d9b6ba" />
<Transcode startTime="21961" endTime="22095" complete="1" fileType="audio" variant="f16d1b90-1374-4d15-9072-7ecec8d9b6ba" />
</Timelines>
</Segment>
<Segment duration="1001" startOffset="189064" endOffset="190065">
<File name="chunk-stream0-00190.m4s" type="video">
<FileVariant size="438431" variant="f16d1b90-1374-4d15-9072-7ecec8d9b6ba" />
</File>
<File name="chunk-stream1-00190.m4s" type="audio">
<FileVariant size="33661" variant="f16d1b90-1374-4d15-9072-7ecec8d9b6ba" />
</File>
<Timelines>
<Transcode startTime="22095" endTime="22245" complete="1" fileType="video" variant="f16d1b90-1374-4d15-9072-7ecec8d9b6ba" />
<Transcode startTime="22095" endTime="22245" complete="1" fileType="audio" variant="f16d1b90-1374-4d15-9072-7ecec8d9b6ba" />
</Timelines>
</Segment>
<Segment duration="1001" startOffset="190065" endOffset="191066">
<File name="chunk-stream0-00191.m4s" type="video">
<FileVariant size="425150" variant="f16d1b90-1374-4d15-9072-7ecec8d9b6ba" />
</File>
<File name="chunk-stream1-00191.m4s" type="audio">
<FileVariant size="31152" variant="f16d1b90-1374-4d15-9072-7ecec8d9b6ba" />
</File>
<Timelines>
<Transcode startTime="22245" endTime="22402" complete="1" fileType="video" variant="f16d1b90-1374-4d15-9072-7ecec8d9b6ba" />
<Transcode startTime="22245" endTime="22402" complete="1" fileType="audio" variant="f16d1b90-1374-4d15-9072-7ecec8d9b6ba" />
</Timelines>
</Segment>
<Segment duration="1001" startOffset="191066" endOffset="192067">
<File name="chunk-stream0-00192.m4s" type="video">
<FileVariant size="417090" variant="f16d1b90-1374-4d15-9072-7ecec8d9b6ba" />
</File>
<File name="chunk-stream1-00192.m4s" type="audio">
<FileVariant size="30463" variant="f16d1b90-1374-4d15-9072-7ecec8d9b6ba" />
</File>
<Timelines>
<Transcode startTime="22402" endTime="22540" complete="1" fileType="video" variant="f16d1b90-1374-4d15-9072-7ecec8d9b6ba" />
<Transcode startTime="22402" endTime="22543" complete="1" fileType="audio" variant="f16d1b90-1374-4d15-9072-7ecec8d9b6ba" />
</Timelines>
</Segment>
<Segment duration="1001" startOffset="192067" endOffset="193068">
<File name="chunk-stream0-00193.m4s" type="video">
<FileVariant size="465189" variant="f16d1b90-1374-4d15-9072-7ecec8d9b6ba" />
</File>
<File name="chunk-stream1-00193.m4s" type="audio">
<FileVariant size="30481" variant="f16d1b90-1374-4d15-9072-7ecec8d9b6ba" />
</File>
<Timelines>
<Transcode startTime="22540" endTime="22690" complete="1" fileType="video" variant="f16d1b90-1374-4d15-9072-7ecec8d9b6ba" />
<Transcode startTime="22543" endTime="22690" complete="1" fileType="audio" variant="f16d1b90-1374-4d15-9072-7ecec8d9b6ba" />
</Timelines>
</Segment>
<Segment duration="1001" startOffset="193068" endOffset="194069">
<File name="chunk-stream0-00194.m4s" type="video">
<FileVariant size="414112" variant="f16d1b90-1374-4d15-9072-7ecec8d9b6ba" />
</File>
<File name="chunk-stream1-00194.m4s" type="audio">
<FileVariant size="30450" variant="f16d1b90-1374-4d15-9072-7ecec8d9b6ba" />
</File>
<Timelines>
<Transcode startTime="22690" endTime="22835" complete="1" fileType="video" variant="f16d1b90-1374-4d15-9072-7ecec8d9b6ba" />
<Transcode startTime="22690" endTime="22836" complete="1" fileType="audio" variant="f16d1b90-1374-4d15-9072-7ecec8d9b6ba" />
</Timelines>
</Segment>
<Segment duration="1001" startOffset="194069" endOffset="195070">
<File name="chunk-stream0-00195.m4s" type="video">
<FileVariant size="432366" variant="f16d1b90-1374-4d15-9072-7ecec8d9b6ba" />
</File>
<File name="chunk-stream1-00195.m4s" type="audio">
<FileVariant size="30445" variant="f16d1b90-1374-4d15-9072-7ecec8d9b6ba" />
</File>
<Timelines>
<Transcode startTime="22835" endTime="22970" complete="1" fileType="video" variant="f16d1b90-1374-4d15-9072-7ecec8d9b6ba" />
<Transcode startTime="22836" endTime="22971" complete="1" fileType="audio" variant="f16d1b90-1374-4d15-9072-7ecec8d9b6ba" />
</Timelines>
</Segment>
<Segment duration="1001" startOffset="195070" endOffset="196071">
<File name="chunk-stream0-00196.m4s" type="video">
<FileVariant size="420803" variant="f16d1b90-1374-4d15-9072-7ecec8d9b6ba" />
</File>
<File name="chunk-stream1-00196.m4s" type="audio">
<FileVariant size="30472" variant="f16d1b90-1374-4d15-9072-7ecec8d9b6ba" />
</File>
<Timelines>
<Transcode startTime="22970" endTime="23106" complete="1" fileType="video" variant="f16d1b90-1374-4d15-9072-7ecec8d9b6ba" />
<Transcode startTime="22971" endTime="23107" complete="1" fileType="audio" variant="f16d1b90-1374-4d15-9072-7ecec8d9b6ba" />
</Timelines>
</Segment>
<Segment duration="1001" startOffset="196071" endOffset="197072">
<File name="chunk-stream0-00197.m4s" type="video">
<FileVariant size="428034" variant="f16d1b90-1374-4d15-9072-7ecec8d9b6ba" />
</File>
<File name="chunk-stream1-00197.m4s" type="audio">
<FileVariant size="29822" variant="f16d1b90-1374-4d15-9072-7ecec8d9b6ba" />
</File>
<Timelines>
<Transcode startTime="23106" endTime="23296" complete="1" fileType="video" variant="f16d1b90-1374-4d15-9072-7ecec8d9b6ba" />
<Transcode startTime="23107" endTime="23296" complete="1" fileType="audio" variant="f16d1b90-1374-4d15-9072-7ecec8d9b6ba" />
</Timelines>
</Segment>
<Segment duration="1001" startOffset="197072" endOffset="198073">
<File name="chunk-stream0-00198.m4s" type="video">
<FileVariant size="469475" variant="f16d1b90-1374-4d15-9072-7ecec8d9b6ba" />
</File>
<File name="chunk-stream1-00198.m4s" type="audio">
<FileVariant size="30423" variant="f16d1b90-1374-4d15-9072-7ecec8d9b6ba" />
</File>
<Timelines>
<Transcode startTime="23296" endTime="23439" complete="1" fileType="video" variant="f16d1b90-1374-4d15-9072-7ecec8d9b6ba" />
<Transcode startTime="23296" endTime="23440" complete="1" fileType="audio" variant="f16d1b90-1374-4d15-9072-7ecec8d9b6ba" />
</Timelines>
</Segment>
<Segment duration="959" startOffset="198073" endOffset="199032">
<File name="chunk-stream0-00199.m4s" type="video">
<FileVariant size="471061" variant="f16d1b90-1374-4d15-9072-7ecec8d9b6ba" />
</File>
<File name="chunk-stream1-00199.m4s" type="audio">
<FileVariant size="29186" variant="f16d1b90-1374-4d15-9072-7ecec8d9b6ba" />
</File>
<Timelines>
<Transcode startTime="23439" endTime="23566" complete="1" fileType="video" variant="f16d1b90-1374-4d15-9072-7ecec8d9b6ba" />
<Transcode startTime="23440" endTime="23567" complete="1" fileType="audio" variant="f16d1b90-1374-4d15-9072-7ecec8d9b6ba" />
</Timelines>
</Segment>
<Segment duration="1001" startOffset="199032" endOffset="200033">
<File name="chunk-stream0-00200.m4s" type="video">
<FileVariant size="448705" variant="f16d1b90-1374-4d15-9072-7ecec8d9b6ba" />
</File>
<File name="chunk-stream1-00200.m4s" type="audio">
<FileVariant size="30408" variant="f16d1b90-1374-4d15-9072-7ecec8d9b6ba" />
</File>
<Timelines>
<Transcode startTime="23566" endTime="23728" complete="1" fileType="video" variant="f16d1b90-1374-4d15-9072-7ecec8d9b6ba" />
<Transcode startTime="23567" endTime="23729" complete="1" fileType="audio" variant="f16d1b90-1374-4d15-9072-7ecec8d9b6ba" />
</Timelines>
</Segment>
<Segment duration="1001" startOffset="200033" endOffset="201034">
<File name="chunk-stream0-00201.m4s" type="video">
<FileVariant size="515205" variant="f16d1b90-1374-4d15-9072-7ecec8d9b6ba" />
</File>
<File name="chunk-stream1-00201.m4s" type="audio">
<FileVariant size="30499" variant="f16d1b90-1374-4d15-9072-7ecec8d9b6ba" />
</File>
<Timelines>
<Transcode startTime="23728" endTime="23882" complete="1" fileType="video" variant="f16d1b90-1374-4d15-9072-7ecec8d9b6ba" />
<Transcode startTime="23729" endTime="23882" complete="1" fileType="audio" variant="f16d1b90-1374-4d15-9072-7ecec8d9b6ba" />
</Timelines>
</Segment>
<Segment duration="1001" startOffset="201034" endOffset="202035">
<File name="chunk-stream0-00202.m4s" type="video">
<FileVariant size="468347" variant="f16d1b90-1374-4d15-9072-7ecec8d9b6ba" />
</File>
<File name="chunk-stream1-00202.m4s" type="audio">
<FileVariant size="30451" variant="f16d1b90-1374-4d15-9072-7ecec8d9b6ba" />
</File>
<Timelines>
<Transcode startTime="23882" endTime="24037" complete="1" fileType="video" variant="f16d1b90-1374-4d15-9072-7ecec8d9b6ba" />
<Transcode startTime="23882" endTime="24037" complete="1" fileType="audio" variant="f16d1b90-1374-4d15-9072-7ecec8d9b6ba" />
</Timelines>
</Segment>
<Segment duration="1001" startOffset="202035" endOffset="203036">
<File name="chunk-stream0-00203.m4s" type="video">
<FileVariant size="436423" variant="f16d1b90-1374-4d15-9072-7ecec8d9b6ba" />
</File>
<File name="chunk-stream1-00203.m4s" type="audio">
<FileVariant size="30448" variant="f16d1b90-1374-4d15-9072-7ecec8d9b6ba" />
</File>
<Timelines>
<Transcode startTime="24037" endTime="24170" complete="1" fileType="video" variant="f16d1b90-1374-4d15-9072-7ecec8d9b6ba" />
<Transcode startTime="24037" endTime="24171" complete="1" fileType="audio" variant="f16d1b90-1374-4d15-9072-7ecec8d9b6ba" />
</Timelines>
</Segment>
<Segment duration="0" startOffset="204870" endOffset="204870">
<File name="sub-chunk-00025" type="subs">
<FileVariant size="57" variant="f16d1b90-1374-4d15-9072-7ecec8d9b6ba" />
</File>
<Timelines>
<Transcode startTime="21944" endTime="24254" complete="1" fileType="subs" variant="f16d1b90-1374-4d15-9072-7ecec8d9b6ba" />
</Timelines>
</Segment>
<Segment duration="1001" startOffset="203036" endOffset="204037">
<File name="chunk-stream0-00204.m4s" type="video">
<FileVariant size="427801" variant="f16d1b90-1374-4d15-9072-7ecec8d9b6ba" />
</File>
<File name="chunk-stream1-00204.m4s" type="audio">
<FileVariant size="30451" variant="f16d1b90-1374-4d15-9072-7ecec8d9b6ba" />
</File>
<Timelines>
<Transcode startTime="24170" endTime="24316" complete="1" fileType="video" variant="f16d1b90-1374-4d15-9072-7ecec8d9b6ba" />
<Transcode startTime="24171" endTime="24316" complete="1" fileType="audio" variant="f16d1b90-1374-4d15-9072-7ecec8d9b6ba" />
</Timelines>
</Segment>
<Segment duration="1001" startOffset="204037" endOffset="205038">
<File name="chunk-stream0-00205.m4s" type="video">
<FileVariant size="433138" variant="f16d1b90-1374-4d15-9072-7ecec8d9b6ba" />
</File>
<File name="chunk-stream1-00205.m4s" type="audio">
<FileVariant size="30461" variant="f16d1b90-1374-4d15-9072-7ecec8d9b6ba" />
</File>
<Timelines>
<Transcode startTime="24316" endTime="24457" complete="1" fileType="video" variant="f16d1b90-1374-4d15-9072-7ecec8d9b6ba" />
<Transcode startTime="24316" endTime="24458" complete="1" fileType="audio" variant="f16d1b90-1374-4d15-9072-7ecec8d9b6ba" />
</Timelines>
</Segment>
<Segment duration="0" startOffset="206960" endOffset="206960">
<File name="sub-chunk-00026" type="subs">
<FileVariant size="61" variant="f16d1b90-1374-4d15-9072-7ecec8d9b6ba" />
</File>
<Timelines>
<Transcode startTime="24254" endTime="24543" complete="1" fileType="subs" variant="f16d1b90-1374-4d15-9072-7ecec8d9b6ba" />
</Timelines>
</Segment>
<Segment duration="1001" startOffset="205038" endOffset="206039">
<File name="chunk-stream0-00206.m4s" type="video">
<FileVariant size="422739" variant="f16d1b90-1374-4d15-9072-7ecec8d9b6ba" />
</File>
<File name="chunk-stream1-00206.m4s" type="audio">
<FileVariant size="30568" variant="f16d1b90-1374-4d15-9072-7ecec8d9b6ba" />
</File>
<Timelines>
<Transcode startTime="24457" endTime="24589" complete="1" fileType="video" variant="f16d1b90-1374-4d15-9072-7ecec8d9b6ba" />
<Transcode startTime="24458" endTime="24589" complete="1" fileType="audio" variant="f16d1b90-1374-4d15-9072-7ecec8d9b6ba" />
</Timelines>
</Segment>
<Segment duration="1001" startOffset="206039" endOffset="207040">
<File name="chunk-stream0-00207.m4s" type="video">
<FileVariant size="408061" variant="f16d1b90-1374-4d15-9072-7ecec8d9b6ba" />
</File>
<File name="chunk-stream1-00207.m4s" type="audio">
<FileVariant size="30774" variant="f16d1b90-1374-4d15-9072-7ecec8d9b6ba" />
</File>
<Timelines>
<Transcode startTime="24589" endTime="24747" complete="1" fileType="video" variant="f16d1b90-1374-4d15-9072-7ecec8d9b6ba" />
<Transcode startTime="24589" endTime="24748" complete="1" fileType="audio" variant="f16d1b90-1374-4d15-9072-7ecec8d9b6ba" />
</Timelines>
</Segment>
<Segment duration="0" startOffset="208500" endOffset="208500">
<File name="sub-chunk-00027" type="subs">
<FileVariant size="0" variant="f16d1b90-1374-4d15-9072-7ecec8d9b6ba" />
</File>
<Timelines>
<Transcode startTime="24543" endTime="24772" complete="1" fileType="subs" variant="f16d1b90-1374-4d15-9072-7ecec8d9b6ba" />
</Timelines>
</Segment>
<Segment duration="1001" startOffset="207040" endOffset="208041">
<File name="chunk-stream0-00208.m4s" type="video">
<FileVariant size="419663" variant="f16d1b90-1374-4d15-9072-7ecec8d9b6ba" />
</File>
<File name="chunk-stream1-00208.m4s" type="audio">
<FileVariant size="32716" variant="f16d1b90-1374-4d15-9072-7ecec8d9b6ba" />
</File>
<Timelines>
<Transcode startTime="24747" endTime="24903" complete="1" fileType="video" variant="f16d1b90-1374-4d15-9072-7ecec8d9b6ba" />
<Transcode startTime="24748" endTime="24903" complete="1" fileType="audio" variant="f16d1b90-1374-4d15-9072-7ecec8d9b6ba" />
</Timelines>
</Segment>
<Segment duration="1001" startOffset="208041" endOffset="209042">
<File name="chunk-stream0-00209.m4s" type="video">
<FileVariant size="615539" variant="f16d1b90-1374-4d15-9072-7ecec8d9b6ba" />
</File>
<File name="chunk-stream1-00209.m4s" type="audio">
<FileVariant size="32301" variant="f16d1b90-1374-4d15-9072-7ecec8d9b6ba" />
</File>
<Timelines>
<Transcode startTime="24903" endTime="25082" complete="1" fileType="video" variant="f16d1b90-1374-4d15-9072-7ecec8d9b6ba" />
<Transcode startTime="24903" endTime="25083" complete="1" fileType="audio" variant="f16d1b90-1374-4d15-9072-7ecec8d9b6ba" />
</Timelines>
</Segment>
<Segment duration="1001" startOffset="209042" endOffset="210043">
<File name="chunk-stream0-00210.m4s" type="video">
<FileVariant size="402766" variant="f16d1b90-1374-4d15-9072-7ecec8d9b6ba" />
</File>
<File name="chunk-stream1-00210.m4s" type="audio">
<FileVariant size="31884" variant="f16d1b90-1374-4d15-9072-7ecec8d9b6ba" />
</File>
<Timelines>
<Transcode startTime="25082" endTime="29370" complete="1" fileType="video" variant="f16d1b90-1374-4d15-9072-7ecec8d9b6ba" />
<Transcode startTime="25083" endTime="29371" complete="1" fileType="audio" variant="f16d1b90-1374-4d15-9072-7ecec8d9b6ba" />
</Timelines>
</Segment>
<Segment duration="1001" startOffset="210043" endOffset="211044">
<File name="chunk-stream0-00211.m4s" type="video">
<FileVariant size="373274" variant="f16d1b90-1374-4d15-9072-7ecec8d9b6ba" />
</File>
<File name="chunk-stream1-00211.m4s" type="audio">
<FileVariant size="31733" variant="f16d1b90-1374-4d15-9072-7ecec8d9b6ba" />
</File>
<Timelines>
<Transcode startTime="29370" endTime="35521" complete="1" fileType="video" variant="f16d1b90-1374-4d15-9072-7ecec8d9b6ba" />
<Transcode startTime="29371" endTime="35521" complete="1" fileType="audio" variant="f16d1b90-1374-4d15-9072-7ecec8d9b6ba" />
</Timelines>
</Segment>
<Segment duration="0" startOffset="212920" endOffset="212920">
<File name="sub-chunk-00028" type="subs">
<FileVariant size="67" variant="f16d1b90-1374-4d15-9072-7ecec8d9b6ba" />
</File>
<Timelines>
<Transcode startTime="24772" endTime="39055" complete="1" fileType="subs" variant="f16d1b90-1374-4d15-9072-7ecec8d9b6ba" />
</Timelines>
</Segment>
<Segment duration="1001" startOffset="211044" endOffset="212045">
<File name="chunk-stream0-00212.m4s" type="video">
<FileVariant size="680233" variant="f16d1b90-1374-4d15-9072-7ecec8d9b6ba" />
</File>
<File name="chunk-stream1-00212.m4s" type="audio">
<FileVariant size="30508" variant="f16d1b90-1374-4d15-9072-7ecec8d9b6ba" />
</File>
<Timelines>
<Transcode startTime="35521" endTime="41673" complete="1" fileType="video" variant="f16d1b90-1374-4d15-9072-7ecec8d9b6ba" />
<Transcode startTime="35521" endTime="41673" complete="1" fileType="audio" variant="f16d1b90-1374-4d15-9072-7ecec8d9b6ba" />
</Timelines>
</Segment>
<Segment duration="0" startOffset="214170" endOffset="214170">
<File name="sub-chunk-00029" type="subs">
<FileVariant size="70" variant="f16d1b90-1374-4d15-9072-7ecec8d9b6ba" />
</File>
<Timelines>
<Transcode startTime="39055" endTime="46660" complete="1" fileType="subs" variant="f16d1b90-1374-4d15-9072-7ecec8d9b6ba" />
</Timelines>
</Segment>
<Segment duration="1001" startOffset="212045" endOffset="213046">
<File name="chunk-stream0-00213.m4s" type="video">
<FileVariant size="564323" variant="f16d1b90-1374-4d15-9072-7ecec8d9b6ba" />
</File>
<File name="chunk-stream1-00213.m4s" type="audio">
<FileVariant size="30379" variant="f16d1b90-1374-4d15-9072-7ecec8d9b6ba" />
</File>
<Timelines>
<Transcode startTime="41673" endTime="47895" complete="1" fileType="video" variant="f16d1b90-1374-4d15-9072-7ecec8d9b6ba" />
<Transcode startTime="41673" endTime="47895" complete="1" fileType="audio" variant="f16d1b90-1374-4d15-9072-7ecec8d9b6ba" />
</Timelines>
</Segment>
<Segment duration="1001" startOffset="213046" endOffset="214047">
<File name="chunk-stream0-00214.m4s" type="video">
<FileVariant size="532266" variant="f16d1b90-1374-4d15-9072-7ecec8d9b6ba" />
</File>
<File name="chunk-stream1-00214.m4s" type="audio">
<FileVariant size="30921" variant="f16d1b90-1374-4d15-9072-7ecec8d9b6ba" />
</File>
<Timelines>
<Transcode startTime="47895" endTime="53908" complete="1" fileType="video" variant="f16d1b90-1374-4d15-9072-7ecec8d9b6ba" />
<Transcode startTime="47895" endTime="53908" complete="1" fileType="audio" variant="f16d1b90-1374-4d15-9072-7ecec8d9b6ba" />
</Timelines>
</Segment>
<Segment duration="0" startOffset="215510" endOffset="215510">
<File name="sub-chunk-00030" type="subs">
<FileVariant size="124" variant="f16d1b90-1374-4d15-9072-7ecec8d9b6ba" />
</File>
<Timelines>
<Transcode startTime="46660" endTime="55393" complete="1" fileType="subs" variant="f16d1b90-1374-4d15-9072-7ecec8d9b6ba" />
</Timelines>
</Segment>
<Segment duration="1001" startOffset="214047" endOffset="215048">
<File name="chunk-stream0-00215.m4s" type="video">
<FileVariant size="596603" variant="f16d1b90-1374-4d15-9072-7ecec8d9b6ba" />
</File>
<File name="chunk-stream1-00215.m4s" type="audio">
<FileVariant size="31605" variant="f16d1b90-1374-4d15-9072-7ecec8d9b6ba" />
</File>
<Timelines>
<Transcode startTime="53908" endTime="60036" complete="1" fileType="video" variant="f16d1b90-1374-4d15-9072-7ecec8d9b6ba" />
<Transcode startTime="53908" endTime="60036" complete="1" fileType="audio" variant="f16d1b90-1374-4d15-9072-7ecec8d9b6ba" />
</Timelines>
</Segment>
<Segment duration="1001" startOffset="215048" endOffset="216049">
<File name="chunk-stream0-00216.m4s" type="video">
<FileVariant size="391525" variant="f16d1b90-1374-4d15-9072-7ecec8d9b6ba" />
</File>
<File name="chunk-stream1-00216.m4s" type="audio">
<FileVariant size="31107" variant="f16d1b90-1374-4d15-9072-7ecec8d9b6ba" />
</File>
<Timelines>
<Transcode startTime="60036" endTime="66070" complete="1" fileType="video" variant="f16d1b90-1374-4d15-9072-7ecec8d9b6ba" />
<Transcode startTime="60036" endTime="66070" complete="1" fileType="audio" variant="f16d1b90-1374-4d15-9072-7ecec8d9b6ba" />
</Timelines>
</Segment>
<Segment duration="1001" startOffset="216049" endOffset="217050">
<File name="chunk-stream0-00217.m4s" type="video">
<FileVariant size="376249" variant="f16d1b90-1374-4d15-9072-7ecec8d9b6ba" />
</File>
<File name="chunk-stream1-00217.m4s" type="audio">
<FileVariant size="32577" variant="f16d1b90-1374-4d15-9072-7ecec8d9b6ba" />
</File>
<Timelines>
<Transcode startTime="66070" endTime="71314" complete="1" fileType="video" variant="f16d1b90-1374-4d15-9072-7ecec8d9b6ba" />
<Transcode startTime="66070" endTime="71315" complete="1" fileType="audio" variant="f16d1b90-1374-4d15-9072-7ecec8d9b6ba" />
</Timelines>
</Segment>
<Segment duration="1001" startOffset="217050" endOffset="218051">
<File name="chunk-stream0-00218.m4s" type="video">
<FileVariant size="373481" variant="f16d1b90-1374-4d15-9072-7ecec8d9b6ba" />
</File>
<File name="chunk-stream1-00218.m4s" type="audio">
<FileVariant size="32189" variant="f16d1b90-1374-4d15-9072-7ecec8d9b6ba" />
</File>
<Timelines>
<Transcode startTime="71314" endTime="77119" complete="1" fileType="video" variant="f16d1b90-1374-4d15-9072-7ecec8d9b6ba" />
<Transcode startTime="71315" endTime="77119" complete="1" fileType="audio" variant="f16d1b90-1374-4d15-9072-7ecec8d9b6ba" />
</Timelines>
</Segment>
<Segment duration="0" startOffset="219850" endOffset="219850">
<File name="sub-chunk-00031" type="subs">
<FileVariant size="98" variant="f16d1b90-1374-4d15-9072-7ecec8d9b6ba" />
</File>
<Timelines>
<Transcode startTime="55393" endTime="81270" complete="1" fileType="subs" variant="f16d1b90-1374-4d15-9072-7ecec8d9b6ba" />
</Timelines>
</Segment>
<Segment duration="1001" startOffset="218051" endOffset="219052">
<File name="chunk-stream0-00219.m4s" type="video">
<FileVariant size="581734" variant="f16d1b90-1374-4d15-9072-7ecec8d9b6ba" />
</File>
<File name="chunk-stream1-00219.m4s" type="audio">
<FileVariant size="33990" variant="f16d1b90-1374-4d15-9072-7ecec8d9b6ba" />
</File>
<Timelines>
<Transcode startTime="77119" endTime="83204" complete="1" fileType="video" variant="f16d1b90-1374-4d15-9072-7ecec8d9b6ba" />
<Transcode startTime="77119" endTime="83204" complete="1" fileType="audio" variant="f16d1b90-1374-4d15-9072-7ecec8d9b6ba" />
</Timelines>
</Segment>
<Segment duration="1001" startOffset="219052" endOffset="220053">
<File name="chunk-stream0-00220.m4s" type="video">
<FileVariant size="491950" variant="f16d1b90-1374-4d15-9072-7ecec8d9b6ba" />
</File>
<File name="chunk-stream1-00220.m4s" type="audio">
<FileVariant size="31874" variant="f16d1b90-1374-4d15-9072-7ecec8d9b6ba" />
</File>
<Timelines>
<Transcode startTime="83204" endTime="89542" complete="1" fileType="video" variant="f16d1b90-1374-4d15-9072-7ecec8d9b6ba" />
<Transcode startTime="83204" endTime="89542" complete="1" fileType="audio" variant="f16d1b90-1374-4d15-9072-7ecec8d9b6ba" />
</Timelines>
</Segment>
<Segment duration="0" startOffset="222100" endOffset="222100">
<File name="sub-chunk-00032" type="subs">
<FileVariant size="80" variant="f16d1b90-1374-4d15-9072-7ecec8d9b6ba" />
</File>
<Timelines>
<Transcode startTime="81270" endTime="94274" complete="1" fileType="subs" variant="f16d1b90-1374-4d15-9072-7ecec8d9b6ba" />
</Timelines>
</Segment>
<Segment duration="1001" startOffset="220053" endOffset="221054">
<File name="chunk-stream0-00221.m4s" type="video">
<FileVariant size="748194" variant="f16d1b90-1374-4d15-9072-7ecec8d9b6ba" />
</File>
<File name="chunk-stream1-00221.m4s" type="audio">
<FileVariant size="32711" variant="f16d1b90-1374-4d15-9072-7ecec8d9b6ba" />
</File>
<Timelines>
<Transcode startTime="89542" endTime="95742" complete="1" fileType="video" variant="f16d1b90-1374-4d15-9072-7ecec8d9b6ba" />
<Transcode startTime="89542" endTime="95742" complete="1" fileType="audio" variant="f16d1b90-1374-4d15-9072-7ecec8d9b6ba" />
</Timelines>
</Segment>
<Segment duration="1001" startOffset="221054" endOffset="222055">
<File name="chunk-stream0-00222.m4s" type="video">
<FileVariant size="392822" variant="f16d1b90-1374-4d15-9072-7ecec8d9b6ba" />
</File>
<File name="chunk-stream1-00222.m4s" type="audio">
<FileVariant size="32458" variant="f16d1b90-1374-4d15-9072-7ecec8d9b6ba" />
</File>
<Timelines>
<Transcode startTime="95742" endTime="101825" complete="1" fileType="video" variant="f16d1b90-1374-4d15-9072-7ecec8d9b6ba" />
<Transcode startTime="95742" endTime="101825" complete="1" fileType="audio" variant="f16d1b90-1374-4d15-9072-7ecec8d9b6ba" />
</Timelines>
</Segment>
<Segment duration="0" startOffset="224270" endOffset="224270">
<File name="sub-chunk-00033" type="subs">
<FileVariant size="126" variant="f16d1b90-1374-4d15-9072-7ecec8d9b6ba" />
</File>
<Timelines>
<Transcode startTime="94274" endTime="108158" complete="1" fileType="subs" variant="f16d1b90-1374-4d15-9072-7ecec8d9b6ba" />
</Timelines>
</Segment>
<Segment duration="1001" startOffset="222055" endOffset="223056">
<File name="chunk-stream0-00223.m4s" type="video">
<FileVariant size="548881" variant="f16d1b90-1374-4d15-9072-7ecec8d9b6ba" />
</File>
<File name="chunk-stream1-00223.m4s" type="audio">
<FileVariant size="31168" variant="f16d1b90-1374-4d15-9072-7ecec8d9b6ba" />
</File>
<Timelines>
<Transcode startTime="101825" endTime="108163" complete="1" fileType="video" variant="f16d1b90-1374-4d15-9072-7ecec8d9b6ba" />
<Transcode startTime="101825" endTime="108163" complete="1" fileType="audio" variant="f16d1b90-1374-4d15-9072-7ecec8d9b6ba" />
</Timelines>
</Segment>
<Segment duration="1001" startOffset="223056" endOffset="224057">
<File name="chunk-stream0-00224.m4s" type="video">
<FileVariant size="638446" variant="f16d1b90-1374-4d15-9072-7ecec8d9b6ba" />
</File>
<File name="chunk-stream1-00224.m4s" type="audio">
<FileVariant size="31391" variant="f16d1b90-1374-4d15-9072-7ecec8d9b6ba" />
</File>
<Timelines>
<Transcode startTime="108163" endTime="113452" complete="1" fileType="video" variant="f16d1b90-1374-4d15-9072-7ecec8d9b6ba" />
<Transcode startTime="108163" endTime="113453" complete="1" fileType="audio" variant="f16d1b90-1374-4d15-9072-7ecec8d9b6ba" />
</Timelines>
</Segment>
<Segment duration="1001" startOffset="224057" endOffset="225058">
<File name="chunk-stream0-00225.m4s" type="video">
<FileVariant size="422641" variant="f16d1b90-1374-4d15-9072-7ecec8d9b6ba" />
</File>
<File name="chunk-stream1-00225.m4s" type="audio">
<FileVariant size="32756" variant="f16d1b90-1374-4d15-9072-7ecec8d9b6ba" />
</File>
<Timelines>
<Transcode startTime="113452" endTime="119438" complete="1" fileType="video" variant="f16d1b90-1374-4d15-9072-7ecec8d9b6ba" />
<Transcode startTime="113453" endTime="119438" complete="1" fileType="audio" variant="f16d1b90-1374-4d15-9072-7ecec8d9b6ba" />
</Timelines>
</Segment>
<Segment duration="1001" startOffset="225058" endOffset="226059">
<File name="chunk-stream0-00226.m4s" type="video">
<FileVariant size="442176" variant="f16d1b90-1374-4d15-9072-7ecec8d9b6ba" />
</File>
<File name="chunk-stream1-00226.m4s" type="audio">
<FileVariant size="32372" variant="f16d1b90-1374-4d15-9072-7ecec8d9b6ba" />
</File>
<Timelines>
<Transcode startTime="119438" endTime="125512" complete="1" fileType="video" variant="f16d1b90-1374-4d15-9072-7ecec8d9b6ba" />
<Transcode startTime="119438" endTime="125512" complete="1" fileType="audio" variant="f16d1b90-1374-4d15-9072-7ecec8d9b6ba" />
</Timelines>
</Segment>
<Segment duration="1001" startOffset="226059" endOffset="227060">
<File name="chunk-stream0-00227.m4s" type="video">
<FileVariant size="418790" variant="f16d1b90-1374-4d15-9072-7ecec8d9b6ba" />
</File>
<File name="chunk-stream1-00227.m4s" type="audio">
<FileVariant size="31932" variant="f16d1b90-1374-4d15-9072-7ecec8d9b6ba" />
</File>
<Timelines>
<Transcode startTime="125512" endTime="131999" complete="1" fileType="video" variant="f16d1b90-1374-4d15-9072-7ecec8d9b6ba" />
<Transcode startTime="125512" endTime="132000" complete="1" fileType="audio" variant="f16d1b90-1374-4d15-9072-7ecec8d9b6ba" />
</Timelines>
</Segment>
<Segment duration="0" startOffset="228520" endOffset="228520">
<File name="sub-chunk-00034" type="subs">
<FileVariant size="106" variant="f16d1b90-1374-4d15-9072-7ecec8d9b6ba" />
</File>
<Timelines>
<Transcode startTime="108158" endTime="133488" complete="1" fileType="subs" variant="f16d1b90-1374-4d15-9072-7ecec8d9b6ba" />
</Timelines>
</Segment>
<Segment duration="1001" startOffset="227060" endOffset="228061">
<File name="chunk-stream0-00228.m4s" type="video">
<FileVariant size="616052" variant="f16d1b90-1374-4d15-9072-7ecec8d9b6ba" />
</File>
<File name="chunk-stream1-00228.m4s" type="audio">
<FileVariant size="33945" variant="f16d1b90-1374-4d15-9072-7ecec8d9b6ba" />
</File>
<Timelines>
<Transcode startTime="131999" endTime="138195" complete="1" fileType="video" variant="f16d1b90-1374-4d15-9072-7ecec8d9b6ba" />
<Transcode startTime="132000" endTime="138195" complete="1" fileType="audio" variant="f16d1b90-1374-4d15-9072-7ecec8d9b6ba" />
</Timelines>
</Segment>
<Segment duration="0" startOffset="229980" endOffset="229980">
<File name="sub-chunk-00035" type="subs">
<FileVariant size="103" variant="f16d1b90-1374-4d15-9072-7ecec8d9b6ba" />
</File>
<Timelines>
<Transcode startTime="133488" endTime="141751" complete="1" fileType="subs" variant="f16d1b90-1374-4d15-9072-7ecec8d9b6ba" />
</Timelines>
</Segment>
<Segment duration="1001" startOffset="228061" endOffset="229062">
<File name="chunk-stream0-00229.m4s" type="video">
<FileVariant size="456929" variant="f16d1b90-1374-4d15-9072-7ecec8d9b6ba" />
</File>
<File name="chunk-stream1-00229.m4s" type="audio">
<FileVariant size="31368" variant="f16d1b90-1374-4d15-9072-7ecec8d9b6ba" />
</File>
<Timelines>
<Transcode startTime="138195" endTime="143498" complete="1" fileType="video" variant="f16d1b90-1374-4d15-9072-7ecec8d9b6ba" />
<Transcode startTime="138195" endTime="143498" complete="1" fileType="audio" variant="f16d1b90-1374-4d15-9072-7ecec8d9b6ba" />
</Timelines>
</Segment>
<Segment duration="1001" startOffset="229062" endOffset="230063">
<File name="chunk-stream0-00230.m4s" type="video">
<FileVariant size="451514" variant="f16d1b90-1374-4d15-9072-7ecec8d9b6ba" />
</File>
<File name="chunk-stream1-00230.m4s" type="audio">
<FileVariant size="33682" variant="f16d1b90-1374-4d15-9072-7ecec8d9b6ba" />
</File>
<Timelines>
<Transcode startTime="143498" endTime="149596" complete="1" fileType="video" variant="f16d1b90-1374-4d15-9072-7ecec8d9b6ba" />
<Transcode startTime="143498" endTime="149597" complete="1" fileType="audio" variant="f16d1b90-1374-4d15-9072-7ecec8d9b6ba" />
</Timelines>
</Segment>
<Segment duration="1001" startOffset="230063" endOffset="231064">
<File name="chunk-stream0-00231.m4s" type="video">
<FileVariant size="500162" variant="f16d1b90-1374-4d15-9072-7ecec8d9b6ba" />
</File>
<File name="chunk-stream1-00231.m4s" type="audio">
<FileVariant size="31084" variant="f16d1b90-1374-4d15-9072-7ecec8d9b6ba" />
</File>
<Timelines>
<Transcode startTime="149596" endTime="155641" complete="1" fileType="video" variant="f16d1b90-1374-4d15-9072-7ecec8d9b6ba" />
<Transcode startTime="149597" endTime="155641" complete="1" fileType="audio" variant="f16d1b90-1374-4d15-9072-7ecec8d9b6ba" />
</Timelines>
</Segment>
<Segment duration="0" startOffset="232940" endOffset="232940">
<File name="sub-chunk-00036" type="subs">
<FileVariant size="116" variant="f16d1b90-1374-4d15-9072-7ecec8d9b6ba" />
</File>
<Timelines>
<Transcode startTime="141751" endTime="159973" complete="1" fileType="subs" variant="f16d1b90-1374-4d15-9072-7ecec8d9b6ba" />
</Timelines>
</Segment>
<Segment duration="1001" startOffset="231064" endOffset="232065">
<File name="chunk-stream0-00232.m4s" type="video">
<FileVariant size="554803" variant="f16d1b90-1374-4d15-9072-7ecec8d9b6ba" />
</File>
<File name="chunk-stream1-00232.m4s" type="audio">
<FileVariant size="32136" variant="f16d1b90-1374-4d15-9072-7ecec8d9b6ba" />
</File>
<Timelines>
<Transcode startTime="155641" endTime="161794" complete="1" fileType="video" variant="f16d1b90-1374-4d15-9072-7ecec8d9b6ba" />
<Transcode startTime="155641" endTime="161794" complete="1" fileType="audio" variant="f16d1b90-1374-4d15-9072-7ecec8d9b6ba" />
</Timelines>
</Segment>
<Segment duration="1001" startOffset="232065" endOffset="233066">
<File name="chunk-stream0-00233.m4s" type="video">
<FileVariant size="291655" variant="f16d1b90-1374-4d15-9072-7ecec8d9b6ba" />
</File>
<File name="chunk-stream1-00233.m4s" type="audio">
<FileVariant size="31882" variant="f16d1b90-1374-4d15-9072-7ecec8d9b6ba" />
</File>
<Timelines>
<Transcode startTime="161794" endTime="167889" complete="1" fileType="video" variant="f16d1b90-1374-4d15-9072-7ecec8d9b6ba" />
<Transcode startTime="161794" endTime="167889" complete="1" fileType="audio" variant="f16d1b90-1374-4d15-9072-7ecec8d9b6ba" />
</Timelines>
</Segment>
<Segment duration="1001" startOffset="233066" endOffset="234067">
<File name="chunk-stream0-00234.m4s" type="video">
<FileVariant size="279237" variant="f16d1b90-1374-4d15-9072-7ecec8d9b6ba" />
</File>
<File name="chunk-stream1-00234.m4s" type="audio">
<FileVariant size="30989" variant="f16d1b90-1374-4d15-9072-7ecec8d9b6ba" />
</File>
<Timelines>
<Transcode startTime="167889" endTime="173893" complete="1" fileType="video" variant="f16d1b90-1374-4d15-9072-7ecec8d9b6ba" />
<Transcode startTime="167889" endTime="173894" complete="1" fileType="audio" variant="f16d1b90-1374-4d15-9072-7ecec8d9b6ba" />
</Timelines>
</Segment>
<Segment duration="1001" startOffset="234067" endOffset="235068">
<File name="chunk-stream0-00235.m4s" type="video">
<FileVariant size="293154" variant="f16d1b90-1374-4d15-9072-7ecec8d9b6ba" />
</File>
<File name="chunk-stream1-00235.m4s" type="audio">
<FileVariant size="31720" variant="f16d1b90-1374-4d15-9072-7ecec8d9b6ba" />
</File>
<Timelines>
<Transcode startTime="173893" endTime="179983" complete="1" fileType="video" variant="f16d1b90-1374-4d15-9072-7ecec8d9b6ba" />
<Transcode startTime="173894" endTime="179984" complete="1" fileType="audio" variant="f16d1b90-1374-4d15-9072-7ecec8d9b6ba" />
</Timelines>
</Segment>
<Segment duration="0" startOffset="237150" endOffset="237150">
<File name="sub-chunk-00037" type="subs">
<FileVariant size="83" variant="f16d1b90-1374-4d15-9072-7ecec8d9b6ba" />
</File>
<Timelines>
<Transcode startTime="159973" endTime="184857" complete="1" fileType="subs" variant="f16d1b90-1374-4d15-9072-7ecec8d9b6ba" />
</Timelines>
</Segment>
<Segment duration="1001" startOffset="235068" endOffset="236069">
<File name="chunk-stream0-00236.m4s" type="video">
<FileVariant size="312841" variant="f16d1b90-1374-4d15-9072-7ecec8d9b6ba" />
</File>
<File name="chunk-stream1-00236.m4s" type="audio">
<FileVariant size="30836" variant="f16d1b90-1374-4d15-9072-7ecec8d9b6ba" />
</File>
<Timelines>
<Transcode startTime="179983" endTime="186066" complete="1" fileType="video" variant="f16d1b90-1374-4d15-9072-7ecec8d9b6ba" />
<Transcode startTime="179984" endTime="186067" complete="1" fileType="audio" variant="f16d1b90-1374-4d15-9072-7ecec8d9b6ba" />
</Timelines>
</Segment>
<Segment duration="1001" startOffset="236069" endOffset="237070">
<File name="chunk-stream0-00237.m4s" type="video">
<FileVariant size="284671" variant="f16d1b90-1374-4d15-9072-7ecec8d9b6ba" />
</File>
<File name="chunk-stream1-00237.m4s" type="audio">
<FileVariant size="31404" variant="f16d1b90-1374-4d15-9072-7ecec8d9b6ba" />
</File>
<Timelines>
<Transcode startTime="186066" endTime="192145" complete="1" fileType="video" variant="f16d1b90-1374-4d15-9072-7ecec8d9b6ba" />
<Transcode startTime="186067" endTime="192146" complete="1" fileType="audio" variant="f16d1b90-1374-4d15-9072-7ecec8d9b6ba" />
</Timelines>
</Segment>
<Segment duration="0" startOffset="238950" endOffset="238950">
<File name="sub-chunk-00038" type="subs">
<FileVariant size="87" variant="f16d1b90-1374-4d15-9072-7ecec8d9b6ba" />
</File>
<Timelines>
<Transcode startTime="184857" endTime="195726" complete="1" fileType="subs" variant="f16d1b90-1374-4d15-9072-7ecec8d9b6ba" />
</Timelines>
</Segment>
<Segment duration="1001" startOffset="237070" endOffset="238071">
<File name="chunk-stream0-00238.m4s" type="video">
<FileVariant size="656179" variant="f16d1b90-1374-4d15-9072-7ecec8d9b6ba" />
</File>
<File name="chunk-stream1-00238.m4s" type="audio">
<FileVariant size="31971" variant="f16d1b90-1374-4d15-9072-7ecec8d9b6ba" />
</File>
<Timelines>
<Transcode startTime="192145" endTime="198332" complete="1" fileType="video" variant="f16d1b90-1374-4d15-9072-7ecec8d9b6ba" />
<Transcode startTime="192146" endTime="198332" complete="1" fileType="audio" variant="f16d1b90-1374-4d15-9072-7ecec8d9b6ba" />
</Timelines>
</Segment>
<Segment duration="1001" startOffset="238071" endOffset="239072">
<File name="chunk-stream0-00239.m4s" type="video">
<FileVariant size="494980" variant="f16d1b90-1374-4d15-9072-7ecec8d9b6ba" />
</File>
<File name="chunk-stream1-00239.m4s" type="audio">
<FileVariant size="31599" variant="f16d1b90-1374-4d15-9072-7ecec8d9b6ba" />
</File>
<Timelines>
<Transcode startTime="198332" endTime="203855" complete="1" fileType="video" variant="f16d1b90-1374-4d15-9072-7ecec8d9b6ba" />
<Transcode startTime="198332" endTime="203855" complete="1" fileType="audio" variant="f16d1b90-1374-4d15-9072-7ecec8d9b6ba" />
</Timelines>
</Segment>
<Segment duration="959" startOffset="239072" endOffset="240031">
<File name="chunk-stream0-00240.m4s" type="video">
<FileVariant size="537530" variant="f16d1b90-1374-4d15-9072-7ecec8d9b6ba" />
</File>
<File name="chunk-stream1-00240.m4s" type="audio">
<FileVariant size="30710" variant="f16d1b90-1374-4d15-9072-7ecec8d9b6ba" />
</File>
<Timelines>
<Transcode startTime="203855" endTime="209828" complete="1" fileType="video" variant="f16d1b90-1374-4d15-9072-7ecec8d9b6ba" />
<Transcode startTime="203855" endTime="209828" complete="1" fileType="audio" variant="f16d1b90-1374-4d15-9072-7ecec8d9b6ba" />
</Timelines>
</Segment>
<Segment duration="0" startOffset="241410" endOffset="241410">
<File name="sub-chunk-00039" type="subs">
<FileVariant size="0" variant="f16d1b90-1374-4d15-9072-7ecec8d9b6ba" />
</File>
<Timelines>
<Transcode startTime="195726" endTime="211135" complete="1" fileType="subs" variant="f16d1b90-1374-4d15-9072-7ecec8d9b6ba" />
</Timelines>
</Segment>
<Segment duration="1001" startOffset="240031" endOffset="241032">
<File name="chunk-stream0-00241.m4s" type="video">
<FileVariant size="313677" variant="f16d1b90-1374-4d15-9072-7ecec8d9b6ba" />
</File>
<File name="chunk-stream1-00241.m4s" type="audio">
<FileVariant size="30948" variant="f16d1b90-1374-4d15-9072-7ecec8d9b6ba" />
</File>
<Timelines>
<Transcode startTime="209828" endTime="216035" complete="1" fileType="video" variant="f16d1b90-1374-4d15-9072-7ecec8d9b6ba" />
<Transcode startTime="209828" endTime="216035" complete="1" fileType="audio" variant="f16d1b90-1374-4d15-9072-7ecec8d9b6ba" />
</Timelines>
</Segment>
<Segment duration="1001" startOffset="241032" endOffset="242033">
<File name="chunk-stream0-00242.m4s" type="video">
<FileVariant size="306603" variant="f16d1b90-1374-4d15-9072-7ecec8d9b6ba" />
</File>
<File name="chunk-stream1-00242.m4s" type="audio">
<FileVariant size="32445" variant="f16d1b90-1374-4d15-9072-7ecec8d9b6ba" />
</File>
<Timelines>
<Transcode startTime="216035" endTime="222033" complete="1" fileType="video" variant="f16d1b90-1374-4d15-9072-7ecec8d9b6ba" />
<Transcode startTime="216035" endTime="222033" complete="1" fileType="audio" variant="f16d1b90-1374-4d15-9072-7ecec8d9b6ba" />
</Timelines>
</Segment>
</SegmentList>
<PlaybackReports>
<Playback startTime="12976" endTime="22974" state="paused" progress="75000" />
<Playback startTime="22974" endTime="32979" state="paused" progress="75000" />
<Playback startTime="32979" endTime="42987" state="paused" progress="75000" />
<Playback startTime="42987" endTime="223426" state="paused" progress="75000" />
</PlaybackReports>
<StateReports />
<StateReports type="sloth">
<State startTime="25135" endTime="223426" slothMode="1" />
</StateReports>
</SessionReport>
