Mar 25, 2026 18:46:58.839 [281473420959968] INFO - Plex Media Server v1.43.0.10492-121068a07 - Docker Docker Container (LinuxServer.io) aarch64 - build: linux-aarch64 debian - GMT 01:00
Mar 25, 2026 18:46:58.839 [281473420959968] INFO - Linux version: 6.17.8-orbstack-00308-g8f9c941121b1, language: en-US
Mar 25, 2026 18:46:58.840 [281473420959968] INFO - Processor: 8-core Apple Swift
Mar 25, 2026 18:46:58.840 [281473420959968] INFO - Compiler is - Clang 11.0.1 (https://plex.tv 9b997da8e5b47bdb4a9425b3a3b290be393b4b1f)
Mar 25, 2026 18:46:58.840 [281473420959968] INFO - /usr/lib/plexmediaserver/Plex Media Server
Mar 25, 2026 18:46:58.733 [281473518960672] DEBUG - BPQ: [Idle] -> [Starting]
Mar 25, 2026 18:46:58.736 [281473518960672] DEBUG - FeatureManager: Using cached data for features list
Mar 25, 2026 18:46:58.740 [281473518960672] DEBUG - MyPlex: mapping state set to 'Unknown'.
Mar 25, 2026 18:46:58.741 [281473518960672] DEBUG - Relay: read 3 cached entries from hosts file
Mar 25, 2026 18:46:58.742 [281473518960672] DEBUG - Opening 20 database sessions to library (com.plexapp.plugins.library), SQLite 3.39.4, threadsafe=1
Mar 25, 2026 18:46:58.760 [281473518960672] INFO - SQLITE3:0xffffa91cf5b0, 283, recovered 780 frames from WAL file /config/Library/Application Support/Plex Media Server/Plug-in Support/Databases/com.plexapp.plugins.library.db-wal
Mar 25, 2026 18:46:58.856 [281473518960672] DEBUG - MyPlex: using cached data for request for https://plex.tv/api/v2/server/users/features
Mar 25, 2026 18:46:58.885 [281473518960672] DEBUG - [CERT] Subject name is /CN=*.4cb8acfac37a431791648c2ac35a4db7.plex.direct
Mar 25, 2026 18:46:58.885 [281473518960672] DEBUG - [CERT] Installed certificate with fingerprint 19:e2:96:61:19:c6:ba:ed:bf:b2:e6:c6:00:d3:2b:9d:65:9c:5d:f4.
Mar 25, 2026 18:46:58.885 [281473518960672] DEBUG - [CERT/OCSP] no URL available
Mar 25, 2026 18:46:58.886 [281473518960672] WARN - [CERT/OCSP] getCertInfo failed; skipping stapling
Mar 25, 2026 18:46:58.886 [281473518960672] DEBUG - HttpServer: Listening on IPv6 as well as IPv4.
Mar 25, 2026 18:46:58.886 [281473518960672] DEBUG - HttpServer: Listening on port 32400.
Mar 25, 2026 18:46:58.886 [281473518960672] DEBUG - HttpServer: Listening on port 32401.
Mar 25, 2026 18:46:58.886 [281473518960672] DEBUG - Running server...
Mar 25, 2026 18:46:58.886 [281473403162848] DEBUG - HttpServer: Set up a thread pool with 2 threads.
Mar 25, 2026 18:46:58.889 [281473518960672] INFO - Running migrations. (EPG 0)
Mar 25, 2026 18:46:58.889 [281473518960672] DEBUG - Captured session 0.
Mar 25, 2026 18:46:58.889 [281473518960672] DEBUG - Captured session 1.
Mar 25, 2026 18:46:58.889 [281473518960672] DEBUG - Captured session 2.
Mar 25, 2026 18:46:58.889 [281473518960672] DEBUG - Captured session 3.
Mar 25, 2026 18:46:58.889 [281473518960672] DEBUG - Captured session 4.
Mar 25, 2026 18:46:58.889 [281473518960672] DEBUG - Captured session 5.
Mar 25, 2026 18:46:58.889 [281473518960672] DEBUG - Captured session 6.
Mar 25, 2026 18:46:58.889 [281473518960672] DEBUG - Captured session 7.
Mar 25, 2026 18:46:58.889 [281473518960672] DEBUG - Captured session 8.
Mar 25, 2026 18:46:58.889 [281473518960672] DEBUG - Captured session 9.
Mar 25, 2026 18:46:58.889 [281473518960672] DEBUG - Captured session 10.
Mar 25, 2026 18:46:58.889 [281473518960672] DEBUG - Captured session 11.
Mar 25, 2026 18:46:58.889 [281473518960672] DEBUG - Captured session 12.
Mar 25, 2026 18:46:58.889 [281473518960672] DEBUG - Captured session 13.
Mar 25, 2026 18:46:58.889 [281473518960672] DEBUG - Captured session 14.
Mar 25, 2026 18:46:58.889 [281473518960672] DEBUG - Captured session 15.
Mar 25, 2026 18:46:58.889 [281473518960672] DEBUG - Captured session 16.
Mar 25, 2026 18:46:58.889 [281473518960672] DEBUG - Captured session 17.
Mar 25, 2026 18:46:58.889 [281473518960672] DEBUG - Captured session 18.
Mar 25, 2026 18:46:58.889 [281473518960672] DEBUG - Captured session 19.
Mar 25, 2026 18:46:58.893 [281473518960672] DEBUG - ChangestampAllocator: initialized to 614
Mar 25, 2026 18:46:58.894 [281473518960672] DEBUG - Opening 2 database sessions to library (com.plexapp.plugins.library.blobs), SQLite 3.39.4, threadsafe=1
Mar 25, 2026 18:46:58.899 [281473518960672] INFO - Running migrations. (EPG 0)
Mar 25, 2026 18:46:58.899 [281473518960672] DEBUG - Captured session 0.
Mar 25, 2026 18:46:58.899 [281473518960672] DEBUG - Captured session 1.
Mar 25, 2026 18:46:58.922 [281473416184032] DEBUG - Grabber: Cleaning up orphaned grabs.
Mar 25, 2026 18:46:58.924 [281473416184032] DEBUG - Grabber: Cleaned up 0 decrepit directories in 0.0 sec.
Mar 25, 2026 18:46:58.924 [281473518960672] DEBUG - Media Provider: Registering provider com.plexapp.plugins.library
Mar 25, 2026 18:46:58.924 [281473518960672] DEBUG - Auth: Refreshing tokens inside the token-based authentication filter.
Mar 25, 2026 18:46:58.924 [281473518960672] DEBUG - MyPlex: using cached data for request for https://plex.tv/api/v2/server/access_tokens?auth_token=xxxxxxxxxxxxxxxxxxxx
Mar 25, 2026 18:46:58.925 [281473518960672] DEBUG - MyPlex: updating with 17 access tokens
Mar 25, 2026 18:46:58.925 [281473518960672] DEBUG - MyPlex: using cached data for request for https://plex.tv/api/v2/server/users?auth_token=xxxxxxxxxxxxxxxxxxxx
Mar 25, 2026 18:46:58.926 [281473518960672] DEBUG - MyPlex: using cached data for request for https://plex.tv/api/v2/server/users/subscriptions?auth_token=xxxxxxxxxxxxxxxxxxxx
Mar 25, 2026 18:46:58.926 [281473518960672] DEBUG - MyPlex: using cached data for request for https://plex.tv/api/v2/server/users/services?auth_token=xxxxxxxxxxxxxxxxxxxx
Mar 25, 2026 18:46:58.927 [281473416184032] DEBUG - Auth: Refreshing tokens inside the token-based authentication filter.
Mar 25, 2026 18:46:58.927 [281473416184032] DEBUG - [HCl#1] HTTP requesting GET https://plex.tv/api/v2/server/access_tokens?auth_token=xxxxxxxxxxxxxxxxxxxx
Mar 25, 2026 18:46:58.928 [281473518960672] DEBUG - Opening 1 database sessions to library (), SQLite 3.39.4, threadsafe=1
Mar 25, 2026 18:46:58.929 [281473347170528] DEBUG - File "/usr/lib/plexmediaserver/Resources/Plug-ins-121068a07" changed: -1 => 2026-03-21 15:32:41 (1774103561).
Mar 25, 2026 18:46:58.929 [281473347170528] DEBUG - File "/config/Library/Application Support/Plex Media Server/Plug-ins" changed: -1 => 2026-03-25 09:45:04 (1774428304).
Mar 25, 2026 18:46:58.929 [281473347170528] DEBUG - Scanning for plug-ins in "/usr/lib/plexmediaserver/Resources/Plug-ins-121068a07"
Mar 25, 2026 18:46:58.940 [281473347170528] DEBUG - Scanning for plug-ins in "/config/Library/Application Support/Plex Media Server/Plug-ins"
Mar 25, 2026 18:46:58.940 [281473347170528] DEBUG - PluginRepository::setStartState: 1, startingSystem
Mar 25, 2026 18:46:58.940 [281473347170528] DEBUG - Starting plug-in /usr/lib/plexmediaserver/Resources/Plug-ins-121068a07/System.bundle.
Mar 25, 2026 18:46:58.940 [281473347170528] DEBUG - [com.plexapp.system] Setting plug-in to always running (daemon mode).
Mar 25, 2026 18:46:58.941 [281473347170528] DEBUG - Starting file watcher for com.plexapp.system
Mar 25, 2026 18:46:58.941 [281473347170528] DEBUG - Plugin: setting environment variable: 'PYTHONHOME=/usr/lib/plexmediaserver/Resources/Python'
Mar 25, 2026 18:46:58.941 [281473347170528] DEBUG - Plugin: setting environment variable: 'PYTHONPATH=/usr/lib/plexmediaserver/Resources/Python/python27.zip:/usr/lib/plexmediaserver/Resources/Python/lib/python2.7/site-packages'
Mar 25, 2026 18:46:58.941 [281473347170528] DEBUG - Spawned plug-in com.plexapp.system with PID 209
Mar 25, 2026 18:46:58.941 [281473347170528] DEBUG - [com.plexapp.system] Sending command: GET /:/prefixes
Mar 25, 2026 18:46:59.140 [281473408512224] DEBUG - Request: didn't get any data from [::1]:47064: End of file
Mar 25, 2026 18:46:59.775 [281473351389408] DEBUG - [HttpClient/HCl#1] HTTP/1.1 (0.8s) 200 response from GET https://plex.tv/api/v2/server/access_tokens?auth_token=xxxxxxxxxxxxxxxxxxxx
Mar 25, 2026 18:46:59.776 [281473416184032] DEBUG - MyPlex: updating with 17 access tokens
Mar 25, 2026 18:46:59.777 [281473416184032] DEBUG - [HCl#2] HTTP requesting GET https://plex.tv/api/v2/server/users?auth_token=xxxxxxxxxxxxxxxxxxxx
Mar 25, 2026 18:46:59.911 [281473351389408] DEBUG - [HttpClient/HCl#2] HTTP/1.1 (0.1s) 200 response from GET https://plex.tv/api/v2/server/users?auth_token=xxxxxxxxxxxxxxxxxxxx (reused)
Mar 25, 2026 18:46:59.912 [281473349279968] DEBUG - [HCl#3] HTTP requesting GET https://plex.tv/api/v2/server/users/subscriptions?auth_token=xxxxxxxxxxxxxxxxxxxx
Mar 25, 2026 18:46:59.926 [281473342951648] DEBUG - Request: [127.0.0.1:46214 (Loopback)] GET /:/plugins/com.plexapp.system/messaging/function/X0J1bmRsZVNlcnZpY2U6QWxsU2VydmljZXM_/Y2VyZWFsMQoxCmxpc3QKMApyMAo_/Y2VyZWFsMQoxCmRpY3QKMApyMAo_ (3 live) #3 GZIP Token ()
Mar 25, 2026 18:46:59.926 [281473408512224] DEBUG - Completed: [127.0.0.1:46214] 503 GET /:/plugins/com.plexapp.system/messaging/function/X0J1bmRsZVNlcnZpY2U6QWxsU2VydmljZXM_/Y2VyZWFsMQoxCmxpc3QKMApyMAo_/Y2VyZWFsMQoxCmRpY3QKMApyMAo_ (3 live) #3 GZIP 0ms 436 bytes
Mar 25, 2026 18:46:59.930 [281473342951648] DEBUG - Request: [127.0.0.1:46224 (Loopback)] GET / (3 live) #4 GZIP Token ()
Mar 25, 2026 18:46:59.931 [281473408512224] DEBUG - Completed: [127.0.0.1:46224] 503 GET / (3 live) #4 GZIP 0ms 436 bytes
Mar 25, 2026 18:47:00.042 [281473351389408] DEBUG - [HttpClient/HCl#3] HTTP/1.1 (0.1s) 200 response from GET https://plex.tv/api/v2/server/users/subscriptions?auth_token=xxxxxxxxxxxxxxxxxxxx (reused)
Mar 25, 2026 18:47:00.044 [281473349279968] DEBUG - MyPlex: using cached data for request for https://plex.tv/api/v2/server/users/services?auth_token=xxxxxxxxxxxxxxxxxxxx
Mar 25, 2026 18:47:00.441 [281473342951648] DEBUG - Request: [127.0.0.1:46240 (Loopback)] GET /servers (4 live) #7 GZIP Token ()
Mar 25, 2026 18:47:00.442 [281473408512224] DEBUG - Completed: [127.0.0.1:46240] 503 GET /servers (4 live) #7 GZIP 1ms 436 bytes
Mar 25, 2026 18:47:00.457 [281473347170528] DEBUG - Reading 486 bytes in the body, code is 200
Mar 25, 2026 18:47:00.457 [281473347170528] DEBUG - [com.plexapp.system] Plug-in running on port 38159.
Mar 25, 2026 18:47:00.457 [281473347170528] DEBUG -  * Plug-in handles prefix: /system
Mar 25, 2026 18:47:00.457 [281473347170528] DEBUG -  * Plug-in handles prefix: /player
Mar 25, 2026 18:47:00.457 [281473347170528] DEBUG - Read configuration for [com.plexapp.system], had 2 prefixes
Mar 25, 2026 18:47:00.457 [281473347170528] DEBUG - Done with 1 synchronous plug-in starts, starting the rest in parallel.
Mar 25, 2026 18:47:00.457 [281473347170528] DEBUG - PluginRepository::setStartState: 2, startingPlugins
Mar 25, 2026 18:47:00.457 [281473347170528] DEBUG - Updating the list of agents known by the system.
Mar 25, 2026 18:47:00.457 [281473347170528] DEBUG - [com.plexapp.system] Sending command over HTTP (GET): /system/agents
Mar 25, 2026 18:47:00.457 [281473347170528] DEBUG - [HCl#4] HTTP requesting GET http://127.0.0.1:38159/system/agents
Mar 25, 2026 18:47:00.460 [281473518960672] DEBUG - Image transcode cache directory: "/config/Library/Application Support/Plex Media Server/Cache/PhotoTranscoder"
Mar 25, 2026 18:47:00.460 [281473518960672] DEBUG - Transcoder: Cleaning old transcode directories.
Mar 25, 2026 18:47:00.461 [281473518960672] DEBUG - MyPlex: using cached data for request for https://plex.tv/api/v2/server/access_tokens?auth_token=xxxxxxxxxxxxxxxxxxxx
Mar 25, 2026 18:47:00.463 [281473518960672] DEBUG - MyPlex: updating with 17 access tokens
Mar 25, 2026 18:47:00.463 [281473518960672] DEBUG - MyPlex: using cached data for request for https://plex.tv/api/v2/server/users?auth_token=xxxxxxxxxxxxxxxxxxxx
Mar 25, 2026 18:47:00.464 [281473518960672] DEBUG - MyPlex: using cached data for request for https://plex.tv/api/v2/server/users/subscriptions?auth_token=xxxxxxxxxxxxxxxxxxxx
Mar 25, 2026 18:47:00.466 [281473518960672] DEBUG - MyPlex: using cached data for request for https://plex.tv/api/v2/server/users/services?auth_token=xxxxxxxxxxxxxxxxxxxx
Mar 25, 2026 18:47:00.470 [281473518960672] DEBUG - MyPlex: using cached data for request for https://plex.tv/api/v2/user?includeSubscriptions=1&includeProviders=1
Mar 25, 2026 18:47:00.471 [281473518960672] DEBUG - MyPlex: username is oscar.p46, login is oscar.pelagio@icloud.com, home is 0, no pin
Mar 25, 2026 18:47:00.472 [281473518960672] DEBUG - MyPlex: start public ip check and mapping - current mapped state: 'Unknown'.
Mar 25, 2026 18:47:00.472 [281473518960672] DEBUG - MyPlex: mapping state set to 'Not Mapped'.
Mar 25, 2026 18:47:00.472 [281473518960672] DEBUG - PublicAddressManager: Starting.
Mar 25, 2026 18:47:00.472 [281473518960672] DEBUG - PublicAddressManager: Obtaining public address and mapping port.
Mar 25, 2026 18:47:00.472 [281473338732768] DEBUG - [HCl#5] HTTP requesting GET https://plex.tv/api/v2/user?includeSubscriptions=1&includeProviders=1
Mar 25, 2026 18:47:00.473 [281473518960672] DEBUG - NetworkInterface: Starting watch thread.
Mar 25, 2026 18:47:00.473 [281473518960672] DEBUG - Network change.
Mar 25, 2026 18:47:00.473 [281473518960672] DEBUG - NetworkInterface: Notified of network changed (force=0)
Mar 25, 2026 18:47:00.473 [281473336623328] DEBUG - NetworkInterface: Watching for changes on the interfaces.
Mar 25, 2026 18:47:00.474 [281473518960672] DEBUG - Detected primary interface: 192.168.97.7
Mar 25, 2026 18:47:00.474 [281473518960672] DEBUG - Network interfaces:
Mar 25, 2026 18:47:00.474 [281473518960672] DEBUG -  * 1 lo (127.0.0.1) (00-00-00-00-00-00) (loopback: 1)
Mar 25, 2026 18:47:00.474 [281473518960672] DEBUG -  * 5 eth0 (192.168.97.7) (CE-49-B4-50-F4-9B) (loopback: 0)
Mar 25, 2026 18:47:00.474 [281473518960672] DEBUG -  * 1 lo (::1) (00-00-00-00-00-00) (loopback: 1)
Mar 25, 2026 18:47:00.474 [281473518960672] DEBUG - Creating NetworkServices singleton.
Mar 25, 2026 18:47:00.474 [281473518960672] DEBUG - NetworkServices: Initializing...
Mar 25, 2026 18:47:00.474 [281473518960672] DEBUG - NetworkService: Creating new service.
Mar 25, 2026 18:47:00.474 [281473518960672] DEBUG - NetworkService: Got notification of changed network (first change: 1)
Mar 25, 2026 18:47:00.474 [281473518960672] DEBUG - NetworkService: Quick dispatch of network change.
Mar 25, 2026 18:47:00.474 [281473518960672] DEBUG - NetworkService: Creating new service.
Mar 25, 2026 18:47:00.474 [281473518960672] DEBUG - NetworkService: Got notification of changed network (first change: 1)
Mar 25, 2026 18:47:00.474 [281473518960672] DEBUG - NetworkService: Quick dispatch of network change.
Mar 25, 2026 18:47:00.474 [281473518960672] DEBUG - NetworkService: Creating new service.
Mar 25, 2026 18:47:00.474 [281473518960672] DEBUG - NetworkService: Got notification of changed network (first change: 1)
Mar 25, 2026 18:47:00.474 [281473518960672] DEBUG - NetworkService: Quick dispatch of network change.
Mar 25, 2026 18:47:00.474 [281473518960672] DEBUG - NetworkService: Creating new service.
Mar 25, 2026 18:47:00.474 [281473518960672] DEBUG - NetworkService: Got notification of changed network (first change: 1)
Mar 25, 2026 18:47:00.474 [281473518960672] DEBUG - NetworkService: Quick dispatch of network change.
Mar 25, 2026 18:47:00.474 [281473518960672] DEBUG - NetworkService: Creating new service.
Mar 25, 2026 18:47:00.474 [281473334513888] DEBUG - Network change for advertiser.
Mar 25, 2026 18:47:00.474 [281473518960672] DEBUG - NetworkService: Got notification of changed network (first change: 1)
Mar 25, 2026 18:47:00.474 [281473334513888] DEBUG - NetworkService: Setting up multicast listener on 0.0.0.0:32414
Mar 25, 2026 18:47:00.474 [281473518960672] DEBUG - NetworkService: Quick dispatch of network change.
Mar 25, 2026 18:47:00.474 [281473518960672] DEBUG - NetworkService: Creating new service.
Mar 25, 2026 18:47:00.474 [281473518960672] DEBUG - NetworkService: Got notification of changed network (first change: 1)
Mar 25, 2026 18:47:00.474 [281473518960672] DEBUG - NetworkService: Quick dispatch of network change.
Mar 25, 2026 18:47:00.474 [281473330295008] DEBUG - PublicAddressManager: Obtaining public IP.
Mar 25, 2026 18:47:00.474 [281473330295008] DEBUG - [HCl#6] HTTP requesting GET https://v4.plex.tv/pms/:/ip
Mar 25, 2026 18:47:00.474 [281473332404448] DEBUG - NAT: UPnP, attempting port mapping.
Mar 25, 2026 18:47:00.475 [281473334513888] DEBUG - Network change for advertiser.
Mar 25, 2026 18:47:00.475 [281473334513888] DEBUG - NetworkService: Setting up multicast listener on 0.0.0.0:32410
Mar 25, 2026 18:47:00.476 [281473323966688] DEBUG - [ChildProcessMonitor] Plex Tuner Service starting.
Mar 25, 2026 18:47:00.476 [281473323966688] DEBUG - [ChildProcessMonitor/JobRunner] Job running: "/usr/lib/plexmediaserver/Plex Tuner Service" /usr/lib/plexmediaserver/Resources/Tuner/Private /usr/lib/plexmediaserver/Resources/Tuner/Shared 1.43.0.10492-121068a07 32600
Mar 25, 2026 18:47:00.476 [281473321857248] DEBUG - [DatabaseFixups] Running fix-ups.
Mar 25, 2026 18:47:00.476 [281473321857248] DEBUG - [DatabaseFixups/31DatabaseFixupsCleanupRetroGames] Executing fixup
Mar 25, 2026 18:47:00.476 [281473334513888] DEBUG - Network change for advertiser.
Mar 25, 2026 18:47:00.476 [281473334513888] DEBUG - NetworkService: Setting up multicast listener on 0.0.0.0:32412
Mar 25, 2026 18:47:00.476 [281473321857248] DEBUG - [DatabaseFixups/31DatabaseFixupsCleanupRetroGames] Fixup completed
Mar 25, 2026 18:47:00.477 [281473321857248] DEBUG - [DatabaseFixups/39DatabaseFixupsEnsureLibrarySectionUuids] Executing fixup
Mar 25, 2026 18:47:00.478 [281473321857248] DEBUG - [DatabaseFixups/39DatabaseFixupsEnsureLibrarySectionUuids] Fixup completed
Mar 25, 2026 18:47:00.478 [281473321857248] DEBUG - [DatabaseFixups/38DatabaseFixupsEnsureMetadataItemHashes] Executing fixup
Mar 25, 2026 18:47:00.478 [281473321857248] DEBUG - [DatabaseFixups/38DatabaseFixupsEnsureMetadataItemHashes] Fixup completed
Mar 25, 2026 18:47:00.478 [281473321857248] DEBUG - [DatabaseFixups/39DatabaseFixupsSetDefaultAccountLanguage] Executing fixup
Mar 25, 2026 18:47:00.479 [281473321857248] DEBUG - [DatabaseFixups/39DatabaseFixupsSetDefaultAccountLanguage] Fixup completed
Mar 25, 2026 18:47:00.479 [281473321857248] DEBUG - [DatabaseFixups/52DatabaseFixupsCreateDefaultMediaProcessingTargetTags] Executing fixup
Mar 25, 2026 18:47:00.479 [281473321857248] DEBUG - [DatabaseFixups/52DatabaseFixupsCreateDefaultMediaProcessingTargetTags] Fixup completed
Mar 25, 2026 18:47:00.479 [281473321857248] DEBUG - [DatabaseFixups/43DatabaseFixupsUpdateAutomaticLibraryFolders] Executing fixup
Mar 25, 2026 18:47:00.479 [281473321857248] DEBUG - [DatabaseFixups/43DatabaseFixupsUpdateAutomaticLibraryFolders] Fixup completed
Mar 25, 2026 18:47:00.479 [281473321857248] DEBUG - [DatabaseFixups/29DatabaseFixupsSyncCollections] Executing fixup
Mar 25, 2026 18:47:00.480 [281473321857248] DEBUG - [DatabaseFixups/29DatabaseFixupsSyncCollections] Collections: Found 0 collections tags in section 1.
Mar 25, 2026 18:47:00.480 [281473321857248] DEBUG - [DatabaseFixups/29DatabaseFixupsSyncCollections] Collections: We had 0 collections in the library already.
Mar 25, 2026 18:47:00.480 [281473321857248] DEBUG - [DatabaseFixups/29DatabaseFixupsSyncCollections] Collections: Synced tags in section 1 in 0ms.
Mar 25, 2026 18:47:00.481 [281473334513888] DEBUG - NetworkService: Network change for browser (polled=0), closing 0 browse sockets.
Mar 25, 2026 18:47:00.481 [281473334513888] DEBUG - NetworkService: Setting up multicast listener on 0.0.0.0:32413
Mar 25, 2026 18:47:00.481 [281473334513888] DEBUG - NetworkService: Browsing on interface 127.0.0.1 on broadcast address 127.255.255.255 (index: 0)
Mar 25, 2026 18:47:00.481 [281473334513888] DEBUG - NetworkService: Browsing on interface 192.168.97.7 on broadcast address 192.168.97.255 (index: 1)
Mar 25, 2026 18:47:00.481 [281473334513888] DEBUG - NetworkService: Network change for browser (polled=1), closing 0 browse sockets.
Mar 25, 2026 18:47:00.481 [281473334513888] DEBUG - NetworkService: Browsing on interface 127.0.0.1 on broadcast address 127.255.255.255 (index: 0)
Mar 25, 2026 18:47:00.481 [281473334513888] DEBUG - NetworkService: Browsing on interface 192.168.97.7 on broadcast address 192.168.97.255 (index: 1)
Mar 25, 2026 18:47:00.481 [281473334513888] DEBUG - NetworkService: Network change for browser (polled=0), closing 0 browse sockets.
Mar 25, 2026 18:47:00.481 [281473334513888] DEBUG - NetworkService: Setting up multicast listener on 0.0.0.0:1901
Mar 25, 2026 18:47:00.481 [281473334513888] DEBUG - NetworkService: Browsing on interface 192.168.97.7 on broadcast address 239.255.255.250 (index: 0)
Mar 25, 2026 18:47:00.482 [281473518960672] DEBUG - Waiting for server condition to be signaled.
Mar 25, 2026 18:47:00.482 [281473326076128] DEBUG - [HCl#7] HTTP requesting GET https://plex.tv/api/v2/release_channels?X-Plex-Token=xxxxxxxxxxxxxxxxxxxx
Mar 25, 2026 18:47:00.482 [281473416184032] DEBUG - [HCl#8] HTTP requesting GET https://plex.tv/api/v2/user/privacy?X-Plex-Token=xxxxxxxxxxxxxxxxxxxx
Mar 25, 2026 18:47:00.482 [281473323966688] DEBUG - [ChildProcessMonitor/JobRunner] Jobs: Starting child process with pid 279
Mar 25, 2026 18:47:00.483 [281473319747808] DEBUG - [HCl#9] HTTP requesting GET https://plex.tv/api/v2/features?X-Plex-Token=xxxxxxxxxxxxxxxxxxxx
Mar 25, 2026 18:47:00.483 [281473355608288] DEBUG - DVR: Starting up.
Mar 25, 2026 18:47:00.485 [281473355608288] DEBUG - Activity: registered new activity e5343b29-c762-4658-b4a3-1fc8af4e7512 - "Processing subscriptions"
Mar 25, 2026 18:47:00.488 [281473321857248] DEBUG - [DatabaseFixups/29DatabaseFixupsSyncCollections] Collections: Refreshed attributes for 0 collections in section 1 in 7ms.
Mar 25, 2026 18:47:00.488 [281473321857248] DEBUG - [DatabaseFixups/29DatabaseFixupsSyncCollections] Collection: Refreshed visibility in section 1 in 0ms.
Mar 25, 2026 18:47:00.488 [281473321857248] DEBUG - [DatabaseFixups/29DatabaseFixupsSyncCollections] Collections: Found 0 collections tags in section 2.
Mar 25, 2026 18:47:00.488 [281473321857248] DEBUG - [DatabaseFixups/29DatabaseFixupsSyncCollections] Collections: We had 0 collections in the library already.
Mar 25, 2026 18:47:00.488 [281473321857248] DEBUG - [DatabaseFixups/29DatabaseFixupsSyncCollections] Collections: Synced tags in section 2 in 0ms.
Mar 25, 2026 18:47:00.489 [281473321857248] DEBUG - [DatabaseFixups/29DatabaseFixupsSyncCollections] Collections: Found 0 collections tags in section 2.
Mar 25, 2026 18:47:00.489 [281473321857248] DEBUG - [DatabaseFixups/29DatabaseFixupsSyncCollections] Collections: We had 0 collections in the library already.
Mar 25, 2026 18:47:00.489 [281473321857248] DEBUG - [DatabaseFixups/29DatabaseFixupsSyncCollections] Collections: Synced tags in section 2 in 0ms.
Mar 25, 2026 18:47:00.489 [281473321857248] DEBUG - [DatabaseFixups/29DatabaseFixupsSyncCollections] Collections: Found 0 collections tags in section 2.
Mar 25, 2026 18:47:00.489 [281473321857248] DEBUG - [DatabaseFixups/29DatabaseFixupsSyncCollections] Collections: We had 0 collections in the library already.
Mar 25, 2026 18:47:00.489 [281473321857248] DEBUG - [DatabaseFixups/29DatabaseFixupsSyncCollections] Collections: Synced tags in section 2 in 0ms.
Mar 25, 2026 18:47:00.490 [281473321857248] DEBUG - [DatabaseFixups/29DatabaseFixupsSyncCollections] Collections: Refreshed attributes for 0 collections in section 2 in 1ms.
Mar 25, 2026 18:47:00.491 [281473321857248] DEBUG - [DatabaseFixups/29DatabaseFixupsSyncCollections] Collection: Refreshed visibility in section 2 in 0ms.
Mar 25, 2026 18:47:00.491 [281473321857248] DEBUG - [DatabaseFixups/29DatabaseFixupsSyncCollections] Fixup completed
Mar 25, 2026 18:47:00.491 [281473321857248] DEBUG - [DatabaseFixups/31DatabaseFixupsCleanupActivities] Executing fixup
Mar 25, 2026 18:47:00.491 [281473321857248] DEBUG - [DatabaseFixups/31DatabaseFixupsCleanupActivities] Fixup completed
Mar 25, 2026 18:47:00.491 [281473321857248] DEBUG - [DatabaseFixups/35DatabaseFixupsConsolidatePeopleTags] Executing fixup
Mar 25, 2026 18:47:00.492 [281473321857248] DEBUG - [DatabaseFixups/35DatabaseFixupsConsolidatePeopleTags] Fixup completed
Mar 25, 2026 18:47:00.492 [281473321857248] DEBUG - [DatabaseFixups/54DatabaseFixupsGarbageCollectTransientMetadataRelations] Executing fixup
Mar 25, 2026 18:47:00.493 [281473321857248] DEBUG - [DatabaseFixups/54DatabaseFixupsGarbageCollectTransientMetadataRelations] Fixup completed
Mar 25, 2026 18:47:00.493 [281473321857248] DEBUG - [DatabaseFixups/48DatabaseFixupsResetCorruptedMetadataItemClusters] Executing fixup
Mar 25, 2026 18:47:00.493 [281473321857248] DEBUG - [DatabaseFixups/48DatabaseFixupsResetCorruptedMetadataItemClusters] Fixup completed
Mar 25, 2026 18:47:00.493 [281473321857248] DEBUG - [DatabaseFixups] Running database fix-ups completed in 0.0 seconds.
Mar 25, 2026 18:47:00.511 [281473351389408] DEBUG - [HttpClient/HCl#4] HTTP/1.1 (0.1s) 200 response from GET http://127.0.0.1:38159/system/agents
Mar 25, 2026 18:47:00.512 [281473347170528] DEBUG - [com.plexapp.system] HTTP reply status 200, with 8986 bytes of content.
Mar 25, 2026 18:47:00.513 [281473347170528] DEBUG - The system knows about 12 agents.
Mar 25, 2026 18:47:00.513 [281473347170528] DEBUG - Waiting for 16 plug-ins to finish starting.
Mar 25, 2026 18:47:00.514 [281473311310048] DEBUG - Starting plug-in /usr/lib/plexmediaserver/Resources/Plug-ins-121068a07/Fanart-TV.bundle.
Mar 25, 2026 18:47:00.514 [281473311310048] DEBUG - Perfect cache hit, we don't need to start [com.plexapp.agents.fanarttv] yet.
Mar 25, 2026 18:47:00.514 [281473311310048] DEBUG - Starting plug-in /usr/lib/plexmediaserver/Resources/Plug-ins-121068a07/Framework.bundle.
Mar 25, 2026 18:47:00.514 [281473307091168] DEBUG - Starting plug-in /usr/lib/plexmediaserver/Resources/Plug-ins-121068a07/LastFM.bundle.
Mar 25, 2026 18:47:00.520 [281473309200608] DEBUG - Starting plug-in /usr/lib/plexmediaserver/Resources/Plug-ins-121068a07/HTbackdrops.bundle.
Mar 25, 2026 18:47:00.520 [281473307091168] DEBUG - Perfect cache hit, we don't need to start [com.plexapp.agents.lastfm] yet.
Mar 25, 2026 18:47:00.520 [281473307091168] DEBUG - Starting plug-in /usr/lib/plexmediaserver/Resources/Plug-ins-121068a07/LocalMedia.bundle.
Mar 25, 2026 18:47:00.521 [281473307091168] DEBUG - Perfect cache hit, we don't need to start [com.plexapp.agents.localmedia] yet.
Mar 25, 2026 18:47:00.521 [281473307091168] DEBUG - Starting plug-in /usr/lib/plexmediaserver/Resources/Plug-ins-121068a07/LyricFind.bundle.
Mar 25, 2026 18:47:00.523 [281473307091168] DEBUG - Perfect cache hit, we don't need to start [com.plexapp.agents.lyricfind] yet.
Mar 25, 2026 18:47:00.541 [281473311310048] DEBUG - Starting plug-in /usr/lib/plexmediaserver/Resources/Plug-ins-121068a07/Media-Flags.bundle.
Mar 25, 2026 18:47:00.542 [281473307091168] DEBUG - Starting plug-in /usr/lib/plexmediaserver/Resources/Plug-ins-121068a07/MoviePosterDB.bundle.
Mar 25, 2026 18:47:00.544 [281473307091168] DEBUG - Perfect cache hit, we don't need to start [com.plexapp.agents.movieposterdb] yet.
Mar 25, 2026 18:47:00.544 [281473309200608] DEBUG - Perfect cache hit, we don't need to start [com.plexapp.agents.htbackdrops] yet.
Mar 25, 2026 18:47:00.544 [281473307091168] DEBUG - Starting plug-in /usr/lib/plexmediaserver/Resources/Plug-ins-121068a07/Musicbrainz.bundle.
Mar 25, 2026 18:47:00.545 [281473307091168] DEBUG - Perfect cache hit, we don't need to start [org.musicbrainz.agents.music] yet.
Mar 25, 2026 18:47:00.545 [281473307091168] DEBUG - Starting plug-in /usr/lib/plexmediaserver/Resources/Plug-ins-121068a07/PersonalMedia.bundle.
Mar 25, 2026 18:47:00.545 [281473307091168] DEBUG - Perfect cache hit, we don't need to start [com.plexapp.agents.none] yet.
Mar 25, 2026 18:47:00.545 [281473307091168] DEBUG - Starting plug-in /usr/lib/plexmediaserver/Resources/Plug-ins-121068a07/PlexMovie.bundle.
Mar 25, 2026 18:47:00.545 [281473309200608] DEBUG - Starting plug-in /usr/lib/plexmediaserver/Resources/Plug-ins-121068a07/PlexThemeMusic.bundle.
Mar 25, 2026 18:47:00.546 [281473311310048] DEBUG - Starting plug-in /usr/lib/plexmediaserver/Resources/Plug-ins-121068a07/Scanners.bundle.
Mar 25, 2026 18:47:00.547 [281473307091168] DEBUG - Perfect cache hit, we don't need to start [com.plexapp.agents.imdb] yet.
Mar 25, 2026 18:47:00.548 [281473307091168] DEBUG - Starting plug-in /usr/lib/plexmediaserver/Resources/Plug-ins-121068a07/TheMovieDB.bundle.
Mar 25, 2026 18:47:00.549 [281473307091168] DEBUG - Perfect cache hit, we don't need to start [com.plexapp.agents.themoviedb] yet.
Mar 25, 2026 18:47:00.549 [281473307091168] DEBUG - Starting plug-in /usr/lib/plexmediaserver/Resources/Plug-ins-121068a07/TheTVDBv4.bundle.
Mar 25, 2026 18:47:00.550 [281473307091168] DEBUG - Perfect cache hit, we don't need to start [com.plexapp.agents.thetvdb] yet.
Mar 25, 2026 18:47:00.550 [281473307091168] DEBUG - Starting plug-in /usr/lib/plexmediaserver/Resources/Plug-ins-121068a07/WebClient.bundle.
Mar 25, 2026 18:47:00.552 [281473309200608] DEBUG - Perfect cache hit, we don't need to start [com.plexapp.agents.plexthememusic] yet.
Mar 25, 2026 18:47:00.553 [281473347170528] DEBUG - Starting scheduled updates, every 3600 seconds
Mar 25, 2026 18:47:00.553 [281473347170528] INFO - Refreshing paths watched by LibraryUpdateManager
Mar 25, 2026 18:47:00.553 [281473296543968] DEBUG - Downloading document http://127.0.0.1:32400/:/plugins/com.plexapp.agents.imdb/prefs
Mar 25, 2026 18:47:00.553 [281473347170528] DEBUG - LibraryUpdateManager will start watching /movies
Mar 25, 2026 18:47:00.553 [281473347170528] DEBUG - LibraryUpdateManager will start watching /tv
Mar 25, 2026 18:47:00.553 [281473347170528] DEBUG - [Notify] Initializing.
Mar 25, 2026 18:47:00.553 [281473294434528] DEBUG - [Notify] Waiting for inotify notifications...
Mar 25, 2026 18:47:00.554 [281473347170528] DEBUG - Done waiting for all plug-ins to start.
Mar 25, 2026 18:47:00.554 [281473347170528] DEBUG - PluginRepository::setStartState: 3, complete
Mar 25, 2026 18:47:00.554 [281473292325088] DEBUG - [Notify] Now watching "/movies"
Mar 25, 2026 18:47:00.555 [281473292325088] DEBUG - [Notify] Now watching "/movies/Little Amélie or the Character of Rain (2025)"
Mar 25, 2026 18:47:00.555 [281473292325088] DEBUG - [Notify] Now watching "/tv"
Mar 25, 2026 18:47:00.556 [281473296543968] DEBUG - Translator: Found locale af
Mar 25, 2026 18:47:00.556 [281473296543968] DEBUG - Translator: Found locale ar
Mar 25, 2026 18:47:00.556 [281473296543968] DEBUG - Translator: Found locale cs_CZ
Mar 25, 2026 18:47:00.556 [281473296543968] DEBUG - Translator: Found locale da
Mar 25, 2026 18:47:00.556 [281473296543968] DEBUG - Translator: Found locale de
Mar 25, 2026 18:47:00.556 [281473296543968] DEBUG - Translator: Found locale en
Mar 25, 2026 18:47:00.556 [281473296543968] DEBUG - Translator: Found locale es
Mar 25, 2026 18:47:00.556 [281473296543968] DEBUG - Translator: Found locale et_EE
Mar 25, 2026 18:47:00.556 [281473296543968] DEBUG - Translator: Found locale fi
Mar 25, 2026 18:47:00.556 [281473296543968] DEBUG - Translator: Found locale fr
Mar 25, 2026 18:47:00.556 [281473296543968] DEBUG - Translator: Found locale he
Mar 25, 2026 18:47:00.556 [281473296543968] DEBUG - Translator: Found locale hr_HR
Mar 25, 2026 18:47:00.556 [281473296543968] DEBUG - Translator: Found locale hu
Mar 25, 2026 18:47:00.556 [281473296543968] DEBUG - Translator: Found locale hu_HU
Mar 25, 2026 18:47:00.556 [281473296543968] DEBUG - Translator: Found locale it
Mar 25, 2026 18:47:00.556 [281473296543968] DEBUG - Translator: Found locale ja_JP
Mar 25, 2026 18:47:00.556 [281473296543968] DEBUG - Translator: Found locale ko
Mar 25, 2026 18:47:00.556 [281473296543968] DEBUG - Translator: Found locale lt
Mar 25, 2026 18:47:00.556 [281473296543968] DEBUG - Translator: Found locale nl
Mar 25, 2026 18:47:00.556 [281473296543968] DEBUG - Translator: Found locale nl_BE
Mar 25, 2026 18:47:00.556 [281473296543968] DEBUG - Translator: Found locale no
Mar 25, 2026 18:47:00.556 [281473296543968] DEBUG - Translator: Found locale pl
Mar 25, 2026 18:47:00.556 [281473296543968] DEBUG - Translator: Found locale pt
Mar 25, 2026 18:47:00.556 [281473296543968] DEBUG - Translator: Found locale pt_BR
Mar 25, 2026 18:47:00.556 [281473296543968] DEBUG - Translator: Found locale ro
Mar 25, 2026 18:47:00.556 [281473296543968] DEBUG - Translator: Found locale ru
Mar 25, 2026 18:47:00.556 [281473296543968] DEBUG - Translator: Found locale sk
Mar 25, 2026 18:47:00.556 [281473296543968] DEBUG - Translator: Found locale sl
Mar 25, 2026 18:47:00.556 [281473296543968] DEBUG - Translator: Found locale sr
Mar 25, 2026 18:47:00.556 [281473296543968] DEBUG - Translator: Found locale sv
Mar 25, 2026 18:47:00.556 [281473296543968] DEBUG - Translator: Found locale uk
Mar 25, 2026 18:47:00.556 [281473296543968] DEBUG - Translator: Found locale zh_CN
Mar 25, 2026 18:47:00.560 [281473296543968] DEBUG - [Req#a] Starting file watcher for com.plexapp.agents.imdb
Mar 25, 2026 18:47:00.560 [281473296543968] DEBUG - [Req#a] Plugin: setting environment variable: 'PYTHONHOME=/usr/lib/plexmediaserver/Resources/Python'
Mar 25, 2026 18:47:00.560 [281473296543968] DEBUG - [Req#a] Plugin: setting environment variable: 'PYTHONPATH=/usr/lib/plexmediaserver/Resources/Python/python27.zip:/usr/lib/plexmediaserver/Resources/Python/lib/python2.7/site-packages'
Mar 25, 2026 18:47:00.562 [281473296543968] DEBUG - [Req#a] Spawned plug-in com.plexapp.agents.imdb with PID 307
Mar 25, 2026 18:47:00.562 [281473296543968] DEBUG - [Req#a] [com.plexapp.agents.imdb] Sending command: GET /:/prefixes
Mar 25, 2026 18:47:00.601 [281473317638368] DEBUG - PublicAddressManager: Obtaining public address and mapping port.
Mar 25, 2026 18:47:00.721 [281473292325088] DEBUG - [JobRunner] Job running: /usr/lib/plexmediaserver/CrashUploader "--directory=/config/Library/Application Support/Plex Media Server/Crash Reports/1.43.0.10492-121068a07" --version=1.43.0.10492-121068a07 --platform=Linux --platformVersion=6.17.8-orbstack-00308-g8f9c941121b1 --serverUuid=e54df6383d25ebd337b0eedd659aa30a8163aa07 --userId=oscar.pelagio@icloud.com --sentryUrl=https://o17675.ingest.sentry.io/api/1233455/ --sentryKey=xxxxxxxxxxxxxxxxxxxxxxxxxxxxxxxx --vendor=Docker --model=aarch64 "--device=Docker Container (LinuxServer.io)"
Mar 25, 2026 18:47:00.722 [281473292325088] DEBUG - [JobRunner] Jobs: Starting child process with pid 308
Mar 25, 2026 18:47:00.747 [281473418776800] DEBUG - Jobs: '/usr/lib/plexmediaserver/CrashUploader' exit code for process 308 is 0 (success)
Mar 25, 2026 18:47:00.768 [281473351389408] DEBUG - [HttpClient/HCl#5] HTTP/1.1 (0.3s) 200 response from GET https://plex.tv/api/v2/user?includeSubscriptions=1&includeProviders=1 (reused)
Mar 25, 2026 18:47:00.769 [281473349279968] DEBUG - MyPlex: username is oscar.p46, login is oscar.pelagio@icloud.com, home is 0, no pin
Mar 25, 2026 18:47:00.771 [281473338732768] DEBUG - [HCl#a] HTTP requesting GET https://plex.tv/api/v2/geoip
Mar 25, 2026 18:47:00.907 [281473351389408] DEBUG - [HttpClient/HCl#a] HTTP/1.1 (0.1s) 200 response from GET https://plex.tv/api/v2/geoip (reused)
Mar 25, 2026 18:47:00.909 [281473408512224] DEBUG - [EventSourceClient/pubsub/172.104.133.220:443] Resolving 172.104.133.220 port 443
Mar 25, 2026 18:47:00.909 [281473408512224] DEBUG - [EventSourceClient/pubsub/172.104.133.220:443] Resolved 172.104.133.220 to 172.104.133.220:443
Mar 25, 2026 18:47:00.910 [281473313419488] DEBUG - [HCl#b] HTTP requesting GET https://plex.tv/api/v2/server/webhooks?X-Plex-Token=xxxxxxxxxxxxxxxxxxxx
Mar 25, 2026 18:47:00.916 [281473338732768] DEBUG - [HCl#c] HTTP requesting GET https://plex.tv/api/v2/user/privacy?X-Plex-Token=xxxxxxxxxxxxxxxxxxxx
Mar 25, 2026 18:47:00.973 [281473351389408] DEBUG - [HttpClient/HCl#7] HTTP/1.1 (0.5s) 200 response from GET https://plex.tv/api/v2/release_channels?X-Plex-Token=xxxxxxxxxxxxxxxxxxxx
Mar 25, 2026 18:47:00.988 [281473351389408] DEBUG - [HttpClient/HCl#6] HTTP/1.1 (0.5s) 200 response from GET https://v4.plex.tv/pms/:/ip
Mar 25, 2026 18:47:00.988 [281473351389408] DEBUG - [HttpClient/HCl#8] HTTP/1.1 (0.5s) 200 response from GET https://plex.tv/api/v2/user/privacy?X-Plex-Token=xxxxxxxxxxxxxxxxxxxx
Mar 25, 2026 18:47:00.989 [281473330295008] DEBUG - PublicAddressManager: Got public IP from v4.plex.tv: 79.117.226.16
Mar 25, 2026 18:47:01.002 [281473408512224] DEBUG - [EventSourceClient/pubsub/172.104.133.220:443] Connected in 93 ms.
Mar 25, 2026 18:47:01.003 [281473408512224] DEBUG - [EventSourceClient/pubsub/172.104.133.220:443] Wrote data, reading reply.
Mar 25, 2026 18:47:01.003 [281473351389408] DEBUG - [HttpClient/HCl#9] HTTP/1.1 (0.5s) 200 response from GET https://plex.tv/api/v2/features?X-Plex-Token=xxxxxxxxxxxxxxxxxxxx
Mar 25, 2026 18:47:01.009 [281473319747808] DEBUG - [HCl#d] HTTP requesting GET https://plex.tv/api/v2/server/users/features
Mar 25, 2026 18:47:01.074 [281473351389408] DEBUG - [HttpClient/HCl#b] HTTP/1.1 (0.2s) 200 response from GET https://plex.tv/api/v2/server/webhooks?X-Plex-Token=xxxxxxxxxxxxxxxxxxxx (reused)
Mar 25, 2026 18:47:01.163 [281473351389408] DEBUG - [HttpClient/HCl#d] HTTP/1.1 (0.2s) 200 response from GET https://plex.tv/api/v2/server/users/features (reused)
Mar 25, 2026 18:47:01.258 [281473351389408] DEBUG - [HttpClient/HCl#c] HTTP/1.1 (0.3s) 200 response from GET https://plex.tv/api/v2/user/privacy?X-Plex-Token=xxxxxxxxxxxxxxxxxxxx
Mar 25, 2026 18:47:01.262 [281473338732768] DEBUG - [HCl#e] HTTP requesting GET https://plex.tv/api/v2/release_channels?X-Plex-Token=xxxxxxxxxxxxxxxxxxxx
Mar 25, 2026 18:47:01.355 [281473342951648] DEBUG - Request: [127.0.0.1:46248 (Loopback)] GET /system/messaging/clear_events/com.plexapp.agents.imdb (4 live) #8 GZIP Signed-in Token (oscar.p46)
Mar 25, 2026 18:47:01.356 [281473342951648] DEBUG - [Req#8] [com.plexapp.system] Sending command over HTTP (GET): /system/messaging/clear_events/com.plexapp.agents.imdb
Mar 25, 2026 18:47:01.356 [281473342951648] DEBUG - [Req#8/HCl#f] HTTP requesting GET http://127.0.0.1:38159/system/messaging/clear_events/com.plexapp.agents.imdb
Mar 25, 2026 18:47:01.363 [281473351389408] DEBUG - [HttpClient/HCl#f] HTTP/1.1 (0.0s) 200 response from GET http://127.0.0.1:38159/system/messaging/clear_events/com.plexapp.agents.imdb
Mar 25, 2026 18:47:01.363 [281473342951648] DEBUG - [Req#8] [com.plexapp.system] HTTP reply status 200, with 0 bytes of content.
Mar 25, 2026 18:47:01.363 [281473408512224] DEBUG - Completed: [127.0.0.1:46248] 200 GET /system/messaging/clear_events/com.plexapp.agents.imdb (4 live) #8 GZIP 8ms 280 bytes
Mar 25, 2026 18:47:01.394 [281473351389408] DEBUG - [HttpClient/HCl#e] HTTP/1.1 (0.1s) 200 response from GET https://plex.tv/api/v2/release_channels?X-Plex-Token=xxxxxxxxxxxxxxxxxxxx (reused)
Mar 25, 2026 18:47:01.395 [281473338732768] DEBUG - [HCl#10] HTTP requesting GET https://plex.tv/api/v2/features?X-Plex-Token=xxxxxxxxxxxxxxxxxxxx
Mar 25, 2026 18:47:01.396 [281473406402784] DEBUG - [EventSourceClient/pubsub/172.104.133.220:443] Read HTTP reply header.
Mar 25, 2026 18:47:01.396 [281473406402784] DEBUG - [EventSourceClient/pubsub/172.104.133.220:443] MyPlex: We appear to have regained Internet connectivity.
Mar 25, 2026 18:47:01.397 [281473406402784] DEBUG - [EventSourceClient/pubsub/172.104.133.220:443] PublicAddressManager: Obtaining public address and mapping port.
Mar 25, 2026 18:47:01.397 [281473406402784] DEBUG - [EventSourceClient/pubsub/172.104.133.220:443] MyPlex: async reachability check - current mapped state: 'Not Mapped'.
Mar 25, 2026 18:47:01.397 [281473406402784] WARN - [EventSourceClient/pubsub/172.104.133.220:443] MyPlex: attempted a reachability check but we're not yet mapped.
Mar 25, 2026 18:47:01.397 [281473406402784] DEBUG - [EventSourceClient/pubsub/172.104.133.220:443] Successfully connected to 172.104.133.220.
Mar 25, 2026 18:47:01.431 [281473342951648] DEBUG - Request: [127.0.0.1:46256 (Loopback)] GET /:/plugins/com.plexapp.system/resourceHashes (4 live) #b GZIP Signed-in Token (oscar.p46)
Mar 25, 2026 18:47:01.431 [281473342951648] DEBUG - [Req#b] [com.plexapp.system] Sending command over HTTP (GET): /:/plugins/com.plexapp.system/resourceHashes
Mar 25, 2026 18:47:01.431 [281473342951648] DEBUG - [Req#b/HCl#11] HTTP requesting GET http://127.0.0.1:38159/:/plugins/com.plexapp.system/resourceHashes
Mar 25, 2026 18:47:01.482 [281473351389408] DEBUG - [HttpClient/HCl#11] HTTP/1.1 (0.1s) 404 response from GET http://127.0.0.1:38159/:/plugins/com.plexapp.system/resourceHashes
Mar 25, 2026 18:47:01.483 [281473342951648] DEBUG - [Req#b] [com.plexapp.system] HTTP reply status 404, with 0 bytes of content.
Mar 25, 2026 18:47:01.484 [281473406402784] DEBUG - Completed: [127.0.0.1:46256] 404 GET /:/plugins/com.plexapp.system/resourceHashes (4 live) #b GZIP 53ms 261 bytes
Mar 25, 2026 18:47:01.499 [281473342951648] DEBUG - Request: [127.0.0.1:46270 (Loopback)] GET /:/plugins/com.plexapp.system/messaging/function/X0J1bmRsZVNlcnZpY2U6QWxsU2VydmljZXM_/Y2VyZWFsMQoxCmxpc3QKMApyMAo_/Y2VyZWFsMQoxCmRpY3QKMApyMAo_ (3 live) #d GZIP Signed-in Token (oscar.p46)
Mar 25, 2026 18:47:01.499 [281473342951648] DEBUG - [Req#d] [com.plexapp.system] Sending command over HTTP (GET): /:/plugins/com.plexapp.system/messaging/function/X0J1bmRsZVNlcnZpY2U6QWxsU2VydmljZXM_/Y2VyZWFsMQoxCmxpc3QKMApyMAo_/Y2VyZWFsMQoxCmRpY3QKMApyMAo_
Mar 25, 2026 18:47:01.499 [281473342951648] DEBUG - [Req#d/HCl#12] HTTP requesting GET http://127.0.0.1:38159/:/plugins/com.plexapp.system/messaging/function/X0J1bmRsZVNlcnZpY2U6QWxsU2VydmljZXM_/Y2VyZWFsMQoxCmxpc3QKMApyMAo_/Y2VyZWFsMQoxCmRpY3QKMApyMAo_
Mar 25, 2026 18:47:01.501 [281473290215648] DEBUG - Request: [127.0.0.1:46274 (Loopback)] GET / (5 live) #f GZIP Signed-in Token (oscar.p46)
Mar 25, 2026 18:47:01.502 [281473406402784] DEBUG - Completed: [127.0.0.1:46274] 200 GET / (5 live) #f GZIP 1ms 4085 bytes
Mar 25, 2026 18:47:01.504 [281473351389408] DEBUG - [HttpClient/HCl#12] HTTP/1.1 (0.0s) 200 response from GET http://127.0.0.1:38159/:/plugins/com.plexapp.system/messaging/function/X0J1bmRsZVNlcnZpY2U6QWxsU2VydmljZXM_/Y2VyZWFsMQoxCmxpc3QKMApyMAo_/Y2VyZWFsMQoxCmRpY3QKMApyMAo_
Mar 25, 2026 18:47:01.504 [281473342951648] DEBUG - [Req#d] [com.plexapp.system] HTTP reply status 200, with 516 bytes of content.
Mar 25, 2026 18:47:01.505 [281473406402784] DEBUG - Completed: [127.0.0.1:46270] 200 GET /:/plugins/com.plexapp.system/messaging/function/X0J1bmRsZVNlcnZpY2U6QWxsU2VydmljZXM_/Y2VyZWFsMQoxCmxpc3QKMApyMAo_/Y2VyZWFsMQoxCmRpY3QKMApyMAo_ (4 live) #d GZIP 5ms 746 bytes
Mar 25, 2026 18:47:01.591 [281473351389408] DEBUG - [HttpClient/HCl#10] HTTP/1.1 (0.2s) 200 response from GET https://plex.tv/api/v2/features?X-Plex-Token=xxxxxxxxxxxxxxxxxxxx (reused)
Mar 25, 2026 18:47:01.593 [281473338732768] DEBUG - [HCl#13] HTTP requesting GET https://plex.tv/api/v2/server/users/features
Mar 25, 2026 18:47:01.740 [281473351389408] DEBUG - [HttpClient/HCl#13] HTTP/1.1 (0.1s) 200 response from GET https://plex.tv/api/v2/server/users/features (reused)
Mar 25, 2026 18:47:01.744 [281473338732768] DEBUG - CERT: Certificate will not expire soon; we'll check again in a week.
Mar 25, 2026 18:47:01.745 [281473288106208] DEBUG - MyPlex: sendMapping resetting state - previous mapping state: 'Not Mapped'.
Mar 25, 2026 18:47:01.745 [281473288106208] DEBUG - MyPlex: mapping state set to 'Unknown'.
Mar 25, 2026 18:47:01.745 [281473338732768] DEBUG - MyPlex: Updating device connections (from timer: 0)
Mar 25, 2026 18:47:01.745 [281473338732768] DEBUG - [HCl#14] HTTP requesting PUT https://plex.tv/devices/e54df6383d25ebd337b0eedd659aa30a8163aa07?Connection[][uri]=http://192.168.1.130:32400&Connection[][uri]=http://192.168.97.7:32400&httpsEnabled=1&httpsRequired=0&dnsRebindingProtection=0&X-Plex-Token=xxxxxxxxxxxxxxxxxxxx
Mar 25, 2026 18:47:01.746 [281473288106208] DEBUG - MyPlex: Sending Server Info to myPlex (user=oscar.pelagio@icloud.com, ip=, port=0)
Mar 25, 2026 18:47:01.746 [281473288106208] DEBUG - [HCl#15] HTTP requesting POST https://plex.tv/servers.xml?auth_token=xxxxxxxxxxxxxxxxxxxx
Mar 25, 2026 18:47:01.904 [281473351389408] DEBUG - [HttpClient/HCl#14] HTTP/1.1 (0.2s) 200 response from PUT https://plex.tv/devices/e54df6383d25ebd337b0eedd659aa30a8163aa07?Connection[][uri]=http://192.168.1.130:32400&Connection[][uri]=http://192.168.97.7:32400&httpsEnabled=1&httpsRequired=0&dnsRebindingProtection=0&X-Plex-Token=xxxxxxxxxxxxxxxxxxxx (reused)
Mar 25, 2026 18:47:01.930 [281473351389408] DEBUG - [HttpClient/HCl#15] HTTP/1.1 (0.2s) 422 response from POST https://plex.tv/servers.xml?auth_token=xxxxxxxxxxxxxxxxxxxx (reused)
Mar 25, 2026 18:47:01.930 [281473288106208] DEBUG - MyPlex: Published Mapping State response was 422
Mar 25, 2026 18:47:01.930 [281473288106208] DEBUG - MyPlex: Got response for e54df6383d25ebd337b0eedd659aa30a8163aa07 ~ registered :0
Mar 25, 2026 18:47:01.930 [281473288106208] DEBUG - MyPlex: updating mapped state - current state: 'Not Mapped'
Mar 25, 2026 18:47:01.930 [281473288106208] DEBUG - MyPlex: mapping state set to 'Not Mapped'.
Mar 25, 2026 18:47:01.952 [281473290215648] DEBUG - Request: [127.0.0.1:46280 (Loopback)] GET /:/plugins/com.plexapp.system/messaging/function/X0FnZW50U2VydmljZTpVcGRhdGVJbmZv/Y2VyZWFsMQoxCmxpc3QKMApyMAo_/Y2VyZWFsMQo3CmRpY3QKbGlzdApkaWN0Cmxpc3QKbGlzdApsaXN0Cmxpc3QKMgpzMjMKY29tLnBsZXhhcHAuYWdlbnRzLmltZGJzMTAKaWRlbnRpZmllcnIxCnMxMAphZ2VudF9pbmZvMQpyMgoxMApyMwpzMTEKbWVkaWFfdHlwZXNyNApzMTIKYWNjZXB0c19mcm9tbnMxNApmYWxsYmFja19hZ2VudHI1CnMxNApjb250cmlidXRlc190b3I2CnM5Cmxhbmd1YWdlc2IxczIwCnBlcnNpc3Rfc3RvcmVkX2ZpbGVzaTAKczcKdmVyc2lvbmIxczE2CnByaW1hcnlfcHJvdmlkZXJiMXM1CnByZWZzczE5ClBsZXggTW92aWUgKExlZ2FjeSlzNApuYW1lMQpzNQpNb3ZpZTEKczI5CmNvbS5wbGV4YXBwLmFnZW50cy5sb2NhbG1lZGlhMQpzMjkKY29tLnBsZXhhcHAuYWdlbnRzLnRoZW1vdmllZGIzMwpzMgplbnMyCnN2czIKZnJzMgplc3MyCm5sczIKZGVzMgppdHMyCmRhczIKYXJzMgpjYXMyCnpoczIKY3NzMgpldHMyCmZpczIKZWxzMgpoZXMyCmhpczIKaHVzMgppZHMyCmphczIKa29zMgpsdnMyCm5vczIKZmFzMgpwbHMyCnB0czIKcm9zMgpydXMyCnNrczIKdGhzMgp0cnMyCnVrczIKdmlyMAo_ (4 live) #10 GZIP Signed-in Token (oscar.p46)
Mar 25, 2026 18:47:01.952 [281473290215648] DEBUG - [Req#10] [com.plexapp.system] Sending command over HTTP (GET): /:/plugins/com.plexapp.system/messaging/function/X0FnZW50U2VydmljZTpVcGRhdGVJbmZv/Y2VyZWFsMQoxCmxpc3QKMApyMAo_/Y2VyZWFsMQo3CmRpY3QKbGlzdApkaWN0Cmxpc3QKbGlzdApsaXN0Cmxpc3QKMgpzMjMKY29tLnBsZXhhcHAuYWdlbnRzLmltZGJzMTAKaWRlbnRpZmllcnIxCnMxMAphZ2VudF9pbmZvMQpyMgoxMApyMwpzMTEKbWVkaWFfdHlwZXNyNApzMTIKYWNjZXB0c19mcm9tbnMxNApmYWxsYmFja19hZ2VudHI1CnMxNApjb250cmlidXRlc190b3I2CnM5Cmxhbmd1YWdlc2IxczIwCnBlcnNpc3Rfc3RvcmVkX2ZpbGVzaTAKczcKdmVyc2lvbmIxczE2CnByaW1hcnlfcHJvdmlkZXJiMXM1CnByZWZzczE5ClBsZXggTW92aWUgKExlZ2FjeSlzNApuYW1lMQpzNQpNb3ZpZTEKczI5CmNvbS5wbGV4YXBwLmFnZW50cy5sb2NhbG1lZGlhMQpzMjkKY29tLnBsZXhhcHAuYWdlbnRzLnRoZW1vdmllZGIzMwpzMgplbnMyCnN2czIKZnJzMgplc3MyCm5sczIKZGVzMgppdHMyCmRhczIKYXJzMgpjYXMyCnpoczIKY3NzMgpldHMyCmZpczIKZWxzMgpoZXMyCmhpczIKaHVzMgppZHMyCmphczIKa29zMgpsdnMyCm5vczIKZmFzMgpwbHMyCnB0czIKcm9zMgpydXMyCnNrczIKdGhzMgp0cnMyCnVrczIKdmlyMAo_
Mar 25, 2026 18:47:01.952 [281473290215648] DEBUG - [Req#10/HCl#16] HTTP requesting GET http://127.0.0.1:38159/:/plugins/com.plexapp.system/messaging/function/X0FnZW50U2VydmljZTpVcGRhdGVJbmZv/Y2VyZWFsMQoxCmxpc3QKMApyMAo_/Y2VyZWFsMQo3CmRpY3QKbGlzdApkaWN0Cmxpc3QKbGlzdApsaXN0Cmxpc3QKMgpzMjMKY29tLnBsZXhhcHAuYWdlbnRzLmltZGJzMTAKaWRlbnRpZmllcnIxCnMxMAphZ2VudF9pbmZvMQpyMgoxMApyMwpzMTEKbWVkaWFfdHlwZXNyNApzMTIKYWNjZXB0c19mcm9tbnMxNApmYWxsYmFja19hZ2VudHI1CnMxNApjb250cmlidXRlc190b3I2CnM5Cmxhbmd1YWdlc2IxczIwCnBlcnNpc3Rfc3RvcmVkX2ZpbGVzaTAKczcKdmVyc2lvbmIxczE2CnByaW1hcnlfcHJvdmlkZXJiMXM1CnByZWZzczE5ClBsZXggTW92aWUgKExlZ2FjeSlzNApuYW1lMQpzNQpNb3ZpZTEKczI5CmNvbS5wbGV4YXBwLmFnZW50cy5sb2NhbG1lZGlhMQpzMjkKY29tLnBsZXhhcHAuYWdlbnRzLnRoZW1vdmllZGIzMwpzMgplbnMyCnN2czIKZnJzMgplc3MyCm5sczIKZGVzMgppdHMyCmRhczIKYXJzMgpjYXMyCnpoczIKY3NzMgpldHMyCmZpczIKZWxzMgpoZXMyCmhpczIKaHVzMgppZHMyCmphczIKa29zMgpsdnMyCm5vczIKZmFzMgpwbHMyCnB0czIKcm9zMgpydXMyCnNrczIKdGhzMgp0cnMyCnVrczIKdmlyMAo_
Mar 25, 2026 18:47:01.955 [281473351389408] DEBUG - [HttpClient/HCl#16] HTTP/1.1 (0.0s) 200 response from GET http://127.0.0.1:38159/:/plugins/com.plexapp.system/messaging/function/X0FnZW50U2VydmljZTpVcGRhdGVJbmZv/Y2VyZWFsMQoxCmxpc3QKMApyMAo_/Y2VyZWFsMQo3CmRpY3QKbGlzdApkaWN0Cmxpc3QKbGlzdApsaXN0Cmxpc3QKMgpzMjMKY29tLnBsZXhhcHAuYWdlbnRzLmltZGJzMTAKaWRlbnRpZmllcnIxCnMxMAphZ2VudF9pbmZvMQpyMgoxMApyMwpzMTEKbWVkaWFfdHlwZXNyNApzMTIKYWNjZXB0c19mcm9tbnMxNApmYWxsYmFja19hZ2VudHI1CnMxNApjb250cmlidXRlc190b3I2CnM5Cmxhbmd1YWdlc2IxczIwCnBlcnNpc3Rfc3RvcmVkX2ZpbGVzaTAKczcKdmVyc2lvbmIxczE2CnByaW1hcnlfcHJvdmlkZXJiMXM1CnByZWZzczE5ClBsZXggTW92aWUgKExlZ2FjeSlzNApuYW1lMQpzNQpNb3ZpZTEKczI5CmNvbS5wbGV4YXBwLmFnZW50cy5sb2NhbG1lZGlhMQpzMjkKY29tLnBsZXhhcHAuYWdlbnRzLnRoZW1vdmllZGIzMwpzMgplbnMyCnN2czIKZnJzMgplc3MyCm5sczIKZGVzMgppdHMyCmRhczIKYXJzMgpjYXMyCnpoczIKY3NzMgpldHMyCmZpczIKZWxzMgpoZXMyCmhpczIKaHVzMgppZHMyCmphczIKa29zMgpsdnMyCm5vczIKZmFzMgpwbHMyCnB0czIKcm9zMgpydXMyCnNrczIKdGhzMgp0cnMyCnVrczIKdmlyMAo_
Mar 25, 2026 18:47:01.956 [281473290215648] DEBUG - [Req#10] [com.plexapp.system] HTTP reply status 200, with 16 bytes of content.
Mar 25, 2026 18:47:01.958 [281473406402784] DEBUG - Completed: [127.0.0.1:46280] 200 GET /:/plugins/com.plexapp.system/messaging/function/X0FnZW50U2VydmljZTpVcGRhdGVJbmZv/Y2VyZWFsMQoxCmxpc3QKMApyMAo_/Y2VyZWFsMQo3CmRpY3QKbGlzdApkaWN0Cmxpc3QKbGlzdApsaXN0Cmxpc3QKMgpzMjMKY29tLnBsZXhhcHAuYWdlbnRzLmltZGJzMTAKaWRlbnRpZmllcnIxCnMxMAphZ2VudF9pbmZvMQpyMgoxMApyMwpzMTEKbWVkaWFfdHlwZXNyNApzMTIKYWNjZXB0c19mcm9tbnMxNApmYWxsYmFja19hZ2VudHI1CnMxNApjb250cmlidXRlc190b3I2CnM5Cmxhbmd1YWdlc2IxczIwCnBlcnNpc3Rfc3RvcmVkX2ZpbGVzaTAKczcKdmVyc2lvbmIxczE2CnByaW1hcnlfcHJvdmlkZXJiMXM1CnByZWZzczE5ClBsZXggTW92aWUgKExlZ2FjeSlzNApuYW1lMQpzNQpNb3ZpZTEKczI5CmNvbS5wbGV4YXBwLmFnZW50cy5sb2NhbG1lZGlhMQpzMjkKY29tLnBsZXhhcHAuYWdlbnRzLnRoZW1vdmllZGIzMwpzMgplbnMyCnN2czIKZnJzMgplc3MyCm5sczIKZGVzMgppdHMyCmRhczIKYXJzMgpjYXMyCnpoczIKY3NzMgpldHMyCmZpczIKZWxzMgpoZXMyCmhpczIKaHVzMgppZHMyCmphczIKa29zMgpsdnMyCm5vczIKZmFzMgpwbHMyCnB0czIKcm9zMgpydXMyCnNrczIKdGhzMgp0cnMyCnVrczIKdmlyMAo_ (4 live) #10 GZIP 6ms 415 bytes
Mar 25, 2026 18:47:01.960 [281473296543968] DEBUG - [Req#a] Reading 148 bytes in the body, code is 200
Mar 25, 2026 18:47:01.960 [281473296543968] DEBUG - [Req#a] [com.plexapp.agents.imdb] Plug-in running on port 43277.
Mar 25, 2026 18:47:01.961 [281473296543968] DEBUG - [Req#a] Read configuration for [com.plexapp.agents.imdb], had 0 prefixes
Mar 25, 2026 18:47:01.961 [281473296543968] DEBUG - [Req#a] [com.plexapp.agents.imdb] Sending command over HTTP (GET): /:/plugins/com.plexapp.agents.imdb/prefs
Mar 25, 2026 18:47:01.961 [281473296543968] DEBUG - [Req#a/HCl#17] HTTP requesting GET http://127.0.0.1:43277/:/plugins/com.plexapp.agents.imdb/prefs
Mar 25, 2026 18:47:01.969 [281473351389408] DEBUG - [HttpClient/HCl#17] HTTP/1.1 (0.0s) 200 response from GET http://127.0.0.1:43277/:/plugins/com.plexapp.agents.imdb/prefs
Mar 25, 2026 18:47:01.971 [281473296543968] DEBUG - [Req#a] [com.plexapp.agents.imdb] HTTP reply status 200, with 2224 bytes of content.
Mar 25, 2026 18:47:01.971 [281473296543968] DEBUG - Caching document http://127.0.0.1:32400/:/plugins/com.plexapp.agents.imdb/prefs as 6dfba4771cb635b69a5fce61bec55af5e786851c
Mar 25, 2026 18:47:01.971 [281473296543968] DEBUG - IVA: Downloading trailer lists.
Mar 25, 2026 18:47:02.035 [281473296543968] DEBUG - IVA: Downloaded 48 trailers for source 1.
Mar 25, 2026 18:47:02.053 [281473296543968] DEBUG - IVA: Downloaded 28 trailers for source 2.
Mar 25, 2026 18:47:03.355 [281473342951648] DEBUG - Request: [192.168.97.4:54544 (Subnet)] GET /identity (3 live) #19 TLS GZIP Signed-in Token (oscar.p46)
Mar 25, 2026 18:47:03.357 [281473408512224] DEBUG - Completed: [192.168.97.4:54544] 200 GET /identity (4 live) #19 TLS GZIP 2ms 486 bytes (pipelined: 1)
Mar 25, 2026 18:47:03.357 [281473290215648] DEBUG - Request: [192.168.97.1:28041 (Subnet)] GET /identity (4 live) #1d TLS GZIP Signed-in Token (oscar.p46)
Mar 25, 2026 18:47:03.358 [281473406402784] DEBUG - Completed: [192.168.97.1:28041] 200 GET /identity (4 live) #1d TLS GZIP 0ms 486 bytes (pipelined: 1)
Mar 25, 2026 18:47:03.636 [281473342951648] DEBUG - Request: [192.168.97.1:28041 (Subnet)] GET /:/eventsource/notifications (4 live) #20 TLS GZIP Signed-in Token (oscar.p46)
Mar 25, 2026 18:47:03.636 [281473342951648] DEBUG - Content-Length is -1 (of total: -1).
Mar 25, 2026 18:47:03.664 [281473290215648] DEBUG - Request: [192.168.97.1:16390 (Subnet)] GET /status/sessions (5 live) #1e TLS GZIP Signed-in Token (oscar.p46)
Mar 25, 2026 18:47:03.665 [281473290215648] DEBUG - [Req#1e] [Now] Adding 0 sessions.
Mar 25, 2026 18:47:03.665 [281473408512224] DEBUG - Completed: [192.168.97.1:16390] 200 GET /status/sessions (5 live) #1e TLS GZIP 0ms 350 bytes (pipelined: 1)
Mar 25, 2026 18:47:03.908 [281473315528928] DEBUG - [MediaProviderManager] Refreshing media providers
Mar 25, 2026 18:47:03.908 [281473315528928] DEBUG - [MediaProviderManager/Response::fetch/HCl#1a] HTTP requesting GET https://plex.tv/media/providers
Mar 25, 2026 18:47:04.046 [281473351389408] DEBUG - [HttpClient/HCl#1a] HTTP/1.1 (0.1s) 200 response from GET https://plex.tv/media/providers (reused)
Mar 25, 2026 18:47:04.046 [281473315528928] DEBUG - [MediaProviderManager] discovered cloud provider (Movies & Shows)
Mar 25, 2026 18:47:04.046 [281473315528928] DEBUG - [MediaProviderManager] discovered cloud provider (Metadata)
Mar 25, 2026 18:47:04.046 [281473315528928] DEBUG - [MediaProviderManager] loading cloud provider details (Metadata) (alive: 0)
Mar 25, 2026 18:47:04.046 [281473304981728] DEBUG - [MediaProviderManager/HCl#1e] HTTP requesting GET https://vod.provider.plex.tv?includePreferences=1
Mar 25, 2026 18:47:04.095 [281473351389408] DEBUG - [HttpClient/HCl#1e] HTTP/2.0 (0.0s) 200 response from GET https://vod.provider.plex.tv?includePreferences=1
Mar 25, 2026 18:47:04.095 [281473315528928] DEBUG - [MediaProviderManager] loading cloud provider details (Movies & Shows) (alive: 0)
Mar 25, 2026 18:47:04.095 [281473315528928] DEBUG - [MediaProviderManager/HCl#20] HTTP requesting GET https://vod.provider.plex.tv?includePreferences=1
Mar 25, 2026 18:47:04.105 [281473351389408] DEBUG - [HttpClient/HCl#20] HTTP/2.0 (0.0s) 200 response from GET https://vod.provider.plex.tv?includePreferences=1 (reused)
Mar 25, 2026 18:47:04.105 [281473315528928] DEBUG - [MediaProviderManager] we had 0 cloud providers online, we now have 2
Mar 25, 2026 18:47:04.105 [281473315528928] DEBUG - [MediaProviderManager] cloud provider (Metadata) is online and available
Mar 25, 2026 18:47:04.105 [281473315528928] DEBUG - [MediaProviderManager] cloud provider (Movies & Shows) is online and available
Mar 25, 2026 18:47:04.106 [281473315528928] DEBUG - [MediaProviderManager/MetadataAgentManager] Found media provider for agent provider 'tv.plex.agents.movie' with source URI 'provider://tv.plex.provider.metadata'
Mar 25, 2026 18:47:04.106 [281473315528928] DEBUG - [MediaProviderManager/MetadataAgentManager] Found media provider for agent provider 'tv.plex.agents.series' with source URI 'provider://tv.plex.provider.metadata'
Mar 25, 2026 18:47:04.106 [281473315528928] DEBUG - [MediaProviderManager/MetadataAgentManager] Found media provider for agent provider 'tv.plex.agents.music' with source URI 'provider://tv.plex.provider.metadata'
Mar 25, 2026 18:47:04.107 [281473315528928] DEBUG - [MediaProviderManager/MetadataAgentManager] Found media provider for agent provider 'org.musicbrainz.agents.music' with source URI 'provider://tv.plex.provider.metadata'
Mar 25, 2026 18:47:04.107 [281473315528928] DEBUG - [MediaProviderManager] Media provider refresh complete
Mar 25, 2026 18:47:05.476 [281473334513888] DEBUG - [NSB] NetworkServiceBrowser: SERVER arrived: 127.0.0.1 (film-dealer)
Mar 25, 2026 18:47:05.476 [281473334513888] DEBUG - [NSB] Notifying the system bundle an update to server /system/notify/serverUpdated?host=127.0.0.1
Mar 25, 2026 18:47:05.476 [281473334513888] DEBUG - [NSB] [com.plexapp.system] Sending command over HTTP (GET): /system/notify/serverUpdated?host=127.0.0.1
Mar 25, 2026 18:47:05.476 [281473334513888] DEBUG - [NSB/HCl#21] HTTP requesting GET http://127.0.0.1:38159/system/notify/serverUpdated?host=127.0.0.1
Mar 25, 2026 18:47:05.479 [281473342951648] DEBUG - Request: [127.0.0.1:46290 (Loopback)] GET /servers (5 live) #21 GZIP Signed-in Token (oscar.p46)
Mar 25, 2026 18:47:05.479 [281473408512224] DEBUG - Completed: [127.0.0.1:46290] 200 GET /servers (6 live) #21 GZIP 0ms 493 bytes
Mar 25, 2026 18:47:05.480 [281473351389408] DEBUG - [HttpClient/HCl#21] HTTP/1.1 (0.0s) 200 response from GET http://127.0.0.1:38159/system/notify/serverUpdated?host=127.0.0.1
Mar 25, 2026 18:47:05.483 [281473334513888] DEBUG - [NSB] [com.plexapp.system] HTTP reply status 200, with 0 bytes of content.
Mar 25, 2026 18:47:05.913 [281473355608288] DEBUG - [PubsubServerManager/process/HCl#22] HTTP requesting GET https://plex.tv/services/pubsub/servers
Mar 25, 2026 18:47:06.045 [281473351389408] DEBUG - [HttpClient/HCl#22] HTTP/1.1 (0.1s) 200 response from GET https://plex.tv/services/pubsub/servers (reused)
Mar 25, 2026 18:47:06.898 [281473355608288] DEBUG - [PubsubServerManager/process] Time to connect to 172.104.133.220 was 83 ms.
Mar 25, 2026 18:47:06.898 [281473355608288] DEBUG - [PubsubServerManager/process] Time to connect to 172.104.152.89 was 96 ms.
Mar 25, 2026 18:47:06.898 [281473355608288] DEBUG - [PubsubServerManager/process] Time to connect to pubsub08.pop.lhr.plex.bz was 125 ms.
Mar 25, 2026 18:47:06.898 [281473355608288] DEBUG - [PubsubServerManager/process] Time to connect to 173.255.237.43 was 306 ms.
Mar 25, 2026 18:47:06.898 [281473355608288] DEBUG - [PubsubServerManager/process] Time to connect to 172.105.97.53 was 338 ms.
Mar 25, 2026 18:47:06.898 [281473355608288] DEBUG - [PubsubServerManager/process] Time to connect to 173.230.131.250 was 365 ms.
Mar 25, 2026 18:47:06.898 [281473355608288] DEBUG - [PubsubServerManager/process] Time to connect to 45.79.23.169 was 404 ms.
Mar 25, 2026 18:47:06.898 [281473355608288] DEBUG - [PubsubServerManager/process] Time to connect to 66.175.222.206 was 494 ms.
Mar 25, 2026 18:47:06.898 [281473355608288] DEBUG - [PubsubServerManager/process] Time to connect to 139.162.120.52 was 804 ms.
Mar 25, 2026 18:47:06.898 [281473355608288] DEBUG - [PubsubServerManager/process] Time to connect to 172.104.173.210 was 827 ms.
Mar 25, 2026 18:47:06.899 [281473355608288] DEBUG - [PubsubServerManager/process] Updating best ping time for 172.104.133.220 to 83 ms.
Mar 25, 2026 18:47:08.924 [281473326076128] DEBUG - DVR:Device: Discovering and refreshing all devices.
Mar 25, 2026 18:47:08.925 [281473326076128] DEBUG - Grabber: HDHomerun discovered 0 compatible devices.
Mar 25, 2026 18:47:08.925 [281473326076128] DEBUG - [HCl#23] HTTP requesting POST http://127.0.0.1:32600/devices/discover
Mar 25, 2026 18:47:10.486 [281473292325088] DEBUG - Grabber: Cleaning up orphaned grabs.
Mar 25, 2026 18:47:10.486 [281473292325088] DEBUG - Grabber: Cleaned up 0 decrepit directories in 0.0 sec.
Mar 25, 2026 18:47:10.487 [281473292325088] DEBUG - Activity: registered new activity a4a9129c-dd50-4501-89d1-cf4572ec03cf - "Processing subscriptions"
Mar 25, 2026 18:47:10.488 [281473292325088] DEBUG - Subscription: Scheduling subscriptions.
Mar 25, 2026 18:47:10.488 [281473292325088] DEBUG - Subscription: Initialized 0 schedulers.
Mar 25, 2026 18:47:10.488 [281473292325088] DEBUG - Subscription: Starting with 0 grabs, scheduled 0 active ones preemptively.
Mar 25, 2026 18:47:10.488 [281473292325088] DEBUG - Subscription: Scheduled all subscriptions in 0 ms.
Mar 25, 2026 18:47:10.489 [281473292325088] DEBUG - Activity: Ended activity a4a9129c-dd50-4501-89d1-cf4572ec03cf.
Mar 25, 2026 18:47:10.490 [281473292325088] DEBUG - Subscription: There are 0 active grabs at the end.
Mar 25, 2026 18:47:10.490 [281473292325088] DEBUG - Activity: Ended activity e5343b29-c762-4658-b4a3-1fc8af4e7512.
Mar 25, 2026 18:47:10.490 [281473292325088] DEBUG - Subscription: Refreshed all content in 3 ms.
Mar 25, 2026 18:47:10.912 [281473313419488] DEBUG - [HCl#24] HTTP requesting GET https://plex.tv/api/resources.xml?includeHttps=1&includeRelay=1&auth_token=xxxxxxxxxxxxxxxxxxxx
Mar 25, 2026 18:47:11.061 [281473351389408] DEBUG - [HttpClient/HCl#24] HTTP/1.1 (0.1s) 200 response from GET https://plex.tv/api/resources.xml?includeHttps=1&includeRelay=1&auth_token=xxxxxxxxxxxxxxxxxxxx (reused)
Mar 25, 2026 18:47:11.061 [281473313419488] DEBUG - Media Server: Tested all servers in 0.0 seconds.
Mar 25, 2026 18:47:11.412 [281473351389408] DEBUG - [HttpClient/HCl#23] HTTP/1.1 (2.5s) 200 response from POST http://127.0.0.1:32600/devices/discover
Mar 25, 2026 18:47:12.493 [281473332404448] DEBUG - NAT: UPnP, didn't find usable IGD.
Mar 25, 2026 18:47:12.493 [281473332404448] DEBUG - NAT: PMP, attempting mapping.
Mar 25, 2026 18:47:12.744 [281473332404448] WARN - NAT: PMP, got an error: Not Supported by gateway.
Mar 25, 2026 18:47:12.744 [281473332404448] DEBUG - NAT: UPnP, attempting port mapping.
Mar 25, 2026 18:47:13.010 [281473330295008] DEBUG - NAT: UPnP, getPublicIP didn't find usable IGD.
Mar 25, 2026 18:47:13.265 [281473330295008] WARN - NAT: PMP, got an error: Not Supported by gateway.
Mar 25, 2026 18:47:13.267 [281473330295008] DEBUG - MyPlex: sendMapping resetting state - previous mapping state: 'Not Mapped'.
Mar 25, 2026 18:47:13.267 [281473330295008] DEBUG - MyPlex: mapping state set to 'Unknown'.
Mar 25, 2026 18:47:13.269 [281473330295008] DEBUG - MyPlex: Sending Server Info to myPlex (user=oscar.pelagio@icloud.com, ip=79.117.226.16, port=0)
Mar 25, 2026 18:47:13.270 [281473330295008] DEBUG - [HCl#25] HTTP requesting POST https://plex.tv/servers.xml?auth_token=xxxxxxxxxxxxxxxxxxxx
Mar 25, 2026 18:47:13.424 [281473351389408] DEBUG - [HttpClient/HCl#25] HTTP/1.1 (0.2s) 422 response from POST https://plex.tv/servers.xml?auth_token=xxxxxxxxxxxxxxxxxxxx (reused)
Mar 25, 2026 18:47:13.424 [281473330295008] DEBUG - MyPlex: Published Mapping State response was 422
Mar 25, 2026 18:47:13.424 [281473330295008] DEBUG - MyPlex: Got response for e54df6383d25ebd337b0eedd659aa30a8163aa07 ~ registered :0
Mar 25, 2026 18:47:13.424 [281473330295008] DEBUG - MyPlex: updating mapped state - current state: 'Not Mapped'
Mar 25, 2026 18:47:13.424 [281473330295008] DEBUG - MyPlex: mapping state set to 'Not Mapped'.
Mar 25, 2026 18:47:13.426 [281473330295008] DEBUG - MyPlex: Updating device connections (from timer: 0)
Mar 25, 2026 18:47:13.427 [281473330295008] DEBUG - [HCl#26] HTTP requesting PUT https://plex.tv/devices/e54df6383d25ebd337b0eedd659aa30a8163aa07?Connection[][uri]=http://192.168.1.130:32400&Connection[][uri]=http://192.168.97.7:32400&httpsEnabled=1&httpsRequired=0&dnsRebindingProtection=0&natLoopbackSupported=0&X-Plex-Token=xxxxxxxxxxxxxxxxxxxx
Mar 25, 2026 18:47:13.571 [281473351389408] DEBUG - [HttpClient/HCl#26] HTTP/1.1 (0.1s) 200 response from PUT https://plex.tv/devices/e54df6383d25ebd337b0eedd659aa30a8163aa07?Connection[][uri]=http://192.168.1.130:32400&Connection[][uri]=http://192.168.97.7:32400&httpsEnabled=1&httpsRequired=0&dnsRebindingProtection=0&natLoopbackSupported=0&X-Plex-Token=xxxxxxxxxxxxxxxxxxxx (reused)
Mar 25, 2026 18:47:24.768 [281473332404448] DEBUG - NAT: UPnP, didn't find usable IGD.
Mar 25, 2026 18:47:24.768 [281473332404448] DEBUG - PublicAddressManager: Mapping failed.
Mar 25, 2026 18:47:24.772 [281473332404448] DEBUG - MyPlex: mapping state set to 'Mapped - Not Published'.
Mar 25, 2026 18:47:24.772 [281473332404448] DEBUG - MyPlex: sendMapping resetting state - previous mapping state: 'Mapped - Not Published'.
Mar 25, 2026 18:47:24.772 [281473332404448] DEBUG - MyPlex: mapping state set to 'Unknown'.
Mar 25, 2026 18:47:24.774 [281473332404448] DEBUG - MyPlex: Sending Server Info to myPlex (user=oscar.pelagio@icloud.com, ip=79.117.226.16, port=0)
Mar 25, 2026 18:47:24.775 [281473332404448] DEBUG - [HCl#27] HTTP requesting POST https://plex.tv/servers.xml?auth_token=xxxxxxxxxxxxxxxxxxxx
Mar 25, 2026 18:47:25.161 [281473351389408] DEBUG - [HttpClient/HCl#27] HTTP/1.1 (0.4s) 422 response from POST https://plex.tv/servers.xml?auth_token=xxxxxxxxxxxxxxxxxxxx
Mar 25, 2026 18:47:25.161 [281473332404448] DEBUG - MyPlex: Published Mapping State response was 422
Mar 25, 2026 18:47:25.161 [281473332404448] DEBUG - MyPlex: Got response for e54df6383d25ebd337b0eedd659aa30a8163aa07 ~ registered :0
Mar 25, 2026 18:47:25.161 [281473332404448] DEBUG - MyPlex: updating mapped state - current state: 'Mapped - Not Published'
Mar 25, 2026 18:47:25.161 [281473332404448] DEBUG - MyPlex: mapping state set to 'Mapped - Publishing'.
Mar 25, 2026 18:47:25.161 [281473332404448] DEBUG - MyPlex: async reachability check - current mapped state: 'Mapped - Publishing'.
Mar 25, 2026 18:47:25.161 [281473332404448] DEBUG - MyPlex: Requesting reachability check.
Mar 25, 2026 18:47:25.162 [281473332404448] DEBUG - [HCl#28] HTTP requesting PUT https://plex.tv/api/servers/e54df6383d25ebd337b0eedd659aa30a8163aa07/connectivity?X-Plex-Token=xxxxxxxxxxxxxxxxxxxx&asyncIdentifier=fdacc6cb-9499-42cb-bf11-6c50446d0759
Mar 25, 2026 18:47:25.286 [281473351389408] DEBUG - [HttpClient/HCl#28] HTTP/1.1 (0.1s) 200 response from PUT https://plex.tv/api/servers/e54df6383d25ebd337b0eedd659aa30a8163aa07/connectivity?X-Plex-Token=xxxxxxxxxxxxxxxxxxxx&asyncIdentifier=fdacc6cb-9499-42cb-bf11-6c50446d0759 (reused)
Mar 25, 2026 18:47:25.289 [281473332404448] DEBUG - MyPlex: Last published value didn't change, we're done.
Mar 25, 2026 18:47:25.302 [281473406402784] DEBUG - [EventSourceClient/pubsub/172.104.133.220:443] EventSource: Got event [data] '<Message address="" port="0" asyncIdentifier="fdacc6cb-9499-42cb-bf11-6c50446d0759" connectivity="0" command="notifyConnectivity"/>'
Mar 25, 2026 18:47:25.302 [281473406402784] DEBUG - [EventSourceClient/pubsub/172.104.133.220:443] PubSub: Got notified of reachability for async identifier fdacc6cb-9499-42cb-bf11-6c50446d0759: 0 for :0 (responded in 15 ms)
Mar 25, 2026 18:47:25.302 [281473406402784] DEBUG - [EventSourceClient/pubsub/172.104.133.220:443] MyPlex: reachability check - current mapping state: 'Mapped - Publishing'.
Mar 25, 2026 18:47:25.302 [281473406402784] DEBUG - [EventSourceClient/pubsub/172.104.133.220:443] MyPlex: mapping state set to 'Mapped - Not Published (Not Reachable)'.
Mar 25, 2026 18:47:28.910 [281473332404448] DEBUG - [HCl#29] HTTP requesting GET https://plex.tv/api/v2/shared_sources/owned?machineIdentifier=e54df6383d25ebd337b0eedd659aa30a8163aa07
Mar 25, 2026 18:47:29.031 [281473351389408] DEBUG - [HttpClient/HCl#29] HTTP/1.1 (0.1s) 200 response from GET https://plex.tv/api/v2/shared_sources/owned?machineIdentifier=e54df6383d25ebd337b0eedd659aa30a8163aa07 (reused)
Mar 25, 2026 18:47:29.033 [281473332404448] DEBUG - [HCl#2a] HTTP requesting GET https://plex.tv/api/v2/server/access_tokens?auth_token=xxxxxxxxxxxxxxxxxxxx
Mar 25, 2026 18:47:29.206 [281473351389408] DEBUG - [HttpClient/HCl#2a] HTTP/1.1 (0.2s) 200 response from GET https://plex.tv/api/v2/server/access_tokens?auth_token=xxxxxxxxxxxxxxxxxxxx (reused)
Mar 25, 2026 18:47:29.210 [281473332404448] DEBUG - MyPlex: updating with 17 access tokens
Mar 25, 2026 18:47:29.210 [281473332404448] DEBUG - [HCl#2b] HTTP requesting GET https://plex.tv/api/v2/server/users?auth_token=xxxxxxxxxxxxxxxxxxxx
Mar 25, 2026 18:47:29.331 [281473351389408] DEBUG - [HttpClient/HCl#2b] HTTP/1.1 (0.1s) 200 response from GET https://plex.tv/api/v2/server/users?auth_token=xxxxxxxxxxxxxxxxxxxx (reused)
Mar 25, 2026 18:47:29.334 [281473353498848] DEBUG - [HCl#2c] HTTP requesting GET https://plex.tv/api/v2/server/users/subscriptions?auth_token=xxxxxxxxxxxxxxxxxxxx
Mar 25, 2026 18:47:29.457 [281473351389408] DEBUG - [HttpClient/HCl#2c] HTTP/1.1 (0.1s) 200 response from GET https://plex.tv/api/v2/server/users/subscriptions?auth_token=xxxxxxxxxxxxxxxxxxxx (reused)
Mar 25, 2026 18:47:29.460 [281473353498848] DEBUG - MyPlex: using cached data for request for https://plex.tv/api/v2/server/users/services?auth_token=xxxxxxxxxxxxxxxxxxxx
Mar 25, 2026 18:47:31.923 [281473294434528] INFO - Library section 1 (Películas) will be updated because of a change in "/movies/Hamnet (2025)"
Mar 25, 2026 18:47:31.923 [281473294434528] DEBUG - [Notify] New directory: "/movies/Hamnet (2025)", adding recursively.
Mar 25, 2026 18:47:31.923 [281473294434528] DEBUG - [Notify] Now watching "/movies/Hamnet (2025)"
Mar 25, 2026 18:47:31.938 [281473294434528] INFO - Library section 1 (Películas) will be updated because of a change in "/movies/Hamnet (2025)/Hamnet (2025) WEBDL-1080p.mp4"
Mar 25, 2026 18:47:32.211 [281473326076128] DEBUG - [MediaProviderManager] Refreshing media providers
Mar 25, 2026 18:47:32.211 [281473326076128] DEBUG - [MediaProviderManager/Response::fetch/HCl#2d] HTTP requesting GET https://plex.tv/media/providers
Mar 25, 2026 18:47:32.332 [281473351389408] DEBUG - [HttpClient/HCl#2d] HTTP/1.1 (0.1s) 200 response from GET https://plex.tv/media/providers (reused)
Mar 25, 2026 18:47:32.333 [281473326076128] DEBUG - [MediaProviderManager] discovered cloud provider (Movies & Shows)
Mar 25, 2026 18:47:32.333 [281473326076128] DEBUG - [MediaProviderManager] discovered cloud provider (Metadata)
Mar 25, 2026 18:47:32.333 [281473326076128] DEBUG - [MediaProviderManager] loading cloud provider details (Metadata) (alive: 1)
Mar 25, 2026 18:47:32.333 [281473326076128] DEBUG - [MediaProviderManager] loading cloud provider details (Movies & Shows) (alive: 1)
Mar 25, 2026 18:47:32.333 [281473326076128] DEBUG - [MediaProviderManager] we had 2 cloud providers online, we now have 2
Mar 25, 2026 18:47:32.333 [281473326076128] DEBUG - [MediaProviderManager] cloud provider (Metadata) is online and available
Mar 25, 2026 18:47:32.333 [281473326076128] DEBUG - [MediaProviderManager] cloud provider (Movies & Shows) is online and available
Mar 25, 2026 18:47:32.333 [281473326076128] DEBUG - [MediaProviderManager] Media provider refresh complete
Mar 25, 2026 18:47:34.652 [281473342951648] DEBUG - Request: [192.168.97.3:49026 (Subnet)] GET /identity (3 live) #23 GZIP Signed-in Token (oscar.p46)
Mar 25, 2026 18:47:34.653 [281473408512224] DEBUG - Completed: [192.168.97.3:49026] 200 GET /identity (3 live) #23 GZIP 1ms 425 bytes
Mar 25, 2026 18:47:34.656 [281473342951648] DEBUG - Request: [192.168.97.3:49038 (Subnet)] GET /library/sections (4 live) #48 GZIP Signed-in Token (oscar.p46)
Mar 25, 2026 18:47:34.657 [281473406402784] DEBUG - Completed: [192.168.97.3:49038] 200 GET /library/sections (4 live) #48 GZIP 1ms 706 bytes
Mar 25, 2026 18:47:34.663 [281473342951648] DEBUG - Request: [192.168.97.3:49050 (Subnet)] GET /library/sections/1/refresh?path=%2Fmovies%2FHamnet%20%282025%29 (5 live) #49 GZIP Signed-in Token (oscar.p46)
Mar 25, 2026 18:47:34.664 [281473342951648] DEBUG - [Req#49] Library Updater: Requested that section 1 be updated, force=0, subdir=/movies/Hamnet (2025) iTunes=0
Mar 25, 2026 18:47:34.664 [281473342951648] DEBUG - [Req#49] Library Updater: Queueing section 1
Mar 25, 2026 18:47:34.664 [281473408512224] DEBUG - Completed: [192.168.97.3:49050] 200 GET /library/sections/1/refresh?path=%2Fmovies%2FHamnet%20%282025%29 (5 live) #49 GZIP 1ms 166 bytes
Mar 25, 2026 18:47:34.665 [281473349279968] DEBUG - Activity: registered new activity c2a6fd18-943a-44ed-9f59-7a1e5434d6ad - "Scanning"
Mar 25, 2026 18:47:34.666 [281473349279968] DEBUG - Scanning section 1
Mar 25, 2026 18:47:34.666 [281473349279968] DEBUG - Activity: updated activity c2a6fd18-943a-44ed-9f59-7a1e5434d6ad - completed 0.0% - Scanning Películas
Mar 25, 2026 18:47:34.666 [281473349279968] DEBUG - Asked to cull library timeline before time 1774459654, we're starting with 0 items.
Mar 25, 2026 18:47:34.666 [281473349279968] DEBUG - Library timeline cull complete with 0 items left.
Mar 25, 2026 18:47:34.666 [281473349279968] DEBUG - Scanning Películas using es-ES(Plex Movie) with 0 current media items and 1 section locations in the database.
Mar 25, 2026 18:47:34.666 [281473349279968] DEBUG - Performing a scan with 'Plex Movie' (language: es-ES virtual: 0).
Mar 25, 2026 18:47:34.667 [281473349279968] DEBUG -   * Scanning /movies/Hamnet (2025)
Mar 25, 2026 18:47:34.667 [281473349279968] DEBUG - Scanner: Processing directory /movies/Hamnet (2025) (parent: yes)
Mar 25, 2026 18:47:34.667 [281473349279968] DEBUG - Directory had 1 files, database had 0 files, can't skip.
Mar 25, 2026 18:47:34.668 [281473349279968] DEBUG - Activity: updated activity c2a6fd18-943a-44ed-9f59-7a1e5434d6ad - completed 0.0% - Scanning Películas
Mar 25, 2026 18:47:34.668 [281473330295008] DEBUG - Native Scanner: Executed Local Metadata stage in 0.00 sec.
Mar 25, 2026 18:47:34.668 [281473349279968] DEBUG - Activity: updated activity c2a6fd18-943a-44ed-9f59-7a1e5434d6ad - completed 99.0% - Scanning Películas
Mar 25, 2026 18:47:34.916 [281473330295008] DEBUG - Scanner [Plex Movie]: found agent match for file '/movies/Hamnet (2025)/Hamnet (2025) WEBDL-1080p.mp4': 'Hamnet'
Mar 25, 2026 18:47:34.916 [281473330295008] DEBUG - Native Scanner: Executed Agent Match stage in 0.25 sec.
Mar 25, 2026 18:47:34.916 [281473330295008] DEBUG - Skipping hash check, no size match for 332296967 bytes.
Mar 25, 2026 18:47:34.916 [281473330295008] DEBUG - No match for hash.
Mar 25, 2026 18:47:34.919 [281473330295008] DEBUG - Added new metadata item (Hamnet) with ID 35
Mar 25, 2026 18:47:34.919 [281473321857248] DEBUG - [LibraryTimeline] Scanner activity on section 1: 1 added, 0 deleted
Mar 25, 2026 18:47:34.922 [281473330295008] DEBUG - Native Scanner: Executed Add to Database stage in 0.01 sec.
Mar 25, 2026 18:47:34.922 [281473319747808] DEBUG - Media Analyzer: Performing on-the-fly analysis on 1 item.
Mar 25, 2026 18:47:34.922 [281473319747808] DEBUG - [JobRunner] Job running: FFMPEG_EXTERNAL_LIBS='/config/Library/Application\ Support/Plex\ Media\ Server/Codecs/74455c4-a119aa85fdef32b7dbfbf8a2-linux-aarch64/' X_PLEX_TOKEN=xxxxxxxxxxxxxxxxxxxxxxxxxxxxxxxxxxxxxxxxxx "/usr/lib/plexmediaserver/Plex Media Scanner" --analyze --log-file-suffix " Analysis" --no-thumbs --item 35
Mar 25, 2026 18:47:34.924 [281473319747808] DEBUG - [JobRunner] Jobs: Starting child process with pid 348
Mar 25, 2026 18:47:35.095 [281473342951648] DEBUG - Request: [127.0.0.1:47744 (Loopback)] GET /:/metadata/notify/changeItemState?librarySectionID=1&metadataItemID=35&metadataType=1&state=-1&parentID=-1&rootID=-1&mediaState=analyzing (5 live) #4a GZIP Signed-in Token (oscar.p46)
Mar 25, 2026 18:47:35.096 [281473315528928] DEBUG - Request: [127.0.0.1:47746 (Loopback)] GET /library/changestamp (6 live) #5a GZIP Signed-in Token (oscar.p46)
Mar 25, 2026 18:47:35.097 [281473408512224] DEBUG - Completed: [127.0.0.1:47746] 200 GET /library/changestamp (6 live) #5a GZIP 0ms 417 bytes (pipelined: 1)
Mar 25, 2026 18:47:35.097 [281473408512224] DEBUG - Completed: [127.0.0.1:47744] 200 GET /:/metadata/notify/changeItemState?librarySectionID=1&metadataItemID=35&metadataType=1&state=-1&parentID=-1&rootID=-1&mediaState=analyzing (6 live) #4a GZIP 2ms 195 bytes (pipelined: 1)
Mar 25, 2026 18:47:35.098 [281473342951648] DEBUG - Request: [127.0.0.1:47744 (Loopback)] GET /:/metadata/notify/changeItemState?librarySectionID=1&metadataItemID=35&metadataType=1&state=-1&parentID=-1&rootID=-1&mediaState=idle (6 live) #5d GZIP Signed-in Token (oscar.p46)
Mar 25, 2026 18:47:35.099 [281473406402784] DEBUG - Completed: [127.0.0.1:47744] 200 GET /:/metadata/notify/changeItemState?librarySectionID=1&metadataItemID=35&metadataType=1&state=-1&parentID=-1&rootID=-1&mediaState=idle (6 live) #5d GZIP 0ms 195 bytes (pipelined: 2)
Mar 25, 2026 18:47:35.101 [281473418776800] DEBUG - Jobs: '/usr/lib/plexmediaserver/Plex Media Scanner' exit code for process 348 is 0 (success)
Mar 25, 2026 18:47:35.101 [281473319747808] DEBUG - Killing job.
Mar 25, 2026 18:47:35.101 [281473319747808] DEBUG - Signalling job ID 348 with 9
Mar 25, 2026 18:47:35.101 [281473319747808] DEBUG - Media Analyzer: Background analysis completed in 0.2 seconds, removing 1 IDs
Mar 25, 2026 18:47:35.101 [281473330295008] DEBUG - MetadataAgentPostProcessor: adding id 35 to refresh queue (0 items in queue)
Mar 25, 2026 18:47:35.101 [281473330295008] DEBUG - Native Scanner: Executed Media Analysis stage in 0.18 sec.
Mar 25, 2026 18:47:35.101 [281473349279968] DEBUG - Scanner [Plex Movie]: Idle and left with 0 media items.
Mar 25, 2026 18:47:35.101 [281473349279968] DEBUG - Removing 0 media items that were left.
Mar 25, 2026 18:47:35.101 [281473349279968] DEBUG - Removing 0 directories that were left.
Mar 25, 2026 18:47:35.101 [281473349279968] DEBUG - Updating directory 'Hamnet (2025)' (ID 10) to time 2026-03-25 18:47:31.
Mar 25, 2026 18:47:35.102 [281473349279968] DEBUG - Collections: Found 0 collections tags in section 1.
Mar 25, 2026 18:47:35.102 [281473349279968] DEBUG - Collections: We had 0 collections in the library already.
Mar 25, 2026 18:47:35.102 [281473349279968] DEBUG - Collections: Synced tags in section 1 in 0ms.
Mar 25, 2026 18:47:35.103 [281473313419488] DEBUG - Activity: registered new activity 17fdd5f8-ea80-4ad9-b17a-4bdfa870a8a6 - "Updating Metadata"
Mar 25, 2026 18:47:35.104 [281473313419488] DEBUG - Activity: updated activity 17fdd5f8-ea80-4ad9-b17a-4bdfa870a8a6 - completed 49.0% - Updating Metadata
Mar 25, 2026 18:47:35.104 [281473349279968] DEBUG - Collections: Refreshed attributes for 0 collections in section 1 in 1ms.
Mar 25, 2026 18:47:35.104 [281473349279968] DEBUG - Collection: Refreshed visibility in section 1 in 0ms.
Mar 25, 2026 18:47:35.104 [281473349279968] DEBUG - Activity: updated activity c2a6fd18-943a-44ed-9f59-7a1e5434d6ad - completed 100.0% - Scanning Películas
Mar 25, 2026 18:47:35.104 [281473349279968] DEBUG - Refreshing section 1 of type: 1
Mar 25, 2026 18:47:35.104 [281473302872288] DEBUG - Refreshing 0 IDs.
Mar 25, 2026 18:47:35.105 [281473349279968] DEBUG - Activity: registered new activity 2b7a48e8-2b21-43e3-afdd-936d9942fa7a - "Processing subscriptions"
Mar 25, 2026 18:47:35.105 [281473349279968] DEBUG - Activity: Ended activity c2a6fd18-943a-44ed-9f59-7a1e5434d6ad.
Mar 25, 2026 18:47:35.105 [281473326076128] DEBUG - Grabber: Cleaning up orphaned grabs.
Mar 25, 2026 18:47:35.105 [281473326076128] DEBUG - Grabber: Cleaned up 0 decrepit directories in 0.0 sec.
Mar 25, 2026 18:47:35.105 [281473326076128] DEBUG - Activity: registered new activity 81488389-5c02-4136-ab42-2a615c50947c - "Processing subscriptions"
Mar 25, 2026 18:47:35.105 [281473326076128] DEBUG - Subscription: Scheduling subscriptions.
Mar 25, 2026 18:47:35.106 [281473326076128] DEBUG - Subscription: Initialized 0 schedulers.
Mar 25, 2026 18:47:35.106 [281473326076128] DEBUG - Subscription: Starting with 0 grabs, scheduled 0 active ones preemptively.
Mar 25, 2026 18:47:35.106 [281473326076128] DEBUG - Subscription: Scheduled all subscriptions in 0 ms.
Mar 25, 2026 18:47:35.106 [281473326076128] DEBUG - Activity: Ended activity 81488389-5c02-4136-ab42-2a615c50947c.
Mar 25, 2026 18:47:35.106 [281473326076128] DEBUG - Subscription: There are 0 active grabs at the end.
Mar 25, 2026 18:47:35.106 [281473326076128] DEBUG - Activity: Ended activity 2b7a48e8-2b21-43e3-afdd-936d9942fa7a.
Mar 25, 2026 18:47:35.106 [281473326076128] DEBUG - Subscription: Refreshed all content in 0 ms.
Mar 25, 2026 18:47:35.169 [281473313419488] DEBUG - [JobRunner] Job running: FFMPEG_EXTERNAL_LIBS='/config/Library/Application\ Support/Plex\ Media\ Server/Codecs/74455c4-a119aa85fdef32b7dbfbf8a2-linux-aarch64/' X_PLEX_TOKEN=xxxxxxxxxxxxxxxxxxxxxxxxxxxxxxxxxxxxxxxxxx "/usr/lib/plexmediaserver/Plex Media Scanner" --match --type 1 --log-file-suffix " Matcher" --item 35 --content-type=application/json
Mar 25, 2026 18:47:35.169 [281473313419488] DEBUG - [JobRunner] Jobs: Starting child process with pid 358
Mar 25, 2026 18:47:35.248 [281473313419488] DEBUG - Killing job.
Mar 25, 2026 18:47:35.248 [281473313419488] DEBUG - Signalling job ID 358 with 9
Mar 25, 2026 18:47:35.249 [281473418776800] DEBUG - Jobs: '/usr/lib/plexmediaserver/Plex Media Scanner' exit code for process 358 is 0 (success)
Mar 25, 2026 18:47:35.250 [281473313419488] DEBUG - Loaded metadata for Hamnet (ID 35) in 2ms
Mar 25, 2026 18:47:35.250 [281473313419488] DEBUG - Doing expensive tags write for 'Hamnet' because something changed.
Mar 25, 2026 18:47:35.251 [281473313419488] DEBUG - Local media already exists (metadata://posters/8bdddcdb4d6fca40ba2b2463b17217ce181f0575)
Mar 25, 2026 18:47:35.251 [281473313419488] DEBUG - Doing expensive tags write for 'Hamnet' because something changed.
Mar 25, 2026 18:47:35.251 [281473313419488] DEBUG - Local media already exists (metadata://art/tv.plex.agents.movie_f9d914b61a213c3307e61206d635141dac1d9c19)
Mar 25, 2026 18:47:35.251 [281473313419488] DEBUG - Doing expensive tags write for 'Hamnet' because something changed.
Mar 25, 2026 18:47:35.251 [281473313419488] DEBUG - Doing expensive tags write for 'Hamnet' because something changed.
Mar 25, 2026 18:47:35.252 [281473313419488] DEBUG - Doing expensive tags write for 'Hamnet' because something changed.
Mar 25, 2026 18:47:35.252 [281473313419488] DEBUG - Doing expensive tags write for 'Hamnet' because something changed.
Mar 25, 2026 18:47:35.264 [281473313419488] DEBUG - Doing expensive tags write for 'Hamnet' because something changed.
Mar 25, 2026 18:47:35.265 [281473313419488] DEBUG - Doing expensive tags write for 'Hamnet' because something changed.
Mar 25, 2026 18:47:35.266 [281473313419488] DEBUG - Doing expensive tags write for 'Hamnet' because something changed.
Mar 25, 2026 18:47:35.267 [281473313419488] DEBUG - Doing expensive tags write for 'Hamnet' because something changed.
Mar 25, 2026 18:47:35.267 [281473313419488] DEBUG - Local media already exists (metadata://clearLogos/tv.plex.agents.movie_0788467e12a6c959afd8d2a30e236fa5187048a9)
Mar 25, 2026 18:47:35.267 [281473313419488] DEBUG - Doing expensive tags write for 'Hamnet' because something changed.
Mar 25, 2026 18:47:35.268 [281473313419488] DEBUG - Local media already exists (metadata://squareArt/tv.plex.agents.movie_389bfcfce0f0ae541e294f068480423c6fac35e0)
Mar 25, 2026 18:47:35.268 [281473313419488] DEBUG - Doing expensive tags write for 'Hamnet' because something changed.
Mar 25, 2026 18:47:35.269 [281473313419488] DEBUG - Doing expensive tags write for 'Hamnet' because something changed.
Mar 25, 2026 18:47:35.269 [281473313419488] DEBUG - Doing expensive tags write for 'Hamnet' because something changed.
Mar 25, 2026 18:47:35.269 [281473313419488] DEBUG - Doing expensive tags write for 'Hamnet' because something changed.
Mar 25, 2026 18:47:35.269 [281473313419488] DEBUG - Extras: 0 existing extras.
Mar 25, 2026 18:47:35.269 [281473313419488] DEBUG - Extras: Checked extra 'Hamnet (Spanish/Spain Trailer 1)' and found matched: 0 Media matched: 0
Mar 25, 2026 18:47:35.270 [281473313419488] DEBUG - Added new metadata item (Hamnet (Spanish/Spain Trailer 1)) with ID 36
Mar 25, 2026 18:47:35.270 [281473313419488] DEBUG - Updating metadata item (save) (Hamnet (Spanish/Spain Trailer 1)) with ID 36
Mar 25, 2026 18:47:35.270 [281473313419488] DEBUG - Updating part with ID=68 []
Mar 25, 2026 18:47:35.270 [281473313419488] DEBUG - Updating part with ID=69 []
Mar 25, 2026 18:47:35.271 [281473313419488] DEBUG - Updating part with ID=70 []
Mar 25, 2026 18:47:35.271 [281473313419488] DEBUG - Extras: Checked extra 'Hamnet (Spanish/Spain Teaser Trailer)' and found matched: 0 Media matched: 0
Mar 25, 2026 18:47:35.271 [281473313419488] DEBUG - Added new metadata item (Hamnet (Spanish/Spain Teaser Trailer)) with ID 37
Mar 25, 2026 18:47:35.271 [281473313419488] DEBUG - Updating metadata item (save) (Hamnet (Spanish/Spain Teaser Trailer)) with ID 37
Mar 25, 2026 18:47:35.271 [281473313419488] DEBUG - Updating part with ID=71 []
Mar 25, 2026 18:47:35.271 [281473313419488] DEBUG - Updating part with ID=72 []
Mar 25, 2026 18:47:35.271 [281473313419488] DEBUG - Updating part with ID=73 []
Mar 25, 2026 18:47:35.271 [281473313419488] DEBUG - Extras: Checked extra 'Tengo Que Ir (Spanish/Spain)' and found matched: 0 Media matched: 0
Mar 25, 2026 18:47:35.272 [281473313419488] DEBUG - Added new metadata item (Tengo Que Ir (Spanish/Spain)) with ID 38
Mar 25, 2026 18:47:35.272 [281473313419488] DEBUG - Updating metadata item (save) (Tengo Que Ir (Spanish/Spain)) with ID 38
Mar 25, 2026 18:47:35.272 [281473313419488] DEBUG - Updating part with ID=74 []
Mar 25, 2026 18:47:35.272 [281473313419488] DEBUG - Updating part with ID=75 []
Mar 25, 2026 18:47:35.272 [281473313419488] DEBUG - Updating part with ID=76 []
Mar 25, 2026 18:47:35.272 [281473313419488] DEBUG - Extras: Checked extra 'Orfeo Y Euridice (Spanish/Spain)' and found matched: 0 Media matched: 0
Mar 25, 2026 18:47:35.272 [281473313419488] DEBUG - Added new metadata item (Orfeo Y Euridice (Spanish/Spain)) with ID 39
Mar 25, 2026 18:47:35.272 [281473313419488] DEBUG - Updating metadata item (save) (Orfeo Y Euridice (Spanish/Spain)) with ID 39
Mar 25, 2026 18:47:35.273 [281473313419488] DEBUG - Updating part with ID=77 []
Mar 25, 2026 18:47:35.273 [281473313419488] DEBUG - Updating part with ID=78 []
Mar 25, 2026 18:47:35.273 [281473313419488] DEBUG - Updating part with ID=79 []
Mar 25, 2026 18:47:35.273 [281473313419488] DEBUG - Extras: Checked extra 'Cuando Nos Besemos (Spanish/Spain)' and found matched: 0 Media matched: 0
Mar 25, 2026 18:47:35.273 [281473313419488] DEBUG - Added new metadata item (Cuando Nos Besemos (Spanish/Spain)) with ID 40
Mar 25, 2026 18:47:35.273 [281473313419488] DEBUG - Updating metadata item (save) (Cuando Nos Besemos (Spanish/Spain)) with ID 40
Mar 25, 2026 18:47:35.273 [281473313419488] DEBUG - Updating part with ID=80 []
Mar 25, 2026 18:47:35.273 [281473313419488] DEBUG - Updating part with ID=81 []
Mar 25, 2026 18:47:35.274 [281473313419488] DEBUG - Updating part with ID=82 []
Mar 25, 2026 18:47:35.274 [281473313419488] DEBUG - Extras: Checked extra 'Que Te Gustaria Hacer? (Spanish/Spain)' and found matched: 0 Media matched: 0
Mar 25, 2026 18:47:35.274 [281473313419488] DEBUG - Added new metadata item (Que Te Gustaria Hacer? (Spanish/Spain)) with ID 41
Mar 25, 2026 18:47:35.274 [281473313419488] DEBUG - Updating metadata item (save) (Que Te Gustaria Hacer? (Spanish/Spain)) with ID 41
Mar 25, 2026 18:47:35.274 [281473313419488] DEBUG - Updating part with ID=83 []
Mar 25, 2026 18:47:35.274 [281473313419488] DEBUG - Updating part with ID=84 []
Mar 25, 2026 18:47:35.274 [281473313419488] DEBUG - Updating part with ID=85 []
Mar 25, 2026 18:47:35.274 [281473313419488] DEBUG - Extras: Checked extra 'Nos Encontraremos De Nuevo Las Tres (Spanish/Spain)' and found matched: 0 Media matched: 0
Mar 25, 2026 18:47:35.275 [281473313419488] DEBUG - Added new metadata item (Nos Encontraremos De Nuevo Las Tres (Spanish/Spain)) with ID 42
Mar 25, 2026 18:47:35.275 [281473313419488] DEBUG - Updating metadata item (save) (Nos Encontraremos De Nuevo Las Tres (Spanish/Spain)) with ID 42
Mar 25, 2026 18:47:35.275 [281473313419488] DEBUG - Updating part with ID=86 []
Mar 25, 2026 18:47:35.275 [281473313419488] DEBUG - Updating part with ID=87 []
Mar 25, 2026 18:47:35.275 [281473313419488] DEBUG - Updating part with ID=88 []
Mar 25, 2026 18:47:35.277 [281473313419488] DEBUG - There was a change for metadata item 35 (Hamnet), saving.
Mar 25, 2026 18:47:35.277 [281473313419488] DEBUG - Updating metadata item (save) (Hamnet) with ID 35
Mar 25, 2026 18:47:35.278 [281473313419488] DEBUG - Done with metadata update for 35
Mar 25, 2026 18:47:35.278 [281473300762848] DEBUG - Calculated media file path for path [metadata://posters/8bdddcdb4d6fca40ba2b2463b17217ce181f0575]: ["/config/Library/Application Support/Plex Media Server/Metadata/Movies/f/173278beabb6ff678a2568f43264f78f7421061.bundle/Contents/_combined/posters/8bdddcdb4d6fca40ba2b2463b17217ce181f0575"]
Mar 25, 2026 18:47:35.279 [281473313419488] DEBUG - Activity: Ended activity 17fdd5f8-ea80-4ad9-b17a-4bdfa870a8a6.
Mar 25, 2026 18:47:35.279 [281473300762848] DEBUG - Created thumbnail of size 70x100, has pixels: 1
Mar 25, 2026 18:47:35.281 [281473300762848] DEBUG - [BlurHashProcessor] Generated for item 35 thumb in 3 ms (success: 1)
Mar 25, 2026 18:47:35.281 [281473300762848] DEBUG - Calculated media file path for path [metadata://art/tv.plex.agents.movie_f9d914b61a213c3307e61206d635141dac1d9c19]: ["/config/Library/Application Support/Plex Media Server/Metadata/Movies/f/173278beabb6ff678a2568f43264f78f7421061.bundle/Contents/_combined/art/tv.plex.agents.movie_f9d914b61a213c3307e61206d635141dac1d9c19"]
Mar 25, 2026 18:47:35.354 [281473300762848] DEBUG - Created thumbnail of size 100x56, has pixels: 1
Mar 25, 2026 18:47:35.356 [281473300762848] DEBUG - [BlurHashProcessor] Generated for item 35 art in 74 ms (success: 1)
Mar 25, 2026 18:47:35.357 [281473298653408] DEBUG - [UltraBlurProcessor] Calculated media file path for path [metadata://art/tv.plex.agents.movie_f9d914b61a213c3307e61206d635141dac1d9c19]: ["/config/Library/Application Support/Plex Media Server/Metadata/Movies/f/173278beabb6ff678a2568f43264f78f7421061.bundle/Contents/_combined/art/tv.plex.agents.movie_f9d914b61a213c3307e61206d635141dac1d9c19"]
Mar 25, 2026 18:47:35.479 [281473298653408] DEBUG - [UltraBlurProcessor] Generated for item 35 in 122 ms.
Mar 25, 2026 18:47:36.924 [281473332404448] DEBUG - Library Updater: Requested that section 1 be updated, force=0, subdir=/movies iTunes=0
Mar 25, 2026 18:47:36.924 [281473332404448] DEBUG - Library Updater: Queueing section 1
Mar 25, 2026 18:47:36.925 [281473349279968] DEBUG - Activity: registered new activity 01794bb4-a566-4842-b993-84ebacca0ab6 - "Scanning"
Mar 25, 2026 18:47:36.926 [281473349279968] DEBUG - Scanning section 1
Mar 25, 2026 18:47:36.926 [281473349279968] DEBUG - Activity: updated activity 01794bb4-a566-4842-b993-84ebacca0ab6 - completed 0.0% - Scanning Películas
Mar 25, 2026 18:47:36.926 [281473349279968] DEBUG - Job was already killed, not killing again.
Mar 25, 2026 18:47:36.927 [281473349279968] DEBUG - Asked to cull library timeline before time 1774459656, we're starting with 8 items.
Mar 25, 2026 18:47:36.927 [281473349279968] DEBUG - Library timeline cull complete with 8 items left.
Mar 25, 2026 18:47:36.927 [281473349279968] DEBUG - Scanning Películas using es-ES(Plex Movie) with 2 current media items and 1 section locations in the database.
Mar 25, 2026 18:47:36.927 [281473349279968] DEBUG - Performing a scan with 'Plex Movie' (language: es-ES virtual: 0).
Mar 25, 2026 18:47:36.927 [281473349279968] DEBUG -   * Scanning /movies
Mar 25, 2026 18:47:36.927 [281473349279968] DEBUG - Scanner: Processing directory /movies (parent: no)
Mar 25, 2026 18:47:36.928 [281473349279968] DEBUG - Skipping over directory '', as nothing has changed; removing 0 media items from map.
Mar 25, 2026 18:47:36.928 [281473349279968] DEBUG - Scanner: Processing directory /movies/Hamnet (2025) (parent: yes)
Mar 25, 2026 18:47:36.928 [281473349279968] DEBUG - Skipping over directory 'Hamnet (2025)', as nothing has changed; removing 1 media items from map.
Mar 25, 2026 18:47:36.928 [281473349279968] DEBUG - Activity: updated activity 01794bb4-a566-4842-b993-84ebacca0ab6 - completed 49.5% - Scanning Películas
Mar 25, 2026 18:47:36.928 [281473349279968] DEBUG - Scanner: Processing directory /movies/Little Amélie or the Character of Rain (2025) (parent: yes)
Mar 25, 2026 18:47:36.928 [281473349279968] DEBUG - Skipping over directory 'Little Amélie or the Character of Rain (2025)', as nothing has changed; removing 1 media items from map.
Mar 25, 2026 18:47:36.928 [281473349279968] DEBUG - Activity: updated activity 01794bb4-a566-4842-b993-84ebacca0ab6 - completed 99.0% - Scanning Películas
Mar 25, 2026 18:47:36.928 [281473349279968] DEBUG - Scanner [Plex Movie]: Idle and left with 2 media items.
Mar 25, 2026 18:47:36.928 [281473349279968] DEBUG - Removing 0 media items that were left.
Mar 25, 2026 18:47:36.928 [281473349279968] DEBUG - Removing 0 directories that were left.
Mar 25, 2026 18:47:36.928 [281473349279968] DEBUG - Updating directory '' (ID 4) to time 2026-03-25 18:47:31.
Mar 25, 2026 18:47:36.928 [281473349279968] DEBUG - Updating directory 'Hamnet (2025)' (ID 10) to time 2026-03-25 18:47:31.
Mar 25, 2026 18:47:36.928 [281473349279968] DEBUG - Updating directory 'Little Amélie or the Character of Rain (2025)' (ID 9) to time 2026-03-25 13:56:04.
Mar 25, 2026 18:47:36.929 [281473349279968] DEBUG - Collections: Found 0 collections tags in section 1.
Mar 25, 2026 18:47:36.929 [281473349279968] DEBUG - Collections: We had 0 collections in the library already.
Mar 25, 2026 18:47:36.929 [281473349279968] DEBUG - Collections: Synced tags in section 1 in 0ms.
Mar 25, 2026 18:47:36.929 [281473349279968] DEBUG - Collections: Refreshed attributes for 0 collections in section 1 in 0ms.
Mar 25, 2026 18:47:36.929 [281473349279968] DEBUG - Collection: Refreshed visibility in section 1 in 0ms.
Mar 25, 2026 18:47:36.929 [281473349279968] DEBUG - Activity: updated activity 01794bb4-a566-4842-b993-84ebacca0ab6 - completed 100.0% - Scanning Películas
Mar 25, 2026 18:47:36.929 [281473349279968] DEBUG - Refreshing section 1 of type: 1
Mar 25, 2026 18:47:36.930 [281473302872288] DEBUG - Refreshing 0 IDs.
Mar 25, 2026 18:47:36.930 [281473349279968] DEBUG - Activity: registered new activity e4501272-5ad0-4305-99df-1d4c6ac848a5 - "Processing subscriptions"
Mar 25, 2026 18:47:36.930 [281473349279968] DEBUG - Activity: Ended activity 01794bb4-a566-4842-b993-84ebacca0ab6.
Mar 25, 2026 18:47:36.930 [281473304981728] DEBUG - Grabber: Cleaning up orphaned grabs.
Mar 25, 2026 18:47:36.930 [281473304981728] DEBUG - Grabber: Cleaned up 0 decrepit directories in 0.0 sec.
Mar 25, 2026 18:47:36.930 [281473304981728] DEBUG - Activity: registered new activity cba6d1b3-c6e6-45ef-9e9e-234d47e06200 - "Processing subscriptions"
Mar 25, 2026 18:47:36.930 [281473304981728] DEBUG - Subscription: Scheduling subscriptions.
Mar 25, 2026 18:47:36.931 [281473304981728] DEBUG - Subscription: Initialized 0 schedulers.
Mar 25, 2026 18:47:36.931 [281473304981728] DEBUG - Subscription: Starting with 0 grabs, scheduled 0 active ones preemptively.
Mar 25, 2026 18:47:36.931 [281473304981728] DEBUG - Subscription: Scheduled all subscriptions in 0 ms.
Mar 25, 2026 18:47:36.931 [281473304981728] DEBUG - Activity: Ended activity cba6d1b3-c6e6-45ef-9e9e-234d47e06200.
Mar 25, 2026 18:47:36.931 [281473304981728] DEBUG - Subscription: There are 0 active grabs at the end.
Mar 25, 2026 18:47:36.931 [281473304981728] DEBUG - Activity: Ended activity e4501272-5ad0-4305-99df-1d4c6ac848a5.
Mar 25, 2026 18:47:36.931 [281473304981728] DEBUG - Subscription: Refreshed all content in 1 ms.
Mar 25, 2026 18:47:39.031 [281473416184032] DEBUG - Library Updater: Requested that section 1 be updated, force=0, subdir=/movies/Hamnet (2025) iTunes=0
Mar 25, 2026 18:47:39.031 [281473416184032] DEBUG - Library Updater: Queueing section 1
Mar 25, 2026 18:47:39.033 [281473349279968] DEBUG - Activity: registered new activity 70abd724-62fb-4c50-8c95-ec12eff87a94 - "Scanning"
Mar 25, 2026 18:47:39.034 [281473349279968] DEBUG - Scanning section 1
Mar 25, 2026 18:47:39.034 [281473349279968] DEBUG - Activity: updated activity 70abd724-62fb-4c50-8c95-ec12eff87a94 - completed 0.0% - Scanning Películas
Mar 25, 2026 18:47:39.034 [281473349279968] DEBUG - Job was already killed, not killing again.
Mar 25, 2026 18:47:39.035 [281473349279968] DEBUG - Asked to cull library timeline before time 1774459659, we're starting with 8 items.
Mar 25, 2026 18:47:39.035 [281473349279968] DEBUG - Library timeline cull complete with 8 items left.
Mar 25, 2026 18:47:39.035 [281473349279968] DEBUG - Scanning Películas using es-ES(Plex Movie) with 1 current media items and 1 section locations in the database.
Mar 25, 2026 18:47:39.035 [281473349279968] DEBUG - Performing a scan with 'Plex Movie' (language: es-ES virtual: 0).
Mar 25, 2026 18:47:39.035 [281473349279968] DEBUG -   * Scanning /movies/Hamnet (2025)
Mar 25, 2026 18:47:39.036 [281473349279968] DEBUG - Scanner: Processing directory /movies/Hamnet (2025) (parent: yes)
Mar 25, 2026 18:47:39.036 [281473349279968] DEBUG - Skipping over directory 'Hamnet (2025)', as nothing has changed; removing 1 media items from map.
Mar 25, 2026 18:47:39.037 [281473349279968] DEBUG - Activity: updated activity 70abd724-62fb-4c50-8c95-ec12eff87a94 - completed 0.0% - Scanning Películas
Mar 25, 2026 18:47:39.037 [281473349279968] DEBUG - Activity: updated activity 70abd724-62fb-4c50-8c95-ec12eff87a94 - completed 99.0% - Scanning Películas
Mar 25, 2026 18:47:39.037 [281473349279968] DEBUG - Scanner [Plex Movie]: Idle and left with 1 media items.
Mar 25, 2026 18:47:39.037 [281473349279968] DEBUG - Removing 0 media items that were left.
Mar 25, 2026 18:47:39.037 [281473349279968] DEBUG - Removing 0 directories that were left.
Mar 25, 2026 18:47:39.037 [281473349279968] DEBUG - Updating directory 'Hamnet (2025)' (ID 10) to time 2026-03-25 18:47:31.
Mar 25, 2026 18:47:39.038 [281473349279968] DEBUG - Collections: Found 0 collections tags in section 1.
Mar 25, 2026 18:47:39.038 [281473349279968] DEBUG - Collections: We had 0 collections in the library already.
Mar 25, 2026 18:47:39.038 [281473349279968] DEBUG - Collections: Synced tags in section 1 in 0ms.
Mar 25, 2026 18:47:39.040 [281473349279968] DEBUG - Collections: Refreshed attributes for 0 collections in section 1 in 1ms.
Mar 25, 2026 18:47:39.040 [281473349279968] DEBUG - Collection: Refreshed visibility in section 1 in 0ms.
Mar 25, 2026 18:47:39.040 [281473349279968] DEBUG - Activity: updated activity 70abd724-62fb-4c50-8c95-ec12eff87a94 - completed 100.0% - Scanning Películas
Mar 25, 2026 18:47:39.040 [281473349279968] DEBUG - Refreshing section 1 of type: 1
Mar 25, 2026 18:47:39.041 [281473302872288] DEBUG - Refreshing 0 IDs.
Mar 25, 2026 18:47:39.041 [281473349279968] DEBUG - Activity: registered new activity 79b59306-d407-4685-826c-b0467f4656d3 - "Processing subscriptions"
Mar 25, 2026 18:47:39.041 [281473349279968] DEBUG - Activity: Ended activity 70abd724-62fb-4c50-8c95-ec12eff87a94.
Mar 25, 2026 18:47:39.042 [281473326076128] DEBUG - Grabber: Cleaning up orphaned grabs.
Mar 25, 2026 18:47:39.042 [281473326076128] DEBUG - Grabber: Cleaned up 0 decrepit directories in 0.0 sec.
Mar 25, 2026 18:47:39.043 [281473326076128] DEBUG - Activity: registered new activity ecf3f6d1-d055-4bd6-a530-70e2b1bbdfbb - "Processing subscriptions"
Mar 25, 2026 18:47:39.043 [281473326076128] DEBUG - Subscription: Scheduling subscriptions.
Mar 25, 2026 18:47:39.043 [281473326076128] DEBUG - Subscription: Initialized 0 schedulers.
Mar 25, 2026 18:47:39.043 [281473326076128] DEBUG - Subscription: Starting with 0 grabs, scheduled 0 active ones preemptively.
Mar 25, 2026 18:47:39.043 [281473326076128] DEBUG - Subscription: Scheduled all subscriptions in 0 ms.
Mar 25, 2026 18:47:39.043 [281473326076128] DEBUG - Activity: Ended activity ecf3f6d1-d055-4bd6-a530-70e2b1bbdfbb.
Mar 25, 2026 18:47:39.043 [281473326076128] DEBUG - Subscription: There are 0 active grabs at the end.
Mar 25, 2026 18:47:39.043 [281473326076128] DEBUG - Activity: Ended activity 79b59306-d407-4685-826c-b0467f4656d3.
Mar 25, 2026 18:47:39.043 [281473326076128] DEBUG - Subscription: Refreshed all content in 1 ms.
Mar 25, 2026 18:48:35.103 [281473355608288] DEBUG - BPQ: onConsiderProcessing: Starting (true)
Mar 25, 2026 18:48:35.103 [281473355608288] DEBUG - BPQ: garbageCollect - version - forced - -1
Mar 25, 2026 18:48:35.103 [281473355608288] DEBUG - Versions: garbage collecting
Mar 25, 2026 18:48:35.107 [281473355608288] DEBUG - Versions: garbage collected in 0.0 seconds
Mar 25, 2026 18:48:58.733 [281473355608288] DEBUG - BPQ: [Starting] -> [Processing]
Mar 25, 2026 18:48:58.734 [281473355608288] DEBUG - BPQ: generating queue items from 0 generator(s)
Mar 25, 2026 18:48:58.734 [281473355608288] DEBUG - BPQ: generated 0 item(s) for queue
Mar 25, 2026 18:48:58.736 [281473355608288] DEBUG - BPQ: [Processing] -> [Idle]
Mar 25, 2026 18:49:00.465 [281473342951648] DEBUG - Request: [127.0.0.1:35058 (Loopback)] GET /servers (3 live) #5b GZIP Signed-in Token (oscar.p46)
Mar 25, 2026 18:49:00.466 [281473406402784] DEBUG - Completed: [127.0.0.1:35058] 200 GET /servers (3 live) #5b GZIP 1ms 493 bytes
Mar 25, 2026 18:49:00.470 [281473342951648] DEBUG - Request: [127.0.0.1:35062 (Loopback)] GET / (3 live) #d2 GZIP Signed-in Token (oscar.p46)
Mar 25, 2026 18:49:00.472 [281473406402784] DEBUG - Completed: [127.0.0.1:35062] 200 GET / (3 live) #d2 GZIP 1ms 4084 bytes
Mar 25, 2026 18:49:00.473 [281473342951648] DEBUG - Request: [127.0.0.1:35068 (Loopback)] GET /library/sections (4 live) #d4 GZIP Signed-in Token (oscar.p46)
Mar 25, 2026 18:49:00.474 [281473406402784] DEBUG - Completed: [127.0.0.1:35068] 200 GET /library/sections (4 live) #d4 GZIP 0ms 728 bytes
Mar 25, 2026 18:49:00.475 [281473342951648] DEBUG - Request: [127.0.0.1:35080 (Loopback)] GET /channels/all (4 live) #d5 GZIP Signed-in Token (oscar.p46)
Mar 25, 2026 18:49:00.475 [281473406402784] DEBUG - Completed: [127.0.0.1:35080] 200 GET /channels/all (4 live) #d5 GZIP 0ms 387 bytes
Mar 25, 2026 18:49:00.477 [281473342951648] DEBUG - Request: [127.0.0.1:35086 (Loopback)] GET /library/sections (4 live) #d7 GZIP Signed-in Token (oscar.p46)
Mar 25, 2026 18:49:00.478 [281473406402784] DEBUG - Completed: [127.0.0.1:35086] 200 GET /library/sections (4 live) #d7 GZIP 0ms 728 bytes
Mar 25, 2026 18:49:00.478 [281473342951648] DEBUG - Request: [127.0.0.1:35090 (Loopback)] GET /channels/all (4 live) #d9 GZIP Signed-in Token (oscar.p46)
Mar 25, 2026 18:49:00.478 [281473408512224] DEBUG - Completed: [127.0.0.1:35090] 200 GET /channels/all (4 live) #d9 GZIP 0ms 387 bytes
Mar 25, 2026 18:50:31.468 [281473294434528] INFO - Library section 1 (Películas) will be updated because of a change in "/movies/A Cinderella Story (2004)"
Mar 25, 2026 18:50:31.468 [281473294434528] DEBUG - [Notify] New directory: "/movies/A Cinderella Story (2004)", adding recursively.
Mar 25, 2026 18:50:31.468 [281473294434528] DEBUG - [Notify] Now watching "/movies/A Cinderella Story (2004)"
Mar 25, 2026 18:50:31.478 [281473294434528] INFO - Library section 1 (Películas) will be updated because of a change in "/movies/A Cinderella Story (2004)/A Cinderella Story (2004) Bluray-1080p.mp4"
Mar 25, 2026 18:50:36.469 [281473304981728] DEBUG - Library Updater: Requested that section 1 be updated, force=0, subdir=/movies iTunes=0
Mar 25, 2026 18:50:36.469 [281473304981728] DEBUG - Library Updater: Queueing section 1
Mar 25, 2026 18:50:36.478 [281473332404448] DEBUG - Library Updater: Requested that section 1 be updated, force=0, subdir=/movies/A Cinderella Story (2004) iTunes=0
Mar 25, 2026 18:50:36.478 [281473332404448] DEBUG - Library Updater: Queueing section 1
Mar 25, 2026 18:50:36.481 [281473355608288] DEBUG - Activity: registered new activity f689b5e9-ce16-442f-a1d1-a3c3b235c8e8 - "Scanning"
Mar 25, 2026 18:50:36.484 [281473355608288] DEBUG - Scanning section 1
Mar 25, 2026 18:50:36.508 [281473355608288] DEBUG - Activity: updated activity f689b5e9-ce16-442f-a1d1-a3c3b235c8e8 - completed 0.0% - Scanning Películas
Mar 25, 2026 18:50:36.508 [281473355608288] DEBUG - Job was already killed, not killing again.
Mar 25, 2026 18:50:36.510 [281473355608288] DEBUG - Asked to cull library timeline before time 1774459836, we're starting with 8 items.
Mar 25, 2026 18:50:36.510 [281473355608288] DEBUG - Library timeline cull complete with 8 items left.
Mar 25, 2026 18:50:36.511 [281473355608288] DEBUG - Scanning Películas using es-ES(Plex Movie) with 2 current media items and 1 section locations in the database.
Mar 25, 2026 18:50:36.511 [281473355608288] DEBUG - Performing a scan with 'Plex Movie' (language: es-ES virtual: 0).
Mar 25, 2026 18:50:36.511 [281473355608288] DEBUG -   * Scanning /movies
Mar 25, 2026 18:50:36.511 [281473355608288] DEBUG - Scanner: Processing directory /movies (parent: no)
Mar 25, 2026 18:50:36.512 [281473355608288] DEBUG - Skipping over directory '', as nothing has changed; removing 0 media items from map.
Mar 25, 2026 18:50:36.512 [281473355608288] DEBUG - Scanner: Processing directory /movies/A Cinderella Story (2004) (parent: yes)
Mar 25, 2026 18:50:36.514 [281473355608288] DEBUG - Directory had 1 files, database had 0 files, can't skip.
Mar 25, 2026 18:50:36.515 [281473353498848] DEBUG - Native Scanner: Executed Local Metadata stage in 0.00 sec.
Mar 25, 2026 18:50:36.516 [281473355608288] DEBUG - Activity: updated activity f689b5e9-ce16-442f-a1d1-a3c3b235c8e8 - completed 33.0% - Scanning Películas
Mar 25, 2026 18:50:36.516 [281473355608288] DEBUG - Scanner: Processing directory /movies/Hamnet (2025) (parent: yes)
Mar 25, 2026 18:50:36.517 [281473355608288] DEBUG - Skipping over directory 'Hamnet (2025)', as nothing has changed; removing 1 media items from map.
Mar 25, 2026 18:50:36.517 [281473355608288] DEBUG - Activity: updated activity f689b5e9-ce16-442f-a1d1-a3c3b235c8e8 - completed 66.0% - Scanning Películas
Mar 25, 2026 18:50:36.518 [281473355608288] DEBUG - Scanner: Processing directory /movies/Little Amélie or the Character of Rain (2025) (parent: yes)
Mar 25, 2026 18:50:36.519 [281473355608288] DEBUG - Skipping over directory 'Little Amélie or the Character of Rain (2025)', as nothing has changed; removing 1 media items from map.
Mar 25, 2026 18:50:36.519 [281473355608288] DEBUG - Activity: updated activity f689b5e9-ce16-442f-a1d1-a3c3b235c8e8 - completed 99.0% - Scanning Películas
Mar 25, 2026 18:50:36.570 [281473294434528] INFO - Library section 1 (Películas) will be updated because of a change in "/movies/A Cinderella Story (2004)/A Cinderella Story (2004) Bluray-1080p.mp4"
Mar 25, 2026 18:50:36.985 [281473353498848] DEBUG - Scanner [Plex Movie]: found agent match for file '/movies/A Cinderella Story (2004)/A Cinderella Story (2004) Bluray-1080p.mp4': 'Una Cenicienta moderna'
Mar 25, 2026 18:50:36.985 [281473353498848] DEBUG - Native Scanner: Executed Agent Match stage in 0.47 sec.
Mar 25, 2026 18:50:36.986 [281473353498848] DEBUG - Skipping hash check, no size match for 1640628224 bytes.
Mar 25, 2026 18:50:36.986 [281473353498848] DEBUG - No match for hash.
Mar 25, 2026 18:50:37.102 [281473353498848] WARN - Held transaction for too long (/home/runner/_work/plex-media-server/plex-media-server/Library/MetadataItem.cpp:1159): 0.120000 seconds
Mar 25, 2026 18:50:37.102 [281473353498848] DEBUG - Added new metadata item (Una Cenicienta moderna) with ID 43
Mar 25, 2026 18:50:37.102 [281473328185568] DEBUG - [LibraryTimeline] Scanner activity on section 1: 1 added, 0 deleted
Mar 25, 2026 18:50:37.117 [281473353498848] WARN - Held transaction for too long (/home/runner/_work/plex-media-server/plex-media-server/Library/MetadataItem.cpp:4010): 0.130000 seconds
Mar 25, 2026 18:50:37.137 [281473353498848] DEBUG - Native Scanner: Executed Add to Database stage in 0.15 sec.
Mar 25, 2026 18:50:37.137 [281473326076128] DEBUG - Media Analyzer: Performing on-the-fly analysis on 1 item.
Mar 25, 2026 18:50:37.137 [281473326076128] DEBUG - [JobRunner] Job running: FFMPEG_EXTERNAL_LIBS='/config/Library/Application\ Support/Plex\ Media\ Server/Codecs/74455c4-a119aa85fdef32b7dbfbf8a2-linux-aarch64/' X_PLEX_TOKEN=xxxxxxxxxxxxxxxxxxxxxxxxxxxxxxxxxxxxxxxxxx "/usr/lib/plexmediaserver/Plex Media Scanner" --analyze --log-file-suffix " Analysis" --no-thumbs --item 43
Mar 25, 2026 18:50:37.139 [281473326076128] DEBUG - [JobRunner] Jobs: Starting child process with pid 383
Mar 25, 2026 18:50:37.736 [281473342951648] DEBUG - Request: [127.0.0.1:58336 (Loopback)] GET /:/metadata/notify/changeItemState?librarySectionID=1&metadataItemID=43&metadataType=1&state=-1&parentID=-1&rootID=-1&mediaState=analyzing (3 live) #da GZIP Signed-in Token (oscar.p46)
Mar 25, 2026 18:50:37.736 [281473406402784] DEBUG - Completed: [127.0.0.1:58336] 200 GET /:/metadata/notify/changeItemState?librarySectionID=1&metadataItemID=43&metadataType=1&state=-1&parentID=-1&rootID=-1&mediaState=analyzing (3 live) #da GZIP 0ms 195 bytes (pipelined: 1)
Mar 25, 2026 18:50:37.738 [281473342951648] DEBUG - Request: [127.0.0.1:58336 (Loopback)] GET /library/changestamp (3 live) #f5 GZIP Signed-in Token (oscar.p46)
Mar 25, 2026 18:50:37.739 [281473321857248] DEBUG - Request: [127.0.0.1:58350 (Loopback)] GET /:/metadata/notify/changeItemState?librarySectionID=1&metadataItemID=43&metadataType=1&state=-1&parentID=-1&rootID=-1&mediaState=idle (4 live) #f4 GZIP Signed-in Token (oscar.p46)
Mar 25, 2026 18:50:37.740 [281473406402784] DEBUG - Completed: [127.0.0.1:58350] 200 GET /:/metadata/notify/changeItemState?librarySectionID=1&metadataItemID=43&metadataType=1&state=-1&parentID=-1&rootID=-1&mediaState=idle (4 live) #f4 GZIP 1ms 195 bytes (pipelined: 1)
Mar 25, 2026 18:50:37.740 [281473406402784] DEBUG - Completed: [127.0.0.1:58336] 200 GET /library/changestamp (4 live) #f5 GZIP 2ms 417 bytes (pipelined: 2)
Mar 25, 2026 18:50:37.754 [281473418776800] DEBUG - Jobs: '/usr/lib/plexmediaserver/Plex Media Scanner' exit code for process 383 is 0 (success)
Mar 25, 2026 18:50:37.754 [281473326076128] DEBUG - Killing job.
Mar 25, 2026 18:50:37.754 [281473326076128] DEBUG - Signalling job ID 383 with 9
Mar 25, 2026 18:50:37.754 [281473326076128] DEBUG - Media Analyzer: Background analysis completed in 0.6 seconds, removing 1 IDs
Mar 25, 2026 18:50:37.755 [281473353498848] DEBUG - MetadataAgentPostProcessor: adding id 43 to refresh queue (0 items in queue)
Mar 25, 2026 18:50:37.755 [281473353498848] DEBUG - Native Scanner: Executed Media Analysis stage in 0.62 sec.
Mar 25, 2026 18:50:37.755 [281473355608288] DEBUG - Scanner [Plex Movie]: Idle and left with 2 media items.
Mar 25, 2026 18:50:37.755 [281473355608288] DEBUG - Removing 0 media items that were left.
Mar 25, 2026 18:50:37.755 [281473355608288] DEBUG - Removing 0 directories that were left.
Mar 25, 2026 18:50:37.756 [281473355608288] DEBUG - Updating directory '' (ID 4) to time 2026-03-25 18:50:31.
Mar 25, 2026 18:50:37.756 [281473355608288] DEBUG - Updating directory 'A Cinderella Story (2004)' (ID 11) to time 2026-03-25 18:50:31.
Mar 25, 2026 18:50:37.756 [281473355608288] DEBUG - Updating directory 'Hamnet (2025)' (ID 10) to time 2026-03-25 18:47:31.
Mar 25, 2026 18:50:37.757 [281473355608288] DEBUG - Updating directory 'Little Amélie or the Character of Rain (2025)' (ID 9) to time 2026-03-25 13:56:04.
Mar 25, 2026 18:50:37.758 [281473355608288] DEBUG - Collections: Found 0 collections tags in section 1.
Mar 25, 2026 18:50:37.759 [281473355608288] DEBUG - Collections: We had 0 collections in the library already.
Mar 25, 2026 18:50:37.759 [281473355608288] DEBUG - Collections: Synced tags in section 1 in 0ms.
Mar 25, 2026 18:50:37.761 [281473355608288] DEBUG - Collections: Refreshed attributes for 0 collections in section 1 in 1ms.
Mar 25, 2026 18:50:37.761 [281473355608288] DEBUG - Collection: Refreshed visibility in section 1 in 0ms.
Mar 25, 2026 18:50:37.761 [281473319747808] DEBUG - Activity: registered new activity 381a1300-9b43-4b09-a430-211fbcd70d9f - "Updating Metadata"
Mar 25, 2026 18:50:37.762 [281473355608288] DEBUG - Activity: updated activity f689b5e9-ce16-442f-a1d1-a3c3b235c8e8 - completed 100.0% - Scanning Películas
Mar 25, 2026 18:50:37.762 [281473355608288] DEBUG - Refreshing section 1 of type: 1
Mar 25, 2026 18:50:37.762 [281473319747808] DEBUG - Updating media item 89, size=1884683394, metadata_item_id=43
Mar 25, 2026 18:50:37.762 [281473319747808] DEBUG - Updating part with ID=89 [/movies/A Cinderella Story (2004)/A Cinderella Story (2004) Bluray-1080p.mp4]
Mar 25, 2026 18:50:37.763 [281473307091168] DEBUG - Refreshing 0 IDs.
Mar 25, 2026 18:50:37.763 [281473319747808] DEBUG - Activity: updated activity 381a1300-9b43-4b09-a430-211fbcd70d9f - completed 49.0% - Updating Metadata
Mar 25, 2026 18:50:37.764 [281473355608288] DEBUG - Activity: registered new activity 4aa49976-3496-403d-a2b3-bd03d0ca7b95 - "Processing subscriptions"
Mar 25, 2026 18:50:37.765 [281473355608288] DEBUG - Activity: Ended activity f689b5e9-ce16-442f-a1d1-a3c3b235c8e8.
Mar 25, 2026 18:50:37.765 [281473355608288] DEBUG - Activity: registered new activity d54bae0c-ab27-4a3a-8a62-f01e55cae260 - "Scanning"
Mar 25, 2026 18:50:37.765 [281473355608288] DEBUG - Scanning section 1
Mar 25, 2026 18:50:37.765 [281473355608288] DEBUG - Activity: updated activity d54bae0c-ab27-4a3a-8a62-f01e55cae260 - completed 0.0% - Scanning Películas
Mar 25, 2026 18:50:37.765 [281473355608288] DEBUG - Job was already killed, not killing again.
Mar 25, 2026 18:50:37.766 [281473332404448] DEBUG - Grabber: Cleaning up orphaned grabs.
Mar 25, 2026 18:50:37.766 [281473355608288] DEBUG - Asked to cull library timeline before time 1774459837, we're starting with 9 items.
Mar 25, 2026 18:50:37.766 [281473355608288] DEBUG - Library timeline cull complete with 9 items left.
Mar 25, 2026 18:50:37.766 [281473355608288] DEBUG - Scanning Películas using es-ES(Plex Movie) with 1 current media items and 1 section locations in the database.
Mar 25, 2026 18:50:37.766 [281473355608288] DEBUG - Performing a scan with 'Plex Movie' (language: es-ES virtual: 0).
Mar 25, 2026 18:50:37.766 [281473355608288] DEBUG -   * Scanning /movies/A Cinderella Story (2004)
Mar 25, 2026 18:50:37.767 [281473355608288] DEBUG - Scanner: Processing directory /movies/A Cinderella Story (2004) (parent: yes)
Mar 25, 2026 18:50:37.767 [281473332404448] DEBUG - Grabber: Cleaned up 0 decrepit directories in 0.0 sec.
Mar 25, 2026 18:50:37.767 [281473332404448] DEBUG - Activity: registered new activity 6db14cf8-2e52-4c4f-9c8f-a6d307c137fe - "Processing subscriptions"
Mar 25, 2026 18:50:37.767 [281473332404448] DEBUG - Subscription: Scheduling subscriptions.
Mar 25, 2026 18:50:37.769 [281473332404448] DEBUG - Subscription: Initialized 0 schedulers.
Mar 25, 2026 18:50:37.769 [281473332404448] DEBUG - Subscription: Starting with 0 grabs, scheduled 0 active ones preemptively.
Mar 25, 2026 18:50:37.769 [281473332404448] DEBUG - Subscription: Scheduled all subscriptions in 1 ms.
Mar 25, 2026 18:50:37.769 [281473332404448] DEBUG - Activity: Ended activity 6db14cf8-2e52-4c4f-9c8f-a6d307c137fe.
Mar 25, 2026 18:50:37.769 [281473355608288] DEBUG - Skipping over directory 'A Cinderella Story (2004)', as nothing has changed; removing 1 media items from map.
Mar 25, 2026 18:50:37.770 [281473355608288] DEBUG - Activity: updated activity d54bae0c-ab27-4a3a-8a62-f01e55cae260 - completed 0.0% - Scanning Películas
Mar 25, 2026 18:50:37.770 [281473355608288] DEBUG - Activity: updated activity d54bae0c-ab27-4a3a-8a62-f01e55cae260 - completed 99.0% - Scanning Películas
Mar 25, 2026 18:50:37.770 [281473355608288] DEBUG - Scanner [Plex Movie]: Idle and left with 1 media items.
Mar 25, 2026 18:50:37.770 [281473355608288] DEBUG - Removing 0 media items that were left.
Mar 25, 2026 18:50:37.770 [281473355608288] DEBUG - Removing 0 directories that were left.
Mar 25, 2026 18:50:37.770 [281473355608288] DEBUG - Updating directory 'A Cinderella Story (2004)' (ID 11) to time 2026-03-25 18:50:31.
Mar 25, 2026 18:50:37.770 [281473332404448] DEBUG - Subscription: There are 0 active grabs at the end.
Mar 25, 2026 18:50:37.771 [281473332404448] DEBUG - Activity: Ended activity 4aa49976-3496-403d-a2b3-bd03d0ca7b95.
Mar 25, 2026 18:50:37.771 [281473332404448] DEBUG - Subscription: Refreshed all content in 5 ms.
Mar 25, 2026 18:50:37.772 [281473355608288] DEBUG - Collections: Found 0 collections tags in section 1.
Mar 25, 2026 18:50:37.772 [281473355608288] DEBUG - Collections: We had 0 collections in the library already.
Mar 25, 2026 18:50:37.772 [281473355608288] DEBUG - Collections: Synced tags in section 1 in 0ms.
Mar 25, 2026 18:50:37.773 [281473355608288] DEBUG - Collections: Refreshed attributes for 0 collections in section 1 in 0ms.
Mar 25, 2026 18:50:37.773 [281473355608288] DEBUG - Collection: Refreshed visibility in section 1 in 0ms.
Mar 25, 2026 18:50:37.773 [281473355608288] DEBUG - Activity: updated activity d54bae0c-ab27-4a3a-8a62-f01e55cae260 - completed 100.0% - Scanning Películas
Mar 25, 2026 18:50:37.773 [281473355608288] DEBUG - Refreshing section 1 of type: 1
Mar 25, 2026 18:50:37.773 [281473307091168] DEBUG - Refreshing 0 IDs.
Mar 25, 2026 18:50:37.774 [281473355608288] DEBUG - Activity: registered new activity a6a38642-a8fe-4544-ba5f-93e2e3a80729 - "Processing subscriptions"
Mar 25, 2026 18:50:37.774 [281473355608288] DEBUG - Activity: Ended activity d54bae0c-ab27-4a3a-8a62-f01e55cae260.
Mar 25, 2026 18:50:37.774 [281473416184032] DEBUG - Grabber: Cleaning up orphaned grabs.
Mar 25, 2026 18:50:37.775 [281473416184032] DEBUG - Grabber: Cleaned up 0 decrepit directories in 0.0 sec.
Mar 25, 2026 18:50:37.775 [281473416184032] DEBUG - Activity: registered new activity 8e21a845-eb0d-4dbe-ae27-4b5ed9e58e35 - "Processing subscriptions"
Mar 25, 2026 18:50:37.775 [281473416184032] DEBUG - Subscription: Scheduling subscriptions.
Mar 25, 2026 18:50:37.775 [281473416184032] DEBUG - Subscription: Initialized 0 schedulers.
Mar 25, 2026 18:50:37.775 [281473416184032] DEBUG - Subscription: Starting with 0 grabs, scheduled 0 active ones preemptively.
Mar 25, 2026 18:50:37.775 [281473416184032] DEBUG - Subscription: Scheduled all subscriptions in 0 ms.
Mar 25, 2026 18:50:37.775 [281473416184032] DEBUG - Activity: Ended activity 8e21a845-eb0d-4dbe-ae27-4b5ed9e58e35.
Mar 25, 2026 18:50:37.775 [281473416184032] DEBUG - Subscription: There are 0 active grabs at the end.
Mar 25, 2026 18:50:37.775 [281473416184032] DEBUG - Activity: Ended activity a6a38642-a8fe-4544-ba5f-93e2e3a80729.
Mar 25, 2026 18:50:37.775 [281473416184032] DEBUG - Subscription: Refreshed all content in 1 ms.
Mar 25, 2026 18:50:37.881 [281473321857248] DEBUG - Request: [192.168.97.3:54392 (Subnet)] GET /library/sections (3 live) #f8 GZIP Signed-in Token (oscar.p46)
Mar 25, 2026 18:50:37.883 [281473408512224] DEBUG - Completed: [192.168.97.3:54392] 200 GET /library/sections (3 live) #f8 GZIP 1ms 707 bytes
Mar 25, 2026 18:50:37.914 [281473342951648] DEBUG - Request: [192.168.97.3:54394 (Subnet)] GET /library/sections/1/refresh?path=%2Fmovies%2FA%20Cinderella%20Story%20%282004%29 (3 live) #12c GZIP Signed-in Token (oscar.p46)
Mar 25, 2026 18:50:37.915 [281473342951648] DEBUG - [Req#12c] Library Updater: Requested that section 1 be updated, force=0, subdir=/movies/A Cinderella Story (2004) iTunes=0
Mar 25, 2026 18:50:37.915 [281473342951648] DEBUG - [Req#12c] Library Updater: Queueing section 1
Mar 25, 2026 18:50:37.915 [281473355608288] DEBUG - Activity: registered new activity de69198d-3012-4c94-a41b-1688a922f2b8 - "Scanning"
Mar 25, 2026 18:50:37.915 [281473408512224] DEBUG - Completed: [192.168.97.3:54394] 200 GET /library/sections/1/refresh?path=%2Fmovies%2FA%20Cinderella%20Story%20%282004%29 (3 live) #12c GZIP 1ms 166 bytes
Mar 25, 2026 18:50:37.915 [281473355608288] DEBUG - Scanning section 1
Mar 25, 2026 18:50:37.916 [281473355608288] DEBUG - Activity: updated activity de69198d-3012-4c94-a41b-1688a922f2b8 - completed 0.0% - Scanning Películas
Mar 25, 2026 18:50:37.916 [281473355608288] DEBUG - Job was already killed, not killing again.
Mar 25, 2026 18:50:37.916 [281473355608288] DEBUG - Asked to cull library timeline before time 1774459837, we're starting with 9 items.
Mar 25, 2026 18:50:37.917 [281473355608288] DEBUG - Library timeline cull complete with 9 items left.
Mar 25, 2026 18:50:37.917 [281473355608288] DEBUG - Scanning Películas using es-ES(Plex Movie) with 1 current media items and 1 section locations in the database.
Mar 25, 2026 18:50:37.917 [281473355608288] DEBUG - Performing a scan with 'Plex Movie' (language: es-ES virtual: 0).
Mar 25, 2026 18:50:37.917 [281473355608288] DEBUG -   * Scanning /movies/A Cinderella Story (2004)
Mar 25, 2026 18:50:37.917 [281473355608288] DEBUG - Scanner: Processing directory /movies/A Cinderella Story (2004) (parent: yes)
Mar 25, 2026 18:50:37.917 [281473355608288] DEBUG - Skipping over directory 'A Cinderella Story (2004)', as nothing has changed; removing 1 media items from map.
Mar 25, 2026 18:50:37.917 [281473355608288] DEBUG - Activity: updated activity de69198d-3012-4c94-a41b-1688a922f2b8 - completed 0.0% - Scanning Películas
Mar 25, 2026 18:50:37.917 [281473355608288] DEBUG - Activity: updated activity de69198d-3012-4c94-a41b-1688a922f2b8 - completed 99.0% - Scanning Películas
Mar 25, 2026 18:50:37.917 [281473355608288] DEBUG - Scanner [Plex Movie]: Idle and left with 1 media items.
Mar 25, 2026 18:50:37.917 [281473355608288] DEBUG - Removing 0 media items that were left.
Mar 25, 2026 18:50:37.917 [281473355608288] DEBUG - Removing 0 directories that were left.
Mar 25, 2026 18:50:37.918 [281473355608288] DEBUG - Updating directory 'A Cinderella Story (2004)' (ID 11) to time 2026-03-25 18:50:31.
Mar 25, 2026 18:50:37.918 [281473355608288] DEBUG - Collections: Found 0 collections tags in section 1.
Mar 25, 2026 18:50:37.918 [281473355608288] DEBUG - Collections: We had 0 collections in the library already.
Mar 25, 2026 18:50:37.918 [281473355608288] DEBUG - Collections: Synced tags in section 1 in 0ms.
Mar 25, 2026 18:50:37.921 [281473355608288] DEBUG - Collections: Refreshed attributes for 0 collections in section 1 in 2ms.
Mar 25, 2026 18:50:37.921 [281473355608288] DEBUG - Collection: Refreshed visibility in section 1 in 0ms.
Mar 25, 2026 18:50:37.921 [281473355608288] DEBUG - Activity: updated activity de69198d-3012-4c94-a41b-1688a922f2b8 - completed 100.0% - Scanning Películas
Mar 25, 2026 18:50:37.921 [281473355608288] DEBUG - Refreshing section 1 of type: 1
Mar 25, 2026 18:50:37.921 [281473307091168] DEBUG - Refreshing 0 IDs.
Mar 25, 2026 18:50:37.922 [281473355608288] DEBUG - Activity: registered new activity 9a70eb0b-8eee-4867-bb5d-4585403f8532 - "Processing subscriptions"
Mar 25, 2026 18:50:37.922 [281473355608288] DEBUG - Activity: Ended activity de69198d-3012-4c94-a41b-1688a922f2b8.
Mar 25, 2026 18:50:37.922 [281473416184032] DEBUG - Grabber: Cleaning up orphaned grabs.
Mar 25, 2026 18:50:37.923 [281473416184032] DEBUG - Grabber: Cleaned up 0 decrepit directories in 0.0 sec.
Mar 25, 2026 18:50:37.923 [281473416184032] DEBUG - Activity: registered new activity 98fd218b-e311-4c62-bc97-c49c968ada77 - "Processing subscriptions"
Mar 25, 2026 18:50:37.923 [281473416184032] DEBUG - Subscription: Scheduling subscriptions.
Mar 25, 2026 18:50:37.924 [281473416184032] DEBUG - Subscription: Initialized 0 schedulers.
Mar 25, 2026 18:50:37.924 [281473416184032] DEBUG - Subscription: Starting with 0 grabs, scheduled 0 active ones preemptively.
Mar 25, 2026 18:50:37.924 [281473416184032] DEBUG - Subscription: Scheduled all subscriptions in 0 ms.
Mar 25, 2026 18:50:37.924 [281473416184032] DEBUG - Activity: Ended activity 98fd218b-e311-4c62-bc97-c49c968ada77.
Mar 25, 2026 18:50:37.924 [281473416184032] DEBUG - Subscription: There are 0 active grabs at the end.
Mar 25, 2026 18:50:37.924 [281473416184032] DEBUG - Activity: Ended activity 9a70eb0b-8eee-4867-bb5d-4585403f8532.
Mar 25, 2026 18:50:37.924 [281473416184032] DEBUG - Subscription: Refreshed all content in 1 ms.
Mar 25, 2026 18:50:37.968 [281473319747808] DEBUG - [JobRunner] Job running: FFMPEG_EXTERNAL_LIBS='/config/Library/Application\ Support/Plex\ Media\ Server/Codecs/74455c4-a119aa85fdef32b7dbfbf8a2-linux-aarch64/' X_PLEX_TOKEN=xxxxxxxxxxxxxxxxxxxxxxxxxxxxxxxxxxxxxxxxxx "/usr/lib/plexmediaserver/Plex Media Scanner" --match --type 1 --log-file-suffix " Matcher" --item 43 --content-type=application/json
Mar 25, 2026 18:50:37.969 [281473319747808] DEBUG - [JobRunner] Jobs: Starting child process with pid 396
Mar 25, 2026 18:50:38.045 [281473319747808] DEBUG - Killing job.
Mar 25, 2026 18:50:38.045 [281473319747808] DEBUG - Signalling job ID 396 with 9
Mar 25, 2026 18:50:38.046 [281473418776800] DEBUG - Jobs: '/usr/lib/plexmediaserver/Plex Media Scanner' exit code for process 396 is 0 (success)
Mar 25, 2026 18:50:38.046 [281473319747808] DEBUG - It took 90.000000 ms to retrieve 1 items.
Mar 25, 2026 18:50:38.049 [281473319747808] DEBUG - [HCl#34] HTTP requesting GET https://metadata-static.plex.tv/9/gracenote/996788e62416a32fd0839a321749f46c.jpg
Mar 25, 2026 18:50:38.266 [281473351389408] DEBUG - [HttpClient/HCl#34] HTTP/2.0 (0.2s) 200 response from GET https://metadata-static.plex.tv/9/gracenote/996788e62416a32fd0839a321749f46c.jpg
Mar 25, 2026 18:50:38.266 [281473319747808] DEBUG - [HCl#35] HTTP requesting GET https://metadata-static.plex.tv/3/gracenote/3a79322a93390d9cebca6b732a51db55.jpg
Mar 25, 2026 18:50:38.283 [281473351389408] DEBUG - [HttpClient/HCl#35] HTTP/2.0 (0.0s) 200 response from GET https://metadata-static.plex.tv/3/gracenote/3a79322a93390d9cebca6b732a51db55.jpg (reused)
Mar 25, 2026 18:50:38.283 [281473319747808] DEBUG - [HCl#36] HTTP requesting GET https://metadata-static.plex.tv/4/683a142553/46fe644867e7cc125c194db101f80c53.png
Mar 25, 2026 18:50:38.333 [281473351389408] DEBUG - [HttpClient/HCl#36] HTTP/2.0 (0.0s) 200 response from GET https://metadata-static.plex.tv/4/683a142553/46fe644867e7cc125c194db101f80c53.png (reused)
Mar 25, 2026 18:50:38.333 [281473319747808] DEBUG - [HCl#37] HTTP requesting GET https://metadata-static.plex.tv/4/gracenote/411ac4cda42c0d9a563db2037f79c975.jpg
Mar 25, 2026 18:50:38.348 [281473351389408] DEBUG - [HttpClient/HCl#37] HTTP/2.0 (0.0s) 200 response from GET https://metadata-static.plex.tv/4/gracenote/411ac4cda42c0d9a563db2037f79c975.jpg (reused)
Mar 25, 2026 18:50:38.348 [281473319747808] DEBUG - Loaded metadata for Una Cenicienta moderna (ID 43) in 303ms
Mar 25, 2026 18:50:38.348 [281473319747808] DEBUG - Doing expensive tags write for 'Una Cenicienta moderna' because something changed.
Mar 25, 2026 18:50:38.351 [281473319747808] DEBUG - Local media already exists (metadata://posters/tv.plex.agents.movie_bac811c93e3f66854e68bb72f819a249ac37d5ea)
Mar 25, 2026 18:50:38.351 [281473319747808] DEBUG - Doing expensive tags write for 'Una Cenicienta moderna' because something changed.
Mar 25, 2026 18:50:38.352 [281473319747808] DEBUG - Local media already exists (metadata://art/tv.plex.agents.movie_7b387c7e757a0c1eb30120e361686f2bfab92537)
Mar 25, 2026 18:50:38.352 [281473319747808] DEBUG - Doing expensive tags write for 'Una Cenicienta moderna' because something changed.
Mar 25, 2026 18:50:38.355 [281473319747808] DEBUG - Doing expensive tags write for 'Una Cenicienta moderna' because something changed.
Mar 25, 2026 18:50:38.355 [281473319747808] DEBUG - Doing expensive tags write for 'Una Cenicienta moderna' because something changed.
Mar 25, 2026 18:50:38.356 [281473319747808] DEBUG - Doing expensive tags write for 'Una Cenicienta moderna' because something changed.
Mar 25, 2026 18:50:38.363 [281473319747808] DEBUG - Doing expensive tags write for 'Una Cenicienta moderna' because something changed.
Mar 25, 2026 18:50:38.364 [281473319747808] DEBUG - Doing expensive tags write for 'Una Cenicienta moderna' because something changed.
Mar 25, 2026 18:50:38.364 [281473319747808] DEBUG - Doing expensive tags write for 'Una Cenicienta moderna' because something changed.
Mar 25, 2026 18:50:38.367 [281473319747808] DEBUG - Doing expensive tags write for 'Una Cenicienta moderna' because something changed.
Mar 25, 2026 18:50:38.367 [281473319747808] DEBUG - Local media already exists (metadata://clearLogos/tv.plex.agents.movie_107013682376f14fe0f70f08a531cc94c9a5d02a)
Mar 25, 2026 18:50:38.367 [281473319747808] DEBUG - Doing expensive tags write for 'Una Cenicienta moderna' because something changed.
Mar 25, 2026 18:50:38.368 [281473319747808] DEBUG - Local media already exists (metadata://squareArt/tv.plex.agents.movie_567e43ef9b4df2d2cd9660946e02182b531c2bb4)
Mar 25, 2026 18:50:38.368 [281473319747808] DEBUG - Doing expensive tags write for 'Una Cenicienta moderna' because something changed.
Mar 25, 2026 18:50:38.368 [281473319747808] DEBUG - Doing expensive tags write for 'Una Cenicienta moderna' because something changed.
Mar 25, 2026 18:50:38.370 [281473319747808] DEBUG - Doing expensive tags write for 'Una Cenicienta moderna' because something changed.
Mar 25, 2026 18:50:38.370 [281473319747808] DEBUG - Doing expensive tags write for 'Una Cenicienta moderna' because something changed.
Mar 25, 2026 18:50:38.371 [281473319747808] DEBUG - Extras: 0 existing extras.
Mar 25, 2026 18:50:38.371 [281473319747808] DEBUG - Extras: Checked extra 'A Cinderella Story' and found matched: 0 Media matched: 0
Mar 25, 2026 18:50:38.371 [281473319747808] DEBUG - Added new metadata item (A Cinderella Story) with ID 44
Mar 25, 2026 18:50:38.371 [281473319747808] DEBUG - Updating metadata item (save) (A Cinderella Story) with ID 44
Mar 25, 2026 18:50:38.371 [281473319747808] DEBUG - Updating part with ID=90 []
Mar 25, 2026 18:50:38.371 [281473319747808] DEBUG - Updating part with ID=91 []
Mar 25, 2026 18:50:38.372 [281473319747808] DEBUG - Updating part with ID=92 []
Mar 25, 2026 18:50:38.372 [281473319747808] DEBUG - Extras: Checked extra 'It's The Botox' and found matched: 0 Media matched: 0
Mar 25, 2026 18:50:38.372 [281473319747808] DEBUG - Added new metadata item (It's The Botox) with ID 45
Mar 25, 2026 18:50:38.372 [281473319747808] DEBUG - Updating metadata item (save) (It's The Botox) with ID 45
Mar 25, 2026 18:50:38.372 [281473319747808] DEBUG - Updating part with ID=93 []
Mar 25, 2026 18:50:38.372 [281473319747808] DEBUG - Updating part with ID=94 []
Mar 25, 2026 18:50:38.372 [281473319747808] DEBUG - Extras: Checked extra 'We Had A Connection' and found matched: 0 Media matched: 0
Mar 25, 2026 18:50:38.372 [281473319747808] DEBUG - Added new metadata item (We Had A Connection) with ID 46
Mar 25, 2026 18:50:38.372 [281473319747808] DEBUG - Updating metadata item (save) (We Had A Connection) with ID 46
Mar 25, 2026 18:50:38.373 [281473319747808] DEBUG - Updating part with ID=95 []
Mar 25, 2026 18:50:38.373 [281473319747808] DEBUG - Updating part with ID=96 []
Mar 25, 2026 18:50:38.373 [281473319747808] DEBUG - Extras: Checked extra 'I'm Late For Reality' and found matched: 0 Media matched: 0
Mar 25, 2026 18:50:38.373 [281473319747808] DEBUG - Added new metadata item (I'm Late For Reality) with ID 47
Mar 25, 2026 18:50:38.373 [281473319747808] DEBUG - Updating metadata item (save) (I'm Late For Reality) with ID 47
Mar 25, 2026 18:50:38.373 [281473319747808] DEBUG - Updating part with ID=97 []
Mar 25, 2026 18:50:38.373 [281473319747808] DEBUG - Updating part with ID=98 []
Mar 25, 2026 18:50:38.373 [281473319747808] DEBUG - Extras: Checked extra 'She Is Not Getting A Tip' and found matched: 0 Media matched: 0
Mar 25, 2026 18:50:38.373 [281473319747808] DEBUG - Added new metadata item (She Is Not Getting A Tip) with ID 48
Mar 25, 2026 18:50:38.373 [281473319747808] DEBUG - Updating metadata item (save) (She Is Not Getting A Tip) with ID 48
Mar 25, 2026 18:50:38.374 [281473319747808] DEBUG - Updating part with ID=99 []
Mar 25, 2026 18:50:38.374 [281473319747808] DEBUG - Updating part with ID=100 []
Mar 25, 2026 18:50:38.374 [281473319747808] DEBUG - Extras: Checked extra 'Meet Me On The Dance Floor' and found matched: 0 Media matched: 0
Mar 25, 2026 18:50:38.374 [281473319747808] DEBUG - Added new metadata item (Meet Me On The Dance Floor) with ID 49
Mar 25, 2026 18:50:38.374 [281473319747808] DEBUG - Updating metadata item (save) (Meet Me On The Dance Floor) with ID 49
Mar 25, 2026 18:50:38.374 [281473319747808] DEBUG - Updating part with ID=101 []
Mar 25, 2026 18:50:38.374 [281473319747808] DEBUG - Updating part with ID=102 []
Mar 25, 2026 18:50:38.374 [281473319747808] DEBUG - Extras: Checked extra 'This Guy's Too Good To Be True' and found matched: 0 Media matched: 0
Mar 25, 2026 18:50:38.374 [281473319747808] DEBUG - Added new metadata item (This Guy's Too Good To Be True) with ID 50
Mar 25, 2026 18:50:38.374 [281473319747808] DEBUG - Updating metadata item (save) (This Guy's Too Good To Be True) with ID 50
Mar 25, 2026 18:50:38.374 [281473319747808] DEBUG - Updating part with ID=103 []
Mar 25, 2026 18:50:38.375 [281473319747808] DEBUG - Updating part with ID=104 []
Mar 25, 2026 18:50:38.375 [281473319747808] DEBUG - Extras: Checked extra 'Call Me Girlfriend One More Time' and found matched: 0 Media matched: 0
Mar 25, 2026 18:50:38.375 [281473319747808] DEBUG - Added new metadata item (Call Me Girlfriend One More Time) with ID 51
Mar 25, 2026 18:50:38.375 [281473319747808] DEBUG - Updating metadata item (save) (Call Me Girlfriend One More Time) with ID 51
Mar 25, 2026 18:50:38.375 [281473319747808] DEBUG - Updating part with ID=105 []
Mar 25, 2026 18:50:38.375 [281473319747808] DEBUG - Updating part with ID=106 []
Mar 25, 2026 18:50:38.375 [281473319747808] DEBUG - Extras: Checked extra 'There Is Something I've Wanted To Say' and found matched: 0 Media matched: 0
Mar 25, 2026 18:50:38.375 [281473319747808] DEBUG - Added new metadata item (There Is Something I've Wanted To Say) with ID 52
Mar 25, 2026 18:50:38.375 [281473319747808] DEBUG - Updating metadata item (save) (There Is Something I've Wanted To Say) with ID 52
Mar 25, 2026 18:50:38.376 [281473319747808] DEBUG - Updating part with ID=107 []
Mar 25, 2026 18:50:38.376 [281473319747808] DEBUG - Updating part with ID=108 []
Mar 25, 2026 18:50:38.379 [281473319747808] DEBUG - There was a change for metadata item 43 (Una Cenicienta moderna), saving.
Mar 25, 2026 18:50:38.379 [281473319747808] DEBUG - Updating metadata item (save) (Una Cenicienta moderna) with ID 43
Mar 25, 2026 18:50:38.380 [281473319747808] DEBUG - Done with metadata update for 43
Mar 25, 2026 18:50:38.380 [281473298653408] DEBUG - [UltraBlurProcessor] Calculated media file path for path [metadata://art/tv.plex.agents.movie_7b387c7e757a0c1eb30120e361686f2bfab92537]: ["/config/Library/Application Support/Plex Media Server/Metadata/Movies/5/c5a6e79464c96d6e1be4b3d6bdf865c2e258df6.bundle/Contents/_combined/art/tv.plex.agents.movie_7b387c7e757a0c1eb30120e361686f2bfab92537"]
Mar 25, 2026 18:50:38.380 [281473319747808] DEBUG - Activity: Ended activity 381a1300-9b43-4b09-a430-211fbcd70d9f.
Mar 25, 2026 18:50:38.406 [281473298653408] DEBUG - [UltraBlurProcessor] Generated for item 43 in 25 ms.
Mar 25, 2026 18:50:38.406 [281473300762848] DEBUG - Calculated media file path for path [metadata://posters/tv.plex.agents.movie_bac811c93e3f66854e68bb72f819a249ac37d5ea]: ["/config/Library/Application Support/Plex Media Server/Metadata/Movies/5/c5a6e79464c96d6e1be4b3d6bdf865c2e258df6.bundle/Contents/_combined/posters/tv.plex.agents.movie_bac811c93e3f66854e68bb72f819a249ac37d5ea"]
Mar 25, 2026 18:50:38.413 [281473300762848] DEBUG - Created thumbnail of size 67x100, has pixels: 1
Mar 25, 2026 18:50:38.415 [281473300762848] DEBUG - [BlurHashProcessor] Generated for item 43 thumb in 9 ms (success: 1)
Mar 25, 2026 18:50:38.415 [281473300762848] DEBUG - Calculated media file path for path [metadata://art/tv.plex.agents.movie_7b387c7e757a0c1eb30120e361686f2bfab92537]: ["/config/Library/Application Support/Plex Media Server/Metadata/Movies/5/c5a6e79464c96d6e1be4b3d6bdf865c2e258df6.bundle/Contents/_combined/art/tv.plex.agents.movie_7b387c7e757a0c1eb30120e361686f2bfab92537"]
Mar 25, 2026 18:50:38.429 [281473300762848] DEBUG - Created thumbnail of size 100x56, has pixels: 1
Mar 25, 2026 18:50:38.430 [281473300762848] DEBUG - [BlurHashProcessor] Generated for item 43 art in 14 ms (success: 1)
Mar 25, 2026 18:50:42.669 [281473416184032] DEBUG - Library Updater: Requested that section 1 be updated, force=0, subdir=/movies/A Cinderella Story (2004) iTunes=0
Mar 25, 2026 18:50:42.669 [281473416184032] DEBUG - Library Updater: Queueing section 1
Mar 25, 2026 18:50:42.671 [281473355608288] DEBUG - Activity: registered new activity 07113841-92a4-45b4-a3bd-21fcd388ca4f - "Scanning"
Mar 25, 2026 18:50:42.672 [281473355608288] DEBUG - Scanning section 1
Mar 25, 2026 18:50:42.672 [281473355608288] DEBUG - Activity: updated activity 07113841-92a4-45b4-a3bd-21fcd388ca4f - completed 0.0% - Scanning Películas
Mar 25, 2026 18:50:42.672 [281473355608288] DEBUG - Job was already killed, not killing again.
Mar 25, 2026 18:50:42.673 [281473355608288] DEBUG - Asked to cull library timeline before time 1774459842, we're starting with 18 items.
Mar 25, 2026 18:50:42.673 [281473355608288] DEBUG - Library timeline cull complete with 18 items left.
Mar 25, 2026 18:50:42.674 [281473355608288] DEBUG - Scanning Películas using es-ES(Plex Movie) with 1 current media items and 1 section locations in the database.
Mar 25, 2026 18:50:42.674 [281473355608288] DEBUG - Performing a scan with 'Plex Movie' (language: es-ES virtual: 0).
Mar 25, 2026 18:50:42.674 [281473355608288] DEBUG -   * Scanning /movies/A Cinderella Story (2004)
Mar 25, 2026 18:50:42.674 [281473355608288] DEBUG - Scanner: Processing directory /movies/A Cinderella Story (2004) (parent: yes)
Mar 25, 2026 18:50:42.675 [281473355608288] DEBUG - Skipping over directory 'A Cinderella Story (2004)', as nothing has changed; removing 1 media items from map.
Mar 25, 2026 18:50:42.675 [281473355608288] DEBUG - Activity: updated activity 07113841-92a4-45b4-a3bd-21fcd388ca4f - completed 0.0% - Scanning Películas
Mar 25, 2026 18:50:42.675 [281473355608288] DEBUG - Activity: updated activity 07113841-92a4-45b4-a3bd-21fcd388ca4f - completed 99.0% - Scanning Películas
Mar 25, 2026 18:50:42.675 [281473355608288] DEBUG - Scanner [Plex Movie]: Idle and left with 1 media items.
Mar 25, 2026 18:50:42.675 [281473355608288] DEBUG - Removing 0 media items that were left.
Mar 25, 2026 18:50:42.675 [281473355608288] DEBUG - Removing 0 directories that were left.
Mar 25, 2026 18:50:42.675 [281473355608288] DEBUG - Updating directory 'A Cinderella Story (2004)' (ID 11) to time 2026-03-25 18:50:31.
Mar 25, 2026 18:50:42.676 [281473355608288] DEBUG - Collections: Found 0 collections tags in section 1.
Mar 25, 2026 18:50:42.676 [281473355608288] DEBUG - Collections: We had 0 collections in the library already.
Mar 25, 2026 18:50:42.676 [281473355608288] DEBUG - Collections: Synced tags in section 1 in 0ms.
Mar 25, 2026 18:50:42.677 [281473355608288] DEBUG - Collections: Refreshed attributes for 0 collections in section 1 in 0ms.
Mar 25, 2026 18:50:42.677 [281473355608288] DEBUG - Collection: Refreshed visibility in section 1 in 0ms.
Mar 25, 2026 18:50:42.677 [281473355608288] DEBUG - Activity: updated activity 07113841-92a4-45b4-a3bd-21fcd388ca4f - completed 100.0% - Scanning Películas
Mar 25, 2026 18:50:42.677 [281473355608288] DEBUG - Refreshing section 1 of type: 1
Mar 25, 2026 18:50:42.677 [281473307091168] DEBUG - Refreshing 0 IDs.
Mar 25, 2026 18:50:42.678 [281473355608288] DEBUG - Activity: registered new activity a8646fa9-bfaa-42c6-8e7b-b8b2085b86b0 - "Processing subscriptions"
Mar 25, 2026 18:50:42.679 [281473355608288] DEBUG - Activity: Ended activity 07113841-92a4-45b4-a3bd-21fcd388ca4f.
Mar 25, 2026 18:50:42.679 [281473302872288] DEBUG - Grabber: Cleaning up orphaned grabs.
Mar 25, 2026 18:50:42.679 [281473302872288] DEBUG - Grabber: Cleaned up 0 decrepit directories in 0.0 sec.
Mar 25, 2026 18:50:42.679 [281473302872288] DEBUG - Activity: registered new activity 0f0cedcc-85c2-4d4e-882f-531e98f7c60d - "Processing subscriptions"
Mar 25, 2026 18:50:42.679 [281473302872288] DEBUG - Subscription: Scheduling subscriptions.
Mar 25, 2026 18:50:42.679 [281473302872288] DEBUG - Subscription: Initialized 0 schedulers.
Mar 25, 2026 18:50:42.679 [281473302872288] DEBUG - Subscription: Starting with 0 grabs, scheduled 0 active ones preemptively.
Mar 25, 2026 18:50:42.679 [281473302872288] DEBUG - Subscription: Scheduled all subscriptions in 0 ms.
Mar 25, 2026 18:50:42.679 [281473302872288] DEBUG - Activity: Ended activity 0f0cedcc-85c2-4d4e-882f-531e98f7c60d.
Mar 25, 2026 18:50:42.679 [281473302872288] DEBUG - Subscription: There are 0 active grabs at the end.
Mar 25, 2026 18:50:42.679 [281473302872288] DEBUG - Activity: Ended activity a8646fa9-bfaa-42c6-8e7b-b8b2085b86b0.
Mar 25, 2026 18:50:42.679 [281473302872288] DEBUG - Subscription: Refreshed all content in 0 ms.
Mar 25, 2026 18:50:55.911 [281473302872288] DEBUG - [ViewStateSync] Starting
Mar 25, 2026 18:50:55.912 [281473302872288] DEBUG - [ViewStateSync] Fetching user tokens
Mar 25, 2026 18:50:55.913 [281473302872288] DEBUG - [ViewStateSync/HCl#38] HTTP requesting GET https://plex.tv/api/v2/server/users/services?auth_token=xxxxxxxxxxxxxxxxxxxx
Mar 25, 2026 18:50:56.388 [281473351389408] DEBUG - [HttpClient/HCl#38] HTTP/1.1 (0.5s) 200 response from GET https://plex.tv/api/v2/server/users/services?auth_token=xxxxxxxxxxxxxxxxxxxx
Mar 25, 2026 18:50:56.396 [281473353498848] DEBUG - [ViewStateSync] Got token for user 1 (oscar.p46)
Mar 25, 2026 18:50:56.396 [281473353498848] DEBUG - [ViewStateSync/HCl#39] HTTP requesting GET https://plex.tv/api/v2/server/users/738467780/view_state_sync
Mar 25, 2026 18:50:56.542 [281473351389408] DEBUG - [HttpClient/HCl#39] HTTP/1.1 (0.1s) 200 response from GET https://plex.tv/api/v2/server/users/738467780/view_state_sync (reused)
Mar 25, 2026 18:50:56.543 [281473353498848] DEBUG - [ViewStateSync] Starting for user 1
Mar 25, 2026 18:50:56.544 [281473353498848] DEBUG - [ViewStateSync] Sending state
Mar 25, 2026 18:50:56.544 [281473353498848] DEBUG - [ViewStateSync] All state sent
Mar 25, 2026 18:50:56.546 [281473353498848] DEBUG - [ViewStateSync] Getting state
Mar 25, 2026 18:50:56.546 [281473353498848] DEBUG - [ViewStateSync/HCl#3a] HTTP requesting GET https://scrobbles.plex.tv/state/738467780?count=100
Mar 25, 2026 18:50:56.661 [281473351389408] DEBUG - [HttpClient/HCl#3a] HTTP/2.0 (0.1s) 200 response from GET https://scrobbles.plex.tv/state/738467780?count=100
Mar 25, 2026 18:50:56.661 [281473353498848] DEBUG - [ViewStateSync] Reading 0 states
Mar 25, 2026 18:50:56.661 [281473353498848] DEBUG - [ViewStateSync] Done getting states
Mar 25, 2026 18:50:56.662 [281473353498848] DEBUG - [ViewStateSync] Finished
Mar 25, 2026 18:51:37.764 [281473353498848] DEBUG - BPQ: onConsiderProcessing: Idle (true)
Mar 25, 2026 18:51:37.764 [281473353498848] DEBUG - BPQ: [Idle] -> [Processing]
Mar 25, 2026 18:51:37.767 [281473353498848] DEBUG - BPQ: generating queue items from 0 generator(s)
Mar 25, 2026 18:51:37.767 [281473353498848] DEBUG - BPQ: generated 0 item(s) for queue
Mar 25, 2026 18:51:37.769 [281473353498848] DEBUG - BPQ: [Processing] -> [Idle]
Mar 25, 2026 18:51:37.769 [281473353498848] DEBUG - BPQ: garbageCollect - version - forced - -1
Mar 25, 2026 18:51:37.769 [281473353498848] DEBUG - Versions: garbage collecting
Mar 25, 2026 18:51:37.770 [281473353498848] DEBUG - Versions: garbage collected in 0.0 seconds
Mar 25, 2026 18:52:26.317 [281473342951648] DEBUG - Request: [192.168.97.1:38144 (Subnet)] GET / (4 live) #188 GZIP Signed-in
Mar 25, 2026 18:52:26.335 [281473406402784] DEBUG - Completed: [192.168.97.1:38144] 401 GET / (4 live) #188 GZIP 18ms 464 bytes (pipelined: 1)
Mar 25, 2026 18:52:26.352 [281473342951648] DEBUG - Request: [192.168.97.1:38144 (Subnet)] GET /web/index.html (4 live) #18a GZIP Signed-in
Mar 25, 2026 18:52:26.353 [281473342951648] DEBUG - [Req#18a] Final path: "/usr/lib/plexmediaserver/Resources/Plug-ins-121068a07/WebClient.bundle/Contents/Resources/index.html"
Mar 25, 2026 18:52:26.353 [281473342951648] DEBUG - Content-Length of /usr/lib/plexmediaserver/Resources/Plug-ins-121068a07/WebClient.bundle/Contents/Resources/index.html is 30190 (of total: 30190).
Mar 25, 2026 18:52:26.355 [281473408512224] DEBUG - Completed: [192.168.97.1:38144] 200 GET /web/index.html (4 live) #18a GZIP 2ms 30190 bytes (pipelined: 2)
Mar 25, 2026 18:52:26.363 [281473342951648] DEBUG - Request: [192.168.97.1:38144 (Subnet)] GET /web/6673-6673-02618eda64da53885900-plex-4.156.0-4946c98.css (4 live) #18b GZIP Signed-in
Mar 25, 2026 18:52:26.363 [281473342951648] DEBUG - [Req#18b] Final path: "/usr/lib/plexmediaserver/Resources/Plug-ins-121068a07/WebClient.bundle/Contents/Resources/6673-6673-02618eda64da53885900-plex-4.156.0-4946c98.css"
Mar 25, 2026 18:52:26.363 [281473342951648] DEBUG - Content-Length of /usr/lib/plexmediaserver/Resources/Plug-ins-121068a07/WebClient.bundle/Contents/Resources/6673-6673-02618eda64da53885900-plex-4.156.0-4946c98.css is 87312 (of total: 87312).
Mar 25, 2026 18:52:26.363 [281473349279968] DEBUG - Request: [192.168.97.1:38148 (Subnet)] GET /web/main-8792-e3bec1fe00aea04d0f27-plex-4.156.0-4946c98.css (6 live) #12e GZIP Signed-in
Mar 25, 2026 18:52:26.364 [281473349279968] DEBUG - [Req#12e] Final path: "/usr/lib/plexmediaserver/Resources/Plug-ins-121068a07/WebClient.bundle/Contents/Resources/main-8792-e3bec1fe00aea04d0f27-plex-4.156.0-4946c98.css"
Mar 25, 2026 18:52:26.364 [281473330295008] DEBUG - Request: [192.168.97.1:38172 (Subnet)] GET /web/js/main-8792-e3bec1fe00aea04d0f27-plex-4.156.0-4946c98.js (6 live) #18c GZIP Signed-in
Mar 25, 2026 18:52:26.364 [281473349279968] DEBUG - Content-Length of /usr/lib/plexmediaserver/Resources/Plug-ins-121068a07/WebClient.bundle/Contents/Resources/main-8792-e3bec1fe00aea04d0f27-plex-4.156.0-4946c98.css is 469989 (of total: 469989).
Mar 25, 2026 18:52:26.364 [281473330295008] DEBUG - [Req#18c] Final path: "/usr/lib/plexmediaserver/Resources/Plug-ins-121068a07/WebClient.bundle/Contents/Resources/js/main-8792-e3bec1fe00aea04d0f27-plex-4.156.0-4946c98.js"
Mar 25, 2026 18:52:26.364 [281473408512224] DEBUG - Completed: [192.168.97.1:38144] 200 GET /web/6673-6673-02618eda64da53885900-plex-4.156.0-4946c98.css (6 live) #18b GZIP 1ms 87312 bytes (pipelined: 3)
Mar 25, 2026 18:52:26.364 [281473342951648] DEBUG - Request: [192.168.97.1:38164 (Subnet)] GET /web/js/6673-6673-02618eda64da53885900-plex-4.156.0-4946c98.js (6 live) #189 GZIP Signed-in
Mar 25, 2026 18:52:26.364 [281473342951648] DEBUG - [Req#189] Final path: "/usr/lib/plexmediaserver/Resources/Plug-ins-121068a07/WebClient.bundle/Contents/Resources/js/6673-6673-02618eda64da53885900-plex-4.156.0-4946c98.js"
Mar 25, 2026 18:52:26.364 [281473330295008] DEBUG - Content-Length of /usr/lib/plexmediaserver/Resources/Plug-ins-121068a07/WebClient.bundle/Contents/Resources/js/main-8792-e3bec1fe00aea04d0f27-plex-4.156.0-4946c98.js is 3499463 (of total: 3499463).
Mar 25, 2026 18:52:26.366 [281473342951648] DEBUG - Content-Length of /usr/lib/plexmediaserver/Resources/Plug-ins-121068a07/WebClient.bundle/Contents/Resources/js/6673-6673-02618eda64da53885900-plex-4.156.0-4946c98.js is 1968840 (of total: 1968840).
Mar 25, 2026 18:52:26.378 [281473406402784] DEBUG - Completed: [192.168.97.1:38148] 200 GET /web/main-8792-e3bec1fe00aea04d0f27-plex-4.156.0-4946c98.css (6 live) #12e GZIP 15ms 469989 bytes (pipelined: 1)
Mar 25, 2026 18:52:26.392 [281473408512224] DEBUG - Completed: [192.168.97.1:38164] 200 GET /web/js/6673-6673-02618eda64da53885900-plex-4.156.0-4946c98.js (6 live) #189 GZIP 28ms 1968840 bytes (pipelined: 1)
Mar 25, 2026 18:52:26.397 [281473406402784] DEBUG - Completed: [192.168.97.1:38172] 200 GET /web/js/main-8792-e3bec1fe00aea04d0f27-plex-4.156.0-4946c98.js (6 live) #18c GZIP 33ms 3499463 bytes (pipelined: 1)
Mar 25, 2026 18:52:26.601 [281473330295008] DEBUG - Request: [192.168.97.1:38172 (Subnet)] GET /web/js/chunk-9769-6107a674a7ca9349c1f1-plex-4.156.0-4946c98.js (6 live) #191 GZIP Signed-in
Mar 25, 2026 18:52:26.601 [281473349279968] DEBUG - Request: [192.168.97.1:38164 (Subnet)] GET /web/js/chunk-3332-3872e1c631738f26c8f1-plex-4.156.0-4946c98.js (6 live) #190 GZIP Signed-in
Mar 25, 2026 18:52:26.601 [281473330295008] DEBUG - [Req#191] Final path: "/usr/lib/plexmediaserver/Resources/Plug-ins-121068a07/WebClient.bundle/Contents/Resources/js/chunk-9769-6107a674a7ca9349c1f1-plex-4.156.0-4946c98.js"
Mar 25, 2026 18:52:26.601 [281473349279968] DEBUG - [Req#190] Final path: "/usr/lib/plexmediaserver/Resources/Plug-ins-121068a07/WebClient.bundle/Contents/Resources/js/chunk-3332-3872e1c631738f26c8f1-plex-4.156.0-4946c98.js"
Mar 25, 2026 18:52:26.601 [281473330295008] DEBUG - Content-Length of /usr/lib/plexmediaserver/Resources/Plug-ins-121068a07/WebClient.bundle/Contents/Resources/js/chunk-9769-6107a674a7ca9349c1f1-plex-4.156.0-4946c98.js is 45430 (of total: 45430).
Mar 25, 2026 18:52:26.601 [281473349279968] DEBUG - Content-Length of /usr/lib/plexmediaserver/Resources/Plug-ins-121068a07/WebClient.bundle/Contents/Resources/js/chunk-3332-3872e1c631738f26c8f1-plex-4.156.0-4946c98.js is 3178 (of total: 3178).
Mar 25, 2026 18:52:26.601 [281473342951648] DEBUG - Request: [192.168.97.1:38148 (Subnet)] GET /web/js/chunk-2825-214b4866acfda7cebde0-plex-4.156.0-4946c98.js (6 live) #18f GZIP Signed-in
Mar 25, 2026 18:52:26.601 [281473277559008] DEBUG - Request: [192.168.97.1:38144 (Subnet)] GET /web/chunk-3126-81618e55cb18d177dfe4-plex-4.156.0-4946c98.css (6 live) #18e GZIP Signed-in
Mar 25, 2026 18:52:26.601 [281473342951648] DEBUG - [Req#18f] Final path: "/usr/lib/plexmediaserver/Resources/Plug-ins-121068a07/WebClient.bundle/Contents/Resources/js/chunk-2825-214b4866acfda7cebde0-plex-4.156.0-4946c98.js"
Mar 25, 2026 18:52:26.601 [281473277559008] DEBUG - [Req#18e] Final path: "/usr/lib/plexmediaserver/Resources/Plug-ins-121068a07/WebClient.bundle/Contents/Resources/chunk-3126-81618e55cb18d177dfe4-plex-4.156.0-4946c98.css"
Mar 25, 2026 18:52:26.601 [281473342951648] DEBUG - Content-Length of /usr/lib/plexmediaserver/Resources/Plug-ins-121068a07/WebClient.bundle/Contents/Resources/js/chunk-2825-214b4866acfda7cebde0-plex-4.156.0-4946c98.js is 22626 (of total: 22626).
Mar 25, 2026 18:52:26.601 [281473277559008] DEBUG - Content-Length of /usr/lib/plexmediaserver/Resources/Plug-ins-121068a07/WebClient.bundle/Contents/Resources/chunk-3126-81618e55cb18d177dfe4-plex-4.156.0-4946c98.css is 17711 (of total: 17711).
Mar 25, 2026 18:52:26.602 [281473408512224] DEBUG - Completed: [192.168.97.1:38164] 200 GET /web/js/chunk-3332-3872e1c631738f26c8f1-plex-4.156.0-4946c98.js (6 live) #190 GZIP 1ms 3178 bytes (pipelined: 2)
Mar 25, 2026 18:52:26.602 [281473408512224] DEBUG - Completed: [192.168.97.1:38172] 200 GET /web/js/chunk-9769-6107a674a7ca9349c1f1-plex-4.156.0-4946c98.js (6 live) #191 GZIP 1ms 45430 bytes (pipelined: 2)
Mar 25, 2026 18:52:26.602 [281473406402784] DEBUG - Completed: [192.168.97.1:38144] 200 GET /web/chunk-3126-81618e55cb18d177dfe4-plex-4.156.0-4946c98.css (8 live) #18e GZIP 0ms 17711 bytes (pipelined: 4)
Mar 25, 2026 18:52:26.602 [281473349279968] DEBUG - Request: [192.168.97.1:38178 (Subnet)] GET /web/js/chunk-3126-81618e55cb18d177dfe4-plex-4.156.0-4946c98.js (8 live) #194 GZIP Signed-in
Mar 25, 2026 18:52:26.602 [281473349279968] DEBUG - [Req#194] Final path: "/usr/lib/plexmediaserver/Resources/Plug-ins-121068a07/WebClient.bundle/Contents/Resources/js/chunk-3126-81618e55cb18d177dfe4-plex-4.156.0-4946c98.js"
Mar 25, 2026 18:52:26.602 [281473349279968] DEBUG - Content-Length of /usr/lib/plexmediaserver/Resources/Plug-ins-121068a07/WebClient.bundle/Contents/Resources/js/chunk-3126-81618e55cb18d177dfe4-plex-4.156.0-4946c98.js is 83745 (of total: 83745).
Mar 25, 2026 18:52:26.602 [281473330295008] DEBUG - Request: [192.168.97.1:38176 (Subnet)] GET /web/chunk-278-e67c7c18d962c7bf5323-plex-4.156.0-4946c98.css (8 live) #18d GZIP Signed-in
Mar 25, 2026 18:52:26.603 [281473406402784] DEBUG - Completed: [192.168.97.1:38148] 200 GET /web/js/chunk-2825-214b4866acfda7cebde0-plex-4.156.0-4946c98.js (8 live) #18f GZIP 1ms 22626 bytes (pipelined: 2)
Mar 25, 2026 18:52:26.603 [281473330295008] DEBUG - [Req#18d] Final path: "/usr/lib/plexmediaserver/Resources/Plug-ins-121068a07/WebClient.bundle/Contents/Resources/chunk-278-e67c7c18d962c7bf5323-plex-4.156.0-4946c98.css"
Mar 25, 2026 18:52:26.603 [281473330295008] DEBUG - Content-Length of /usr/lib/plexmediaserver/Resources/Plug-ins-121068a07/WebClient.bundle/Contents/Resources/chunk-278-e67c7c18d962c7bf5323-plex-4.156.0-4946c98.css is 3317 (of total: 3317).
Mar 25, 2026 18:52:26.603 [281473408512224] DEBUG - Completed: [192.168.97.1:38176] 200 GET /web/chunk-278-e67c7c18d962c7bf5323-plex-4.156.0-4946c98.css (8 live) #18d GZIP 0ms 3317 bytes (pipelined: 1)
Mar 25, 2026 18:52:26.603 [281473408512224] DEBUG - Completed: [192.168.97.1:38178] 200 GET /web/js/chunk-3126-81618e55cb18d177dfe4-plex-4.156.0-4946c98.js (8 live) #194 GZIP 1ms 83745 bytes (pipelined: 1)
Mar 25, 2026 18:52:26.605 [281473349279968] DEBUG - Request: [192.168.97.1:38164 (Subnet)] GET /web/js/chunk-278-e67c7c18d962c7bf5323-plex-4.156.0-4946c98.js (8 live) #192 GZIP Signed-in
Mar 25, 2026 18:52:26.606 [281473330295008] DEBUG - Request: [192.168.97.1:38144 (Subnet)] GET /web/js/chunk-152-bc6ee55472f95e61c5f8-plex-4.156.0-4946c98.js (8 live) #196 GZIP Signed-in
Mar 25, 2026 18:52:26.606 [281473349279968] DEBUG - [Req#192] Final path: "/usr/lib/plexmediaserver/Resources/Plug-ins-121068a07/WebClient.bundle/Contents/Resources/js/chunk-278-e67c7c18d962c7bf5323-plex-4.156.0-4946c98.js"
Mar 25, 2026 18:52:26.606 [281473342951648] DEBUG - Request: [192.168.97.1:38148 (Subnet)] GET /web/chunk-152-bc6ee55472f95e61c5f8-plex-4.156.0-4946c98.css (8 live) #197 GZIP Signed-in
Mar 25, 2026 18:52:26.606 [281473349279968] DEBUG - Content-Length of /usr/lib/plexmediaserver/Resources/Plug-ins-121068a07/WebClient.bundle/Contents/Resources/js/chunk-278-e67c7c18d962c7bf5323-plex-4.156.0-4946c98.js is 36328 (of total: 36328).
Mar 25, 2026 18:52:26.606 [281473330295008] DEBUG - [Req#196] Final path: "/usr/lib/plexmediaserver/Resources/Plug-ins-121068a07/WebClient.bundle/Contents/Resources/js/chunk-152-bc6ee55472f95e61c5f8-plex-4.156.0-4946c98.js"
Mar 25, 2026 18:52:26.606 [281473342951648] DEBUG - [Req#197] Final path: "/usr/lib/plexmediaserver/Resources/Plug-ins-121068a07/WebClient.bundle/Contents/Resources/chunk-152-bc6ee55472f95e61c5f8-plex-4.156.0-4946c98.css"
Mar 25, 2026 18:52:26.606 [281473342951648] DEBUG - Content-Length of /usr/lib/plexmediaserver/Resources/Plug-ins-121068a07/WebClient.bundle/Contents/Resources/chunk-152-bc6ee55472f95e61c5f8-plex-4.156.0-4946c98.css is 5745 (of total: 5745).
Mar 25, 2026 18:52:26.606 [281473330295008] DEBUG - Content-Length of /usr/lib/plexmediaserver/Resources/Plug-ins-121068a07/WebClient.bundle/Contents/Resources/js/chunk-152-bc6ee55472f95e61c5f8-plex-4.156.0-4946c98.js is 33779 (of total: 33779).
Mar 25, 2026 18:52:26.606 [281473349279968] DEBUG - Request: [192.168.97.1:38172 (Subnet)] GET /web/js/chunk-3345-11d5d30d3dd71ef5cd2f-plex-4.156.0-4946c98.js (8 live) #193 GZIP Signed-in
Mar 25, 2026 18:52:26.606 [281473349279968] DEBUG - [Req#193] Final path: "/usr/lib/plexmediaserver/Resources/Plug-ins-121068a07/WebClient.bundle/Contents/Resources/js/chunk-3345-11d5d30d3dd71ef5cd2f-plex-4.156.0-4946c98.js"
Mar 25, 2026 18:52:26.606 [281473349279968] DEBUG - Content-Length of /usr/lib/plexmediaserver/Resources/Plug-ins-121068a07/WebClient.bundle/Contents/Resources/js/chunk-3345-11d5d30d3dd71ef5cd2f-plex-4.156.0-4946c98.js is 16217 (of total: 16217).
Mar 25, 2026 18:52:26.607 [281473406402784] DEBUG - Completed: [192.168.97.1:38164] 200 GET /web/js/chunk-278-e67c7c18d962c7bf5323-plex-4.156.0-4946c98.js (8 live) #192 GZIP 1ms 36328 bytes (pipelined: 3)
Mar 25, 2026 18:52:26.607 [281473406402784] DEBUG - Completed: [192.168.97.1:38148] 200 GET /web/chunk-152-bc6ee55472f95e61c5f8-plex-4.156.0-4946c98.css (8 live) #197 GZIP 1ms 5745 bytes (pipelined: 3)
Mar 25, 2026 18:52:26.607 [281473408512224] DEBUG - Completed: [192.168.97.1:38172] 200 GET /web/js/chunk-3345-11d5d30d3dd71ef5cd2f-plex-4.156.0-4946c98.js (8 live) #193 GZIP 1ms 16217 bytes (pipelined: 3)
Mar 25, 2026 18:52:26.607 [281473349279968] DEBUG - Request: [192.168.97.1:38176 (Subnet)] GET /web/chunk-3345-11d5d30d3dd71ef5cd2f-plex-4.156.0-4946c98.css (8 live) #198 GZIP Signed-in
Mar 25, 2026 18:52:26.607 [281473349279968] DEBUG - [Req#198] Final path: "/usr/lib/plexmediaserver/Resources/Plug-ins-121068a07/WebClient.bundle/Contents/Resources/chunk-3345-11d5d30d3dd71ef5cd2f-plex-4.156.0-4946c98.css"
Mar 25, 2026 18:52:26.607 [281473349279968] DEBUG - Content-Length of /usr/lib/plexmediaserver/Resources/Plug-ins-121068a07/WebClient.bundle/Contents/Resources/chunk-3345-11d5d30d3dd71ef5cd2f-plex-4.156.0-4946c98.css is 4931 (of total: 4931).
Mar 25, 2026 18:52:26.607 [281473408512224] DEBUG - Completed: [192.168.97.1:38144] 200 GET /web/js/chunk-152-bc6ee55472f95e61c5f8-plex-4.156.0-4946c98.js (8 live) #196 GZIP 2ms 33779 bytes (pipelined: 5)
Mar 25, 2026 18:52:26.608 [281473408512224] DEBUG - Completed: [192.168.97.1:38176] 200 GET /web/chunk-3345-11d5d30d3dd71ef5cd2f-plex-4.156.0-4946c98.css (8 live) #198 GZIP 1ms 4931 bytes (pipelined: 2)
Mar 25, 2026 18:52:26.610 [281473330295008] DEBUG - Request: [192.168.97.1:38148 (Subnet)] GET /web/js/chunk-45-b99564cd8618f333d1b8-plex-4.156.0-4946c98.js (8 live) #19b GZIP Signed-in
Mar 25, 2026 18:52:26.610 [281473342951648] DEBUG - Request: [192.168.97.1:38164 (Subnet)] GET /web/js/chunk-1324-9cc653a8b7ed43faa80f-plex-4.156.0-4946c98.js (8 live) #19a GZIP Signed-in
Mar 25, 2026 18:52:26.611 [281473330295008] DEBUG - [Req#19b] Final path: "/usr/lib/plexmediaserver/Resources/Plug-ins-121068a07/WebClient.bundle/Contents/Resources/js/chunk-45-b99564cd8618f333d1b8-plex-4.156.0-4946c98.js"
Mar 25, 2026 18:52:26.611 [281473342951648] DEBUG - [Req#19a] Final path: "/usr/lib/plexmediaserver/Resources/Plug-ins-121068a07/WebClient.bundle/Contents/Resources/js/chunk-1324-9cc653a8b7ed43faa80f-plex-4.156.0-4946c98.js"
Mar 25, 2026 18:52:26.611 [281473342951648] DEBUG - Content-Length of /usr/lib/plexmediaserver/Resources/Plug-ins-121068a07/WebClient.bundle/Contents/Resources/js/chunk-1324-9cc653a8b7ed43faa80f-plex-4.156.0-4946c98.js is 101771 (of total: 101771).
Mar 25, 2026 18:52:26.611 [281473330295008] DEBUG - Content-Length of /usr/lib/plexmediaserver/Resources/Plug-ins-121068a07/WebClient.bundle/Contents/Resources/js/chunk-45-b99564cd8618f333d1b8-plex-4.156.0-4946c98.js is 3260 (of total: 3260).
Mar 25, 2026 18:52:26.611 [281473406402784] DEBUG - Completed: [192.168.97.1:38148] 200 GET /web/js/chunk-45-b99564cd8618f333d1b8-plex-4.156.0-4946c98.js (8 live) #19b GZIP 1ms 3260 bytes (pipelined: 4)
Mar 25, 2026 18:52:26.612 [281473408512224] DEBUG - Completed: [192.168.97.1:38164] 200 GET /web/js/chunk-1324-9cc653a8b7ed43faa80f-plex-4.156.0-4946c98.js (8 live) #19a GZIP 1ms 101771 bytes (pipelined: 4)
Mar 25, 2026 18:52:26.612 [281473349279968] DEBUG - Request: [192.168.97.1:38176 (Subnet)] GET /web/js/chunk-4119-ed78d5d6a4abb5761dc8-plex-4.156.0-4946c98.js (8 live) #19e GZIP Signed-in
Mar 25, 2026 18:52:26.612 [281473349279968] DEBUG - [Req#19e] Final path: "/usr/lib/plexmediaserver/Resources/Plug-ins-121068a07/WebClient.bundle/Contents/Resources/js/chunk-4119-ed78d5d6a4abb5761dc8-plex-4.156.0-4946c98.js"
Mar 25, 2026 18:52:26.612 [281473330295008] DEBUG - Request: [192.168.97.1:38178 (Subnet)] GET /web/chunk-4119-ed78d5d6a4abb5761dc8-plex-4.156.0-4946c98.css (8 live) #199 GZIP Signed-in
Mar 25, 2026 18:52:26.612 [281473342951648] DEBUG - Request: [192.168.97.1:38144 (Subnet)] GET /web/js/chunk-1800-f90d28c8df2984a85cb3-plex-4.156.0-4946c98.js (8 live) #19d GZIP Signed-in
Mar 25, 2026 18:52:26.612 [281473277559008] DEBUG - Request: [192.168.97.1:38172 (Subnet)] GET /web/js/chunk-6950-cd4a9f22eafa031cb422-plex-4.156.0-4946c98.js (8 live) #19c GZIP Signed-in
Mar 25, 2026 18:52:26.612 [281473349279968] DEBUG - Content-Length of /usr/lib/plexmediaserver/Resources/Plug-ins-121068a07/WebClient.bundle/Contents/Resources/js/chunk-4119-ed78d5d6a4abb5761dc8-plex-4.156.0-4946c98.js is 92295 (of total: 92295).
Mar 25, 2026 18:52:26.612 [281473330295008] DEBUG - [Req#199] Final path: "/usr/lib/plexmediaserver/Resources/Plug-ins-121068a07/WebClient.bundle/Contents/Resources/chunk-4119-ed78d5d6a4abb5761dc8-plex-4.156.0-4946c98.css"
Mar 25, 2026 18:52:26.612 [281473330295008] DEBUG - Content-Length of /usr/lib/plexmediaserver/Resources/Plug-ins-121068a07/WebClient.bundle/Contents/Resources/chunk-4119-ed78d5d6a4abb5761dc8-plex-4.156.0-4946c98.css is 19690 (of total: 19690).
Mar 25, 2026 18:52:26.613 [281473342951648] DEBUG - [Req#19d] Final path: "/usr/lib/plexmediaserver/Resources/Plug-ins-121068a07/WebClient.bundle/Contents/Resources/js/chunk-1800-f90d28c8df2984a85cb3-plex-4.156.0-4946c98.js"
Mar 25, 2026 18:52:26.613 [281473342951648] DEBUG - Content-Length of /usr/lib/plexmediaserver/Resources/Plug-ins-121068a07/WebClient.bundle/Contents/Resources/js/chunk-1800-f90d28c8df2984a85cb3-plex-4.156.0-4946c98.js is 962 (of total: 962).
Mar 25, 2026 18:52:26.613 [281473406402784] DEBUG - Completed: [192.168.97.1:38144] 200 GET /web/js/chunk-1800-f90d28c8df2984a85cb3-plex-4.156.0-4946c98.js (8 live) #19d GZIP 1ms 962 bytes (pipelined: 6)
Mar 25, 2026 18:52:26.613 [281473277559008] DEBUG - [Req#19c] Final path: "/usr/lib/plexmediaserver/Resources/Plug-ins-121068a07/WebClient.bundle/Contents/Resources/js/chunk-6950-cd4a9f22eafa031cb422-plex-4.156.0-4946c98.js"
Mar 25, 2026 18:52:26.613 [281473406402784] DEBUG - Completed: [192.168.97.1:38178] 200 GET /web/chunk-4119-ed78d5d6a4abb5761dc8-plex-4.156.0-4946c98.css (8 live) #199 GZIP 1ms 19690 bytes (pipelined: 2)
Mar 25, 2026 18:52:26.614 [281473406402784] DEBUG - Completed: [192.168.97.1:38176] 200 GET /web/js/chunk-4119-ed78d5d6a4abb5761dc8-plex-4.156.0-4946c98.js (8 live) #19e GZIP 1ms 92295 bytes (pipelined: 3)
Mar 25, 2026 18:52:26.614 [281473342951648] DEBUG - Request: [192.168.97.1:38164 (Subnet)] GET /web/chunk-2641-f1c13b626e292b069cb8-plex-4.156.0-4946c98.css (8 live) #1a0 GZIP Signed-in
Mar 25, 2026 18:52:26.614 [281473277559008] DEBUG - Content-Length of /usr/lib/plexmediaserver/Resources/Plug-ins-121068a07/WebClient.bundle/Contents/Resources/js/chunk-6950-cd4a9f22eafa031cb422-plex-4.156.0-4946c98.js is 10941 (of total: 10941).
Mar 25, 2026 18:52:26.614 [281473342951648] DEBUG - [Req#1a0] Final path: "/usr/lib/plexmediaserver/Resources/Plug-ins-121068a07/WebClient.bundle/Contents/Resources/chunk-2641-f1c13b626e292b069cb8-plex-4.156.0-4946c98.css"
Mar 25, 2026 18:52:26.614 [281473342951648] DEBUG - Content-Length of /usr/lib/plexmediaserver/Resources/Plug-ins-121068a07/WebClient.bundle/Contents/Resources/chunk-2641-f1c13b626e292b069cb8-plex-4.156.0-4946c98.css is 2084 (of total: 2084).
Mar 25, 2026 18:52:26.615 [281473408512224] DEBUG - Completed: [192.168.97.1:38164] 200 GET /web/chunk-2641-f1c13b626e292b069cb8-plex-4.156.0-4946c98.css (8 live) #1a0 GZIP 0ms 2084 bytes (pipelined: 5)
Mar 25, 2026 18:52:26.615 [281473330295008] DEBUG - Request: [192.168.97.1:38148 (Subnet)] GET /web/js/chunk-2641-f1c13b626e292b069cb8-plex-4.156.0-4946c98.js (8 live) #19f GZIP Signed-in
Mar 25, 2026 18:52:26.615 [281473406402784] DEBUG - Completed: [192.168.97.1:38172] 200 GET /web/js/chunk-6950-cd4a9f22eafa031cb422-plex-4.156.0-4946c98.js (8 live) #19c GZIP 3ms 10941 bytes (pipelined: 4)
Mar 25, 2026 18:52:26.615 [281473330295008] DEBUG - [Req#19f] Final path: "/usr/lib/plexmediaserver/Resources/Plug-ins-121068a07/WebClient.bundle/Contents/Resources/js/chunk-2641-f1c13b626e292b069cb8-plex-4.156.0-4946c98.js"
Mar 25, 2026 18:52:26.615 [281473330295008] DEBUG - Content-Length of /usr/lib/plexmediaserver/Resources/Plug-ins-121068a07/WebClient.bundle/Contents/Resources/js/chunk-2641-f1c13b626e292b069cb8-plex-4.156.0-4946c98.js is 24624 (of total: 24624).
Mar 25, 2026 18:52:26.616 [281473349279968] DEBUG - Request: [192.168.97.1:38144 (Subnet)] GET /web/chunk-7516-7778ce9df23da313781b-plex-4.156.0-4946c98.css (8 live) #1a1 GZIP Signed-in
Mar 25, 2026 18:52:26.616 [281473277559008] DEBUG - Request: [192.168.97.1:38178 (Subnet)] GET /web/js/chunk-8369-33bdb771cc29debe0c80-plex-4.156.0-4946c98.js (8 live) #1a2 GZIP Signed-in
Mar 25, 2026 18:52:26.617 [281473277559008] DEBUG - [Req#1a2] Final path: "/usr/lib/plexmediaserver/Resources/Plug-ins-121068a07/WebClient.bundle/Contents/Resources/js/chunk-8369-33bdb771cc29debe0c80-plex-4.156.0-4946c98.js"
Mar 25, 2026 18:52:26.617 [281473406402784] DEBUG - Completed: [192.168.97.1:38148] 200 GET /web/js/chunk-2641-f1c13b626e292b069cb8-plex-4.156.0-4946c98.js (8 live) #19f GZIP 2ms 24624 bytes (pipelined: 5)
Mar 25, 2026 18:52:26.617 [281473349279968] DEBUG - [Req#1a1] Final path: "/usr/lib/plexmediaserver/Resources/Plug-ins-121068a07/WebClient.bundle/Contents/Resources/chunk-7516-7778ce9df23da313781b-plex-4.156.0-4946c98.css"
Mar 25, 2026 18:52:26.618 [281473349279968] DEBUG - Content-Length of /usr/lib/plexmediaserver/Resources/Plug-ins-121068a07/WebClient.bundle/Contents/Resources/chunk-7516-7778ce9df23da313781b-plex-4.156.0-4946c98.css is 11162 (of total: 11162).
Mar 25, 2026 18:52:26.618 [281473408512224] DEBUG - Completed: [192.168.97.1:38144] 200 GET /web/chunk-7516-7778ce9df23da313781b-plex-4.156.0-4946c98.css (8 live) #1a1 GZIP 1ms 11162 bytes (pipelined: 7)
Mar 25, 2026 18:52:26.618 [281473342951648] DEBUG - Request: [192.168.97.1:38176 (Subnet)] GET /web/js/chunk-7516-7778ce9df23da313781b-plex-4.156.0-4946c98.js (8 live) #1a3 GZIP Signed-in
Mar 25, 2026 18:52:26.618 [281473342951648] DEBUG - [Req#1a3] Final path: "/usr/lib/plexmediaserver/Resources/Plug-ins-121068a07/WebClient.bundle/Contents/Resources/js/chunk-7516-7778ce9df23da313781b-plex-4.156.0-4946c98.js"
Mar 25, 2026 18:52:26.618 [281473342951648] DEBUG - Content-Length of /usr/lib/plexmediaserver/Resources/Plug-ins-121068a07/WebClient.bundle/Contents/Resources/js/chunk-7516-7778ce9df23da313781b-plex-4.156.0-4946c98.js is 2384 (of total: 2384).
Mar 25, 2026 18:52:26.618 [281473277559008] DEBUG - Content-Length of /usr/lib/plexmediaserver/Resources/Plug-ins-121068a07/WebClient.bundle/Contents/Resources/js/chunk-8369-33bdb771cc29debe0c80-plex-4.156.0-4946c98.js is 79221 (of total: 79221).
Mar 25, 2026 18:52:26.619 [281473408512224] DEBUG - Completed: [192.168.97.1:38176] 200 GET /web/js/chunk-7516-7778ce9df23da313781b-plex-4.156.0-4946c98.js (8 live) #1a3 GZIP 1ms 2384 bytes (pipelined: 4)
Mar 25, 2026 18:52:26.619 [281473342951648] DEBUG - Request: [192.168.97.1:38164 (Subnet)] GET /web/js/chunk-3159-d4f8e7b920de5f9b574e-plex-4.156.0-4946c98.js (8 live) #1a4 GZIP Signed-in
Mar 25, 2026 18:52:26.619 [281473342951648] DEBUG - [Req#1a4] Final path: "/usr/lib/plexmediaserver/Resources/Plug-ins-121068a07/WebClient.bundle/Contents/Resources/js/chunk-3159-d4f8e7b920de5f9b574e-plex-4.156.0-4946c98.js"
Mar 25, 2026 18:52:26.619 [281473342951648] DEBUG - Content-Length of /usr/lib/plexmediaserver/Resources/Plug-ins-121068a07/WebClient.bundle/Contents/Resources/js/chunk-3159-d4f8e7b920de5f9b574e-plex-4.156.0-4946c98.js is 1556 (of total: 1556).
Mar 25, 2026 18:52:26.620 [281473349279968] DEBUG - Request: [192.168.97.1:38172 (Subnet)] GET /web/chunk-3159-d4f8e7b920de5f9b574e-plex-4.156.0-4946c98.css (8 live) #1a5 GZIP Signed-in
Mar 25, 2026 18:52:26.620 [281473349279968] DEBUG - [Req#1a5] Final path: "/usr/lib/plexmediaserver/Resources/Plug-ins-121068a07/WebClient.bundle/Contents/Resources/chunk-3159-d4f8e7b920de5f9b574e-plex-4.156.0-4946c98.css"
Mar 25, 2026 18:52:26.620 [281473406402784] DEBUG - Completed: [192.168.97.1:38178] 200 GET /web/js/chunk-8369-33bdb771cc29debe0c80-plex-4.156.0-4946c98.js (8 live) #1a2 GZIP 3ms 79221 bytes (pipelined: 3)
Mar 25, 2026 18:52:26.620 [281473408512224] DEBUG - Completed: [192.168.97.1:38164] 200 GET /web/js/chunk-3159-d4f8e7b920de5f9b574e-plex-4.156.0-4946c98.js (8 live) #1a4 GZIP 1ms 1556 bytes (pipelined: 6)
Mar 25, 2026 18:52:26.620 [281473349279968] DEBUG - Content-Length of /usr/lib/plexmediaserver/Resources/Plug-ins-121068a07/WebClient.bundle/Contents/Resources/chunk-3159-d4f8e7b920de5f9b574e-plex-4.156.0-4946c98.css is 11162 (of total: 11162).
Mar 25, 2026 18:52:26.620 [281473408512224] DEBUG - Completed: [192.168.97.1:38172] 200 GET /web/chunk-3159-d4f8e7b920de5f9b574e-plex-4.156.0-4946c98.css (8 live) #1a5 GZIP 0ms 11162 bytes (pipelined: 5)
Mar 25, 2026 18:52:26.621 [281473277559008] DEBUG - Request: [192.168.97.1:38144 (Subnet)] GET /web/js/chunk-845-1f39976e4495bf72dafc-plex-4.156.0-4946c98.js (8 live) #1a6 GZIP Signed-in
Mar 25, 2026 18:52:26.621 [281473277559008] DEBUG - [Req#1a6] Final path: "/usr/lib/plexmediaserver/Resources/Plug-ins-121068a07/WebClient.bundle/Contents/Resources/js/chunk-845-1f39976e4495bf72dafc-plex-4.156.0-4946c98.js"
Mar 25, 2026 18:52:26.621 [281473330295008] DEBUG - Request: [192.168.97.1:38148 (Subnet)] GET /web/translations/es.json (8 live) #1a7 GZIP Signed-in
Mar 25, 2026 18:52:26.621 [281473330295008] DEBUG - [Req#1a7] Final path: "/usr/lib/plexmediaserver/Resources/Plug-ins-121068a07/WebClient.bundle/Contents/Resources/translations/es.json"
Mar 25, 2026 18:52:26.621 [281473277559008] DEBUG - Content-Length of /usr/lib/plexmediaserver/Resources/Plug-ins-121068a07/WebClient.bundle/Contents/Resources/js/chunk-845-1f39976e4495bf72dafc-plex-4.156.0-4946c98.js is 22492 (of total: 22492).
Mar 25, 2026 18:52:26.621 [281473330295008] DEBUG - Content-Length of /usr/lib/plexmediaserver/Resources/Plug-ins-121068a07/WebClient.bundle/Contents/Resources/translations/es.json is 256948 (of total: 256948).
Mar 25, 2026 18:52:26.621 [281473342951648] DEBUG - Request: [192.168.97.1:38176 (Subnet)] GET /web/chunk-4304-5daff8c527e7c2828940-plex-4.156.0-4946c98.css (8 live) #1a8 GZIP Signed-in
Mar 25, 2026 18:52:26.621 [281473408512224] DEBUG - Completed: [192.168.97.1:38144] 200 GET /web/js/chunk-845-1f39976e4495bf72dafc-plex-4.156.0-4946c98.js (8 live) #1a6 GZIP 1ms 22492 bytes (pipelined: 8)
Mar 25, 2026 18:52:26.622 [281473342951648] DEBUG - [Req#1a8] Final path: "/usr/lib/plexmediaserver/Resources/Plug-ins-121068a07/WebClient.bundle/Contents/Resources/chunk-4304-5daff8c527e7c2828940-plex-4.156.0-4946c98.css"
Mar 25, 2026 18:52:26.622 [281473342951648] DEBUG - Content-Length of /usr/lib/plexmediaserver/Resources/Plug-ins-121068a07/WebClient.bundle/Contents/Resources/chunk-4304-5daff8c527e7c2828940-plex-4.156.0-4946c98.css is 16316 (of total: 16316).
Mar 25, 2026 18:52:26.622 [281473406402784] DEBUG - Completed: [192.168.97.1:38176] 200 GET /web/chunk-4304-5daff8c527e7c2828940-plex-4.156.0-4946c98.css (8 live) #1a8 GZIP 0ms 16316 bytes (pipelined: 5)
Mar 25, 2026 18:52:26.622 [281473349279968] DEBUG - Request: [192.168.97.1:38164 (Subnet)] GET /web/js/chunk-4304-5daff8c527e7c2828940-plex-4.156.0-4946c98.js (8 live) #1a9 GZIP Signed-in
Mar 25, 2026 18:52:26.623 [281473349279968] DEBUG - [Req#1a9] Final path: "/usr/lib/plexmediaserver/Resources/Plug-ins-121068a07/WebClient.bundle/Contents/Resources/js/chunk-4304-5daff8c527e7c2828940-plex-4.156.0-4946c98.js"
Mar 25, 2026 18:52:26.623 [281473349279968] DEBUG - Content-Length of /usr/lib/plexmediaserver/Resources/Plug-ins-121068a07/WebClient.bundle/Contents/Resources/js/chunk-4304-5daff8c527e7c2828940-plex-4.156.0-4946c98.js is 122990 (of total: 122990).
Mar 25, 2026 18:52:26.624 [281473406402784] DEBUG - Completed: [192.168.97.1:38164] 200 GET /web/js/chunk-4304-5daff8c527e7c2828940-plex-4.156.0-4946c98.js (8 live) #1a9 GZIP 1ms 122990 bytes (pipelined: 7)
Mar 25, 2026 18:52:26.624 [281473277559008] DEBUG - Request: [192.168.97.1:38172 (Subnet)] GET /web/chunk-9436-9863c999dfc54b107e11-plex-4.156.0-4946c98.css (8 live) #1aa GZIP Signed-in
Mar 25, 2026 18:52:26.624 [281473277559008] DEBUG - [Req#1aa] Final path: "/usr/lib/plexmediaserver/Resources/Plug-ins-121068a07/WebClient.bundle/Contents/Resources/chunk-9436-9863c999dfc54b107e11-plex-4.156.0-4946c98.css"
Mar 25, 2026 18:52:26.624 [281473342951648] DEBUG - Request: [192.168.97.1:38178 (Subnet)] GET /web/js/chunk-9436-9863c999dfc54b107e11-plex-4.156.0-4946c98.js (8 live) #1ab GZIP Signed-in
Mar 25, 2026 18:52:26.624 [281473277559008] DEBUG - Content-Length of /usr/lib/plexmediaserver/Resources/Plug-ins-121068a07/WebClient.bundle/Contents/Resources/chunk-9436-9863c999dfc54b107e11-plex-4.156.0-4946c98.css is 716 (of total: 716).
Mar 25, 2026 18:52:26.624 [281473342951648] DEBUG - [Req#1ab] Final path: "/usr/lib/plexmediaserver/Resources/Plug-ins-121068a07/WebClient.bundle/Contents/Resources/js/chunk-9436-9863c999dfc54b107e11-plex-4.156.0-4946c98.js"
Mar 25, 2026 18:52:26.624 [281473406402784] DEBUG - Completed: [192.168.97.1:38172] 200 GET /web/chunk-9436-9863c999dfc54b107e11-plex-4.156.0-4946c98.css (8 live) #1aa GZIP 0ms 716 bytes (pipelined: 6)
Mar 25, 2026 18:52:26.624 [281473408512224] DEBUG - Completed: [192.168.97.1:38148] 200 GET /web/translations/es.json (8 live) #1a7 GZIP 3ms 256948 bytes (pipelined: 6)
Mar 25, 2026 18:52:26.624 [281473277559008] DEBUG - Request: [192.168.97.1:38176 (Subnet)] GET /web/js/chunk-2939-2d38c05b703e0087e21c-plex-4.156.0-4946c98.js (8 live) #1ac GZIP Signed-in
Mar 25, 2026 18:52:26.624 [281473349279968] DEBUG - Request: [192.168.97.1:38144 (Subnet)] GET /web/chunk-2939-2d38c05b703e0087e21c-plex-4.156.0-4946c98.css (8 live) #1ad GZIP Signed-in
Mar 25, 2026 18:52:26.624 [281473277559008] DEBUG - [Req#1ac] Final path: "/usr/lib/plexmediaserver/Resources/Plug-ins-121068a07/WebClient.bundle/Contents/Resources/js/chunk-2939-2d38c05b703e0087e21c-plex-4.156.0-4946c98.js"
Mar 25, 2026 18:52:26.624 [281473349279968] DEBUG - [Req#1ad] Final path: "/usr/lib/plexmediaserver/Resources/Plug-ins-121068a07/WebClient.bundle/Contents/Resources/chunk-2939-2d38c05b703e0087e21c-plex-4.156.0-4946c98.css"
Mar 25, 2026 18:52:26.624 [281473349279968] DEBUG - Content-Length of /usr/lib/plexmediaserver/Resources/Plug-ins-121068a07/WebClient.bundle/Contents/Resources/chunk-2939-2d38c05b703e0087e21c-plex-4.156.0-4946c98.css is 1679 (of total: 1679).
Mar 25, 2026 18:52:26.624 [281473277559008] DEBUG - Content-Length of /usr/lib/plexmediaserver/Resources/Plug-ins-121068a07/WebClient.bundle/Contents/Resources/js/chunk-2939-2d38c05b703e0087e21c-plex-4.156.0-4946c98.js is 20767 (of total: 20767).
Mar 25, 2026 18:52:26.625 [281473342951648] DEBUG - Content-Length of /usr/lib/plexmediaserver/Resources/Plug-ins-121068a07/WebClient.bundle/Contents/Resources/js/chunk-9436-9863c999dfc54b107e11-plex-4.156.0-4946c98.js is 27092 (of total: 27092).
Mar 25, 2026 18:52:26.625 [281473406402784] DEBUG - Completed: [192.168.97.1:38144] 200 GET /web/chunk-2939-2d38c05b703e0087e21c-plex-4.156.0-4946c98.css (8 live) #1ad GZIP 0ms 1679 bytes (pipelined: 9)
Mar 25, 2026 18:52:26.625 [281473408512224] DEBUG - Completed: [192.168.97.1:38176] 200 GET /web/js/chunk-2939-2d38c05b703e0087e21c-plex-4.156.0-4946c98.js (8 live) #1ac GZIP 0ms 20767 bytes (pipelined: 6)
Mar 25, 2026 18:52:26.625 [281473408512224] DEBUG - Completed: [192.168.97.1:38178] 200 GET /web/js/chunk-9436-9863c999dfc54b107e11-plex-4.156.0-4946c98.js (8 live) #1ab GZIP 1ms 27092 bytes (pipelined: 4)
Mar 25, 2026 18:52:26.627 [281473330295008] DEBUG - Request: [192.168.97.1:38144 (Subnet)] GET /web/js/chunk-2094-cb4562c3048079648123-plex-4.156.0-4946c98.js (8 live) #1b1 GZIP Signed-in
Mar 25, 2026 18:52:26.627 [281473330295008] DEBUG - [Req#1b1] Final path: "/usr/lib/plexmediaserver/Resources/Plug-ins-121068a07/WebClient.bundle/Contents/Resources/js/chunk-2094-cb4562c3048079648123-plex-4.156.0-4946c98.js"
Mar 25, 2026 18:52:26.627 [281473330295008] DEBUG - Content-Length of /usr/lib/plexmediaserver/Resources/Plug-ins-121068a07/WebClient.bundle/Contents/Resources/js/chunk-2094-cb4562c3048079648123-plex-4.156.0-4946c98.js is 21151 (of total: 21151).
Mar 25, 2026 18:52:26.627 [281473349279968] DEBUG - Request: [192.168.97.1:38148 (Subnet)] GET /web/chunk-6924-75fe75b81b13957647e1-plex-4.156.0-4946c98.css (8 live) #1b0 GZIP Signed-in
Mar 25, 2026 18:52:26.627 [281473349279968] DEBUG - [Req#1b0] Final path: "/usr/lib/plexmediaserver/Resources/Plug-ins-121068a07/WebClient.bundle/Contents/Resources/chunk-6924-75fe75b81b13957647e1-plex-4.156.0-4946c98.css"
Mar 25, 2026 18:52:26.627 [281473408512224] DEBUG - Completed: [192.168.97.1:38144] 200 GET /web/js/chunk-2094-cb4562c3048079648123-plex-4.156.0-4946c98.js (8 live) #1b1 GZIP 0ms 21151 bytes (pipelined: 10)
Mar 25, 2026 18:52:26.628 [281473349279968] DEBUG - Content-Length of /usr/lib/plexmediaserver/Resources/Plug-ins-121068a07/WebClient.bundle/Contents/Resources/chunk-6924-75fe75b81b13957647e1-plex-4.156.0-4946c98.css is 72412 (of total: 72412).
Mar 25, 2026 18:52:26.628 [281473342951648] DEBUG - Request: [192.168.97.1:38176 (Subnet)] GET /web/js/chunk-6924-75fe75b81b13957647e1-plex-4.156.0-4946c98.js (8 live) #1b2 GZIP Signed-in
Mar 25, 2026 18:52:26.628 [281473330295008] DEBUG - Request: [192.168.97.1:38164 (Subnet)] GET /web/js/chunk-8303-59cdd15505001addaa0b-plex-4.156.0-4946c98.js (8 live) #1ae GZIP Signed-in
Mar 25, 2026 18:52:26.628 [281473277559008] DEBUG - Request: [192.168.97.1:38172 (Subnet)] GET /web/chunk-8303-59cdd15505001addaa0b-plex-4.156.0-4946c98.css (8 live) #1af GZIP Signed-in
Mar 25, 2026 18:52:26.628 [281473406402784] DEBUG - Completed: [192.168.97.1:38148] 200 GET /web/chunk-6924-75fe75b81b13957647e1-plex-4.156.0-4946c98.css (8 live) #1b0 GZIP 1ms 72412 bytes (pipelined: 7)
Mar 25, 2026 18:52:26.629 [281473277559008] DEBUG - [Req#1af] Final path: "/usr/lib/plexmediaserver/Resources/Plug-ins-121068a07/WebClient.bundle/Contents/Resources/chunk-8303-59cdd15505001addaa0b-plex-4.156.0-4946c98.css"
Mar 25, 2026 18:52:26.629 [281473330295008] DEBUG - [Req#1ae] Final path: "/usr/lib/plexmediaserver/Resources/Plug-ins-121068a07/WebClient.bundle/Contents/Resources/js/chunk-8303-59cdd15505001addaa0b-plex-4.156.0-4946c98.js"
Mar 25, 2026 18:52:26.629 [281473277559008] DEBUG - Content-Length of /usr/lib/plexmediaserver/Resources/Plug-ins-121068a07/WebClient.bundle/Contents/Resources/chunk-8303-59cdd15505001addaa0b-plex-4.156.0-4946c98.css is 939 (of total: 939).
Mar 25, 2026 18:52:26.629 [281473342951648] DEBUG - [Req#1b2] Final path: "/usr/lib/plexmediaserver/Resources/Plug-ins-121068a07/WebClient.bundle/Contents/Resources/js/chunk-6924-75fe75b81b13957647e1-plex-4.156.0-4946c98.js"
Mar 25, 2026 18:52:26.629 [281473342951648] DEBUG - Content-Length of /usr/lib/plexmediaserver/Resources/Plug-ins-121068a07/WebClient.bundle/Contents/Resources/js/chunk-6924-75fe75b81b13957647e1-plex-4.156.0-4946c98.js is 719827 (of total: 719827).
Mar 25, 2026 18:52:26.629 [281473330295008] DEBUG - Content-Length of /usr/lib/plexmediaserver/Resources/Plug-ins-121068a07/WebClient.bundle/Contents/Resources/js/chunk-8303-59cdd15505001addaa0b-plex-4.156.0-4946c98.js is 4673 (of total: 4673).
Mar 25, 2026 18:52:26.629 [281473406402784] DEBUG - Completed: [192.168.97.1:38172] 200 GET /web/chunk-8303-59cdd15505001addaa0b-plex-4.156.0-4946c98.css (8 live) #1af GZIP 1ms 939 bytes (pipelined: 7)
Mar 25, 2026 18:52:26.629 [281473408512224] DEBUG - Completed: [192.168.97.1:38164] 200 GET /web/js/chunk-8303-59cdd15505001addaa0b-plex-4.156.0-4946c98.js (8 live) #1ae GZIP 1ms 4673 bytes (pipelined: 8)
Mar 25, 2026 18:52:26.630 [281473349279968] DEBUG - Request: [192.168.97.1:38144 (Subnet)] GET /web/chunk-5786-c140b70a0a5a4009e23e-plex-4.156.0-4946c98.css (8 live) #1b4 GZIP Signed-in
Mar 25, 2026 18:52:26.630 [281473349279968] DEBUG - [Req#1b4] Final path: "/usr/lib/plexmediaserver/Resources/Plug-ins-121068a07/WebClient.bundle/Contents/Resources/chunk-5786-c140b70a0a5a4009e23e-plex-4.156.0-4946c98.css"
Mar 25, 2026 18:52:26.631 [281473349279968] DEBUG - Content-Length of /usr/lib/plexmediaserver/Resources/Plug-ins-121068a07/WebClient.bundle/Contents/Resources/chunk-5786-c140b70a0a5a4009e23e-plex-4.156.0-4946c98.css is 0 (of total: 0).
Mar 25, 2026 18:52:26.631 [281473349279968] DEBUG - Completed: [192.168.97.1:38144] 200 GET /web/chunk-5786-c140b70a0a5a4009e23e-plex-4.156.0-4946c98.css (8 live) #1b4 GZIP 0ms 0 bytes (pipelined: 11)
Mar 25, 2026 18:52:26.631 [281473277559008] DEBUG - Request: [192.168.97.1:38148 (Subnet)] GET /web/js/chunk-5786-c140b70a0a5a4009e23e-plex-4.156.0-4946c98.js (8 live) #1b5 GZIP Signed-in
Mar 25, 2026 18:52:26.631 [281473277559008] DEBUG - [Req#1b5] Final path: "/usr/lib/plexmediaserver/Resources/Plug-ins-121068a07/WebClient.bundle/Contents/Resources/js/chunk-5786-c140b70a0a5a4009e23e-plex-4.156.0-4946c98.js"
Mar 25, 2026 18:52:26.632 [281473277559008] DEBUG - Content-Length of /usr/lib/plexmediaserver/Resources/Plug-ins-121068a07/WebClient.bundle/Contents/Resources/js/chunk-5786-c140b70a0a5a4009e23e-plex-4.156.0-4946c98.js is 4571 (of total: 4571).
Mar 25, 2026 18:52:26.632 [281473406402784] DEBUG - Completed: [192.168.97.1:38148] 200 GET /web/js/chunk-5786-c140b70a0a5a4009e23e-plex-4.156.0-4946c98.js (8 live) #1b5 GZIP 1ms 4571 bytes (pipelined: 8)
Mar 25, 2026 18:52:26.634 [281473408512224] DEBUG - Completed: [192.168.97.1:38176] 200 GET /web/js/chunk-6924-75fe75b81b13957647e1-plex-4.156.0-4946c98.js (8 live) #1b2 GZIP 5ms 719827 bytes (pipelined: 7)
Mar 25, 2026 18:52:26.694 [281473330295008] DEBUG - Request: [192.168.97.1:38176 (Subnet)] GET /media/providers (8 live) #1ba GZIP Signed-in
Mar 25, 2026 18:52:26.694 [281473349279968] DEBUG - Request: [192.168.97.1:38148 (Subnet)] GET / (8 live) #1b9 GZIP Signed-in
Mar 25, 2026 18:52:26.694 [281473408512224] DEBUG - Completed: [192.168.97.1:38148] 406 GET / (8 live) #1b9 GZIP 0ms 390 bytes (pipelined: 9)
Mar 25, 2026 18:52:26.696 [281473277559008] DEBUG - Request: [192.168.97.1:47285 (Subnet)] GET / (10 live) #195 GZIP Signed-in
Mar 25, 2026 18:52:26.696 [281473342951648] DEBUG - Request: [192.168.97.1:58353 (Subnet)] GET /media/providers (11 live) #1bc GZIP Signed-in
Mar 25, 2026 18:52:26.697 [281473406402784] DEBUG - Completed: [192.168.97.1:47285] 401 GET / (11 live) #195 GZIP 0ms 592 bytes (pipelined: 1)
Mar 25, 2026 18:52:26.697 [281473349279968] DEBUG - Request: [192.168.97.1:45860 (Subnet)] GET /media/providers (11 live) #1bd GZIP Signed-in Token (oscar.p46)
Mar 25, 2026 18:52:26.701 [281473408512224] DEBUG - Completed: [192.168.97.1:38176] 406 GET /media/providers (11 live) #1ba GZIP 7ms 390 bytes (pipelined: 8)
Mar 25, 2026 18:52:26.701 [281473406402784] DEBUG - Completed: [192.168.97.1:58353] 401 GET /media/providers (11 live) #1bc GZIP 4ms 514 bytes (pipelined: 1)
Mar 25, 2026 18:52:26.704 [281473277559008] DEBUG - Request: [192.168.97.1:58353 (Subnet)] GET /identity (11 live) #1c1 GZIP Signed-in
Mar 25, 2026 18:52:26.705 [281473408512224] DEBUG - Completed: [192.168.97.1:58353] 200 GET /identity (11 live) #1c1 GZIP 0ms 614 bytes (pipelined: 2)
Mar 25, 2026 18:52:26.706 [281473342951648] DEBUG - Request: [192.168.97.1:38176 (Subnet)] GET /identity (11 live) #1c0 GZIP Signed-in
Mar 25, 2026 18:52:26.706 [281473406402784] DEBUG - Completed: [192.168.97.1:38176] 200 GET /identity (11 live) #1c0 GZIP 0ms 486 bytes (pipelined: 9)
Mar 25, 2026 18:52:26.708 [281473406402784] DEBUG - Completed: [192.168.97.1:45860] 200 GET /media/providers (11 live) #1bd GZIP 11ms 4619 bytes (pipelined: 1)
Mar 25, 2026 18:52:26.719 [281473330295008] DEBUG - Request: [192.168.97.1:45860 (Subnet)] GET /status/sessions (11 live) #1c5 GZIP Signed-in Token (oscar.p46)
Mar 25, 2026 18:52:26.719 [281473277559008] DEBUG - Request: [192.168.97.1:58353 (Subnet)] GET /:/prefs (11 live) #1c2 GZIP Signed-in Token (oscar.p46)
Mar 25, 2026 18:52:26.719 [281473330295008] DEBUG - [Req#1c5] [Now] Adding 0 sessions.
Mar 25, 2026 18:52:26.720 [281473408512224] DEBUG - Completed: [192.168.97.1:45860] 200 GET /status/sessions (11 live) #1c5 GZIP 0ms 478 bytes (pipelined: 2)
Mar 25, 2026 18:52:26.720 [281473342951648] DEBUG - Request: [192.168.97.1:47285 (Subnet)] GET /updater/status (11 live) #1bf GZIP Signed-in Token (oscar.p46)
Mar 25, 2026 18:52:26.720 [281473406402784] DEBUG - Completed: [192.168.97.1:47285] 200 GET /updater/status (11 live) #1bf GZIP 0ms 561 bytes (pipelined: 2)
Mar 25, 2026 18:52:26.722 [281473349279968] DEBUG - Request: [192.168.97.1:37334 (Subnet)] GET /:/websockets/notifications (12 live) #1be GZIP Signed-in Token (oscar.p46)
Mar 25, 2026 18:52:26.722 [281473349279968] DEBUG - WebSocket: Performing handshake from origin http://localhost:32400
Mar 25, 2026 18:52:26.722 [281473330295008] DEBUG - Request: [192.168.97.1:38176 (Subnet)] GET /media/providers (12 live) #1c3 GZIP Signed-in Token (oscar.p46)
Mar 25, 2026 18:52:26.722 [281473349279968] DEBUG - Beginning read from WebSocket
Mar 25, 2026 18:52:26.724 [281473408512224] DEBUG - Completed: [192.168.97.1:58353] 200 GET /:/prefs (12 live) #1c2 GZIP 4ms 8734 bytes (pipelined: 3)
Mar 25, 2026 18:52:26.725 [281473408512224] DEBUG - Completed: [192.168.97.1:38176] 200 GET /media/providers (12 live) #1c3 GZIP 2ms 4491 bytes (pipelined: 10)
Mar 25, 2026 18:52:26.743 [281473342951648] DEBUG - Request: [192.168.97.1:58353 (Subnet)] OPTIONS /updater/check?download=0 (12 live) #1ca GZIP Signed-in Token ()
Mar 25, 2026 18:52:26.743 [281473406402784] DEBUG - Completed: [192.168.97.1:58353] 200 OPTIONS /updater/check?download=0 (12 live) #1ca GZIP 0ms 379 bytes (pipelined: 4)
Mar 25, 2026 18:52:26.744 [281473349279968] DEBUG - Request: [192.168.97.1:58353 (Subnet)] PUT /updater/check?download=0 (12 live) #1cc GZIP Signed-in Token (oscar.p46)
Mar 25, 2026 18:52:26.744 [281473349279968] DEBUG - [Req#1cc] AutoUpdate: requesting check endpoint: /updater/products/5/check.xml?build=linux-aarch64&channel=16&distribution=debian&version=1.43.0.10492-121068a07, download: NO
Mar 25, 2026 18:52:26.744 [281473349279968] DEBUG - [Req#1cc] Downloading document https://plex.tv/updater/products/5/check.xml?build=linux-aarch64&channel=16&distribution=debian&version=1.43.0.10492-121068a07
Mar 25, 2026 18:52:26.744 [281473349279968] DEBUG - [Req#1cc/HCl#3b] HTTP requesting GET https://plex.tv/updater/products/5/check.xml?build=linux-aarch64&channel=16&distribution=debian&version=1.43.0.10492-121068a07
Mar 25, 2026 18:52:26.757 [281473277559008] DEBUG - Request: [192.168.97.1:47285 (Subnet)] GET /activities (12 live) #1c7 GZIP Signed-in Token (oscar.p46)
Mar 25, 2026 18:52:26.757 [281473408512224] DEBUG - Completed: [192.168.97.1:47285] 200 GET /activities (12 live) #1c7 GZIP 0ms 478 bytes (pipelined: 3)
Mar 25, 2026 18:52:26.763 [281473330295008] DEBUG - Request: [192.168.97.1:38176 (Subnet)] GET /web/favicon.ico (12 live) #1cb GZIP Signed-in
Mar 25, 2026 18:52:26.763 [281473330295008] DEBUG - [Req#1cb] Final path: "/usr/lib/plexmediaserver/Resources/Plug-ins-121068a07/WebClient.bundle/Contents/Resources/favicon.ico"
Mar 25, 2026 18:52:26.763 [281473330295008] DEBUG - Content-Length of /usr/lib/plexmediaserver/Resources/Plug-ins-121068a07/WebClient.bundle/Contents/Resources/favicon.ico is 5430 (of total: 5430).
Mar 25, 2026 18:52:26.763 [281473406402784] DEBUG - Completed: [192.168.97.1:38176] 200 GET /web/favicon.ico (12 live) #1cb GZIP 0ms 5430 bytes (pipelined: 11)
Mar 25, 2026 18:52:26.910 [281473342951648] DEBUG - Request: [192.168.97.1:61741 (Subnet)] GET /media/providers (13 live) #1c8 TLS GZIP Signed-in Token (oscar.p46)
Mar 25, 2026 18:52:26.913 [281473406402784] DEBUG - Completed: [192.168.97.1:61741] 200 GET /media/providers (13 live) #1c8 TLS GZIP 3ms 4619 bytes (pipelined: 1)
Mar 25, 2026 18:52:27.202 [281473351389408] DEBUG - [HttpClient/HCl#3b] HTTP/1.1 (0.5s) 200 response from GET https://plex.tv/updater/products/5/check.xml?build=linux-aarch64&channel=16&distribution=debian&version=1.43.0.10492-121068a07
Mar 25, 2026 18:52:27.203 [281473349279968] INFO - [Req#1cc] AutoUpdate: no updates available
Mar 25, 2026 18:52:27.203 [281473408512224] DEBUG - Completed: [192.168.97.1:58353] 200 PUT /updater/check?download=0 (13 live) #1cc GZIP 459ms 323 bytes (pipelined: 5)
Mar 25, 2026 18:52:27.739 [281473277559008] DEBUG - Request: [192.168.97.0:61353 (Subnet)] GET /media/providers (14 live) #1cf TLS GZIP Signed-in Token (oscar.p46)
Mar 25, 2026 18:52:27.741 [281473330295008] DEBUG - Request: [192.168.97.1:58353 (Subnet)] GET /hubs/continueWatching?contentDirectoryID=1%2C2&includeMeta=1&excludeFields=summary (14 live) #1d6 GZIP Signed-in Token (oscar.p46)
Mar 25, 2026 18:52:27.741 [281473342951648] DEBUG - Request: [192.168.97.1:47285 (Subnet)] GET /hubs/promoted?contentDirectoryID=1&pinnedContentDirectoryID=1%2C2&includeMeta=1&excludeFields=summary&count=12&includeStations=1&includeLibraryPlaylists=1&includeRecentChannels=1&excludeContinueWatching=1 (14 live) #1cd GZIP Signed-in Token (oscar.p46)
Mar 25, 2026 18:52:27.741 [281473349279968] DEBUG - Request: [192.168.97.1:45860 (Subnet)] GET /hubs/promoted?contentDirectoryID=2&pinnedContentDirectoryID=1%2C2&includeMeta=1&excludeFields=summary&count=12&includeStations=1&includeLibraryPlaylists=1&includeRecentChannels=1&excludeContinueWatching=1 (14 live) #1c6 GZIP Signed-in Token (oscar.p46)
Mar 25, 2026 18:52:27.743 [281473330295008] DEBUG - [Req#1d6] HubCache: Adding '1/continueWatching/1/hubs/continueWatching/esexternal-media,indirect-media,hub-style-list/contentDirectoryID=1%2C2&excludeFields=summary&includeMeta=1' to the cache (1/continueWatching/1/hubs/continueWatching/esexternal-media,indirect-media,hub-style-list/contentDirectoryID=1%2C2&excludeFields=summary&includeMeta=1).
Mar 25, 2026 18:52:27.743 [281473342951648] DEBUG - [Req#1cd] HubCache: Adding '1/home.continue/1/hubs/promoted/esexternal-media,indirect-media,hub-style-list/contentDirectoryID=1&count=12&excludeContinueWatching=1&excludeFields=summary&includeLibraryPlaylists=1&includeMeta=1&includeRecentChannels=1&includeStations=1&pinnedContentDirectoryID=1%2C2' to the cache (1/home.continue/1/hubs/promoted/esexternal-media,indirect-media,hub-style-list/contentDirectoryID=1&count=12&excludeContinueWatching=1&excludeFields=summary&includeLibraryPlaylists=1&includeMeta=1&includeRecentChannels=1&includeStations=1&pinnedContentDirectoryID=1%2C2).
Mar 25, 2026 18:52:27.743 [281473342951648] DEBUG - [Req#1cd] HubCache: 2 hubs cached, 0.0% hit ratio.
Mar 25, 2026 18:52:27.743 [281473342951648] DEBUG - [Req#1cd] HubCache: Adding '1/home.ondeck/1/hubs/promoted/esexternal-media,indirect-media,hub-style-list/contentDirectoryID=1&count=12&excludeContinueWatching=1&excludeFields=summary&includeLibraryPlaylists=1&includeMeta=1&includeRecentChannels=1&includeStations=1&pinnedContentDirectoryID=1%2C2' to the cache (1/home.ondeck/1/hubs/promoted/esexternal-media,indirect-media,hub-style-list/contentDirectoryID=1&count=12&excludeContinueWatching=1&excludeFields=summary&includeLibraryPlaylists=1&includeMeta=1&includeRecentChannels=1&includeStations=1&pinnedContentDirectoryID=1%2C2).
Mar 25, 2026 18:52:27.743 [281473349279968] DEBUG - [Req#1c6] HubCache: Adding '1/home.continue/1/hubs/promoted/esexternal-media,indirect-media,hub-style-list/contentDirectoryID=2&count=12&excludeContinueWatching=1&excludeFields=summary&includeLibraryPlaylists=1&includeMeta=1&includeRecentChannels=1&includeStations=1&pinnedContentDirectoryID=1%2C2' to the cache (1/home.continue/1/hubs/promoted/esexternal-media,indirect-media,hub-style-list/contentDirectoryID=2&count=12&excludeContinueWatching=1&excludeFields=summary&includeLibraryPlaylists=1&includeMeta=1&includeRecentChannels=1&includeStations=1&pinnedContentDirectoryID=1%2C2).
Mar 25, 2026 18:52:27.743 [281473349279968] DEBUG - [Req#1c6] HubCache: Adding '1/home.ondeck/1/hubs/promoted/esexternal-media,indirect-media,hub-style-list/contentDirectoryID=2&count=12&excludeContinueWatching=1&excludeFields=summary&includeLibraryPlaylists=1&includeMeta=1&includeRecentChannels=1&includeStations=1&pinnedContentDirectoryID=1%2C2' to the cache (1/home.ondeck/1/hubs/promoted/esexternal-media,indirect-media,hub-style-list/contentDirectoryID=2&count=12&excludeContinueWatching=1&excludeFields=summary&includeLibraryPlaylists=1&includeMeta=1&includeRecentChannels=1&includeStations=1&pinnedContentDirectoryID=1%2C2).
Mar 25, 2026 18:52:27.744 [281473408512224] DEBUG - Completed: [192.168.97.0:61353] 200 GET /media/providers (14 live) #1cf TLS GZIP 5ms 4619 bytes (pipelined: 1)
Mar 25, 2026 18:52:27.746 [281473342951648] DEBUG - [Req#1cd] HubCache: Adding '1/movie.recentlyadded.1/1/hubs/promoted/esexternal-media,indirect-media,hub-style-list/contentDirectoryID=1&count=12&excludeContinueWatching=1&excludeFields=summary&includeLibraryPlaylists=1&includeMeta=1&includeRecentChannels=1&includeStations=1&pinnedContentDirectoryID=1%2C2' to the cache (1/movie.recentlyadded.1/1/hubs/promoted/esexternal-media,indirect-media,hub-style-list/contentDirectoryID=1&count=12&excludeContinueWatching=1&excludeFields=summary&includeLibraryPlaylists=1&includeMeta=1&includeRecentChannels=1&includeStations=1&pinnedContentDirectoryID=1%2C2).
Mar 25, 2026 18:52:27.747 [281473349279968] DEBUG - [Req#1c6] HubCache: Adding '1/tv.recentlyadded.2/1/hubs/promoted/esexternal-media,indirect-media,hub-style-list/contentDirectoryID=2&count=12&excludeContinueWatching=1&excludeFields=summary&includeLibraryPlaylists=1&includeMeta=1&includeRecentChannels=1&includeStations=1&pinnedContentDirectoryID=1%2C2' to the cache (1/tv.recentlyadded.2/1/hubs/promoted/esexternal-media,indirect-media,hub-style-list/contentDirectoryID=2&count=12&excludeContinueWatching=1&excludeFields=summary&includeLibraryPlaylists=1&includeMeta=1&includeRecentChannels=1&includeStations=1&pinnedContentDirectoryID=1%2C2).
Mar 25, 2026 18:52:27.747 [281473349279968] WARN - [Req#1c6] QueryParser: Invalid field 'contentDirectoryID' found, ignoring.
Mar 25, 2026 18:52:27.748 [281473349279968] WARN - [Req#1c6] QueryParser: Invalid field 'pinnedContentDirectoryID' found, ignoring.
Mar 25, 2026 18:52:27.756 [281473342951648] DEBUG - [Req#1cd] HubCache: Computed '1/movie.recentlyadded.1/1/hubs/promoted/esexternal-media,indirect-media,hub-style-list/contentDirectoryID=1&count=12&excludeContinueWatching=1&excludeFields=summary&includeLibraryPlaylists=1&includeMeta=1&includeRecentChannels=1&includeStations=1&pinnedContentDirectoryID=1%2C2' in 10 ms.
Mar 25, 2026 18:52:27.756 [281473342951648] DEBUG - [Req#1cd] HubCache: Adding '1/movie.curated.1/1/hubs/promoted/esexternal-media,indirect-media,hub-style-list/contentDirectoryID=1&count=12&excludeContinueWatching=1&excludeFields=summary&includeLibraryPlaylists=1&includeMeta=1&includeRecentChannels=1&includeStations=1&pinnedContentDirectoryID=1%2C2' to the cache (1/movie.curated.1/1/hubs/promoted/esexternal-media,indirect-media,hub-style-list/contentDirectoryID=1&count=12&excludeContinueWatching=1&excludeFields=summary&includeLibraryPlaylists=1&includeMeta=1&includeRecentChannels=1&includeStations=1&pinnedContentDirectoryID=1%2C2).
Mar 25, 2026 18:52:27.758 [281473349279968] DEBUG - [Req#1c6] HubCache: Computed '1/tv.recentlyadded.2/1/hubs/promoted/esexternal-media,indirect-media,hub-style-list/contentDirectoryID=2&count=12&excludeContinueWatching=1&excludeFields=summary&includeLibraryPlaylists=1&includeMeta=1&includeRecentChannels=1&includeStations=1&pinnedContentDirectoryID=1%2C2' in 11 ms.
Mar 25, 2026 18:52:27.760 [281473408512224] DEBUG - Completed: [192.168.97.1:45860] 200 GET /hubs/promoted?contentDirectoryID=2&pinnedContentDirectoryID=1%2C2&includeMeta=1&excludeFields=summary&count=12&includeStations=1&includeLibraryPlaylists=1&includeRecentChannels=1&excludeContinueWatching=1 (14 live) #1c6 GZIP 18ms 1169 bytes (pipelined: 3)
Mar 25, 2026 18:52:27.760 [281473408512224] DEBUG - Completed: [192.168.97.1:47285] 200 GET /hubs/promoted?contentDirectoryID=1&pinnedContentDirectoryID=1%2C2&includeMeta=1&excludeFields=summary&count=12&includeStations=1&includeLibraryPlaylists=1&includeRecentChannels=1&excludeContinueWatching=1 (14 live) #1cd GZIP 19ms 2520 bytes (pipelined: 4)
Mar 25, 2026 18:52:27.761 [281473330295008] DEBUG - [Req#1d6] HubCache: Computed '1/continueWatching/1/hubs/continueWatching/esexternal-media,indirect-media,hub-style-list/contentDirectoryID=1%2C2&excludeFields=summary&includeMeta=1' in 18 ms.
Mar 25, 2026 18:52:27.762 [281473408512224] DEBUG - Completed: [192.168.97.1:58353] 200 GET /hubs/continueWatching?contentDirectoryID=1%2C2&includeMeta=1&excludeFields=summary (14 live) #1d6 GZIP 21ms 2686 bytes (pipelined: 6)
Mar 25, 2026 18:52:28.042 [281473277559008] DEBUG - Request: [192.168.97.1:38176 (Subnet)] GET /web/static/e08a95a990fd1490487f.woff2 (14 live) #1ce GZIP Signed-in
Mar 25, 2026 18:52:28.042 [281473277559008] DEBUG - [Req#1ce] Final path: "/usr/lib/plexmediaserver/Resources/Plug-ins-121068a07/WebClient.bundle/Contents/Resources/static/e08a95a990fd1490487f.woff2"
Mar 25, 2026 18:52:28.042 [281473277559008] DEBUG - Content-Length of /usr/lib/plexmediaserver/Resources/Plug-ins-121068a07/WebClient.bundle/Contents/Resources/static/e08a95a990fd1490487f.woff2 is 48344 (of total: 48344).
Mar 25, 2026 18:52:28.043 [281473406402784] DEBUG - Completed: [192.168.97.1:38176] 200 GET /web/static/e08a95a990fd1490487f.woff2 (14 live) #1ce GZIP 1ms 48344 bytes (pipelined: 12)
Mar 25, 2026 18:52:28.054 [281473349279968] DEBUG - Request: [192.168.97.1:58353 (Subnet)] GET /library/sections/1/prefs (14 live) #1e2 GZIP Signed-in Token (oscar.p46)
Mar 25, 2026 18:52:28.054 [281473342951648] DEBUG - Request: [192.168.97.1:47285 (Subnet)] GET /library/sections/2/prefs (14 live) #1e0 GZIP Signed-in Token (oscar.p46)
Mar 25, 2026 18:52:28.058 [281473330295008] DEBUG - Request: [192.168.97.1:26166 (Subnet)] GET /photo/:/transcode?width=240&height=360&minSize=1&upscale=1&url=%2Flibrary%2Fmetadata%2F35%2Fthumb%2F1774460855%3FX-Plex-Token%3Dxxxxxxxxxxxxxxxxxxxx (15 live) #1d7 GZIP Signed-in Token (oscar.p46)
Mar 25, 2026 18:52:28.058 [281473330295008] DEBUG - [Req#1d7/PhotoTranscoder] Request for url [/library/metadata/35/thumb/1774460855?X-Plex-Token=xxxxxxxxxxxxxxxxxxxx] (is local: 1 upscaled: 1)
Mar 25, 2026 18:52:28.070 [281473406402784] DEBUG - Completed: [192.168.97.1:58353] 200 GET /library/sections/1/prefs (15 live) #1e2 GZIP 16ms 4118 bytes (pipelined: 7)
Mar 25, 2026 18:52:28.074 [281473406402784] DEBUG - Completed: [192.168.97.1:47285] 200 GET /library/sections/2/prefs (15 live) #1e0 GZIP 20ms 4058 bytes (pipelined: 5)
Mar 25, 2026 18:52:28.074 [281473330295008] DEBUG - [Req#1d7/PhotoTranscoder/Req#1e5] Calculated media file path for path [metadata://posters/8bdddcdb4d6fca40ba2b2463b17217ce181f0575]: ["/config/Library/Application Support/Plex Media Server/Metadata/Movies/f/173278beabb6ff678a2568f43264f78f7421061.bundle/Contents/_combined/posters/8bdddcdb4d6fca40ba2b2463b17217ce181f0575"]
Mar 25, 2026 18:52:28.075 [281473330295008] DEBUG - [Req#1d7/PhotoTranscoder] Calling back into ourselves for photo to transcode, optimizing the process (status: -1)
Mar 25, 2026 18:52:28.075 [281473330295008] DEBUG - [Req#1d7/PhotoTranscoder] Photo cache obtained 25135 bytes from /library/metadata/35/thumb/1774460855?X-Plex-Token=xxxxxxxxxxxxxxxxxxxx
Mar 25, 2026 18:52:28.084 [281473330295008] DEBUG - [Req#1d7/PhotoTranscoder] Created thumbnail of size 253x360, has pixels: 1
Mar 25, 2026 18:52:28.107 [281473277559008] DEBUG - Request: [192.168.97.1:48326 (Subnet)] GET /photo/:/transcode?width=240&height=360&minSize=1&upscale=1&url=%2Flibrary%2Fmetadata%2F43%2Fthumb%2F1774461038%3FX-Plex-Token%3Dxxxxxxxxxxxxxxxxxxxx (16 live) #1e4 GZIP Signed-in Token (oscar.p46)
Mar 25, 2026 18:52:28.107 [281473277559008] DEBUG - [Req#1e4/PhotoTranscoder] Request for url [/library/metadata/43/thumb/1774461038?X-Plex-Token=xxxxxxxxxxxxxxxxxxxx] (is local: 1 upscaled: 1)
Mar 25, 2026 18:52:28.109 [281473277559008] DEBUG - [Req#1e4/PhotoTranscoder/Req#1ea] It took 0.000000 ms to retrieve 112 items.
Mar 25, 2026 18:52:28.109 [281473277559008] DEBUG - [Req#1e4/PhotoTranscoder/Req#1ea] Calculated media file path for path [metadata://posters/tv.plex.agents.movie_bac811c93e3f66854e68bb72f819a249ac37d5ea]: ["/config/Library/Application Support/Plex Media Server/Metadata/Movies/5/c5a6e79464c96d6e1be4b3d6bdf865c2e258df6.bundle/Contents/_combined/posters/tv.plex.agents.movie_bac811c93e3f66854e68bb72f819a249ac37d5ea"]
Mar 25, 2026 18:52:28.109 [281473277559008] DEBUG - [Req#1e4/PhotoTranscoder] Calling back into ourselves for photo to transcode, optimizing the process (status: -1)
Mar 25, 2026 18:52:28.109 [281473277559008] DEBUG - [Req#1e4/PhotoTranscoder] Photo cache obtained 105161 bytes from /library/metadata/43/thumb/1774461038?X-Plex-Token=xxxxxxxxxxxxxxxxxxxx
Mar 25, 2026 18:52:28.118 [281473408512224] DEBUG - Completed: [192.168.97.1:26166] 200 GET /photo/:/transcode?width=240&height=360&minSize=1&upscale=1&url=%2Flibrary%2Fmetadata%2F35%2Fthumb%2F1774460855%3FX-Plex-Token%3Dxxxxxxxxxxxxxxxxxxxx (16 live) #1d7 GZIP 59ms 102847 bytes (pipelined: 1)
Mar 25, 2026 18:52:28.132 [281473277559008] DEBUG - [Req#1e4/PhotoTranscoder] Created thumbnail of size 240x360, has pixels: 1
Mar 25, 2026 18:52:28.135 [281473408512224] DEBUG - Completed: [192.168.97.1:48326] 200 GET /photo/:/transcode?width=240&height=360&minSize=1&upscale=1&url=%2Flibrary%2Fmetadata%2F43%2Fthumb%2F1774461038%3FX-Plex-Token%3Dxxxxxxxxxxxxxxxxxxxx (16 live) #1e4 GZIP 28ms 10905 bytes (pipelined: 1)
Mar 25, 2026 18:52:42.694 [281473277559008] DEBUG - Request: [192.168.97.1:38176 (Subnet)] GET /web/js/chunk-9769-6107a674a7ca9349c1f1-plex-4.156.0-4946c98.js (16 live) #1e3 GZIP Signed-in
Mar 25, 2026 18:52:42.694 [281473416184032] DEBUG - Request: [192.168.97.1:38144 (Subnet)] GET /web/chunk-3126-81618e55cb18d177dfe4-plex-4.156.0-4946c98.css (16 live) #1b8 GZIP Signed-in
Mar 25, 2026 18:52:42.694 [281473349279968] DEBUG - Request: [192.168.97.1:38164 (Subnet)] GET /web/js/chunk-3126-81618e55cb18d177dfe4-plex-4.156.0-4946c98.js (16 live) #1b7 GZIP Signed-in
Mar 25, 2026 18:52:42.694 [281473342951648] DEBUG - Request: [192.168.97.1:38148 (Subnet)] GET /web/js/chunk-2825-214b4866acfda7cebde0-plex-4.156.0-4946c98.js (16 live) #1bb GZIP Signed-in
Mar 25, 2026 18:52:42.694 [281473416184032] DEBUG - [Req#1b8] Final path: "/usr/lib/plexmediaserver/Resources/Plug-ins-121068a07/WebClient.bundle/Contents/Resources/chunk-3126-81618e55cb18d177dfe4-plex-4.156.0-4946c98.css"
Mar 25, 2026 18:52:42.694 [281473349279968] DEBUG - [Req#1b7] Final path: "/usr/lib/plexmediaserver/Resources/Plug-ins-121068a07/WebClient.bundle/Contents/Resources/js/chunk-3126-81618e55cb18d177dfe4-plex-4.156.0-4946c98.js"
Mar 25, 2026 18:52:42.694 [281473342951648] DEBUG - [Req#1bb] Final path: "/usr/lib/plexmediaserver/Resources/Plug-ins-121068a07/WebClient.bundle/Contents/Resources/js/chunk-2825-214b4866acfda7cebde0-plex-4.156.0-4946c98.js"
Mar 25, 2026 18:52:42.694 [281473342951648] DEBUG - Content-Length of /usr/lib/plexmediaserver/Resources/Plug-ins-121068a07/WebClient.bundle/Contents/Resources/js/chunk-2825-214b4866acfda7cebde0-plex-4.156.0-4946c98.js is 22626 (of total: 22626).
Mar 25, 2026 18:52:42.694 [281473416184032] DEBUG - Content-Length of /usr/lib/plexmediaserver/Resources/Plug-ins-121068a07/WebClient.bundle/Contents/Resources/chunk-3126-81618e55cb18d177dfe4-plex-4.156.0-4946c98.css is 17711 (of total: 17711).
Mar 25, 2026 18:52:42.694 [281473349279968] DEBUG - Content-Length of /usr/lib/plexmediaserver/Resources/Plug-ins-121068a07/WebClient.bundle/Contents/Resources/js/chunk-3126-81618e55cb18d177dfe4-plex-4.156.0-4946c98.js is 83745 (of total: 83745).
Mar 25, 2026 18:52:42.695 [281473416184032] DEBUG - Request: [192.168.97.1:38172 (Subnet)] GET /web/chunk-278-e67c7c18d962c7bf5323-plex-4.156.0-4946c98.css (16 live) #1b6 GZIP Signed-in
Mar 25, 2026 18:52:42.695 [281473342951648] DEBUG - Request: [192.168.97.1:38178 (Subnet)] GET /web/js/chunk-278-e67c7c18d962c7bf5323-plex-4.156.0-4946c98.js (16 live) #1b3 GZIP Signed-in
Mar 25, 2026 18:52:42.695 [281473406402784] DEBUG - Completed: [192.168.97.1:38144] 200 GET /web/chunk-3126-81618e55cb18d177dfe4-plex-4.156.0-4946c98.css (16 live) #1b8 GZIP 1ms 17711 bytes (pipelined: 12)
Mar 25, 2026 18:52:42.695 [281473277559008] DEBUG - [Req#1e3] Final path: "/usr/lib/plexmediaserver/Resources/Plug-ins-121068a07/WebClient.bundle/Contents/Resources/js/chunk-9769-6107a674a7ca9349c1f1-plex-4.156.0-4946c98.js"
Mar 25, 2026 18:52:42.695 [281473406402784] DEBUG - Completed: [192.168.97.1:38148] 200 GET /web/js/chunk-2825-214b4866acfda7cebde0-plex-4.156.0-4946c98.js (16 live) #1bb GZIP 1ms 22626 bytes (pipelined: 10)
Mar 25, 2026 18:52:42.695 [281473277559008] DEBUG - Content-Length of /usr/lib/plexmediaserver/Resources/Plug-ins-121068a07/WebClient.bundle/Contents/Resources/js/chunk-9769-6107a674a7ca9349c1f1-plex-4.156.0-4946c98.js is 45430 (of total: 45430).
Mar 25, 2026 18:52:42.695 [281473342951648] DEBUG - [Req#1b3] Final path: "/usr/lib/plexmediaserver/Resources/Plug-ins-121068a07/WebClient.bundle/Contents/Resources/js/chunk-278-e67c7c18d962c7bf5323-plex-4.156.0-4946c98.js"
Mar 25, 2026 18:52:42.695 [281473416184032] DEBUG - [Req#1b6] Final path: "/usr/lib/plexmediaserver/Resources/Plug-ins-121068a07/WebClient.bundle/Contents/Resources/chunk-278-e67c7c18d962c7bf5323-plex-4.156.0-4946c98.css"
Mar 25, 2026 18:52:42.695 [281473416184032] DEBUG - Content-Length of /usr/lib/plexmediaserver/Resources/Plug-ins-121068a07/WebClient.bundle/Contents/Resources/chunk-278-e67c7c18d962c7bf5323-plex-4.156.0-4946c98.css is 3317 (of total: 3317).
Mar 25, 2026 18:52:42.695 [281473342951648] DEBUG - Content-Length of /usr/lib/plexmediaserver/Resources/Plug-ins-121068a07/WebClient.bundle/Contents/Resources/js/chunk-278-e67c7c18d962c7bf5323-plex-4.156.0-4946c98.js is 36328 (of total: 36328).
Mar 25, 2026 18:52:42.696 [281473408512224] DEBUG - Completed: [192.168.97.1:38164] 200 GET /web/js/chunk-3126-81618e55cb18d177dfe4-plex-4.156.0-4946c98.js (16 live) #1b7 GZIP 1ms 83745 bytes (pipelined: 9)
Mar 25, 2026 18:52:42.696 [281473408512224] DEBUG - Completed: [192.168.97.1:38176] 200 GET /web/js/chunk-9769-6107a674a7ca9349c1f1-plex-4.156.0-4946c98.js (16 live) #1e3 GZIP 2ms 45430 bytes (pipelined: 13)
Mar 25, 2026 18:52:42.696 [281473408512224] DEBUG - Completed: [192.168.97.1:38178] 200 GET /web/js/chunk-278-e67c7c18d962c7bf5323-plex-4.156.0-4946c98.js (16 live) #1b3 GZIP 1ms 36328 bytes (pipelined: 5)
Mar 25, 2026 18:52:42.696 [281473408512224] DEBUG - Completed: [192.168.97.1:38172] 200 GET /web/chunk-278-e67c7c18d962c7bf5323-plex-4.156.0-4946c98.css (16 live) #1b6 GZIP 2ms 3317 bytes (pipelined: 8)
Mar 25, 2026 18:52:42.704 [281473349279968] DEBUG - Request: [192.168.97.1:38176 (Subnet)] GET /web/favicon.ico (16 live) #1f1 GZIP Signed-in
Mar 25, 2026 18:52:42.704 [281473349279968] DEBUG - [Req#1f1] Final path: "/usr/lib/plexmediaserver/Resources/Plug-ins-121068a07/WebClient.bundle/Contents/Resources/favicon.ico"
Mar 25, 2026 18:52:42.704 [281473349279968] DEBUG - Content-Length of /usr/lib/plexmediaserver/Resources/Plug-ins-121068a07/WebClient.bundle/Contents/Resources/favicon.ico is 5430 (of total: 5430).
Mar 25, 2026 18:52:42.704 [281473408512224] DEBUG - Completed: [192.168.97.1:38176] 200 GET /web/favicon.ico (16 live) #1f1 GZIP 0ms 5430 bytes (pipelined: 14)
Mar 25, 2026 18:52:42.728 [281473332404448] DEBUG - Request: [192.168.97.1:47285 (Subnet)] GET /library/sections/1/all?type=1&includeCollections=1&includeExternalMedia=1&includeAdvanced=1&includeMeta=1 (16 live) #1e7 Page 0-49 GZIP Signed-in Token (oscar.p46)
Mar 25, 2026 18:52:42.730 [281473332404448] ERROR - [Req#1e7] Unknown metadata type: folder
Mar 25, 2026 18:52:42.730 [281473332404448] DEBUG - [Req#1e7] Setting container serialization range to [0, 49] (total=-1)
Mar 25, 2026 18:52:42.734 [281473277559008] DEBUG - Request: [192.168.97.1:58353 (Subnet)] GET /library/sections/1/all?type=1&includeCollections=1&includeExternalMedia=1&includeAdvanced=1&includeMeta=1 (16 live) #1e6 Page 0-49 GZIP Signed-in Token (oscar.p46)
Mar 25, 2026 18:52:42.734 [281473277559008] ERROR - [Req#1e6] Unknown metadata type: folder
Mar 25, 2026 18:52:42.734 [281473408512224] DEBUG - Completed: [192.168.97.1:47285] 200 GET /library/sections/1/all?type=1&includeCollections=1&includeExternalMedia=1&includeAdvanced=1&includeMeta=1 (16 live) #1e7 GZIP Page 0-49 6ms 4691 bytes (pipelined: 6)
Mar 25, 2026 18:52:42.734 [281473277559008] DEBUG - [Req#1e6] Setting container serialization range to [0, 49] (total=-1)
Mar 25, 2026 18:52:42.737 [281473408512224] DEBUG - Completed: [192.168.97.1:58353] 200 GET /library/sections/1/all?type=1&includeCollections=1&includeExternalMedia=1&includeAdvanced=1&includeMeta=1 (15 live) #1e6 GZIP Page 0-49 3ms 4691 bytes (pipelined: 8)
Mar 25, 2026 18:52:42.765 [281473342951648] DEBUG - Request: [192.168.97.1:58353 (Subnet)] GET /library/sections/1/firstCharacter?sort=titleSort&includeCollections=1&includeExternalMedia=1 (15 live) #1f7 GZIP Signed-in Token (oscar.p46)
Mar 25, 2026 18:52:42.766 [281473406402784] DEBUG - Completed: [192.168.97.1:58353] 200 GET /library/sections/1/firstCharacter?sort=titleSort&includeCollections=1&includeExternalMedia=1 (15 live) #1f7 GZIP 1ms 730 bytes (pipelined: 9)
Mar 25, 2026 19:00:29.128 [281473281777888] DEBUG - Statistics: Flushing 4 expired bandwidth entries, 0 expired media entries.
Mar 25, 2026 19:07:06.887 [281473406402784] DEBUG - Auth: authenticated user 738871968 as caterinaalomar
Mar 25, 2026 19:07:06.888 [281473342951648] DEBUG - Request: [192.168.97.1:20749 (Subnet)] GET /media/providers (4 live) #1e9 TLS GZIP Signed-in Token (caterinaalomar)
Mar 25, 2026 19:07:06.921 [281473408512224] DEBUG - Completed: [192.168.97.1:20749] 200 GET /media/providers (4 live) #1e9 TLS GZIP 33ms 4608 bytes (pipelined: 1)
Mar 25, 2026 19:07:08.762 [281473406402784] DEBUG - Auth: authenticated user 738871968 as caterinaalomar
Mar 25, 2026 19:07:08.762 [281473342951648] DEBUG - Request: [192.168.97.1:58115 (Subnet)] GET /:/websockets/notifications (5 live) #205 TLS GZIP Signed-in Token (caterinaalomar)
Mar 25, 2026 19:07:08.762 [281473342951648] DEBUG - WebSocket: Performing handshake from origin https://app.plex.tv
Mar 25, 2026 19:07:08.763 [281473342951648] DEBUG - Beginning read from WebSocket
Mar 25, 2026 19:07:08.772 [281473408512224] DEBUG - Auth: authenticated user 738871968 as caterinaalomar
Mar 25, 2026 19:07:08.772 [281473342951648] DEBUG - Request: [192.168.97.1:20749 (Subnet)] GET /activities (5 live) #207 TLS GZIP Signed-in Token (caterinaalomar)
Mar 25, 2026 19:07:08.773 [281473408512224] DEBUG - Completed: [192.168.97.1:20749] 200 GET /activities (5 live) #207 TLS GZIP 0ms 475 bytes (pipelined: 2)
Mar 25, 2026 19:07:10.777 [281473406402784] DEBUG - handleStreamRead code 1: stream truncated
Mar 25, 2026 19:07:10.777 [281473406402784] DEBUG - NotificationStream: Removing because of error
Mar 25, 2026 19:07:10.777 [281473406402784] DEBUG - Completed after connection close: [192.168.97.1:58115] -3 GET /:/websockets/notifications (5 live) #205 TLS GZIP 2015ms 0 bytes
Mar 25, 2026 19:07:42.397 [281473408512224] DEBUG - Auth: authenticated user 738871968 as caterinaalomar
Mar 25, 2026 19:07:42.397 [281473342951648] DEBUG - Request: [192.168.97.1:38720 (Subnet)] GET /media/providers (4 live) #208 TLS GZIP Signed-in Token (caterinaalomar)
Mar 25, 2026 19:07:42.416 [281473408512224] DEBUG - Completed: [192.168.97.1:38720] 200 GET /media/providers (4 live) #208 TLS GZIP 19ms 4517 bytes (pipelined: 1)
Mar 25, 2026 19:07:50.210 [281473408512224] DEBUG - Auth: authenticated user 738871968 as caterinaalomar
Mar 25, 2026 19:07:50.211 [281473342951648] DEBUG - Request: [192.168.97.1:38720 (Subnet)] GET /hubs/sections/1?count=20&includeLibraryPlaylists=1&includeStations=1&excludeElements=Actor%2CCollection%2CCountry%2CDirector%2CGenre%2CLabel%2CLocation%2CMood%2CPart%2CProducer%2CSimilar%2CPhoto%2CRole%2CVast%2CTopic%2CWriter&excludeFields=file%2Ctagline%2Csummary (4 live) #20e TLS GZIP Signed-in Token (caterinaalomar)
Mar 25, 2026 19:07:50.213 [281473342951648] DEBUG - [Req#20e] HubCache: Adding '738871968/movie.inprogress.1/1/hubs/sections/1/enexternal-media,indirect-media/count=20&excludeElements=Actor%2CCollection%2CCountry%2CDirector%2CGenre%2CLabel%2CLocation%2CMood%2CPart%2CProducer%2CSimilar%2CPhoto%2CRole%2CVast%2CTopic%2CWriter&excludeFields=file%2Ctagline%2Csummary&includeLibraryPlaylists=1&includeStations=1' to the cache (738871968/movie.inprogress.1/1/hubs/sections/1/enexternal-media,indirect-media/count=20&excludeElements=Actor%2CCollection%2CCountry%2CDirector%2CGenre%2CLabel%2CLocation%2CMood%2CPart%2CProducer%2CSimilar%2CPhoto%2CRole%2CVast%2CTopic%2CWriter&excludeFields=file%2Ctagline%2Csummary&includeLibraryPlaylists=1&includeStations=1).
Mar 25, 2026 19:07:50.218 [281473342951648] DEBUG - [Req#20e] HubCache: Computed '738871968/movie.inprogress.1/1/hubs/sections/1/enexternal-media,indirect-media/count=20&excludeElements=Actor%2CCollection%2CCountry%2CDirector%2CGenre%2CLabel%2CLocation%2CMood%2CPart%2CProducer%2CSimilar%2CPhoto%2CRole%2CVast%2CTopic%2CWriter&excludeFields=file%2Ctagline%2Csummary&includeLibraryPlaylists=1&includeStations=1' in 4 ms.
Mar 25, 2026 19:07:50.218 [281473342951648] DEBUG - [Req#20e] HubCache: 9 hubs cached, 0.0% hit ratio.
Mar 25, 2026 19:07:50.218 [281473342951648] DEBUG - [Req#20e] HubCache: Adding '738871968/movie.recentlyreleased.1/1/hubs/sections/1/enexternal-media,indirect-media/count=20&excludeElements=Actor%2CCollection%2CCountry%2CDirector%2CGenre%2CLabel%2CLocation%2CMood%2CPart%2CProducer%2CSimilar%2CPhoto%2CRole%2CVast%2CTopic%2CWriter&excludeFields=file%2Ctagline%2Csummary&includeLibraryPlaylists=1&includeStations=1' to the cache (738871968/movie.recentlyreleased.1/1/hubs/sections/1/enexternal-media,indirect-media/count=20&excludeElements=Actor%2CCollection%2CCountry%2CDirector%2CGenre%2CLabel%2CLocation%2CMood%2CPart%2CProducer%2CSimilar%2CPhoto%2CRole%2CVast%2CTopic%2CWriter&excludeFields=file%2Ctagline%2Csummary&includeLibraryPlaylists=1&includeStations=1).
Mar 25, 2026 19:07:50.227 [281473342951648] DEBUG - [Req#20e] HubCache: Computed '738871968/movie.recentlyreleased.1/1/hubs/sections/1/enexternal-media,indirect-media/count=20&excludeElements=Actor%2CCollection%2CCountry%2CDirector%2CGenre%2CLabel%2CLocation%2CMood%2CPart%2CProducer%2CSimilar%2CPhoto%2CRole%2CVast%2CTopic%2CWriter&excludeFields=file%2Ctagline%2Csummary&includeLibraryPlaylists=1&includeStations=1' in 8 ms.
Mar 25, 2026 19:07:50.227 [281473342951648] DEBUG - [Req#20e] HubCache: Adding '738871968/movie.recentlyadded.1/1/hubs/sections/1/enexternal-media,indirect-media/count=20&excludeElements=Actor%2CCollection%2CCountry%2CDirector%2CGenre%2CLabel%2CLocation%2CMood%2CPart%2CProducer%2CSimilar%2CPhoto%2CRole%2CVast%2CTopic%2CWriter&excludeFields=file%2Ctagline%2Csummary&includeLibraryPlaylists=1&includeStations=1' to the cache (738871968/movie.recentlyadded.1/1/hubs/sections/1/enexternal-media,indirect-media/count=20&excludeElements=Actor%2CCollection%2CCountry%2CDirector%2CGenre%2CLabel%2CLocation%2CMood%2CPart%2CProducer%2CSimilar%2CPhoto%2CRole%2CVast%2CTopic%2CWriter&excludeFields=file%2Ctagline%2Csummary&includeLibraryPlaylists=1&includeStations=1).
Mar 25, 2026 19:07:50.229 [281473342951648] DEBUG - [Req#20e] HubCache: Computed '738871968/movie.recentlyadded.1/1/hubs/sections/1/enexternal-media,indirect-media/count=20&excludeElements=Actor%2CCollection%2CCountry%2CDirector%2CGenre%2CLabel%2CLocation%2CMood%2CPart%2CProducer%2CSimilar%2CPhoto%2CRole%2CVast%2CTopic%2CWriter&excludeFields=file%2Ctagline%2Csummary&includeLibraryPlaylists=1&includeStations=1' in 2 ms.
Mar 25, 2026 19:07:50.229 [281473342951648] DEBUG - [Req#20e] HubCache: Adding '738871968/recent.library.playlists.1/1/hubs/sections/1/enexternal-media,indirect-media/count=20&excludeElements=Actor%2CCollection%2CCountry%2CDirector%2CGenre%2CLabel%2CLocation%2CMood%2CPart%2CProducer%2CSimilar%2CPhoto%2CRole%2CVast%2CTopic%2CWriter&excludeFields=file%2Ctagline%2Csummary&includeLibraryPlaylists=1&includeStations=1' to the cache (738871968/recent.library.playlists.1/1/hubs/sections/1/enexternal-media,indirect-media/count=20&excludeElements=Actor%2CCollection%2CCountry%2CDirector%2CGenre%2CLabel%2CLocation%2CMood%2CPart%2CProducer%2CSimilar%2CPhoto%2CRole%2CVast%2CTopic%2CWriter&excludeFields=file%2Ctagline%2Csummary&includeLibraryPlaylists=1&includeStations=1).
Mar 25, 2026 19:07:50.230 [281473342951648] DEBUG - [Req#20e] HubCache: Computed '738871968/recent.library.playlists.1/1/hubs/sections/1/enexternal-media,indirect-media/count=20&excludeElements=Actor%2CCollection%2CCountry%2CDirector%2CGenre%2CLabel%2CLocation%2CMood%2CPart%2CProducer%2CSimilar%2CPhoto%2CRole%2CVast%2CTopic%2CWriter&excludeFields=file%2Ctagline%2Csummary&includeLibraryPlaylists=1&includeStations=1' in 1 ms.
Mar 25, 2026 19:07:50.230 [281473342951648] DEBUG - [Req#20e] HubCache: Adding '738871968/movie.genre.1/1/hubs/sections/1/enexternal-media,indirect-media/count=20&excludeElements=Actor%2CCollection%2CCountry%2CDirector%2CGenre%2CLabel%2CLocation%2CMood%2CPart%2CProducer%2CSimilar%2CPhoto%2CRole%2CVast%2CTopic%2CWriter&excludeFields=file%2Ctagline%2Csummary&includeLibraryPlaylists=1&includeStations=1' to the cache (738871968/movie.genre.1/1/hubs/sections/1/enexternal-media,indirect-media/count=20&excludeElements=Actor%2CCollection%2CCountry%2CDirector%2CGenre%2CLabel%2CLocation%2CMood%2CPart%2CProducer%2CSimilar%2CPhoto%2CRole%2CVast%2CTopic%2CWriter&excludeFields=file%2Ctagline%2Csummary&includeLibraryPlaylists=1&includeStations=1).
Mar 25, 2026 19:07:50.234 [281473342951648] DEBUG - [Req#20e] HubCache: Computed '738871968/movie.genre.1/1/hubs/sections/1/enexternal-media,indirect-media/count=20&excludeElements=Actor%2CCollection%2CCountry%2CDirector%2CGenre%2CLabel%2CLocation%2CMood%2CPart%2CProducer%2CSimilar%2CPhoto%2CRole%2CVast%2CTopic%2CWriter&excludeFields=file%2Ctagline%2Csummary&includeLibraryPlaylists=1&includeStations=1' in 3 ms.
Mar 25, 2026 19:07:50.234 [281473342951648] DEBUG - [Req#20e] HubCache: Adding '738871968/movie.by.actor.or.director.1/1/hubs/sections/1/enexternal-media,indirect-media/count=20&excludeElements=Actor%2CCollection%2CCountry%2CDirector%2CGenre%2CLabel%2CLocation%2CMood%2CPart%2CProducer%2CSimilar%2CPhoto%2CRole%2CVast%2CTopic%2CWriter&excludeFields=file%2Ctagline%2Csummary&includeLibraryPlaylists=1&includeStations=1' to the cache (738871968/movie.by.actor.or.director.1/1/hubs/sections/1/enexternal-media,indirect-media/count=20&excludeElements=Actor%2CCollection%2CCountry%2CDirector%2CGenre%2CLabel%2CLocation%2CMood%2CPart%2CProducer%2CSimilar%2CPhoto%2CRole%2CVast%2CTopic%2CWriter&excludeFields=file%2Ctagline%2Csummary&includeLibraryPlaylists=1&includeStations=1).
Mar 25, 2026 19:07:50.238 [281473342951648] DEBUG - [Req#20e] HubCache: Computed '738871968/movie.by.actor.or.director.1/1/hubs/sections/1/enexternal-media,indirect-media/count=20&excludeElements=Actor%2CCollection%2CCountry%2CDirector%2CGenre%2CLabel%2CLocation%2CMood%2CPart%2CProducer%2CSimilar%2CPhoto%2CRole%2CVast%2CTopic%2CWriter&excludeFields=file%2Ctagline%2Csummary&includeLibraryPlaylists=1&includeStations=1' in 4 ms.
Mar 25, 2026 19:07:50.238 [281473342951648] DEBUG - [Req#20e] HubCache: Adding '738871968/movie.topunwatched.1/1/hubs/sections/1/enexternal-media,indirect-media/count=20&excludeElements=Actor%2CCollection%2CCountry%2CDirector%2CGenre%2CLabel%2CLocation%2CMood%2CPart%2CProducer%2CSimilar%2CPhoto%2CRole%2CVast%2CTopic%2CWriter&excludeFields=file%2Ctagline%2Csummary&includeLibraryPlaylists=1&includeStations=1' to the cache (738871968/movie.topunwatched.1/1/hubs/sections/1/enexternal-media,indirect-media/count=20&excludeElements=Actor%2CCollection%2CCountry%2CDirector%2CGenre%2CLabel%2CLocation%2CMood%2CPart%2CProducer%2CSimilar%2CPhoto%2CRole%2CVast%2CTopic%2CWriter&excludeFields=file%2Ctagline%2Csummary&includeLibraryPlaylists=1&includeStations=1).
Mar 25, 2026 19:07:50.240 [281473342951648] DEBUG - [Req#20e] HubCache: Computed '738871968/movie.topunwatched.1/1/hubs/sections/1/enexternal-media,indirect-media/count=20&excludeElements=Actor%2CCollection%2CCountry%2CDirector%2CGenre%2CLabel%2CLocation%2CMood%2CPart%2CProducer%2CSimilar%2CPhoto%2CRole%2CVast%2CTopic%2CWriter&excludeFields=file%2Ctagline%2Csummary&includeLibraryPlaylists=1&includeStations=1' in 1 ms.
Mar 25, 2026 19:07:50.240 [281473342951648] DEBUG - [Req#20e] HubCache: Adding '738871968/movie.curated.1/1/hubs/sections/1/enexternal-media,indirect-media/count=20&excludeElements=Actor%2CCollection%2CCountry%2CDirector%2CGenre%2CLabel%2CLocation%2CMood%2CPart%2CProducer%2CSimilar%2CPhoto%2CRole%2CVast%2CTopic%2CWriter&excludeFields=file%2Ctagline%2Csummary&includeLibraryPlaylists=1&includeStations=1' to the cache (738871968/movie.curated.1/1/hubs/sections/1/enexternal-media,indirect-media/count=20&excludeElements=Actor%2CCollection%2CCountry%2CDirector%2CGenre%2CLabel%2CLocation%2CMood%2CPart%2CProducer%2CSimilar%2CPhoto%2CRole%2CVast%2CTopic%2CWriter&excludeFields=file%2Ctagline%2Csummary&includeLibraryPlaylists=1&includeStations=1).
Mar 25, 2026 19:07:50.240 [281473342951648] DEBUG - [Req#20e] HubCache: Adding '738871968/movie.recentlyviewed.1/1/hubs/sections/1/enexternal-media,indirect-media/count=20&excludeElements=Actor%2CCollection%2CCountry%2CDirector%2CGenre%2CLabel%2CLocation%2CMood%2CPart%2CProducer%2CSimilar%2CPhoto%2CRole%2CVast%2CTopic%2CWriter&excludeFields=file%2Ctagline%2Csummary&includeLibraryPlaylists=1&includeStations=1' to the cache (738871968/movie.recentlyviewed.1/1/hubs/sections/1/enexternal-media,indirect-media/count=20&excludeElements=Actor%2CCollection%2CCountry%2CDirector%2CGenre%2CLabel%2CLocation%2CMood%2CPart%2CProducer%2CSimilar%2CPhoto%2CRole%2CVast%2CTopic%2CWriter&excludeFields=file%2Ctagline%2Csummary&includeLibraryPlaylists=1&includeStations=1).
Mar 25, 2026 19:07:50.241 [281473342951648] DEBUG - [Req#20e] HubCache: Computed '738871968/movie.recentlyviewed.1/1/hubs/sections/1/enexternal-media,indirect-media/count=20&excludeElements=Actor%2CCollection%2CCountry%2CDirector%2CGenre%2CLabel%2CLocation%2CMood%2CPart%2CProducer%2CSimilar%2CPhoto%2CRole%2CVast%2CTopic%2CWriter&excludeFields=file%2Ctagline%2Csummary&includeLibraryPlaylists=1&includeStations=1' in 1 ms.
Mar 25, 2026 19:07:50.244 [281473408512224] DEBUG - Completed: [192.168.97.1:38720] 200 GET /hubs/sections/1?count=20&includeLibraryPlaylists=1&includeStations=1&excludeElements=Actor%2CCollection%2CCountry%2CDirector%2CGenre%2CLabel%2CLocation%2CMood%2CPart%2CProducer%2CSimilar%2CPhoto%2CRole%2CVast%2CTopic%2CWriter&excludeFields=file%2Ctagline%2Csummary (4 live) #20e TLS GZIP 33ms 2146 bytes (pipelined: 2)
Mar 25, 2026 19:07:50.360 [281473406402784] DEBUG - Auth: authenticated user 738871968 as caterinaalomar
Mar 25, 2026 19:07:50.360 [281473342951648] DEBUG - Request: [192.168.97.1:38720 (Subnet)] GET /photo/:/transcode?width=360&height=360&minSize=1&url=%2Flibrary%2Fmetadata%2F43%2Fthumb%2F1774461038&format=jpeg (4 live) #21f TLS GZIP Signed-in Token (caterinaalomar)
Mar 25, 2026 19:07:50.360 [281473342951648] DEBUG - [Req#21f/PhotoTranscoder] Request for url [/library/metadata/43/thumb/1774461038] (is local: 1 upscaled: 0)
Mar 25, 2026 19:07:50.369 [281473342951648] DEBUG - [Req#21f/PhotoTranscoder/Req#222] Auth: authenticated user 738871968 as caterinaalomar
Mar 25, 2026 19:07:50.377 [281473342951648] DEBUG - [Req#21f/PhotoTranscoder/Req#222] It took 0.000000 ms to retrieve 112 items.
Mar 25, 2026 19:07:50.378 [281473342951648] DEBUG - [Req#21f/PhotoTranscoder/Req#222] Calculated media file path for path [metadata://posters/tv.plex.agents.movie_bac811c93e3f66854e68bb72f819a249ac37d5ea]: ["/config/Library/Application Support/Plex Media Server/Metadata/Movies/5/c5a6e79464c96d6e1be4b3d6bdf865c2e258df6.bundle/Contents/_combined/posters/tv.plex.agents.movie_bac811c93e3f66854e68bb72f819a249ac37d5ea"]
Mar 25, 2026 19:07:50.378 [281473342951648] DEBUG - [Req#21f/PhotoTranscoder] Calling back into ourselves for photo to transcode, optimizing the process (status: -1)
Mar 25, 2026 19:07:50.379 [281473342951648] DEBUG - [Req#21f/PhotoTranscoder] Photo cache obtained 105161 bytes from /library/metadata/43/thumb/1774461038
Mar 25, 2026 19:07:50.384 [281473408512224] DEBUG - Auth: authenticated user 738871968 as caterinaalomar
Mar 25, 2026 19:07:50.384 [281473349279968] DEBUG - Request: [192.168.97.1:63674 (Subnet)] GET /photo/:/transcode?width=360&height=360&minSize=1&url=%2Flibrary%2Fmetadata%2F35%2Fthumb%2F1774460855&format=jpeg (6 live) #20c TLS GZIP Signed-in Token (caterinaalomar)
Mar 25, 2026 19:07:50.384 [281473349279968] DEBUG - [Req#20c/PhotoTranscoder] Request for url [/library/metadata/35/thumb/1774460855] (is local: 1 upscaled: 0)
Mar 25, 2026 19:07:50.386 [281473349279968] DEBUG - [Req#20c/PhotoTranscoder/Req#224] Auth: authenticated user 738871968 as caterinaalomar
Mar 25, 2026 19:07:50.387 [281473406402784] DEBUG - Auth: authenticated user 738871968 as caterinaalomar
Mar 25, 2026 19:07:50.388 [281473332404448] DEBUG - Request: [192.168.97.1:54849 (Subnet)] GET /photo/:/transcode?width=360&height=360&minSize=1&url=%2Flibrary%2Fmetadata%2F33%2Fthumb%2F1774443370&format=jpeg (6 live) #220 TLS GZIP Signed-in Token (caterinaalomar)
Mar 25, 2026 19:07:50.388 [281473332404448] DEBUG - [Req#220/PhotoTranscoder] Request for url [/library/metadata/33/thumb/1774443370] (is local: 1 upscaled: 0)
Mar 25, 2026 19:07:50.388 [281473332404448] DEBUG - Content-Length of /config/Library/Application Support/Plex Media Server/Cache/PhotoTranscoder/96/9626090d6523d6ffc09396e6f71d49d6a6917cc9.jpeg is 48667 (of total: 48667).
Mar 25, 2026 19:07:50.389 [281473406402784] DEBUG - Completed: [192.168.97.1:54849] 200 GET /photo/:/transcode?width=360&height=360&minSize=1&url=%2Flibrary%2Fmetadata%2F33%2Fthumb%2F1774443370&format=jpeg (6 live) #220 TLS GZIP 1ms 48667 bytes (pipelined: 1)
Mar 25, 2026 19:07:50.391 [281473349279968] DEBUG - [Req#20c/PhotoTranscoder/Req#224] Calculated media file path for path [metadata://posters/8bdddcdb4d6fca40ba2b2463b17217ce181f0575]: ["/config/Library/Application Support/Plex Media Server/Metadata/Movies/f/173278beabb6ff678a2568f43264f78f7421061.bundle/Contents/_combined/posters/8bdddcdb4d6fca40ba2b2463b17217ce181f0575"]
Mar 25, 2026 19:07:50.391 [281473349279968] DEBUG - [Req#20c/PhotoTranscoder] Calling back into ourselves for photo to transcode, optimizing the process (status: -1)
Mar 25, 2026 19:07:50.391 [281473349279968] DEBUG - [Req#20c/PhotoTranscoder] Photo cache obtained 25135 bytes from /library/metadata/35/thumb/1774460855
Mar 25, 2026 19:07:50.395 [281473349279968] DEBUG - [Req#20c/PhotoTranscoder] Created thumbnail of size 97x138, has pixels: 1
Mar 25, 2026 19:07:50.398 [281473406402784] DEBUG - Completed: [192.168.97.1:63674] 200 GET /photo/:/transcode?width=360&height=360&minSize=1&url=%2Flibrary%2Fmetadata%2F35%2Fthumb%2F1774460855&format=jpeg (6 live) #20c TLS GZIP 14ms 5432 bytes (pipelined: 1)
Mar 25, 2026 19:07:50.428 [281473342951648] DEBUG - [Req#21f/PhotoTranscoder] Created thumbnail of size 360x540, has pixels: 1
Mar 25, 2026 19:07:50.435 [281473406402784] DEBUG - Completed: [192.168.97.1:38720] 200 GET /photo/:/transcode?width=360&height=360&minSize=1&url=%2Flibrary%2Fmetadata%2F43%2Fthumb%2F1774461038&format=jpeg (6 live) #21f TLS GZIP 74ms 19421 bytes (pipelined: 3)
Mar 25, 2026 19:08:01.263 [281473406402784] DEBUG - Auth: authenticated user 738871968 as caterinaalomar
Mar 25, 2026 19:08:01.264 [281473342951648] DEBUG - Request: [192.168.97.1:38720 (Subnet)] GET /library/search?query=Cindere&searchTypes=availabilityPlatforms%2Ccategories%2Clivetv%2Cmovies%2CotherVideos%2Cpeople%2Ctvod%2Ctv&limit=100 (6 live) #228 TLS GZIP Signed-in Token (caterinaalomar)
Mar 25, 2026 19:08:01.324 [281473406402784] DEBUG - Completed: [192.168.97.1:38720] 200 GET /library/search?query=Cindere&searchTypes=availabilityPlatforms%2Ccategories%2Clivetv%2Cmovies%2CotherVideos%2Cpeople%2Ctvod%2Ctv&limit=100 (6 live) #228 TLS GZIP 60ms 395 bytes (pipelined: 4)
Mar 25, 2026 19:08:02.757 [281473408512224] DEBUG - Auth: authenticated user 738871968 as caterinaalomar
Mar 25, 2026 19:08:02.758 [281473342951648] DEBUG - Request: [192.168.97.1:38720 (Subnet)] GET /library/search?query=Cinderella+&searchTypes=availabilityPlatforms%2Ccategories%2Clivetv%2Cmovies%2CotherVideos%2Cpeople%2Ctvod%2Ctv&limit=100 (6 live) #22b TLS GZIP Signed-in Token (caterinaalomar)
Mar 25, 2026 19:08:02.839 [281473408512224] DEBUG - Completed: [192.168.97.1:38720] 200 GET /library/search?query=Cinderella+&searchTypes=availabilityPlatforms%2Ccategories%2Clivetv%2Cmovies%2CotherVideos%2Cpeople%2Ctvod%2Ctv&limit=100 (6 live) #22b TLS GZIP 81ms 395 bytes (pipelined: 5)
Mar 25, 2026 19:08:07.302 [281473406402784] DEBUG - Auth: authenticated user 738871968 as caterinaalomar
Mar 25, 2026 19:08:07.303 [281473342951648] DEBUG - Request: [192.168.97.1:38720 (Subnet)] GET /media/providers (6 live) #22e TLS GZIP Signed-in Token (caterinaalomar)
Mar 25, 2026 19:08:07.307 [281473406402784] DEBUG - Completed: [192.168.97.1:38720] 200 GET /media/providers (6 live) #22e TLS GZIP 3ms 4517 bytes (pipelined: 6)
Mar 25, 2026 19:08:08.068 [281473408512224] DEBUG - Auth: authenticated user 738871968 as caterinaalomar
Mar 25, 2026 19:08:08.068 [281473342951648] DEBUG - Request: [192.168.97.1:38720 (Subnet)] GET /library/search?query=Cinderella+story&searchTypes=availabilityPlatforms%2Ccategories%2Clivetv%2Cmovies%2CotherVideos%2Cpeople%2Ctvod%2Ctv&limit=100 (6 live) #230 TLS GZIP Signed-in Token (caterinaalomar)
Mar 25, 2026 19:08:08.158 [281473408512224] DEBUG - Completed: [192.168.97.1:38720] 200 GET /library/search?query=Cinderella+story&searchTypes=availabilityPlatforms%2Ccategories%2Clivetv%2Cmovies%2CotherVideos%2Cpeople%2Ctvod%2Ctv&limit=100 (6 live) #230 TLS GZIP 89ms 395 bytes (pipelined: 7)
Mar 25, 2026 19:08:21.089 [281473408512224] DEBUG - Auth: authenticated user 738871968 as caterinaalomar
Mar 25, 2026 19:08:21.090 [281473342951648] DEBUG - Request: [192.168.97.1:38720 (Subnet)] GET /photo/:/transcode?width=1280&height=1280&minSize=0&url=%2Flibrary%2Fmetadata%2F43%2FclearLogo%2F1774461038&format=png (4 live) #233 TLS GZIP Signed-in Token (caterinaalomar)
Mar 25, 2026 19:08:21.090 [281473342951648] DEBUG - [Req#233/PhotoTranscoder] Request for url [/library/metadata/43/clearLogo/1774461038] (is local: 1 upscaled: 0)
Mar 25, 2026 19:08:21.092 [281473342951648] DEBUG - [Req#233/PhotoTranscoder/Req#236] Auth: authenticated user 738871968 as caterinaalomar
Mar 25, 2026 19:08:21.100 [281473342951648] DEBUG - [Req#233/PhotoTranscoder/Req#236] It took 10.000000 ms to retrieve 112 items.
Mar 25, 2026 19:08:21.101 [281473342951648] DEBUG - [Req#233/PhotoTranscoder/Req#236] Calculated media file path for path [metadata://clearLogos/tv.plex.agents.movie_107013682376f14fe0f70f08a531cc94c9a5d02a]: ["/config/Library/Application Support/Plex Media Server/Metadata/Movies/5/c5a6e79464c96d6e1be4b3d6bdf865c2e258df6.bundle/Contents/_combined/clearLogos/tv.plex.agents.movie_107013682376f14fe0f70f08a531cc94c9a5d02a"]
Mar 25, 2026 19:08:21.102 [281473342951648] DEBUG - [Req#233/PhotoTranscoder] Calling back into ourselves for photo to transcode, optimizing the process (status: -1)
Mar 25, 2026 19:08:21.104 [281473342951648] DEBUG - [Req#233/PhotoTranscoder] Photo cache obtained 139752 bytes from /library/metadata/43/clearLogo/1774461038
Mar 25, 2026 19:08:21.122 [281473408512224] DEBUG - Auth: authenticated user 738871968 as caterinaalomar
Mar 25, 2026 19:08:21.123 [281473349279968] DEBUG - Request: [192.168.97.1:37463 (Subnet)] GET /library/metadata/43?includeExtras=1&includeOnDeck=1&includeRelated=1&includeRelatedCount=20&includeReviews=1&includeExternalMetadata=1&checkFiles=1&includeStations=0&includePopularLeaves=0 (5 live) #221 TLS GZIP Signed-in Token (caterinaalomar)
Mar 25, 2026 19:08:21.126 [281473349279968] DEBUG - [Req#221] It took 0.000000 ms to retrieve 112 items.
Mar 25, 2026 19:08:21.132 [281473349279968] DEBUG - We're going to try to auto-select an audio stream for account 738871968.
Mar 25, 2026 19:08:21.132 [281473349279968] DEBUG - Selecting best audio stream for part ID 89 (language: en)
Mar 25, 2026 19:08:21.132 [281473349279968] DEBUG - We're going to try to auto-select a subtitle for account 738871968.
Mar 25, 2026 19:08:21.132 [281473349279968] DEBUG - Audio Stream: 590, Subtitle Stream: -1
Mar 25, 2026 19:08:21.137 [281473406402784] DEBUG - Auth: authenticated user 738871968 as caterinaalomar
Mar 25, 2026 19:08:21.137 [281473326379232] DEBUG - Request: [192.168.97.1:52429 (Subnet)] GET /photo/:/transcode?width=1280&height=1280&minSize=0&url=%2Flibrary%2Fmetadata%2F43%2FsquareArt%2F1774461038&format=jpeg (6 live) #237 TLS GZIP Signed-in Token (caterinaalomar)
Mar 25, 2026 19:08:21.137 [281473326379232] DEBUG - [Req#237/PhotoTranscoder] Request for url [/library/metadata/43/squareArt/1774461038] (is local: 1 upscaled: 0)
Mar 25, 2026 19:08:21.137 [281473326379232] DEBUG - [Req#237/PhotoTranscoder/Req#23a] Auth: authenticated user 738871968 as caterinaalomar
Mar 25, 2026 19:08:21.145 [281473326379232] DEBUG - [Req#237/PhotoTranscoder/Req#23a] It took 20.000000 ms to retrieve 112 items.
Mar 25, 2026 19:08:21.145 [281473326379232] DEBUG - [Req#237/PhotoTranscoder/Req#23a] Calculated media file path for path [metadata://squareArt/tv.plex.agents.movie_567e43ef9b4df2d2cd9660946e02182b531c2bb4]: ["/config/Library/Application Support/Plex Media Server/Metadata/Movies/5/c5a6e79464c96d6e1be4b3d6bdf865c2e258df6.bundle/Contents/_combined/squareArt/tv.plex.agents.movie_567e43ef9b4df2d2cd9660946e02182b531c2bb4"]
Mar 25, 2026 19:08:21.145 [281473326379232] DEBUG - [Req#237/PhotoTranscoder] Calling back into ourselves for photo to transcode, optimizing the process (status: -1)
Mar 25, 2026 19:08:21.147 [281473326379232] DEBUG - [Req#237/PhotoTranscoder] Photo cache obtained 308758 bytes from /library/metadata/43/squareArt/1774461038
Mar 25, 2026 19:08:21.149 [281473349279968] DEBUG - It took 0.000000 ms to retrieve 112 items.
Mar 25, 2026 19:08:21.155 [281473349279968] DEBUG - We're going to try to auto-select an audio stream for account 738871968.
Mar 25, 2026 19:08:21.155 [281473349279968] DEBUG - Selecting best audio stream for part ID 67 (language: en)
Mar 25, 2026 19:08:21.155 [281473349279968] DEBUG - We're going to try to auto-select a subtitle for account 738871968.
Mar 25, 2026 19:08:21.155 [281473349279968] DEBUG - Audio Stream: 546, Subtitle Stream: -1
Mar 25, 2026 19:08:21.158 [281473408512224] DEBUG - Completed: [192.168.97.1:37463] 200 GET /library/metadata/43?includeExtras=1&includeOnDeck=1&includeRelated=1&includeRelatedCount=20&includeReviews=1&includeExternalMetadata=1&checkFiles=1&includeStations=0&includePopularLeaves=0 (6 live) #221 TLS GZIP 35ms 14116 bytes (pipelined: 1)
Mar 25, 2026 19:08:21.197 [281473326379232] DEBUG - [Req#237/PhotoTranscoder] Created thumbnail of size 1280x1280, has pixels: 1
Mar 25, 2026 19:08:21.202 [281473342951648] DEBUG - [Req#233/PhotoTranscoder] Created thumbnail of size 1280x574, has pixels: 1
Mar 25, 2026 19:08:21.208 [281473406402784] DEBUG - Auth: authenticated user 738871968 as caterinaalomar
Mar 25, 2026 19:08:21.208 [281473349279968] DEBUG - Request: [192.168.97.1:37463 (Subnet)] GET /library/sections/1/prefs (6 live) #242 TLS GZIP Signed-in Token (caterinaalomar)
Mar 25, 2026 19:08:21.211 [281473406402784] DEBUG - Completed: [192.168.97.1:37463] 200 GET /library/sections/1/prefs (6 live) #242 TLS GZIP 3ms 3797 bytes (pipelined: 2)
Mar 25, 2026 19:08:21.234 [281473406402784] DEBUG - Completed: [192.168.97.1:38720] 200 GET /photo/:/transcode?width=1280&height=1280&minSize=0&url=%2Flibrary%2Fmetadata%2F43%2FclearLogo%2F1774461038&format=png (6 live) #233 TLS GZIP 144ms 89184 bytes (pipelined: 8)
Mar 25, 2026 19:08:21.240 [281473406402784] DEBUG - Completed: [192.168.97.1:52429] 200 GET /photo/:/transcode?width=1280&height=1280&minSize=0&url=%2Flibrary%2Fmetadata%2F43%2FsquareArt%2F1774461038&format=jpeg (6 live) #237 TLS GZIP 103ms 190291 bytes (pipelined: 1)
Mar 25, 2026 19:08:21.589 [281473408512224] DEBUG - Auth: authenticated user 738871968 as caterinaalomar
Mar 25, 2026 19:08:21.590 [281473349279968] DEBUG - Request: [192.168.97.1:38720 (Subnet)] GET /photo/:/transcode?width=360&height=360&minSize=1&url=%2Flibrary%2Fmetadata%2F35%2Fthumb%2F1774460855&format=jpeg (6 live) #244 TLS GZIP Signed-in Token (caterinaalomar)
Mar 25, 2026 19:08:21.590 [281473349279968] DEBUG - [Req#244/PhotoTranscoder] Request for url [/library/metadata/35/thumb/1774460855] (is local: 1 upscaled: 0)
Mar 25, 2026 19:08:21.591 [281473349279968] DEBUG - Content-Length of /config/Library/Application Support/Plex Media Server/Cache/PhotoTranscoder/ba/ba7734f4805734feb728fa0c91efaa5b2e336d7b.jpeg is 5149 (of total: 5149).
Mar 25, 2026 19:08:21.592 [281473408512224] DEBUG - Completed: [192.168.97.1:38720] 200 GET /photo/:/transcode?width=360&height=360&minSize=1&url=%2Flibrary%2Fmetadata%2F35%2Fthumb%2F1774460855&format=jpeg (6 live) #244 TLS GZIP 2ms 5149 bytes (pipelined: 9)
Mar 25, 2026 19:08:32.334 [281473406402784] DEBUG - Auth: authenticated user 738871968 as caterinaalomar
Mar 25, 2026 19:08:32.334 [281473349279968] DEBUG - Request: [192.168.97.1:38720 (Subnet)] GET /media/providers (6 live) #246 TLS GZIP Signed-in Token (caterinaalomar)
Mar 25, 2026 19:08:32.338 [281473408512224] DEBUG - Completed: [192.168.97.1:38720] 200 GET /media/providers (6 live) #246 TLS GZIP 4ms 4517 bytes (pipelined: 10)
Mar 25, 2026 19:08:32.527 [281473406402784] DEBUG - Auth: authenticated user 738871968 as caterinaalomar
Mar 25, 2026 19:08:32.527 [281473349279968] DEBUG - Request: [192.168.97.1:38720 (Subnet)] GET /library/sections/1/prefs (6 live) #248 TLS GZIP Signed-in Token (caterinaalomar)
Mar 25, 2026 19:08:32.529 [281473408512224] DEBUG - Auth: authenticated user 738871968 as caterinaalomar
Mar 25, 2026 19:08:32.530 [281473342951648] DEBUG - Request: [192.168.97.1:37463 (Subnet)] GET /library/metadata/43?includeExtras=1&includeOnDeck=1&includeRelated=1&includeRelatedCount=20&includeReviews=1&includeExternalMetadata=1&checkFiles=1&includeStations=0&includePopularLeaves=0 (6 live) #243 TLS GZIP Signed-in Token (caterinaalomar)
Mar 25, 2026 19:08:32.530 [281473408512224] DEBUG - Auth: authenticated user 738871968 as caterinaalomar
Mar 25, 2026 19:08:32.531 [281473332404448] DEBUG - Request: [192.168.97.1:52429 (Subnet)] GET /library/sections/1/prefs (6 live) #245 TLS GZIP Signed-in Token (caterinaalomar)
Mar 25, 2026 19:08:32.539 [281473342951648] DEBUG - [Req#243] It took 10.000000 ms to retrieve 112 items.
Mar 25, 2026 19:08:32.545 [281473342951648] DEBUG - We're going to try to auto-select an audio stream for account 738871968.
Mar 25, 2026 19:08:32.545 [281473342951648] DEBUG - Selecting best audio stream for part ID 89 (language: en)
Mar 25, 2026 19:08:32.545 [281473342951648] DEBUG - We're going to try to auto-select a subtitle for account 738871968.
Mar 25, 2026 19:08:32.545 [281473342951648] DEBUG - Audio Stream: 590, Subtitle Stream: -1
Mar 25, 2026 19:08:32.545 [281473408512224] DEBUG - Completed: [192.168.97.1:52429] 200 GET /library/sections/1/prefs (7 live) #245 TLS GZIP 14ms 3797 bytes (pipelined: 2)
Mar 25, 2026 19:08:32.550 [281473406402784] DEBUG - Completed: [192.168.97.1:38720] 200 GET /library/sections/1/prefs (7 live) #248 TLS GZIP 23ms 3797 bytes (pipelined: 11)
Mar 25, 2026 19:08:32.561 [281473406402784] DEBUG - Auth: authenticated user 738871968 as caterinaalomar
Mar 25, 2026 19:08:32.561 [281473332404448] DEBUG - Request: [192.168.97.1:47777 (Subnet)] GET /library/metadata/43?includeExtras=1&includeOnDeck=1&includeRelated=1&includeRelatedCount=20&includeReviews=1&includeExternalMetadata=1&checkFiles=1&includeStations=0&includePopularLeaves=0 (7 live) #239 TLS GZIP Signed-in Token (caterinaalomar)
Mar 25, 2026 19:08:32.566 [281473332404448] DEBUG - [Req#239] It took 10.000000 ms to retrieve 112 items.
Mar 25, 2026 19:08:32.568 [281473332404448] DEBUG - We're going to try to auto-select an audio stream for account 738871968.
Mar 25, 2026 19:08:32.568 [281473332404448] DEBUG - Selecting best audio stream for part ID 89 (language: en)
Mar 25, 2026 19:08:32.568 [281473332404448] DEBUG - We're going to try to auto-select a subtitle for account 738871968.
Mar 25, 2026 19:08:32.568 [281473332404448] DEBUG - Audio Stream: 590, Subtitle Stream: -1
Mar 25, 2026 19:08:32.571 [281473342951648] DEBUG - It took 0.000000 ms to retrieve 112 items.
Mar 25, 2026 19:08:32.579 [281473342951648] DEBUG - We're going to try to auto-select an audio stream for account 738871968.
Mar 25, 2026 19:08:32.579 [281473342951648] DEBUG - Selecting best audio stream for part ID 67 (language: en)
Mar 25, 2026 19:08:32.579 [281473342951648] DEBUG - We're going to try to auto-select a subtitle for account 738871968.
Mar 25, 2026 19:08:32.579 [281473342951648] DEBUG - Audio Stream: 546, Subtitle Stream: -1
Mar 25, 2026 19:08:32.582 [281473408512224] DEBUG - Completed: [192.168.97.1:37463] 200 GET /library/metadata/43?includeExtras=1&includeOnDeck=1&includeRelated=1&includeRelatedCount=20&includeReviews=1&includeExternalMetadata=1&checkFiles=1&includeStations=0&includePopularLeaves=0 (7 live) #243 TLS GZIP 52ms 14116 bytes (pipelined: 3)
Mar 25, 2026 19:08:32.585 [281473332404448] DEBUG - It took 10.000000 ms to retrieve 112 items.
Mar 25, 2026 19:08:32.590 [281473332404448] DEBUG - We're going to try to auto-select an audio stream for account 738871968.
Mar 25, 2026 19:08:32.590 [281473332404448] DEBUG - Selecting best audio stream for part ID 67 (language: en)
Mar 25, 2026 19:08:32.590 [281473332404448] DEBUG - We're going to try to auto-select a subtitle for account 738871968.
Mar 25, 2026 19:08:32.590 [281473332404448] DEBUG - Audio Stream: 546, Subtitle Stream: -1
Mar 25, 2026 19:08:32.592 [281473408512224] DEBUG - Completed: [192.168.97.1:47777] 200 GET /library/metadata/43?includeExtras=1&includeOnDeck=1&includeRelated=1&includeRelatedCount=20&includeReviews=1&includeExternalMetadata=1&checkFiles=1&includeStations=0&includePopularLeaves=0 (7 live) #239 TLS GZIP 30ms 14116 bytes (pipelined: 1)
Mar 25, 2026 19:08:53.443 [281473406402784] DEBUG - Auth: authenticated user 738871968 as caterinaalomar
Mar 25, 2026 19:08:53.443 [281473332404448] DEBUG - Request: [192.168.97.1:56011 (Subnet)] POST /playQueues?includeChapters=1&continuous=1&uri=server%3A%2F%2Fe54df6383d25ebd337b0eedd659aa30a8163aa07%2Fcom.plexapp.plugins.library%2Flibrary%2Fmetadata%2F43&type=video&own=1&repeat=0&shuffle=0&includeMarkers=1&includeGeolocation=1&includeExternalMedia=1&extrasPrefixCount=-1 (6 live) #249 TLS GZIP Signed-in Token (caterinaalomar)
Mar 25, 2026 19:08:53.445 [281473332404448] DEBUG - [Req#249] PlayQueue: Converted 'server://e54df6383d25ebd337b0eedd659aa30a8163aa07/com.plexapp.plugins.library/library/metadata/43' to 'library://x/item/%2Flibrary%2Fmetadata%2F43'
Mar 25, 2026 19:08:53.454 [281473332404448] DEBUG - [Req#249] PlayQueue: Start index: 0 End index: 0 Count: 1
Mar 25, 2026 19:08:53.455 [281473332404448] DEBUG - [Req#249] PlayQueue: Added 1 items in 0.0 sec.
Mar 25, 2026 19:08:53.460 [281473332404448] DEBUG - [Req#249] It took 0.000000 ms to retrieve 112 items.
Mar 25, 2026 19:08:53.462 [281473332404448] DEBUG - We're going to try to auto-select an audio stream for account 738871968.
Mar 25, 2026 19:08:53.462 [281473332404448] DEBUG - Selecting best audio stream for part ID 89 (language: en)
Mar 25, 2026 19:08:53.462 [281473332404448] DEBUG - We're going to try to auto-select a subtitle for account 738871968.
Mar 25, 2026 19:08:53.462 [281473332404448] DEBUG - Audio Stream: 590, Subtitle Stream: -1
Mar 25, 2026 19:08:53.466 [281473406402784] DEBUG - Completed: [192.168.97.1:56011] 200 POST /playQueues?includeChapters=1&continuous=1&uri=server%3A%2F%2Fe54df6383d25ebd337b0eedd659aa30a8163aa07%2Fcom.plexapp.plugins.library%2Flibrary%2Fmetadata%2F43&type=video&own=1&repeat=0&shuffle=0&includeMarkers=1&includeGeolocation=1&includeExternalMedia=1&extrasPrefixCount=-1 (6 live) #249 TLS GZIP 22ms 5832 bytes (pipelined: 1)
Mar 25, 2026 19:08:53.495 [281473408512224] DEBUG - Auth: authenticated user 738871968 as caterinaalomar
Mar 25, 2026 19:08:53.495 [281473332404448] DEBUG - Request: [192.168.97.1:56011 (Subnet)] GET /photo/:/transcode?width=1920&height=1920&minSize=0&url=%2Flibrary%2Fmetadata%2F43%2FclearLogo%2F1774461038&format=png (6 live) #25f TLS GZIP Signed-in Token (caterinaalomar)
Mar 25, 2026 19:08:53.495 [281473332404448] DEBUG - [Req#25f/PhotoTranscoder] Request for url [/library/metadata/43/clearLogo/1774461038] (is local: 1 upscaled: 0)
Mar 25, 2026 19:08:53.496 [281473332404448] DEBUG - [Req#25f/PhotoTranscoder/Req#260] Auth: authenticated user 738871968 as caterinaalomar
Mar 25, 2026 19:08:53.501 [281473332404448] DEBUG - [Req#25f/PhotoTranscoder/Req#260] It took 0.000000 ms to retrieve 112 items.
Mar 25, 2026 19:08:53.502 [281473332404448] DEBUG - [Req#25f/PhotoTranscoder/Req#260] Calculated media file path for path [metadata://clearLogos/tv.plex.agents.movie_107013682376f14fe0f70f08a531cc94c9a5d02a]: ["/config/Library/Application Support/Plex Media Server/Metadata/Movies/5/c5a6e79464c96d6e1be4b3d6bdf865c2e258df6.bundle/Contents/_combined/clearLogos/tv.plex.agents.movie_107013682376f14fe0f70f08a531cc94c9a5d02a"]
Mar 25, 2026 19:08:53.502 [281473332404448] DEBUG - [Req#25f/PhotoTranscoder] Calling back into ourselves for photo to transcode, optimizing the process (status: -1)
Mar 25, 2026 19:08:53.503 [281473332404448] DEBUG - [Req#25f/PhotoTranscoder] Photo cache obtained 139752 bytes from /library/metadata/43/clearLogo/1774461038
Mar 25, 2026 19:08:53.609 [281473332404448] DEBUG - [Req#25f/PhotoTranscoder] Created thumbnail of size 1920x862, has pixels: 1
Mar 25, 2026 19:08:53.632 [281473406402784] DEBUG - Auth: authenticated user 738871968 as caterinaalomar
Mar 25, 2026 19:08:53.632 [281473349279968] DEBUG - Request: [192.168.97.1:21913 (Subnet)] GET /photo/:/transcode?width=480&height=480&minSize=1&url=%2Flibrary%2Fmetadata%2F35%2Fthumb%2F1774460855&format=jpeg (10 live) #25c TLS GZIP Signed-in Token (caterinaalomar)
Mar 25, 2026 19:08:53.632 [281473349279968] DEBUG - [Req#25c/PhotoTranscoder] Request for url [/library/metadata/35/thumb/1774460855] (is local: 1 upscaled: 0)
Mar 25, 2026 19:08:53.633 [281473349279968] DEBUG - [Req#25c/PhotoTranscoder/Req#266] Auth: authenticated user 738871968 as caterinaalomar
Mar 25, 2026 19:08:53.635 [281473349279968] DEBUG - [Req#25c/PhotoTranscoder/Req#266] Calculated media file path for path [metadata://posters/8bdddcdb4d6fca40ba2b2463b17217ce181f0575]: ["/config/Library/Application Support/Plex Media Server/Metadata/Movies/f/173278beabb6ff678a2568f43264f78f7421061.bundle/Contents/_combined/posters/8bdddcdb4d6fca40ba2b2463b17217ce181f0575"]
Mar 25, 2026 19:08:53.635 [281473349279968] DEBUG - [Req#25c/PhotoTranscoder] Calling back into ourselves for photo to transcode, optimizing the process (status: -1)
Mar 25, 2026 19:08:53.635 [281473349279968] DEBUG - [Req#25c/PhotoTranscoder] Photo cache obtained 25135 bytes from /library/metadata/35/thumb/1774460855
Mar 25, 2026 19:08:53.636 [281473349279968] DEBUG - [Req#25c/PhotoTranscoder] Created thumbnail of size 97x138, has pixels: 1
Mar 25, 2026 19:08:53.636 [281473406402784] DEBUG - Auth: authenticated user 738871968 as caterinaalomar
Mar 25, 2026 19:08:53.636 [281473342951648] DEBUG - Request: [192.168.97.1:22955 (Subnet)] GET /photo/:/transcode?width=480&height=480&minSize=1&url=%2Flibrary%2Fmetadata%2F33%2Fthumb%2F1774443370&format=jpeg (10 live) #262 TLS GZIP Signed-in Token (caterinaalomar)
Mar 25, 2026 19:08:53.636 [281473342951648] DEBUG - [Req#262/PhotoTranscoder] Request for url [/library/metadata/33/thumb/1774443370] (is local: 1 upscaled: 0)
Mar 25, 2026 19:08:53.636 [281473342951648] DEBUG - Content-Length of /config/Library/Application Support/Plex Media Server/Cache/PhotoTranscoder/5f/5fb37090126d4fc5f5aaa6f0db20fbe01c4902ea.jpeg is 75954 (of total: 75954).
Mar 25, 2026 19:08:53.638 [281473406402784] DEBUG - Completed: [192.168.97.1:22955] 200 GET /photo/:/transcode?width=480&height=480&minSize=1&url=%2Flibrary%2Fmetadata%2F33%2Fthumb%2F1774443370&format=jpeg (10 live) #262 TLS GZIP 1ms 75954 bytes (pipelined: 1)
Mar 25, 2026 19:08:53.638 [281473406402784] DEBUG - Completed: [192.168.97.1:21913] 200 GET /photo/:/transcode?width=480&height=480&minSize=1&url=%2Flibrary%2Fmetadata%2F35%2Fthumb%2F1774460855&format=jpeg (10 live) #25c TLS GZIP 5ms 5432 bytes (pipelined: 1)
Mar 25, 2026 19:08:53.641 [281473408512224] DEBUG - Auth: authenticated user 738871968 as caterinaalomar
Mar 25, 2026 19:08:53.641 [281473342951648] DEBUG - Request: [192.168.97.1:25009 (Subnet)] GET /photo/:/transcode?width=480&height=480&minSize=1&url=%2Flibrary%2Fmetadata%2F43%2Fthumb%2F1774461038&format=jpeg (10 live) #263 TLS GZIP Signed-in Token (caterinaalomar)
Mar 25, 2026 19:08:53.641 [281473342951648] DEBUG - [Req#263/PhotoTranscoder] Request for url [/library/metadata/43/thumb/1774461038] (is local: 1 upscaled: 0)
Mar 25, 2026 19:08:53.642 [281473342951648] DEBUG - [Req#263/PhotoTranscoder/Req#26a] Auth: authenticated user 738871968 as caterinaalomar
Mar 25, 2026 19:08:53.643 [281473342951648] DEBUG - [Req#263/PhotoTranscoder/Req#26a] It took 0.000000 ms to retrieve 112 items.
Mar 25, 2026 19:08:53.643 [281473342951648] DEBUG - [Req#263/PhotoTranscoder/Req#26a] Calculated media file path for path [metadata://posters/tv.plex.agents.movie_bac811c93e3f66854e68bb72f819a249ac37d5ea]: ["/config/Library/Application Support/Plex Media Server/Metadata/Movies/5/c5a6e79464c96d6e1be4b3d6bdf865c2e258df6.bundle/Contents/_combined/posters/tv.plex.agents.movie_bac811c93e3f66854e68bb72f819a249ac37d5ea"]
Mar 25, 2026 19:08:53.643 [281473342951648] DEBUG - [Req#263/PhotoTranscoder] Calling back into ourselves for photo to transcode, optimizing the process (status: -1)
Mar 25, 2026 19:08:53.643 [281473342951648] DEBUG - [Req#263/PhotoTranscoder] Photo cache obtained 105161 bytes from /library/metadata/43/thumb/1774461038
Mar 25, 2026 19:08:53.646 [281473406402784] DEBUG - Auth: authenticated user 738871968 as caterinaalomar
Mar 25, 2026 19:08:53.646 [281473349279968] DEBUG - Request: [192.168.97.1:28178 (Subnet)] GET /photo/:/transcode?width=1920&height=1920&minSize=0&url=%2Flibrary%2Fmetadata%2F43%2FsquareArt%2F1774461038&format=jpeg (10 live) #264 TLS GZIP Signed-in Token (caterinaalomar)
Mar 25, 2026 19:08:53.646 [281473349279968] DEBUG - [Req#264/PhotoTranscoder] Request for url [/library/metadata/43/squareArt/1774461038] (is local: 1 upscaled: 0)
Mar 25, 2026 19:08:53.647 [281473349279968] DEBUG - [Req#264/PhotoTranscoder/Req#26c] Auth: authenticated user 738871968 as caterinaalomar
Mar 25, 2026 19:08:53.648 [281473349279968] DEBUG - [Req#264/PhotoTranscoder/Req#26c] It took 0.000000 ms to retrieve 112 items.
Mar 25, 2026 19:08:53.648 [281473349279968] DEBUG - [Req#264/PhotoTranscoder/Req#26c] Calculated media file path for path [metadata://squareArt/tv.plex.agents.movie_567e43ef9b4df2d2cd9660946e02182b531c2bb4]: ["/config/Library/Application Support/Plex Media Server/Metadata/Movies/5/c5a6e79464c96d6e1be4b3d6bdf865c2e258df6.bundle/Contents/_combined/squareArt/tv.plex.agents.movie_567e43ef9b4df2d2cd9660946e02182b531c2bb4"]
Mar 25, 2026 19:08:53.648 [281473349279968] DEBUG - [Req#264/PhotoTranscoder] Calling back into ourselves for photo to transcode, optimizing the process (status: -1)
Mar 25, 2026 19:08:53.650 [281473349279968] DEBUG - [Req#264/PhotoTranscoder] Photo cache obtained 308758 bytes from /library/metadata/43/squareArt/1774461038
Mar 25, 2026 19:08:53.661 [281473342951648] DEBUG - [Req#263/PhotoTranscoder] Created thumbnail of size 480x720, has pixels: 1
Mar 25, 2026 19:08:53.670 [281473408512224] DEBUG - Completed: [192.168.97.1:25009] 200 GET /photo/:/transcode?width=480&height=480&minSize=1&url=%2Flibrary%2Fmetadata%2F43%2Fthumb%2F1774461038&format=jpeg (10 live) #263 TLS GZIP 28ms 31021 bytes (pipelined: 1)
Mar 25, 2026 19:08:53.670 [281473349279968] DEBUG - [Req#264/PhotoTranscoder] Created thumbnail of size 1400x1400, has pixels: 1
Mar 25, 2026 19:08:53.678 [281473408512224] DEBUG - Completed: [192.168.97.1:56011] 200 GET /photo/:/transcode?width=1920&height=1920&minSize=0&url=%2Flibrary%2Fmetadata%2F43%2FclearLogo%2F1774461038&format=png (10 live) #25f TLS GZIP 183ms 146674 bytes (pipelined: 2)
Mar 25, 2026 19:08:53.691 [281473406402784] DEBUG - Auth: authenticated user 738871968 as caterinaalomar
Mar 25, 2026 19:08:53.691 [281473342951648] DEBUG - Request: [192.168.97.1:21913 (Subnet)] GET /library/metadata/43?checkFiles=1&includeChapters=1&includeMarkers=1 (10 live) #269 TLS GZIP Signed-in Token (caterinaalomar)
Mar 25, 2026 19:08:53.692 [281473342951648] DEBUG - [Req#269] It took 0.000000 ms to retrieve 112 items.
Mar 25, 2026 19:08:53.693 [281473342951648] DEBUG - We're going to try to auto-select an audio stream for account 738871968.
Mar 25, 2026 19:08:53.693 [281473342951648] DEBUG - Selecting best audio stream for part ID 89 (language: en)
Mar 25, 2026 19:08:53.693 [281473342951648] DEBUG - We're going to try to auto-select a subtitle for account 738871968.
Mar 25, 2026 19:08:53.693 [281473342951648] DEBUG - Audio Stream: 590, Subtitle Stream: -1
Mar 25, 2026 19:08:53.694 [281473406402784] DEBUG - Completed: [192.168.97.1:21913] 200 GET /library/metadata/43?checkFiles=1&includeChapters=1&includeMarkers=1 (10 live) #269 TLS GZIP 2ms 5802 bytes (pipelined: 2)
Mar 25, 2026 19:08:53.705 [281473408512224] DEBUG - Auth: authenticated user 738871968 as caterinaalomar
Mar 25, 2026 19:08:53.706 [281473332404448] DEBUG - Request: [192.168.97.1:56011 (Subnet)] GET /video/:/transcode/universal/decision?directPlay=1&directStream=1&directStreamAudio=1&protocol=hls&fastSeek=1&path=%2Flibrary%2Fmetadata%2F43&session=7d68c1d0-4d47-431f-8c0c-a84d7ffeccd4&mediaIndex=0&partIndex=0&mediaBufferSize=50000&hasMDE=1&subtitleSize=0&videoQuality=100&videoResolution=&audioBoost=100&autoAdjustSubtitle=1&boostDialog=0&normalizeLoudness=0&subtitles=none&location=lan (10 live) #26f TLS GZIP Signed-in Token (caterinaalomar)
Mar 25, 2026 19:08:53.706 [281473332404448] DEBUG - [Req#26f/Transcode] Found session GUID of 7d68c1d0-4d47-431f-8c0c-a84d7ffeccd4 in session start.
Mar 25, 2026 19:08:53.707 [281473332404448] DEBUG - [Req#26f/Transcode] TranscodeUniversalRequest: adapting profile with augmentation data: add-transcode-target(type=videoProfile&context=all&protocol=hls&container=mkv&videoCodec=h264,png,apng,bmp,mjpeg,thp,gif,vp8,vp9,dirac,ffv1,ffvhuff,huffyuv,rawvideo,ayuv,r210,v210,v210x,v308,v408,v410,y41p,yuv4,ansi,h263,mpeg1video,mpeg2video,mpeg4,hevc,av1,vc1&audioCodec=ape,aac,aac_latm,alac,dca,vorbis,opus,pcm,pcm_alaw,pcm_mulaw,pcm_bluray,pcm_dvd,mp1,mp2,ac3,eac3,mp3&subtitleCodec=ass,dvb_subtitle,eia_608,jacosub,microdvd,mov_text,mpl2,pgs,pjs,realtext,sami,srt,ssa,stl,subviewer,subviewer1,text,vobsub,vplayer,xsub)+add-limitation(scope=videoAudioCodec&scopeName=aac&type=upperBound&name=audio.channels&value=10)+add-limitation(scope=videoTranscodeTarget&scopeName=h264&scopeType=videoCodec&context=all&protocol=hls&type=upperBound&name=video.bitDepth&value=10)+add-limitation(scope=videoTranscodeTarget&scopeName=h264&scopeType=videoCodec&context=all&protocol=hls&type=upperBound&name=video.width&value=3840)+add-limitation(scope=videoTranscodeTarget&scopeName=h264&scopeType=videoCodec&context=all&protocol=hls&type=upperBound&name=video.height&value=2160)+add-limitation(scope=videoTranscodeTarget&scopeName=hevc&scopeType=videoCodec&context=all&protocol=hls&type=upperBound&name=video.width&value=3840)+add-limitation(scope=videoTranscodeTarget&scopeName=hevc&scopeType=videoCodec&context=all&protocol=hls&type=upperBound&name=video.height&value=2160)+add-limitation(scope=videoTranscodeTarget&scopeName=av1&scopeType=videoCodec&context=all&protocol=hls&type=upperBound&name=video.width&value=3840)+add-limitation(scope=videoTranscodeTarget&scopeName=av1&scopeType=videoCodec&context=all&protocol=hls&type=upperBound&name=video.height&value=2160)+add-transcode-target-settings(type=videoProfile&context=all&protocol=hls&CopyMatroskaAttachments=true)
Mar 25, 2026 19:08:53.707 [281473332404448] DEBUG - [Req#26f/Transcode] TranscodeUniversalRequest: using augmented profile Generic
Mar 25, 2026 19:08:53.708 [281473332404448] DEBUG - [Req#26f/Transcode] Downloading document http://127.0.0.1:32400/library/metadata/43?includeBandwidths=1&offset=-1&X-Plex-Incomplete-Segments=1&X-Plex-Session-Identifier=63b8in4wqenkfalom7sxly5q
Mar 25, 2026 19:08:53.708 [281473332404448] DEBUG - [Req#26f/Transcode/Req#271] Auth: authenticated user 738871968 as caterinaalomar
Mar 25, 2026 19:08:53.709 [281473332404448] DEBUG - [Req#26f/Transcode/Req#271] It took 0.000000 ms to retrieve 112 items.
Mar 25, 2026 19:08:53.709 [281473332404448] DEBUG - [Req#26f/Transcode] We're going to try to auto-select an audio stream for account 738871968.
Mar 25, 2026 19:08:53.709 [281473332404448] DEBUG - [Req#26f/Transcode] Selecting best audio stream for part ID 89 (language: en)
Mar 25, 2026 19:08:53.709 [281473332404448] DEBUG - [Req#26f/Transcode] We're going to try to auto-select a subtitle for account 738871968.
Mar 25, 2026 19:08:53.709 [281473332404448] DEBUG - [Req#26f/Transcode] Audio Stream: 590, Subtitle Stream: -1
Mar 25, 2026 19:08:53.710 [281473332404448] DEBUG - [Req#26f/Transcode] Streaming Resource: Added session 0xffffa2f5dd38:63b8in4wqenkfalom7sxly5q
Mar 25, 2026 19:08:53.712 [281473332404448] DEBUG - [Req#26f/Transcode] Streaming Resource: Reached Decision id=43 codes=(MDE=1000,Direct play OK.) media=(id=89 part=(id=89 decision=direct play protocol=hls streams=(Video=(id=589 decision= width=1920 height=1072) Audio=(id=590 decision= channels=0 rate=0))))
Mar 25, 2026 19:08:53.713 [281473408512224] DEBUG - Completed: [192.168.97.1:56011] 200 GET /video/:/transcode/universal/decision?directPlay=1&directStream=1&directStreamAudio=1&protocol=hls&fastSeek=1&path=%2Flibrary%2Fmetadata%2F43&session=7d68c1d0-4d47-431f-8c0c-a84d7ffeccd4&mediaIndex=0&partIndex=0&mediaBufferSize=50000&hasMDE=1&subtitleSize=0&videoQuality=100&videoResolution=&audioBoost=100&autoAdjustSubtitle=1&boostDialog=0&normalizeLoudness=0&subtitles=none&location=lan (10 live) #26f TLS GZIP 7ms 5741 bytes (pipelined: 3)
Mar 25, 2026 19:08:53.722 [281473408512224] DEBUG - Completed: [192.168.97.1:28178] 200 GET /photo/:/transcode?width=1920&height=1920&minSize=0&url=%2Flibrary%2Fmetadata%2F43%2FsquareArt%2F1774461038&format=jpeg (10 live) #264 TLS GZIP 75ms 306184 bytes (pipelined: 1)
Mar 25, 2026 19:08:53.817 [281473406402784] DEBUG - Auth: authenticated user 738871968 as caterinaalomar
Mar 25, 2026 19:08:53.818 [281473342951648] DEBUG - Request: [192.168.97.1:56011 (Subnet)] GET /:/timeline?key=%2Flibrary%2Fmetadata%2F43&ratingKey=43&playQueueItemID=82&duration=5712704&time=0&playbackTime=454&hasMDE=1&context=library.recommended%3Ahub.movie.recentlyadded&row=1&col=1&state=buffering (10 live) #273 TLS GZIP Signed-in Token (caterinaalomar)
Mar 25, 2026 19:08:53.818 [281473342951648] DEBUG - [Req#273] Client [63b8in4wqenkfalom7sxly5q] reporting timeline state buffering, progress of 0/5712704ms for guid=, playbackTime=454ms ratingKey=43 url=, key=/library/metadata/43, containerKey=, metadataId=43, source=
Mar 25, 2026 19:08:53.820 [281473342951648] DEBUG - [Req#273] It took 0.000000 ms to retrieve 112 items.
Mar 25, 2026 19:08:53.821 [281473342951648] DEBUG - [Req#273] We're going to try to auto-select an audio stream for account 738871968.
Mar 25, 2026 19:08:53.821 [281473342951648] DEBUG - [Req#273] Selecting best audio stream for part ID 89 (language: en)
Mar 25, 2026 19:08:53.821 [281473342951648] DEBUG - [Req#273] We're going to try to auto-select a subtitle for account 738871968.
Mar 25, 2026 19:08:53.821 [281473342951648] DEBUG - [Req#273] Audio Stream: 590, Subtitle Stream: -1
Mar 25, 2026 19:08:53.822 [281473342951648] DEBUG - [Req#273] [Now] User is caterinaalomar (ID: 738871968)
Mar 25, 2026 19:08:53.822 [281473342951648] DEBUG - [Req#273] [Now] Device is iOS (iPhone).
Mar 25, 2026 19:08:53.824 [281473342951648] DEBUG - [Req#273] [Now] Profile is iOS
Mar 25, 2026 19:08:53.824 [281473342951648] DEBUG - [Req#273] [Now] Updated play state for /library/metadata/43.
Mar 25, 2026 19:08:53.824 [281473342951648] DEBUG - [Req#273] Statistics: (63b8in4wqenkfalom7sxly5q) Reporting active playback in state 2 of type 1 (scrobble: 0) for account 738871968
Mar 25, 2026 19:08:53.827 [281473406402784] DEBUG - Auth: authenticated user 738871968 as caterinaalomar
Mar 25, 2026 19:08:53.827 [281473332404448] DEBUG - Request: [192.168.97.1:21913 (Subnet)] GET /library/metadata/43/thumb/1774461038 (11 live) #270 TLS GZIP Signed-in Token (caterinaalomar)
Mar 25, 2026 19:08:53.827 [281473408512224] DEBUG - Completed: [192.168.97.1:56011] 200 GET /:/timeline?key=%2Flibrary%2Fmetadata%2F43&ratingKey=43&playQueueItemID=82&duration=5712704&time=0&playbackTime=454&hasMDE=1&context=library.recommended%3Ahub.movie.recentlyadded&row=1&col=1&state=buffering (11 live) #273 TLS GZIP 9ms 476 bytes (pipelined: 4)
Mar 25, 2026 19:08:53.830 [281473332404448] DEBUG - [Req#270] It took 0.000000 ms to retrieve 112 items.
Mar 25, 2026 19:08:53.831 [281473332404448] DEBUG - [Req#270] Calculated media file path for path [metadata://posters/tv.plex.agents.movie_bac811c93e3f66854e68bb72f819a249ac37d5ea]: ["/config/Library/Application Support/Plex Media Server/Metadata/Movies/5/c5a6e79464c96d6e1be4b3d6bdf865c2e258df6.bundle/Contents/_combined/posters/tv.plex.agents.movie_bac811c93e3f66854e68bb72f819a249ac37d5ea"]
Mar 25, 2026 19:08:53.831 [281473332404448] DEBUG - Content-Length of /config/Library/Application Support/Plex Media Server/Metadata/Movies/5/c5a6e79464c96d6e1be4b3d6bdf865c2e258df6.bundle/Contents/_combined/posters/tv.plex.agents.movie_bac811c93e3f66854e68bb72f819a249ac37d5ea is 105161 (of total: 105161).
Mar 25, 2026 19:08:53.832 [281473408512224] DEBUG - Completed: [192.168.97.1:21913] 200 GET /library/metadata/43/thumb/1774461038 (11 live) #270 TLS GZIP 4ms 105161 bytes (pipelined: 3)
Mar 25, 2026 19:08:53.837 [281473349279968] DEBUG - Request: [192.168.97.1:49393 (Subnet)] GET /status/sessions (12 live) #277 GZIP Signed-in Token (oscar.p46)
Mar 25, 2026 19:08:53.837 [281473349279968] DEBUG - [Req#277] [Now] Adding 1 sessions.
Mar 25, 2026 19:08:53.837 [281473406402784] DEBUG - Completed: [192.168.97.1:49393] 200 GET /status/sessions (12 live) #277 GZIP 0ms 478 bytes (pipelined: 1)
Mar 25, 2026 19:08:53.845 [281473406402784] DEBUG - Auth: authenticated user 738871968 as caterinaalomar
Mar 25, 2026 19:08:53.845 [281473342951648] DEBUG - Request: [192.168.97.1:49768 (Subnet)] GET /library/parts/89/1774460983/file.mp4 (12 live) #265 TLS Signed-in Token (caterinaalomar) (range: bytes=0-) 
Mar 25, 2026 19:08:53.845 [281473342951648] DEBUG - Content-Length of /movies/A Cinderella Story (2004)/A Cinderella Story (2004) Bluray-1080p.mp4 is 1884683394 (of total: 1884683394).
Mar 25, 2026 19:08:54.685 [281473408512224] DEBUG - Auth: authenticated user 738871968 as caterinaalomar
Mar 25, 2026 19:08:54.685 [281473332404448] DEBUG - Request: [192.168.97.1:56011 (Subnet)] GET /:/timeline?key=%2Flibrary%2Fmetadata%2F43&ratingKey=43&playQueueItemID=82&duration=5712704&time=0&playbackTime=1319&hasMDE=1&context=library.recommended%3Ahub.movie.recentlyadded&row=1&col=1&state=paused (12 live) #27c TLS GZIP Signed-in Token (caterinaalomar)
Mar 25, 2026 19:08:54.686 [281473332404448] DEBUG - [Req#27c] Client [63b8in4wqenkfalom7sxly5q] reporting timeline state paused, progress of 0/5712704ms for guid=, playbackTime=1319ms ratingKey=43 url=, key=/library/metadata/43, containerKey=, metadataId=43, source=
Mar 25, 2026 19:08:54.694 [281473332404448] DEBUG - [Req#27c] It took 0.000000 ms to retrieve 112 items.
Mar 25, 2026 19:08:54.695 [281473332404448] DEBUG - [Req#27c] [Now] User is caterinaalomar (ID: 738871968)
Mar 25, 2026 19:08:54.695 [281473332404448] DEBUG - [Req#27c] [Now] Device is iOS (iPhone).
Mar 25, 2026 19:08:54.696 [281473332404448] DEBUG - [Req#27c] [Now] Profile is iOS
Mar 25, 2026 19:08:54.696 [281473332404448] DEBUG - [Req#27c] [Now] Updated play state for /library/metadata/43.
Mar 25, 2026 19:08:54.696 [281473332404448] DEBUG - [Req#27c] Statistics: (63b8in4wqenkfalom7sxly5q) Reporting active playback in state 1 of type 1 (scrobble: 0) for account 738871968
Mar 25, 2026 19:08:54.698 [281473408512224] DEBUG - Completed: [192.168.97.1:56011] 200 GET /:/timeline?key=%2Flibrary%2Fmetadata%2F43&ratingKey=43&playQueueItemID=82&duration=5712704&time=0&playbackTime=1319&hasMDE=1&context=library.recommended%3Ahub.movie.recentlyadded&row=1&col=1&state=paused (12 live) #27c TLS GZIP 12ms 476 bytes (pipelined: 5)
Mar 25, 2026 19:08:54.703 [281473349279968] DEBUG - Request: [192.168.97.1:49393 (Subnet)] GET /status/sessions (12 live) #27f GZIP Signed-in Token (oscar.p46)
Mar 25, 2026 19:08:54.703 [281473349279968] DEBUG - [Req#27f] [Now] Adding 1 sessions.
Mar 25, 2026 19:08:54.704 [281473408512224] DEBUG - Completed: [192.168.97.1:49393] 200 GET /status/sessions (12 live) #27f GZIP 0ms 478 bytes (pipelined: 2)
Mar 25, 2026 19:08:55.285 [281473406402784] DEBUG - Auth: authenticated user 738871968 as caterinaalomar
Mar 25, 2026 19:08:55.285 [281473332404448] DEBUG - Request: [192.168.97.1:56011 (Subnet)] GET /:/timeline?key=%2Flibrary%2Fmetadata%2F43&ratingKey=43&playQueueItemID=82&duration=5712704&time=0&playbackTime=1920&hasMDE=1&context=library.recommended%3Ahub.movie.recentlyadded&row=1&col=1&state=buffering (12 live) #284 TLS GZIP Signed-in Token (caterinaalomar)
Mar 25, 2026 19:08:55.286 [281473408512224] DEBUG - Auth: authenticated user 738871968 as caterinaalomar
Mar 25, 2026 19:08:55.286 [281473332404448] DEBUG - [Req#284] Client [63b8in4wqenkfalom7sxly5q] reporting timeline state buffering, progress of 0/5712704ms for guid=, playbackTime=1920ms ratingKey=43 url=, key=/library/metadata/43, containerKey=, metadataId=43, source=
Mar 25, 2026 19:08:55.287 [281473349279968] DEBUG - Request: [192.168.97.1:21913 (Subnet)] GET /:/timeline?key=%2Flibrary%2Fmetadata%2F43&ratingKey=43&playQueueItemID=82&duration=5712704&time=0&playbackTime=1921&hasMDE=1&context=library.recommended%3Ahub.movie.recentlyadded&row=1&col=1&state=buffering (12 live) #27d TLS GZIP Signed-in Token (caterinaalomar)
Mar 25, 2026 19:08:55.287 [281473408512224] DEBUG - Auth: authenticated user 738871968 as caterinaalomar
Mar 25, 2026 19:08:55.287 [281473342951648] DEBUG - Request: [192.168.97.1:22955 (Subnet)] GET /:/timeline?key=%2Flibrary%2Fmetadata%2F43&ratingKey=43&playQueueItemID=82&duration=5712704&time=0&playbackTime=1922&hasMDE=1&context=library.recommended%3Ahub.movie.recentlyadded&row=1&col=1&state=buffering (12 live) #268 TLS GZIP Signed-in Token (caterinaalomar)
Mar 25, 2026 19:08:55.287 [281473332404448] DEBUG - [Req#284] [Now] User is caterinaalomar (ID: 738871968)
Mar 25, 2026 19:08:55.288 [281473332404448] DEBUG - [Req#284] [Now] Device is iOS (iPhone).
Mar 25, 2026 19:08:55.288 [281473349279968] DEBUG - [Req#27d] Client [63b8in4wqenkfalom7sxly5q] reporting timeline state buffering, progress of 0/5712704ms for guid=, playbackTime=1921ms ratingKey=43 url=, key=/library/metadata/43, containerKey=, metadataId=43, source=
Mar 25, 2026 19:08:55.288 [281473342951648] DEBUG - [Req#268] Client [63b8in4wqenkfalom7sxly5q] reporting timeline state buffering, progress of 0/5712704ms for guid=, playbackTime=1922ms ratingKey=43 url=, key=/library/metadata/43, containerKey=, metadataId=43, source=
Mar 25, 2026 19:08:55.289 [281473332404448] DEBUG - [Req#284] [Now] Profile is iOS
Mar 25, 2026 19:08:55.289 [281473332404448] DEBUG - [Req#284] [Now] Updated play state for /library/metadata/43.
Mar 25, 2026 19:08:55.289 [281473332404448] DEBUG - [Req#284] Statistics: (63b8in4wqenkfalom7sxly5q) Reporting active playback in state 2 of type 1 (scrobble: 0) for account 738871968
Mar 25, 2026 19:08:55.290 [281473342951648] DEBUG - [Req#268] [Now] User is caterinaalomar (ID: 738871968)
Mar 25, 2026 19:08:55.291 [281473342951648] DEBUG - [Req#268] [Now] Device is iOS (iPhone).
Mar 25, 2026 19:08:55.291 [281473408512224] DEBUG - Completed: [192.168.97.1:56011] 200 GET /:/timeline?key=%2Flibrary%2Fmetadata%2F43&ratingKey=43&playQueueItemID=82&duration=5712704&time=0&playbackTime=1920&hasMDE=1&context=library.recommended%3Ahub.movie.recentlyadded&row=1&col=1&state=buffering (12 live) #284 TLS GZIP 6ms 476 bytes (pipelined: 6)
Mar 25, 2026 19:08:55.292 [281473342951648] DEBUG - [Req#268] [Now] Profile is iOS
Mar 25, 2026 19:08:55.292 [281473342951648] DEBUG - [Req#268] [Now] Updated play state for /library/metadata/43.
Mar 25, 2026 19:08:55.292 [281473342951648] DEBUG - [Req#268] Statistics: (63b8in4wqenkfalom7sxly5q) Reporting active playback in state 2 of type 1 (scrobble: 0) for account 738871968
Mar 25, 2026 19:08:55.293 [281473349279968] DEBUG - [Req#27d] [Now] User is caterinaalomar (ID: 738871968)
Mar 25, 2026 19:08:55.294 [281473349279968] DEBUG - [Req#27d] [Now] Device is iOS (iPhone).
Mar 25, 2026 19:08:55.294 [281473406402784] DEBUG - Completed: [192.168.97.1:22955] 200 GET /:/timeline?key=%2Flibrary%2Fmetadata%2F43&ratingKey=43&playQueueItemID=82&duration=5712704&time=0&playbackTime=1922&hasMDE=1&context=library.recommended%3Ahub.movie.recentlyadded&row=1&col=1&state=buffering (12 live) #268 TLS GZIP 7ms 476 bytes (pipelined: 2)
Mar 25, 2026 19:08:55.294 [281473349279968] DEBUG - [Req#27d] [Now] Profile is iOS
Mar 25, 2026 19:08:55.294 [281473349279968] DEBUG - [Req#27d] [Now] Updated play state for /library/metadata/43.
Mar 25, 2026 19:08:55.294 [281473349279968] DEBUG - [Req#27d] Statistics: (63b8in4wqenkfalom7sxly5q) Reporting active playback in state 2 of type 1 (scrobble: 0) for account 738871968
Mar 25, 2026 19:08:55.297 [281473332404448] DEBUG - Request: [192.168.97.1:49393 (Subnet)] GET /status/sessions (12 live) #285 GZIP Signed-in Token (oscar.p46)
Mar 25, 2026 19:08:55.298 [281473332404448] DEBUG - [Req#285] [Now] Adding 1 sessions.
Mar 25, 2026 19:08:55.299 [281473408512224] DEBUG - Completed: [192.168.97.1:49393] 200 GET /status/sessions (12 live) #285 GZIP 1ms 478 bytes (pipelined: 3)
Mar 25, 2026 19:08:55.299 [281473406402784] DEBUG - Completed: [192.168.97.1:21913] 200 GET /:/timeline?key=%2Flibrary%2Fmetadata%2F43&ratingKey=43&playQueueItemID=82&duration=5712704&time=0&playbackTime=1921&hasMDE=1&context=library.recommended%3Ahub.movie.recentlyadded&row=1&col=1&state=buffering (12 live) #27d TLS GZIP 12ms 476 bytes (pipelined: 4)
Mar 25, 2026 19:08:55.374 [281473406402784] DEBUG - Auth: authenticated user 738871968 as caterinaalomar
Mar 25, 2026 19:08:55.375 [281473342951648] DEBUG - Request: [192.168.97.1:56011 (Subnet)] GET /:/timeline?key=%2Flibrary%2Fmetadata%2F43&ratingKey=43&playQueueItemID=82&duration=5712704&time=0&playbackTime=2010&hasMDE=1&context=library.recommended%3Ahub.movie.recentlyadded&row=1&col=1&state=playing (12 live) #28a TLS GZIP Signed-in Token (caterinaalomar)
Mar 25, 2026 19:08:55.375 [281473342951648] DEBUG - [Req#28a] Client [63b8in4wqenkfalom7sxly5q] reporting timeline state playing, progress of 0/5712704ms for guid=, playbackTime=2010ms ratingKey=43 url=, key=/library/metadata/43, containerKey=, metadataId=43, source=
Mar 25, 2026 19:08:55.380 [281473342951648] DEBUG - [Req#28a] It took 0.000000 ms to retrieve 112 items.
Mar 25, 2026 19:08:55.380 [281473342951648] DEBUG - [Req#28a] [Now] User is caterinaalomar (ID: 738871968)
Mar 25, 2026 19:08:55.381 [281473342951648] DEBUG - [Req#28a] [Now] Device is iOS (iPhone).
Mar 25, 2026 19:08:55.381 [281473342951648] DEBUG - [Req#28a] [Now] Profile is iOS
Mar 25, 2026 19:08:55.381 [281473342951648] DEBUG - [Req#28a] [Now] Updated play state for /library/metadata/43.
Mar 25, 2026 19:08:55.381 [281473342951648] DEBUG - [Req#28a] Statistics: (63b8in4wqenkfalom7sxly5q) Reporting active playback in state 0 of type 1 (scrobble: 0) for account 738871968
Mar 25, 2026 19:08:55.382 [281473406402784] DEBUG - Completed: [192.168.97.1:56011] 200 GET /:/timeline?key=%2Flibrary%2Fmetadata%2F43&ratingKey=43&playQueueItemID=82&duration=5712704&time=0&playbackTime=2010&hasMDE=1&context=library.recommended%3Ahub.movie.recentlyadded&row=1&col=1&state=playing (12 live) #28a TLS GZIP 7ms 476 bytes (pipelined: 7)
Mar 25, 2026 19:08:55.386 [281473332404448] DEBUG - Request: [192.168.97.1:49393 (Subnet)] GET /status/sessions (12 live) #294 GZIP Signed-in Token (oscar.p46)
Mar 25, 2026 19:08:55.386 [281473332404448] DEBUG - [Req#294] [Now] Adding 1 sessions.
Mar 25, 2026 19:08:55.388 [281473406402784] DEBUG - Completed: [192.168.97.1:49393] 200 GET /status/sessions (12 live) #294 GZIP 2ms 6036 bytes (pipelined: 4)
Mar 25, 2026 19:08:56.829 [281473408512224] DEBUG - Auth: authenticated user 738871968 as caterinaalomar
Mar 25, 2026 19:08:56.829 [281473349279968] DEBUG - Request: [192.168.97.1:56011 (Subnet)] GET /hubs/metadata/43/postplay (10 live) #29a TLS GZIP Signed-in Token (caterinaalomar)
Mar 25, 2026 19:08:56.837 [281473349279968] DEBUG - [Req#29a] It took 0.000000 ms to retrieve 112 items.
Mar 25, 2026 19:08:56.859 [281473349279968] DEBUG - We're going to try to auto-select an audio stream for account 738871968.
Mar 25, 2026 19:08:56.860 [281473349279968] DEBUG - Selecting best audio stream for part ID 67 (language: en)
Mar 25, 2026 19:08:56.860 [281473349279968] DEBUG - We're going to try to auto-select a subtitle for account 738871968.
Mar 25, 2026 19:08:56.860 [281473349279968] DEBUG - Audio Stream: 546, Subtitle Stream: -1
Mar 25, 2026 19:08:56.861 [281473408512224] DEBUG - Completed: [192.168.97.1:56011] 200 GET /hubs/metadata/43/postplay (10 live) #29a TLS GZIP 32ms 4667 bytes (pipelined: 8)
Mar 25, 2026 19:08:57.362 [281473408512224] DEBUG - Auth: authenticated user 738871968 as caterinaalomar
Mar 25, 2026 19:08:57.363 [281473342951648] DEBUG - Request: [192.168.97.1:56011 (Subnet)] GET /media/providers (10 live) #29e TLS GZIP Signed-in Token (caterinaalomar)
Mar 25, 2026 19:08:57.367 [281473406402784] DEBUG - Completed: [192.168.97.1:56011] 200 GET /media/providers (10 live) #29e TLS GZIP 4ms 4517 bytes (pipelined: 9)
Mar 25, 2026 19:09:04.699 [281473406402784] DEBUG - Auth: authenticated user 738871968 as caterinaalomar
Mar 25, 2026 19:09:04.699 [281473349279968] DEBUG - Request: [192.168.97.1:56011 (Subnet)] GET /:/timeline?key=%2Flibrary%2Fmetadata%2F43&ratingKey=43&playQueueItemID=82&duration=5712704&time=8408&playbackTime=11325&hasMDE=1&context=library.recommended%3Ahub.movie.recentlyadded&row=1&col=1&state=playing (10 live) #2a0 TLS GZIP Signed-in Token (caterinaalomar)
Mar 25, 2026 19:09:04.701 [281473349279968] DEBUG - [Req#2a0] Client [63b8in4wqenkfalom7sxly5q] reporting timeline state playing, progress of 8408/5712704ms for guid=, playbackTime=11325ms ratingKey=43 url=, key=/library/metadata/43, containerKey=, metadataId=43, source=
Mar 25, 2026 19:09:04.702 [281473349279968] DEBUG - [Req#2a0] [Now] User is caterinaalomar (ID: 738871968)
Mar 25, 2026 19:09:04.702 [281473349279968] DEBUG - [Req#2a0] [Now] Device is iOS (iPhone).
Mar 25, 2026 19:09:04.702 [281473349279968] DEBUG - [Req#2a0] [Now] Profile is iOS
Mar 25, 2026 19:09:04.702 [281473349279968] DEBUG - [Req#2a0] [Now] Updated play state for /library/metadata/43.
Mar 25, 2026 19:09:04.703 [281473349279968] DEBUG - [Req#2a0] Statistics: (63b8in4wqenkfalom7sxly5q) Reporting active playback in state 0 of type 1 (scrobble: 0) for account 738871968
Mar 25, 2026 19:09:04.706 [281473406402784] DEBUG - Completed: [192.168.97.1:56011] 200 GET /:/timeline?key=%2Flibrary%2Fmetadata%2F43&ratingKey=43&playQueueItemID=82&duration=5712704&time=8408&playbackTime=11325&hasMDE=1&context=library.recommended%3Ahub.movie.recentlyadded&row=1&col=1&state=playing (10 live) #2a0 TLS GZIP 7ms 476 bytes (pipelined: 10)
Mar 25, 2026 19:09:14.720 [281473408512224] DEBUG - Auth: authenticated user 738871968 as caterinaalomar
Mar 25, 2026 19:09:14.721 [281473349279968] DEBUG - Request: [192.168.97.1:56011 (Subnet)] GET /:/timeline?key=%2Flibrary%2Fmetadata%2F43&ratingKey=43&playQueueItemID=82&duration=5712704&time=18413&playbackTime=21346&hasMDE=1&context=library.recommended%3Ahub.movie.recentlyadded&row=1&col=1&state=playing (8 live) #2a5 TLS GZIP Signed-in Token (caterinaalomar)
Mar 25, 2026 19:09:14.722 [281473349279968] DEBUG - [Req#2a5] Client [63b8in4wqenkfalom7sxly5q] reporting timeline state playing, progress of 18413/5712704ms for guid=, playbackTime=21346ms ratingKey=43 url=, key=/library/metadata/43, containerKey=, metadataId=43, source=
Mar 25, 2026 19:09:14.722 [281473349279968] DEBUG - [Req#2a5] [Now] User is caterinaalomar (ID: 738871968)
Mar 25, 2026 19:09:14.722 [281473349279968] DEBUG - [Req#2a5] [Now] Device is iOS (iPhone).
Mar 25, 2026 19:09:14.723 [281473349279968] DEBUG - [Req#2a5] [Now] Profile is iOS
Mar 25, 2026 19:09:14.723 [281473349279968] DEBUG - [Req#2a5] [Now] Updated play state for /library/metadata/43.
Mar 25, 2026 19:09:14.724 [281473349279968] DEBUG - [Req#2a5] Statistics: (63b8in4wqenkfalom7sxly5q) Reporting active playback in state 0 of type 1 (scrobble: 0) for account 738871968
Mar 25, 2026 19:09:14.727 [281473408512224] DEBUG - Completed: [192.168.97.1:56011] 200 GET /:/timeline?key=%2Flibrary%2Fmetadata%2F43&ratingKey=43&playQueueItemID=82&duration=5712704&time=18413&playbackTime=21346&hasMDE=1&context=library.recommended%3Ahub.movie.recentlyadded&row=1&col=1&state=playing (8 live) #2a5 TLS GZIP 6ms 476 bytes (pipelined: 11)
Mar 25, 2026 19:09:18.528 [281473408512224] DEBUG - Auth: authenticated user 738871968 as caterinaalomar
Mar 25, 2026 19:09:18.528 [281473349279968] DEBUG - Request: [192.168.97.1:56011 (Subnet)] GET /:/timeline?key=%2Flibrary%2Fmetadata%2F43&ratingKey=43&playQueueItemID=82&duration=5712704&time=22424&playbackTime=25158&hasMDE=1&context=library.recommended%3Ahub.movie.recentlyadded&row=1&col=1&state=paused (5 live) #2ac TLS GZIP Signed-in Token (caterinaalomar)
Mar 25, 2026 19:09:18.529 [281473349279968] DEBUG - [Req#2ac] Client [63b8in4wqenkfalom7sxly5q] reporting timeline state paused, progress of 22424/5712704ms for guid=, playbackTime=25158ms ratingKey=43 url=, key=/library/metadata/43, containerKey=, metadataId=43, source=
Mar 25, 2026 19:09:18.536 [281473349279968] DEBUG - [Req#2ac] It took 0.000000 ms to retrieve 112 items.
Mar 25, 2026 19:09:18.538 [281473349279968] DEBUG - [Req#2ac] [Now] User is caterinaalomar (ID: 738871968)
Mar 25, 2026 19:09:18.538 [281473349279968] DEBUG - [Req#2ac] [Now] Device is iOS (iPhone).
Mar 25, 2026 19:09:18.538 [281473349279968] DEBUG - [Req#2ac] [Now] Profile is iOS
Mar 25, 2026 19:09:18.538 [281473349279968] DEBUG - [Req#2ac] [Now] Updated play state for /library/metadata/43.
Mar 25, 2026 19:09:18.539 [281473349279968] DEBUG - [Req#2ac] Statistics: (63b8in4wqenkfalom7sxly5q) Reporting active playback in state 1 of type 1 (scrobble: 0) for account 738871968
Mar 25, 2026 19:09:18.541 [281473408512224] DEBUG - Completed: [192.168.97.1:56011] 200 GET /:/timeline?key=%2Flibrary%2Fmetadata%2F43&ratingKey=43&playQueueItemID=82&duration=5712704&time=22424&playbackTime=25158&hasMDE=1&context=library.recommended%3Ahub.movie.recentlyadded&row=1&col=1&state=paused (5 live) #2ac TLS GZIP 13ms 476 bytes (pipelined: 12)
Mar 25, 2026 19:09:19.408 [281473408512224] DEBUG - Auth: authenticated user 738871968 as caterinaalomar
Mar 25, 2026 19:09:19.408 [281473349279968] DEBUG - Request: [192.168.97.1:54320 (Subnet)] GET /library/parts/89/1774460983/file.mp4 (6 live) #27e TLS Signed-in Token (caterinaalomar) (range: bytes=747983493-) 
Mar 25, 2026 19:09:19.409 [281473349279968] DEBUG - Content-Length of /movies/A Cinderella Story (2004)/A Cinderella Story (2004) Bluray-1080p.mp4 is 1136699901 (of total: 1884683394).
Mar 25, 2026 19:09:19.413 [281473408512224] DEBUG - Failed to stream media, client probably disconnected after 31014912 bytes: 32 - Broken pipe
Mar 25, 2026 19:09:19.413 [281473408512224] DEBUG - Completed after connection close: [192.168.97.1:49768] 206 GET /library/parts/89/1774460983/file.mp4 (6 live) #265 TLS 25567ms 31014912 bytes (range: bytes=0-) 
Mar 25, 2026 19:09:19.453 [281473406402784] DEBUG - Auth: authenticated user 738871968 as caterinaalomar
Mar 25, 2026 19:09:19.453 [281473349279968] DEBUG - Request: [192.168.97.1:56011 (Subnet)] GET /:/timeline?key=%2Flibrary%2Fmetadata%2F43&ratingKey=43&playQueueItemID=82&duration=5712704&time=22424&playbackTime=26087&hasMDE=1&context=library.recommended%3Ahub.movie.recentlyadded&row=1&col=1&state=playing (5 live) #2b4 TLS GZIP Signed-in Token (caterinaalomar)
Mar 25, 2026 19:09:19.453 [281473349279968] DEBUG - [Req#2b4] Client [63b8in4wqenkfalom7sxly5q] reporting timeline state playing, progress of 22424/5712704ms for guid=, playbackTime=26087ms ratingKey=43 url=, key=/library/metadata/43, containerKey=, metadataId=43, source=
Mar 25, 2026 19:09:19.455 [281473349279968] DEBUG - [Req#2b4] It took 0.000000 ms to retrieve 112 items.
Mar 25, 2026 19:09:19.456 [281473349279968] DEBUG - [Req#2b4] [Now] User is caterinaalomar (ID: 738871968)
Mar 25, 2026 19:09:19.456 [281473349279968] DEBUG - [Req#2b4] [Now] Device is iOS (iPhone).
Mar 25, 2026 19:09:19.456 [281473349279968] DEBUG - [Req#2b4] [Now] Profile is iOS
Mar 25, 2026 19:09:19.456 [281473349279968] DEBUG - [Req#2b4] [Now] Updated play state for /library/metadata/43.
Mar 25, 2026 19:09:19.456 [281473349279968] DEBUG - [Req#2b4] Statistics: (63b8in4wqenkfalom7sxly5q) Reporting active playback in state 0 of type 1 (scrobble: 0) for account 738871968
Mar 25, 2026 19:09:19.457 [281473406402784] DEBUG - Completed: [192.168.97.1:56011] 200 GET /:/timeline?key=%2Flibrary%2Fmetadata%2F43&ratingKey=43&playQueueItemID=82&duration=5712704&time=22424&playbackTime=26087&hasMDE=1&context=library.recommended%3Ahub.movie.recentlyadded&row=1&col=1&state=playing (5 live) #2b4 TLS GZIP 4ms 476 bytes (pipelined: 13)
Mar 25, 2026 19:09:22.410 [281473408512224] DEBUG - Auth: authenticated user 738871968 as caterinaalomar
Mar 25, 2026 19:09:22.410 [281473349279968] DEBUG - Request: [192.168.97.1:56011 (Subnet)] GET /media/providers (5 live) #2bb TLS GZIP Signed-in Token (caterinaalomar)
Mar 25, 2026 19:09:22.415 [281473408512224] DEBUG - Completed: [192.168.97.1:56011] 200 GET /media/providers (5 live) #2bb TLS GZIP 4ms 4517 bytes (pipelined: 14)
Mar 25, 2026 19:09:24.742 [281473406402784] DEBUG - Auth: authenticated user 738871968 as caterinaalomar
Mar 25, 2026 19:09:24.742 [281473349279968] DEBUG - Request: [192.168.97.1:56011 (Subnet)] GET /:/timeline?key=%2Flibrary%2Fmetadata%2F43&ratingKey=43&playQueueItemID=82&duration=5712704&time=2194029&playbackTime=31369&hasMDE=1&context=library.recommended%3Ahub.movie.recentlyadded&row=1&col=1&state=playing (5 live) #2bd TLS GZIP Signed-in Token (caterinaalomar)
Mar 25, 2026 19:09:24.743 [281473349279968] DEBUG - [Req#2bd] Client [63b8in4wqenkfalom7sxly5q] reporting timeline state playing, progress of 2194029/5712704ms for guid=, playbackTime=31369ms ratingKey=43 url=, key=/library/metadata/43, containerKey=, metadataId=43, source=
Mar 25, 2026 19:09:24.748 [281473349279968] DEBUG - [Req#2bd] Play progress on 43 'Una Cenicienta moderna' - got played 2194029 ms by account 738871968!
Mar 25, 2026 19:09:24.748 [281473349279968] DEBUG - [Req#2bd] [Now] User is caterinaalomar (ID: 738871968)
Mar 25, 2026 19:09:24.748 [281473349279968] DEBUG - [Req#2bd] [Now] Device is iOS (iPhone).
Mar 25, 2026 19:09:24.748 [281473304981728] DEBUG - [Req#2bd] HubCache: Expiring '1/movie.recentlyadded.1/1/hubs/promoted/esexternal-media,indirect-media,hub-style-list/contentDirectoryID=1&count=12&excludeContinueWatching=1&excludeFields=summary&includeLibraryPlaylists=1&includeMeta=1&includeRecentChannels=1&includeStations=1&pinnedContentDirectoryID=1%2C2' because event plex.event.play.session.state.update referenced an item the hub contained
Mar 25, 2026 19:09:24.748 [281473304981728] DEBUG - [Req#2bd] HubCache: Expiring '738871968/movie.inprogress.1/1/hubs/sections/1/enexternal-media,indirect-media/count=20&excludeElements=Actor%2CCollection%2CCountry%2CDirector%2CGenre%2CLabel%2CLocation%2CMood%2CPart%2CProducer%2CSimilar%2CPhoto%2CRole%2CVast%2CTopic%2CWriter&excludeFields=file%2Ctagline%2Csummary&includeLibraryPlaylists=1&includeStations=1' because of event plex.event.play.session.state.update.
Mar 25, 2026 19:09:24.748 [281473304981728] DEBUG - [Req#2bd] HubCache: Expiring '738871968/movie.recentlyadded.1/1/hubs/sections/1/enexternal-media,indirect-media/count=20&excludeElements=Actor%2CCollection%2CCountry%2CDirector%2CGenre%2CLabel%2CLocation%2CMood%2CPart%2CProducer%2CSimilar%2CPhoto%2CRole%2CVast%2CTopic%2CWriter&excludeFields=file%2Ctagline%2Csummary&includeLibraryPlaylists=1&includeStations=1' because event plex.event.play.session.state.update referenced an item the hub contained
Mar 25, 2026 19:09:24.748 [281473304981728] DEBUG - [Req#2bd] HubCache: Expiring '738871968/movie.recentlyviewed.1/1/hubs/sections/1/enexternal-media,indirect-media/count=20&excludeElements=Actor%2CCollection%2CCountry%2CDirector%2CGenre%2CLabel%2CLocation%2CMood%2CPart%2CProducer%2CSimilar%2CPhoto%2CRole%2CVast%2CTopic%2CWriter&excludeFields=file%2Ctagline%2Csummary&includeLibraryPlaylists=1&includeStations=1' because of event plex.event.play.session.state.update.
Mar 25, 2026 19:09:24.748 [281473304981728] DEBUG - [Req#2bd] HubCache: Expiring '738871968/movie.topunwatched.1/1/hubs/sections/1/enexternal-media,indirect-media/count=20&excludeElements=Actor%2CCollection%2CCountry%2CDirector%2CGenre%2CLabel%2CLocation%2CMood%2CPart%2CProducer%2CSimilar%2CPhoto%2CRole%2CVast%2CTopic%2CWriter&excludeFields=file%2Ctagline%2Csummary&includeLibraryPlaylists=1&includeStations=1' because of event plex.event.play.session.state.update.
Mar 25, 2026 19:09:24.749 [281473349279968] DEBUG - [Req#2bd] [Now] Profile is iOS
Mar 25, 2026 19:09:24.749 [281473349279968] DEBUG - [Req#2bd] [Now] Updated play state for /library/metadata/43.
Mar 25, 2026 19:09:24.749 [281473349279968] DEBUG - [Req#2bd] Statistics: (63b8in4wqenkfalom7sxly5q) Reporting active playback in state 0 of type 1 (scrobble: 0) for account 738871968
Mar 25, 2026 19:09:24.751 [281473406402784] DEBUG - Completed: [192.168.97.1:56011] 200 GET /:/timeline?key=%2Flibrary%2Fmetadata%2F43&ratingKey=43&playQueueItemID=82&duration=5712704&time=2194029&playbackTime=31369&hasMDE=1&context=library.recommended%3Ahub.movie.recentlyadded&row=1&col=1&state=playing (5 live) #2bd TLS GZIP 8ms 503 bytes (pipelined: 15)
Mar 25, 2026 19:09:32.028 [281473408512224] DEBUG - Auth: authenticated user 738871968 as caterinaalomar
Mar 25, 2026 19:09:32.028 [281473349279968] DEBUG - Request: [192.168.97.1:56011 (Subnet)] GET /:/timeline?key=%2Flibrary%2Fmetadata%2F43&ratingKey=43&playQueueItemID=82&duration=5712704&time=2202029&playbackTime=38658&hasMDE=1&context=library.recommended%3Ahub.movie.recentlyadded&row=1&col=1&state=paused (5 live) #2c2 TLS GZIP Signed-in Token (caterinaalomar)
Mar 25, 2026 19:09:32.037 [281473349279968] DEBUG - [Req#2c2] Client [63b8in4wqenkfalom7sxly5q] reporting timeline state paused, progress of 2202029/5712704ms for guid=, playbackTime=38658ms ratingKey=43 url=, key=/library/metadata/43, containerKey=, metadataId=43, source=
Mar 25, 2026 19:09:32.039 [281473349279968] DEBUG - [Req#2c2] Play progress on 43 'Una Cenicienta moderna' - got played 2202029 ms by account 738871968!
Mar 25, 2026 19:09:32.045 [281473349279968] DEBUG - [Req#2c2] It took 0.000000 ms to retrieve 112 items.
Mar 25, 2026 19:09:32.046 [281473349279968] DEBUG - [Req#2c2] [Now] User is caterinaalomar (ID: 738871968)
Mar 25, 2026 19:09:32.046 [281473349279968] DEBUG - [Req#2c2] [Now] Device is iOS (iPhone).
Mar 25, 2026 19:09:32.046 [281473349279968] DEBUG - [Req#2c2] [Now] Profile is iOS
Mar 25, 2026 19:09:32.046 [281473349279968] DEBUG - [Req#2c2] [Now] Updated play state for /library/metadata/43.
Mar 25, 2026 19:09:32.047 [281473349279968] DEBUG - [Req#2c2] Statistics: (63b8in4wqenkfalom7sxly5q) Reporting active playback in state 1 of type 1 (scrobble: 0) for account 738871968
Mar 25, 2026 19:09:32.048 [281473408512224] DEBUG - Completed: [192.168.97.1:56011] 200 GET /:/timeline?key=%2Flibrary%2Fmetadata%2F43&ratingKey=43&playQueueItemID=82&duration=5712704&time=2202029&playbackTime=38658&hasMDE=1&context=library.recommended%3Ahub.movie.recentlyadded&row=1&col=1&state=paused (5 live) #2c2 TLS GZIP 19ms 502 bytes (pipelined: 16)
Mar 25, 2026 19:09:32.475 [281473406402784] DEBUG - Auth: authenticated user 738871968 as caterinaalomar
Mar 25, 2026 19:09:32.475 [281473349279968] DEBUG - Request: [192.168.97.1:29853 (Subnet)] GET /library/parts/89/1774460983/file.mp4 (6 live) #2b5 TLS Signed-in Token (caterinaalomar) (range: bytes=1392589696-) 
Mar 25, 2026 19:09:32.478 [281473349279968] DEBUG - Content-Length of /movies/A Cinderella Story (2004)/A Cinderella Story (2004) Bluray-1080p.mp4 is 492093698 (of total: 1884683394).
Mar 25, 2026 19:09:32.483 [281473406402784] DEBUG - Failed to stream media, client probably disconnected after 26820608 bytes: 32 - Broken pipe
Mar 25, 2026 19:09:32.483 [281473406402784] DEBUG - Completed after connection close: [192.168.97.1:54320] 206 GET /library/parts/89/1774460983/file.mp4 (6 live) #27e TLS 13075ms 26820608 bytes (range: bytes=747983493-) 
Mar 25, 2026 19:09:32.510 [281473408512224] DEBUG - Auth: authenticated user 738871968 as caterinaalomar
Mar 25, 2026 19:09:32.510 [281473349279968] DEBUG - Request: [192.168.97.1:56011 (Subnet)] GET /:/timeline?key=%2Flibrary%2Fmetadata%2F43&ratingKey=43&playQueueItemID=82&duration=5712704&time=2202029&playbackTime=39142&hasMDE=1&context=library.recommended%3Ahub.movie.recentlyadded&row=1&col=1&state=playing (5 live) #2c7 TLS GZIP Signed-in Token (caterinaalomar)
Mar 25, 2026 19:09:32.510 [281473349279968] DEBUG - [Req#2c7] Client [63b8in4wqenkfalom7sxly5q] reporting timeline state playing, progress of 2202029/5712704ms for guid=, playbackTime=39142ms ratingKey=43 url=, key=/library/metadata/43, containerKey=, metadataId=43, source=
Mar 25, 2026 19:09:32.511 [281473349279968] DEBUG - [Req#2c7] Play progress on 43 'Una Cenicienta moderna' - got played 2202029 ms by account 738871968!
Mar 25, 2026 19:09:32.519 [281473349279968] DEBUG - [Req#2c7] It took 10.000000 ms to retrieve 112 items.
Mar 25, 2026 19:09:32.520 [281473349279968] DEBUG - [Req#2c7] [Now] User is caterinaalomar (ID: 738871968)
Mar 25, 2026 19:09:32.520 [281473349279968] DEBUG - [Req#2c7] [Now] Device is iOS (iPhone).
Mar 25, 2026 19:09:32.520 [281473349279968] DEBUG - [Req#2c7] [Now] Profile is iOS
Mar 25, 2026 19:09:32.520 [281473349279968] DEBUG - [Req#2c7] [Now] Updated play state for /library/metadata/43.
Mar 25, 2026 19:09:32.520 [281473349279968] DEBUG - [Req#2c7] Statistics: (63b8in4wqenkfalom7sxly5q) Reporting active playback in state 0 of type 1 (scrobble: 0) for account 738871968
Mar 25, 2026 19:09:32.522 [281473408512224] DEBUG - Completed: [192.168.97.1:56011] 200 GET /:/timeline?key=%2Flibrary%2Fmetadata%2F43&ratingKey=43&playQueueItemID=82&duration=5712704&time=2202029&playbackTime=39142&hasMDE=1&context=library.recommended%3Ahub.movie.recentlyadded&row=1&col=1&state=playing (5 live) #2c7 TLS GZIP 11ms 502 bytes (pipelined: 17)
Mar 25, 2026 19:09:32.626 [281473408512224] DEBUG - Auth: authenticated user 738871968 as caterinaalomar
Mar 25, 2026 19:09:32.626 [281473349279968] DEBUG - Request: [192.168.97.1:35455 (Subnet)] GET /:/timeline?key=%2Flibrary%2Fmetadata%2F43&ratingKey=43&playQueueItemID=82&duration=5712704&time=2202029&playbackTime=39165&hasMDE=1&context=library.recommended%3Ahub.movie.recentlyadded&row=1&col=1&state=buffering (6 live) #2c8 TLS GZIP Signed-in Token (caterinaalomar)
Mar 25, 2026 19:09:32.626 [281473406402784] DEBUG - Auth: authenticated user 738871968 as caterinaalomar
Mar 25, 2026 19:09:32.626 [281473277559008] DEBUG - Request: [192.168.97.1:56011 (Subnet)] GET /:/timeline?key=%2Flibrary%2Fmetadata%2F43&ratingKey=43&playQueueItemID=82&duration=5712704&time=4161104&playbackTime=39249&hasMDE=1&context=library.recommended%3Ahub.movie.recentlyadded&row=1&col=1&state=playing (6 live) #2ce TLS GZIP Signed-in Token (caterinaalomar)
Mar 25, 2026 19:09:32.626 [281473349279968] DEBUG - [Req#2c8] Client [63b8in4wqenkfalom7sxly5q] reporting timeline state buffering, progress of 2202029/5712704ms for guid=, playbackTime=39165ms ratingKey=43 url=, key=/library/metadata/43, containerKey=, metadataId=43, source=
Mar 25, 2026 19:09:32.627 [281473349279968] DEBUG - [Req#2c8] Play progress on 43 'Una Cenicienta moderna' - got played 2202029 ms by account 738871968!
Mar 25, 2026 19:09:32.627 [281473349279968] DEBUG - [Req#2c8] [Now] User is caterinaalomar (ID: 738871968)
Mar 25, 2026 19:09:32.627 [281473349279968] DEBUG - [Req#2c8] [Now] Device is iOS (iPhone).
Mar 25, 2026 19:09:32.627 [281473277559008] DEBUG - [Req#2ce] Client [63b8in4wqenkfalom7sxly5q] reporting timeline state playing, progress of 4161104/5712704ms for guid=, playbackTime=39249ms ratingKey=43 url=, key=/library/metadata/43, containerKey=, metadataId=43, source=
Mar 25, 2026 19:09:32.627 [281473277559008] DEBUG - [Req#2ce] Play progress on 43 'Una Cenicienta moderna' - got played 4161104 ms by account 738871968!
Mar 25, 2026 19:09:32.627 [281473349279968] DEBUG - [Req#2c8] [Now] Profile is iOS
Mar 25, 2026 19:09:32.627 [281473349279968] DEBUG - [Req#2c8] [Now] Updated play state for /library/metadata/43.
Mar 25, 2026 19:09:32.627 [281473349279968] DEBUG - [Req#2c8] Statistics: (63b8in4wqenkfalom7sxly5q) Reporting active playback in state 0 of type 1 (scrobble: 0) for account 738871968
Mar 25, 2026 19:09:32.629 [281473277559008] DEBUG - [Req#2ce] [Now] User is caterinaalomar (ID: 738871968)
Mar 25, 2026 19:09:32.629 [281473277559008] DEBUG - [Req#2ce] [Now] Device is iOS (iPhone).
Mar 25, 2026 19:09:32.629 [281473277559008] DEBUG - [Req#2ce] [Now] Profile is iOS
Mar 25, 2026 19:09:32.629 [281473277559008] DEBUG - [Req#2ce] [Now] Updated play state for /library/metadata/43.
Mar 25, 2026 19:09:32.629 [281473406402784] DEBUG - Completed: [192.168.97.1:35455] 200 GET /:/timeline?key=%2Flibrary%2Fmetadata%2F43&ratingKey=43&playQueueItemID=82&duration=5712704&time=2202029&playbackTime=39165&hasMDE=1&context=library.recommended%3Ahub.movie.recentlyadded&row=1&col=1&state=buffering (6 live) #2c8 TLS GZIP 3ms 503 bytes (pipelined: 1)
Mar 25, 2026 19:09:32.630 [281473277559008] DEBUG - [Req#2ce] Statistics: (63b8in4wqenkfalom7sxly5q) Reporting active playback in state 0 of type 1 (scrobble: 0) for account 738871968
Mar 25, 2026 19:09:32.630 [281473408512224] DEBUG - Completed: [192.168.97.1:56011] 200 GET /:/timeline?key=%2Flibrary%2Fmetadata%2F43&ratingKey=43&playQueueItemID=82&duration=5712704&time=4161104&playbackTime=39249&hasMDE=1&context=library.recommended%3Ahub.movie.recentlyadded&row=1&col=1&state=playing (6 live) #2ce TLS GZIP 4ms 503 bytes (pipelined: 18)
Mar 25, 2026 19:09:34.748 [281473406402784] DEBUG - Auth: authenticated user 738871968 as caterinaalomar
Mar 25, 2026 19:09:34.749 [281473349279968] DEBUG - Request: [192.168.97.1:56011 (Subnet)] GET /:/timeline?key=%2Flibrary%2Fmetadata%2F43&ratingKey=43&playQueueItemID=82&duration=5712704&time=4165762&playbackTime=41374&hasMDE=1&context=library.recommended%3Ahub.movie.recentlyadded&row=1&col=1&state=playing (6 live) #2d9 TLS GZIP Signed-in Token (caterinaalomar)
Mar 25, 2026 19:09:34.749 [281473349279968] DEBUG - [Req#2d9] Client [63b8in4wqenkfalom7sxly5q] reporting timeline state playing, progress of 4165762/5712704ms for guid=, playbackTime=41374ms ratingKey=43 url=, key=/library/metadata/43, containerKey=, metadataId=43, source=
Mar 25, 2026 19:09:34.750 [281473349279968] DEBUG - [Req#2d9] Play progress on 43 'Una Cenicienta moderna' - got played 4165762 ms by account 738871968!
Mar 25, 2026 19:09:34.750 [281473349279968] DEBUG - [Req#2d9] [Now] User is caterinaalomar (ID: 738871968)
Mar 25, 2026 19:09:34.750 [281473349279968] DEBUG - [Req#2d9] [Now] Device is iOS (iPhone).
Mar 25, 2026 19:09:34.751 [281473349279968] DEBUG - [Req#2d9] [Now] Profile is iOS
Mar 25, 2026 19:09:34.751 [281473349279968] DEBUG - [Req#2d9] [Now] Updated play state for /library/metadata/43.
Mar 25, 2026 19:09:34.751 [281473349279968] DEBUG - [Req#2d9] Statistics: (63b8in4wqenkfalom7sxly5q) Reporting active playback in state 0 of type 1 (scrobble: 0) for account 738871968
Mar 25, 2026 19:09:34.753 [281473406402784] DEBUG - Completed: [192.168.97.1:56011] 200 GET /:/timeline?key=%2Flibrary%2Fmetadata%2F43&ratingKey=43&playQueueItemID=82&duration=5712704&time=4165762&playbackTime=41374&hasMDE=1&context=library.recommended%3Ahub.movie.recentlyadded&row=1&col=1&state=playing (6 live) #2d9 TLS GZIP 4ms 503 bytes (pipelined: 19)
Mar 25, 2026 19:09:35.641 [281473408512224] DEBUG - Auth: authenticated user 738871968 as caterinaalomar
Mar 25, 2026 19:09:35.641 [281473349279968] DEBUG - Request: [192.168.97.1:56011 (Subnet)] GET /:/timeline?key=%2Flibrary%2Fmetadata%2F43&ratingKey=43&playQueueItemID=82&duration=5712704&time=4166765&playbackTime=42272&hasMDE=1&context=library.recommended%3Ahub.movie.recentlyadded&row=1&col=1&state=paused (6 live) #2de TLS GZIP Signed-in Token (caterinaalomar)
Mar 25, 2026 19:09:35.642 [281473349279968] DEBUG - [Req#2de] Client [63b8in4wqenkfalom7sxly5q] reporting timeline state paused, progress of 4166765/5712704ms for guid=, playbackTime=42272ms ratingKey=43 url=, key=/library/metadata/43, containerKey=, metadataId=43, source=
Mar 25, 2026 19:09:35.644 [281473349279968] DEBUG - [Req#2de] Play progress on 43 'Una Cenicienta moderna' - got played 4166765 ms by account 738871968!
Mar 25, 2026 19:09:35.650 [281473349279968] DEBUG - [Req#2de] It took 0.000000 ms to retrieve 112 items.
Mar 25, 2026 19:09:35.651 [281473349279968] DEBUG - [Req#2de] [Now] User is caterinaalomar (ID: 738871968)
Mar 25, 2026 19:09:35.652 [281473349279968] DEBUG - [Req#2de] [Now] Device is iOS (iPhone).
Mar 25, 2026 19:09:35.652 [281473349279968] DEBUG - [Req#2de] [Now] Profile is iOS
Mar 25, 2026 19:09:35.652 [281473349279968] DEBUG - [Req#2de] [Now] Updated play state for /library/metadata/43.
Mar 25, 2026 19:09:35.652 [281473349279968] DEBUG - [Req#2de] Statistics: (63b8in4wqenkfalom7sxly5q) Reporting active playback in state 1 of type 1 (scrobble: 0) for account 738871968
Mar 25, 2026 19:09:35.655 [281473406402784] DEBUG - Completed: [192.168.97.1:56011] 200 GET /:/timeline?key=%2Flibrary%2Fmetadata%2F43&ratingKey=43&playQueueItemID=82&duration=5712704&time=4166765&playbackTime=42272&hasMDE=1&context=library.recommended%3Ahub.movie.recentlyadded&row=1&col=1&state=paused (6 live) #2de TLS GZIP 13ms 503 bytes (pipelined: 20)
Mar 25, 2026 19:09:44.771 [281473408512224] DEBUG - Auth: authenticated user 738871968 as caterinaalomar
Mar 25, 2026 19:09:44.772 [281473349279968] DEBUG - Request: [192.168.97.1:56011 (Subnet)] GET /:/timeline?key=%2Flibrary%2Fmetadata%2F43&ratingKey=43&playQueueItemID=82&duration=5712704&time=4166765&playbackTime=51396&hasMDE=1&context=library.recommended%3Ahub.movie.recentlyadded&row=1&col=1&state=paused (6 live) #2e3 TLS GZIP Signed-in Token (caterinaalomar)
Mar 25, 2026 19:09:44.773 [281473349279968] DEBUG - [Req#2e3] Client [63b8in4wqenkfalom7sxly5q] reporting timeline state paused, progress of 4166765/5712704ms for guid=, playbackTime=51396ms ratingKey=43 url=, key=/library/metadata/43, containerKey=, metadataId=43, source=
Mar 25, 2026 19:09:44.773 [281473349279968] DEBUG - [Req#2e3] Play progress on 43 'Una Cenicienta moderna' - got played 4166765 ms by account 738871968!
Mar 25, 2026 19:09:44.773 [281473349279968] DEBUG - [Req#2e3] [Now] User is caterinaalomar (ID: 738871968)
Mar 25, 2026 19:09:44.773 [281473349279968] DEBUG - [Req#2e3] [Now] Device is iOS (iPhone).
Mar 25, 2026 19:09:44.774 [281473349279968] DEBUG - [Req#2e3] [Now] Profile is iOS
Mar 25, 2026 19:09:44.774 [281473349279968] DEBUG - [Req#2e3] [Now] Updated play state for /library/metadata/43.
Mar 25, 2026 19:09:44.774 [281473349279968] DEBUG - [Req#2e3] Statistics: (63b8in4wqenkfalom7sxly5q) Reporting active playback in state 1 of type 1 (scrobble: 0) for account 738871968
Mar 25, 2026 19:09:44.775 [281473406402784] DEBUG - Completed: [192.168.97.1:56011] 200 GET /:/timeline?key=%2Flibrary%2Fmetadata%2F43&ratingKey=43&playQueueItemID=82&duration=5712704&time=4166765&playbackTime=51396&hasMDE=1&context=library.recommended%3Ahub.movie.recentlyadded&row=1&col=1&state=paused (6 live) #2e3 TLS GZIP 3ms 503 bytes (pipelined: 21)
Mar 25, 2026 19:09:44.893 [281473408512224] DEBUG - Failed to stream media, client probably disconnected after 40419328 bytes: 32 - Broken pipe
Mar 25, 2026 19:09:44.893 [281473408512224] DEBUG - Completed after connection close: [192.168.97.1:29853] 206 GET /library/parts/89/1774460983/file.mp4 (6 live) #2b5 TLS 12418ms 40419328 bytes (range: bytes=1392589696-) 
Mar 25, 2026 19:09:44.895 [281473406402784] DEBUG - Auth: authenticated user 738871968 as caterinaalomar
Mar 25, 2026 19:09:44.895 [281473349279968] DEBUG - Request: [192.168.97.1:56011 (Subnet)] GET /:/timeline?key=%2Flibrary%2Fmetadata%2F43&ratingKey=43&playQueueItemID=82&duration=5712704&time=4166765&playbackTime=51522&hasMDE=1&context=library.recommended%3Ahub.movie.recentlyadded&row=1&col=1&state=stopped (5 live) #2e8 TLS GZIP Signed-in Token (caterinaalomar)
Mar 25, 2026 19:09:44.896 [281473349279968] DEBUG - [Req#2e8] Client [63b8in4wqenkfalom7sxly5q] reporting timeline state stopped, progress of 4166765/5712704ms for guid=, playbackTime=51522ms ratingKey=43 url=, key=/library/metadata/43, containerKey=, metadataId=43, source=
Mar 25, 2026 19:09:44.896 [281473349279968] DEBUG - [Req#2e8] Play progress on 43 'Una Cenicienta moderna' - got played 4166765 ms by account 738871968!
Mar 25, 2026 19:09:44.903 [281473349279968] DEBUG - [Req#2e8] It took 0.000000 ms to retrieve 112 items.
Mar 25, 2026 19:09:44.905 [281473349279968] DEBUG - [Req#2e8] [Now] User is caterinaalomar (ID: 738871968)
Mar 25, 2026 19:09:44.905 [281473349279968] DEBUG - [Req#2e8] [Now] Device is iOS (iPhone).
Mar 25, 2026 19:09:44.905 [281473349279968] DEBUG - [Req#2e8] [Now] Profile is iOS
Mar 25, 2026 19:09:44.905 [281473349279968] DEBUG - [Req#2e8] [Now] Updated play state for /library/metadata/43.
Mar 25, 2026 19:09:44.906 [281473349279968] DEBUG - [Req#2e8] Statistics: (63b8in4wqenkfalom7sxly5q) Reporting active playback in state 3 of type 1 (scrobble: 0) for account 738871968
Mar 25, 2026 19:09:44.908 [281473349279968] DEBUG - [Req#2e8] Streaming Resource: Terminated session 0xffffa2f5dd38:63b8in4wqenkfalom7sxly5q with reason Client stopped playback.
Mar 25, 2026 19:09:44.908 [281473349279968] DEBUG - [Req#2e8] Streaming Resource: Removing session 0xffffa2f5dd38:63b8in4wqenkfalom7sxly5q
Mar 25, 2026 19:09:44.909 [281473406402784] DEBUG - Completed: [192.168.97.1:56011] 200 GET /:/timeline?key=%2Flibrary%2Fmetadata%2F43&ratingKey=43&playQueueItemID=82&duration=5712704&time=4166765&playbackTime=51522&hasMDE=1&context=library.recommended%3Ahub.movie.recentlyadded&row=1&col=1&state=stopped (5 live) #2e8 TLS GZIP 14ms 503 bytes (pipelined: 22)
Mar 25, 2026 19:09:47.433 [281473408512224] DEBUG - Auth: authenticated user 738871968 as caterinaalomar
Mar 25, 2026 19:09:47.434 [281473408512224] DEBUG - Auth: authenticated user 738871968 as caterinaalomar
Mar 25, 2026 19:09:47.434 [281473349279968] DEBUG - Request: [192.168.97.1:56011 (Subnet)] GET /photo/:/transcode?width=360&height=360&minSize=1&url=%2Flibrary%2Fmetadata%2F33%2Fthumb%2F1774443370&format=jpeg (5 live) #2f0 TLS GZIP Signed-in Token (caterinaalomar)
Mar 25, 2026 19:09:47.434 [281473332404448] DEBUG - Request: [192.168.97.1:35455 (Subnet)] GET /photo/:/transcode?width=360&height=360&minSize=1&url=%2Flibrary%2Fmetadata%2F43%2Fthumb%2F1774461038&format=jpeg (5 live) #2d4 TLS GZIP Signed-in Token (caterinaalomar)
Mar 25, 2026 19:09:47.434 [281473332404448] DEBUG - [Req#2d4/PhotoTranscoder] Request for url [/library/metadata/43/thumb/1774461038] (is local: 1 upscaled: 0)
Mar 25, 2026 19:09:47.434 [281473349279968] DEBUG - [Req#2f0/PhotoTranscoder] Request for url [/library/metadata/33/thumb/1774443370] (is local: 1 upscaled: 0)
Mar 25, 2026 19:09:47.435 [281473349279968] DEBUG - Content-Length of /config/Library/Application Support/Plex Media Server/Cache/PhotoTranscoder/96/9626090d6523d6ffc09396e6f71d49d6a6917cc9.jpeg is 48667 (of total: 48667).
Mar 25, 2026 19:09:47.435 [281473332404448] DEBUG - Content-Length of /config/Library/Application Support/Plex Media Server/Cache/PhotoTranscoder/bf/bf2993b70d96711094b592ec81dee7029b6ceb1e.jpeg is 20645 (of total: 20645).
Mar 25, 2026 19:09:47.437 [281473406402784] DEBUG - Completed: [192.168.97.1:35455] 200 GET /photo/:/transcode?width=360&height=360&minSize=1&url=%2Flibrary%2Fmetadata%2F43%2Fthumb%2F1774461038&format=jpeg (5 live) #2d4 TLS GZIP 3ms 20645 bytes (pipelined: 2)
Mar 25, 2026 19:09:47.438 [281473406402784] DEBUG - Completed: [192.168.97.1:56011] 200 GET /photo/:/transcode?width=360&height=360&minSize=1&url=%2Flibrary%2Fmetadata%2F33%2Fthumb%2F1774443370&format=jpeg (5 live) #2f0 TLS GZIP 4ms 48667 bytes (pipelined: 23)
Mar 25, 2026 19:09:47.463 [281473406402784] DEBUG - Auth: authenticated user 738871968 as caterinaalomar
Mar 25, 2026 19:09:47.463 [281473332404448] DEBUG - Request: [192.168.97.1:37297 (Subnet)] GET /media/providers (6 live) #2cf TLS GZIP Signed-in Token (caterinaalomar)
Mar 25, 2026 19:09:47.467 [281473406402784] DEBUG - Completed: [192.168.97.1:37297] 200 GET /media/providers (6 live) #2cf TLS GZIP 4ms 4517 bytes (pipelined: 1)
Mar 25, 2026 19:09:53.451 [281473330295008] DEBUG - [Req#249] BPQ: onConsiderProcessing: Idle (true)
Mar 25, 2026 19:09:53.451 [281473330295008] DEBUG - [Req#249] BPQ: [Idle] -> [Processing]
Mar 25, 2026 19:09:53.453 [281473330295008] DEBUG - [Req#249] BPQ: generating queue items from 0 generator(s)
Mar 25, 2026 19:09:53.453 [281473330295008] DEBUG - [Req#249] BPQ: generated 0 item(s) for queue
Mar 25, 2026 19:09:53.455 [281473330295008] DEBUG - [Req#249] BPQ: [Processing] -> [Idle]
Mar 25, 2026 19:10:12.520 [281473408512224] DEBUG - Auth: authenticated user 738871968 as caterinaalomar
Mar 25, 2026 19:10:12.520 [281473332404448] DEBUG - Request: [192.168.97.1:24305 (Subnet)] GET /media/providers (4 live) #2f3 TLS GZIP Signed-in Token (caterinaalomar)
Mar 25, 2026 19:10:12.524 [281473408512224] DEBUG - Completed: [192.168.97.1:24305] 200 GET /media/providers (4 live) #2f3 TLS GZIP 4ms 4517 bytes (pipelined: 1)
Mar 25, 2026 19:10:37.545 [281473406402784] DEBUG - Auth: authenticated user 738871968 as caterinaalomar
Mar 25, 2026 19:10:37.545 [281473332404448] DEBUG - Request: [192.168.97.1:52185 (Subnet)] GET /media/providers (4 live) #2fd TLS GZIP Signed-in Token (caterinaalomar)
Mar 25, 2026 19:10:37.552 [281473406402784] DEBUG - Completed: [192.168.97.1:52185] 200 GET /media/providers (4 live) #2fd TLS GZIP 6ms 4517 bytes (pipelined: 1)
Mar 25, 2026 19:11:02.596 [281473408512224] DEBUG - Auth: authenticated user 738871968 as caterinaalomar
Mar 25, 2026 19:11:02.596 [281473332404448] DEBUG - Request: [192.168.97.1:39167 (Subnet)] GET /media/providers (4 live) #301 TLS GZIP Signed-in Token (caterinaalomar)
Mar 25, 2026 19:11:02.606 [281473408512224] DEBUG - Completed: [192.168.97.1:39167] 200 GET /media/providers (4 live) #301 TLS GZIP 10ms 4517 bytes (pipelined: 1)
Mar 25, 2026 19:11:27.628 [281473406402784] DEBUG - Auth: authenticated user 738871968 as caterinaalomar
Mar 25, 2026 19:11:27.628 [281473332404448] DEBUG - Request: [192.168.97.1:58763 (Subnet)] GET /media/providers (4 live) #305 TLS GZIP Signed-in Token (caterinaalomar)
Mar 25, 2026 19:11:27.631 [281473406402784] DEBUG - Completed: [192.168.97.1:58763] 200 GET /media/providers (4 live) #305 TLS GZIP 3ms 4517 bytes (pipelined: 1)
Mar 25, 2026 19:11:52.675 [281473406402784] DEBUG - Auth: authenticated user 738871968 as caterinaalomar
Mar 25, 2026 19:11:52.675 [281473332404448] DEBUG - Request: [192.168.97.1:57773 (Subnet)] GET /media/providers (4 live) #309 TLS GZIP Signed-in Token (caterinaalomar)
Mar 25, 2026 19:11:52.681 [281473406402784] DEBUG - Completed: [192.168.97.1:57773] 200 GET /media/providers (4 live) #309 TLS GZIP 6ms 4517 bytes (pipelined: 1)
Mar 25, 2026 19:12:17.707 [281473406402784] DEBUG - Auth: authenticated user 738871968 as caterinaalomar
Mar 25, 2026 19:12:17.707 [281473332404448] DEBUG - Request: [192.168.97.1:51092 (Subnet)] GET /media/providers (4 live) #30d TLS GZIP Signed-in Token (caterinaalomar)
Mar 25, 2026 19:12:17.710 [281473406402784] DEBUG - Completed: [192.168.97.1:51092] 200 GET /media/providers (4 live) #30d TLS GZIP 3ms 4517 bytes (pipelined: 1)
Mar 25, 2026 19:12:29.467 [281473408512224] DEBUG - CERT: incomplete TLS handshake from [::ffff:192.168.97.1]:57334: stream truncated
Mar 25, 2026 19:12:29.531 [281473332404448] DEBUG - Request: [192.168.97.1:19414 (Subnet)] GET /media/providers (6 live) #314 TLS GZIP Signed-in Token (oscar.p46)
Mar 25, 2026 19:12:29.548 [281473406402784] DEBUG - Completed: [192.168.97.1:19414] 200 GET /media/providers (6 live) #314 TLS GZIP 17ms 4525 bytes (pipelined: 1)
Mar 25, 2026 19:12:39.082 [281473406402784] DEBUG - Auth: authenticated user 738871968 as caterinaalomar
Mar 25, 2026 19:12:39.083 [281473332404448] DEBUG - Request: [192.168.97.1:39440 (Subnet)] GET /library/search?query=M&searchTypes=availabilityPlatforms%2Ccategories%2Clivetv%2Cmovies%2CotherVideos%2Cpeople%2Ctvod%2Ctv&limit=100 (7 live) #315 TLS GZIP Signed-in Token (caterinaalomar)
Mar 25, 2026 19:12:39.113 [281473406402784] DEBUG - Completed: [192.168.97.1:39440] 200 GET /library/search?query=M&searchTypes=availabilityPlatforms%2Ccategories%2Clivetv%2Cmovies%2CotherVideos%2Cpeople%2Ctvod%2Ctv&limit=100 (7 live) #315 TLS GZIP 30ms 395 bytes (pipelined: 1)
Mar 25, 2026 19:12:40.298 [281473408512224] DEBUG - Auth: authenticated user 738871968 as caterinaalomar
Mar 25, 2026 19:12:40.298 [281473332404448] DEBUG - Request: [192.168.97.1:39440 (Subnet)] GET /library/search?query=Mo&searchTypes=availabilityPlatforms%2Ccategories%2Clivetv%2Cmovies%2CotherVideos%2Cpeople%2Ctvod%2Ctv&limit=100 (7 live) #31b TLS GZIP Signed-in Token (caterinaalomar)
Mar 25, 2026 19:12:40.347 [281473406402784] DEBUG - Completed: [192.168.97.1:39440] 200 GET /library/search?query=Mo&searchTypes=availabilityPlatforms%2Ccategories%2Clivetv%2Cmovies%2CotherVideos%2Cpeople%2Ctvod%2Ctv&limit=100 (7 live) #31b TLS GZIP 49ms 1887 bytes (pipelined: 2)
Mar 25, 2026 19:12:41.205 [281473406402784] DEBUG - Auth: authenticated user 738871968 as caterinaalomar
Mar 25, 2026 19:12:41.205 [281473332404448] DEBUG - Request: [192.168.97.1:39440 (Subnet)] GET /library/search?query=Mou&searchTypes=availabilityPlatforms%2Ccategories%2Clivetv%2Cmovies%2CotherVideos%2Cpeople%2Ctvod%2Ctv&limit=100 (5 live) #31e TLS GZIP Signed-in Token (caterinaalomar)
Mar 25, 2026 19:12:41.285 [281473406402784] DEBUG - Completed: [192.168.97.1:39440] 200 GET /library/search?query=Mou&searchTypes=availabilityPlatforms%2Ccategories%2Clivetv%2Cmovies%2CotherVideos%2Cpeople%2Ctvod%2Ctv&limit=100 (5 live) #31e TLS GZIP 79ms 395 bytes (pipelined: 3)
Mar 25, 2026 19:12:42.378 [281473408512224] DEBUG - Auth: authenticated user 738871968 as caterinaalomar
Mar 25, 2026 19:12:42.378 [281473332404448] DEBUG - Request: [192.168.97.1:39440 (Subnet)] GET /library/search?query=Mouli&searchTypes=availabilityPlatforms%2Ccategories%2Clivetv%2Cmovies%2CotherVideos%2Cpeople%2Ctvod%2Ctv&limit=100 (5 live) #323 TLS GZIP Signed-in Token (caterinaalomar)
Mar 25, 2026 19:12:42.458 [281473408512224] DEBUG - Completed: [192.168.97.1:39440] 200 GET /library/search?query=Mouli&searchTypes=availabilityPlatforms%2Ccategories%2Clivetv%2Cmovies%2CotherVideos%2Cpeople%2Ctvod%2Ctv&limit=100 (5 live) #323 TLS GZIP 80ms 395 bytes (pipelined: 4)
Mar 25, 2026 19:12:42.697 [281473406402784] DEBUG - Auth: authenticated user 738871968 as caterinaalomar
Mar 25, 2026 19:12:42.697 [281473332404448] DEBUG - Request: [192.168.97.1:39440 (Subnet)] GET /media/providers (5 live) #326 TLS GZIP Signed-in Token (caterinaalomar)
Mar 25, 2026 19:12:42.700 [281473406402784] DEBUG - Completed: [192.168.97.1:39440] 200 GET /media/providers (5 live) #326 TLS GZIP 3ms 4517 bytes (pipelined: 5)
Mar 25, 2026 19:12:42.929 [281473408512224] DEBUG - Auth: authenticated user 738871968 as caterinaalomar
Mar 25, 2026 19:12:42.930 [281473332404448] DEBUG - Request: [192.168.97.1:39440 (Subnet)] GET /library/search?query=Moulin&searchTypes=availabilityPlatforms%2Ccategories%2Clivetv%2Cmovies%2CotherVideos%2Cpeople%2Ctvod%2Ctv&limit=100 (5 live) #328 TLS GZIP Signed-in Token (caterinaalomar)
Mar 25, 2026 19:12:43.010 [281473408512224] DEBUG - Completed: [192.168.97.1:39440] 200 GET /library/search?query=Moulin&searchTypes=availabilityPlatforms%2Ccategories%2Clivetv%2Cmovies%2CotherVideos%2Cpeople%2Ctvod%2Ctv&limit=100 (5 live) #328 TLS GZIP 80ms 395 bytes (pipelined: 6)
Mar 25, 2026 19:12:44.817 [281473408512224] DEBUG - Auth: authenticated user 738871968 as caterinaalomar
Mar 25, 2026 19:12:44.817 [281473332404448] DEBUG - Request: [192.168.97.1:39440 (Subnet)] GET /library/search?query=Moulin+&searchTypes=availabilityPlatforms%2Ccategories%2Clivetv%2Cmovies%2CotherVideos%2Cpeople%2Ctvod%2Ctv&limit=100 (5 live) #32b TLS GZIP Signed-in Token (caterinaalomar)
Mar 25, 2026 19:12:44.898 [281473408512224] DEBUG - Completed: [192.168.97.1:39440] 200 GET /library/search?query=Moulin+&searchTypes=availabilityPlatforms%2Ccategories%2Clivetv%2Cmovies%2CotherVideos%2Cpeople%2Ctvod%2Ctv&limit=100 (5 live) #32b TLS GZIP 81ms 395 bytes (pipelined: 7)
Mar 25, 2026 19:12:45.489 [281473406402784] DEBUG - Auth: authenticated user 738871968 as caterinaalomar
Mar 25, 2026 19:12:45.489 [281473332404448] DEBUG - Request: [192.168.97.1:39440 (Subnet)] GET /library/search?query=Moulin+r&searchTypes=availabilityPlatforms%2Ccategories%2Clivetv%2Cmovies%2CotherVideos%2Cpeople%2Ctvod%2Ctv&limit=100 (5 live) #32e TLS GZIP Signed-in Token (caterinaalomar)
Mar 25, 2026 19:12:45.575 [281473406402784] DEBUG - Completed: [192.168.97.1:39440] 200 GET /library/search?query=Moulin+r&searchTypes=availabilityPlatforms%2Ccategories%2Clivetv%2Cmovies%2CotherVideos%2Cpeople%2Ctvod%2Ctv&limit=100 (5 live) #32e TLS GZIP 86ms 395 bytes (pipelined: 8)
Mar 25, 2026 19:12:46.049 [281473408512224] DEBUG - Auth: authenticated user 738871968 as caterinaalomar
Mar 25, 2026 19:12:46.049 [281473332404448] DEBUG - Request: [192.168.97.1:39440 (Subnet)] GET /library/search?query=Moulin+ro&searchTypes=availabilityPlatforms%2Ccategories%2Clivetv%2Cmovies%2CotherVideos%2Cpeople%2Ctvod%2Ctv&limit=100 (5 live) #331 TLS GZIP Signed-in Token (caterinaalomar)
Mar 25, 2026 19:12:46.134 [281473408512224] DEBUG - Completed: [192.168.97.1:39440] 200 GET /library/search?query=Moulin+ro&searchTypes=availabilityPlatforms%2Ccategories%2Clivetv%2Cmovies%2CotherVideos%2Cpeople%2Ctvod%2Ctv&limit=100 (5 live) #331 TLS GZIP 85ms 395 bytes (pipelined: 9)
Mar 25, 2026 19:12:47.046 [281473406402784] DEBUG - Auth: authenticated user 738871968 as caterinaalomar
Mar 25, 2026 19:12:47.046 [281473332404448] DEBUG - Request: [192.168.97.1:39440 (Subnet)] GET /library/search?query=Moulin+rouge+&searchTypes=availabilityPlatforms%2Ccategories%2Clivetv%2Cmovies%2CotherVideos%2Cpeople%2Ctvod%2Ctv&limit=100 (5 live) #334 TLS GZIP Signed-in Token (caterinaalomar)
Mar 25, 2026 19:12:47.097 [281473406402784] DEBUG - Completed: [192.168.97.1:39440] 200 GET /library/search?query=Moulin+rouge+&searchTypes=availabilityPlatforms%2Ccategories%2Clivetv%2Cmovies%2CotherVideos%2Cpeople%2Ctvod%2Ctv&limit=100 (5 live) #334 TLS GZIP 50ms 395 bytes (pipelined: 10)
Mar 25, 2026 19:13:05.866 [281473408512224] DEBUG - Auth: authenticated user 738871968 as caterinaalomar
Mar 25, 2026 19:13:05.866 [281473332404448] DEBUG - Request: [192.168.97.1:39440 (Subnet)] GET /library/all?type=1&guid=plex%3A%2F%2Fmovie%2F5d776827eb5d26001f1ddab8 (4 live) #337 TLS GZIP Signed-in Token (caterinaalomar)
Mar 25, 2026 19:13:05.870 [281473408512224] DEBUG - Completed: [192.168.97.1:39440] 200 GET /library/all?type=1&guid=plex%3A%2F%2Fmovie%2F5d776827eb5d26001f1ddab8 (4 live) #337 TLS GZIP 4ms 502 bytes (pipelined: 11)
Mar 25, 2026 19:13:07.733 [281473408512224] DEBUG - Auth: authenticated user 738871968 as caterinaalomar
Mar 25, 2026 19:13:07.734 [281473332404448] DEBUG - Request: [192.168.97.1:39440 (Subnet)] GET /media/providers (4 live) #339 TLS GZIP Signed-in Token (caterinaalomar)
Mar 25, 2026 19:13:07.737 [281473406402784] DEBUG - Completed: [192.168.97.1:39440] 200 GET /media/providers (4 live) #339 TLS GZIP 3ms 4517 bytes (pipelined: 12)
Mar 25, 2026 19:13:32.815 [281473406402784] DEBUG - Auth: authenticated user 738871968 as caterinaalomar
Mar 25, 2026 19:13:32.815 [281473332404448] DEBUG - Request: [192.168.97.1:49357 (Subnet)] GET /media/providers (4 live) #318 TLS GZIP Signed-in Token (caterinaalomar)
Mar 25, 2026 19:13:32.818 [281473408512224] DEBUG - Completed: [192.168.97.1:49357] 200 GET /media/providers (4 live) #318 TLS GZIP 3ms 4517 bytes (pipelined: 1)
Mar 25, 2026 19:13:57.849 [281473406402784] DEBUG - Auth: authenticated user 738871968 as caterinaalomar
Mar 25, 2026 19:13:57.849 [281473332404448] DEBUG - Request: [192.168.97.1:43169 (Subnet)] GET /media/providers (4 live) #33d TLS GZIP Signed-in Token (caterinaalomar)
Mar 25, 2026 19:13:57.854 [281473406402784] DEBUG - Completed: [192.168.97.1:43169] 200 GET /media/providers (4 live) #33d TLS GZIP 4ms 4517 bytes (pipelined: 1)
Mar 25, 2026 19:14:22.864 [281473406402784] DEBUG - Auth: authenticated user 738871968 as caterinaalomar
Mar 25, 2026 19:14:22.867 [281473332404448] DEBUG - Request: [192.168.97.1:34162 (Subnet)] GET /media/providers (4 live) #341 TLS GZIP Signed-in Token (caterinaalomar)
Mar 25, 2026 19:14:22.882 [281473406402784] DEBUG - Completed: [192.168.97.1:34162] 200 GET /media/providers (4 live) #341 TLS GZIP 17ms 4517 bytes (pipelined: 1)
Mar 25, 2026 19:14:33.467 [281473406402784] DEBUG - Auth: authenticated user 738871968 as caterinaalomar
Mar 25, 2026 19:14:33.467 [281473332404448] DEBUG - Request: [192.168.97.1:34162 (Subnet)] GET /library/metadata/43?includeExtras=1&includeOnDeck=1&includeRelated=1&includeRelatedCount=20&includeReviews=1&includeExternalMetadata=1&checkFiles=1&includeStations=0&includePopularLeaves=0 (4 live) #347 TLS GZIP Signed-in Token (caterinaalomar)
Mar 25, 2026 19:14:33.475 [281473332404448] DEBUG - [Req#347] It took 0.000000 ms to retrieve 112 items.
Mar 25, 2026 19:14:33.480 [281473332404448] DEBUG - We're going to try to auto-select an audio stream for account 738871968.
Mar 25, 2026 19:14:33.480 [281473332404448] DEBUG - Selecting best audio stream for part ID 89 (language: en)
Mar 25, 2026 19:14:33.480 [281473332404448] DEBUG - We're going to try to auto-select a subtitle for account 738871968.
Mar 25, 2026 19:14:33.480 [281473332404448] DEBUG - Audio Stream: 590, Subtitle Stream: -1
Mar 25, 2026 19:14:33.494 [281473408512224] DEBUG - Auth: authenticated user 738871968 as caterinaalomar
Mar 25, 2026 19:14:33.494 [281473349279968] DEBUG - Request: [192.168.97.1:16004 (Subnet)] GET /library/sections/1/prefs (6 live) #345 TLS GZIP Signed-in Token (caterinaalomar)
Mar 25, 2026 19:14:33.497 [281473332404448] DEBUG - It took 0.000000 ms to retrieve 112 items.
Mar 25, 2026 19:14:33.500 [281473408512224] DEBUG - Auth: authenticated user 738871968 as caterinaalomar
Mar 25, 2026 19:14:33.500 [281473342951648] DEBUG - Request: [192.168.97.1:36619 (Subnet)] GET /photo/:/transcode?width=1280&height=1280&minSize=0&url=%2Flibrary%2Fmetadata%2F43%2FsquareArt%2F1774461038&format=jpeg (6 live) #348 TLS GZIP Signed-in Token (caterinaalomar)
Mar 25, 2026 19:14:33.500 [281473342951648] DEBUG - [Req#348/PhotoTranscoder] Request for url [/library/metadata/43/squareArt/1774461038] (is local: 1 upscaled: 0)
Mar 25, 2026 19:14:33.501 [281473342951648] DEBUG - Content-Length of /config/Library/Application Support/Plex Media Server/Cache/PhotoTranscoder/c1/c1fd7a0a72b47f31d8c2bdadec2bbd6277bd52d9.jpeg is 191476 (of total: 191476).
Mar 25, 2026 19:14:33.503 [281473408512224] DEBUG - Completed: [192.168.97.1:36619] 200 GET /photo/:/transcode?width=1280&height=1280&minSize=0&url=%2Flibrary%2Fmetadata%2F43%2FsquareArt%2F1774461038&format=jpeg (6 live) #348 TLS GZIP 2ms 191476 bytes (pipelined: 1)
Mar 25, 2026 19:14:33.505 [281473408512224] DEBUG - Completed: [192.168.97.1:16004] 200 GET /library/sections/1/prefs (6 live) #345 TLS GZIP 10ms 3797 bytes (pipelined: 1)
Mar 25, 2026 19:14:33.505 [281473332404448] DEBUG - We're going to try to auto-select an audio stream for account 738871968.
Mar 25, 2026 19:14:33.505 [281473332404448] DEBUG - Selecting best audio stream for part ID 67 (language: en)
Mar 25, 2026 19:14:33.505 [281473332404448] DEBUG - We're going to try to auto-select a subtitle for account 738871968.
Mar 25, 2026 19:14:33.505 [281473332404448] DEBUG - Audio Stream: 546, Subtitle Stream: -1
Mar 25, 2026 19:14:33.508 [281473408512224] DEBUG - Completed: [192.168.97.1:34162] 200 GET /library/metadata/43?includeExtras=1&includeOnDeck=1&includeRelated=1&includeRelatedCount=20&includeReviews=1&includeExternalMetadata=1&checkFiles=1&includeStations=0&includePopularLeaves=0 (6 live) #347 TLS GZIP 41ms 14147 bytes (pipelined: 2)
Mar 25, 2026 19:14:33.573 [281473406402784] DEBUG - Auth: authenticated user 738871968 as caterinaalomar
Mar 25, 2026 19:14:33.573 [281473342951648] DEBUG - Request: [192.168.97.1:34162 (Subnet)] GET /photo/:/transcode?width=360&height=360&minSize=1&url=%2Flibrary%2Fmetadata%2F35%2Fthumb%2F1774460855&format=jpeg (6 live) #352 TLS GZIP Signed-in Token (caterinaalomar)
Mar 25, 2026 19:14:33.573 [281473342951648] DEBUG - [Req#352/PhotoTranscoder] Request for url [/library/metadata/35/thumb/1774460855] (is local: 1 upscaled: 0)
Mar 25, 2026 19:14:33.573 [281473342951648] DEBUG - Content-Length of /config/Library/Application Support/Plex Media Server/Cache/PhotoTranscoder/ba/ba7734f4805734feb728fa0c91efaa5b2e336d7b.jpeg is 5149 (of total: 5149).
Mar 25, 2026 19:14:33.574 [281473406402784] DEBUG - Completed: [192.168.97.1:34162] 200 GET /photo/:/transcode?width=360&height=360&minSize=1&url=%2Flibrary%2Fmetadata%2F35%2Fthumb%2F1774460855&format=jpeg (6 live) #352 TLS GZIP 1ms 5149 bytes (pipelined: 3)
Mar 25, 2026 19:14:43.447 [281473406402784] DEBUG - Auth: authenticated user 738871968 as caterinaalomar
Mar 25, 2026 19:14:43.448 [281473332404448] DEBUG - Request: [192.168.97.1:34162 (Subnet)] GET /photo/:/transcode?width=1280&height=1280&minSize=0&url=%2Flibrary%2Fmetadata%2F35%2FclearLogo%2F1774460855&format=png (6 live) #353 TLS GZIP Signed-in Token (caterinaalomar)
Mar 25, 2026 19:14:43.448 [281473332404448] DEBUG - [Req#353/PhotoTranscoder] Request for url [/library/metadata/35/clearLogo/1774460855] (is local: 1 upscaled: 0)
Mar 25, 2026 19:14:43.449 [281473408512224] DEBUG - Auth: authenticated user 738871968 as caterinaalomar
Mar 25, 2026 19:14:43.449 [281473349279968] DEBUG - Request: [192.168.97.1:16004 (Subnet)] GET /library/metadata/35?includeExtras=1&includeOnDeck=1&includeRelated=1&includeRelatedCount=20&includeReviews=1&includeExternalMetadata=1&checkFiles=1&includeStations=0&includePopularLeaves=0 (6 live) #351 TLS GZIP Signed-in Token (caterinaalomar)
Mar 25, 2026 19:14:43.451 [281473332404448] DEBUG - [Req#353/PhotoTranscoder/Req#354] Auth: authenticated user 738871968 as caterinaalomar
Mar 25, 2026 19:14:43.460 [281473349279968] DEBUG - We're going to try to auto-select an audio stream for account 738871968.
Mar 25, 2026 19:14:43.460 [281473349279968] DEBUG - Selecting best audio stream for part ID 67 (language: en)
Mar 25, 2026 19:14:43.460 [281473349279968] DEBUG - We're going to try to auto-select a subtitle for account 738871968.
Mar 25, 2026 19:14:43.460 [281473349279968] DEBUG - Audio Stream: 546, Subtitle Stream: -1
Mar 25, 2026 19:14:43.463 [281473332404448] DEBUG - [Req#353/PhotoTranscoder/Req#354] Calculated media file path for path [metadata://clearLogos/tv.plex.agents.movie_0788467e12a6c959afd8d2a30e236fa5187048a9]: ["/config/Library/Application Support/Plex Media Server/Metadata/Movies/f/173278beabb6ff678a2568f43264f78f7421061.bundle/Contents/_combined/clearLogos/tv.plex.agents.movie_0788467e12a6c959afd8d2a30e236fa5187048a9"]
Mar 25, 2026 19:14:43.463 [281473332404448] DEBUG - [Req#353/PhotoTranscoder] Calling back into ourselves for photo to transcode, optimizing the process (status: -1)
Mar 25, 2026 19:14:43.465 [281473332404448] DEBUG - [Req#353/PhotoTranscoder] Photo cache obtained 274801 bytes from /library/metadata/35/clearLogo/1774460855
Mar 25, 2026 19:14:43.473 [281473406402784] DEBUG - Auth: authenticated user 738871968 as caterinaalomar
Mar 25, 2026 19:14:43.474 [281473342951648] DEBUG - Request: [192.168.97.1:36619 (Subnet)] GET /photo/:/transcode?width=1280&height=1280&minSize=0&url=%2Flibrary%2Fmetadata%2F35%2FsquareArt%2F1774460855&format=jpeg (6 live) #34c TLS GZIP Signed-in Token (caterinaalomar)
Mar 25, 2026 19:14:43.474 [281473342951648] DEBUG - [Req#34c/PhotoTranscoder] Request for url [/library/metadata/35/squareArt/1774460855] (is local: 1 upscaled: 0)
Mar 25, 2026 19:14:43.476 [281473342951648] DEBUG - [Req#34c/PhotoTranscoder/Req#356] Auth: authenticated user 738871968 as caterinaalomar
Mar 25, 2026 19:14:43.482 [281473342951648] DEBUG - [Req#34c/PhotoTranscoder/Req#356] Calculated media file path for path [metadata://squareArt/tv.plex.agents.movie_389bfcfce0f0ae541e294f068480423c6fac35e0]: ["/config/Library/Application Support/Plex Media Server/Metadata/Movies/f/173278beabb6ff678a2568f43264f78f7421061.bundle/Contents/_combined/squareArt/tv.plex.agents.movie_389bfcfce0f0ae541e294f068480423c6fac35e0"]
Mar 25, 2026 19:14:43.483 [281473342951648] DEBUG - [Req#34c/PhotoTranscoder] Calling back into ourselves for photo to transcode, optimizing the process (status: -1)
Mar 25, 2026 19:14:43.488 [281473342951648] DEBUG - [Req#34c/PhotoTranscoder] Photo cache obtained 2515086 bytes from /library/metadata/35/squareArt/1774460855
Mar 25, 2026 19:14:43.492 [281473406402784] DEBUG - Completed: [192.168.97.1:16004] 200 GET /library/metadata/35?includeExtras=1&includeOnDeck=1&includeRelated=1&includeRelatedCount=20&includeReviews=1&includeExternalMetadata=1&checkFiles=1&includeStations=0&includePopularLeaves=0 (6 live) #351 TLS GZIP 42ms 7521 bytes (pipelined: 2)
Mar 25, 2026 19:14:43.549 [281473408512224] DEBUG - Auth: authenticated user 738871968 as caterinaalomar
Mar 25, 2026 19:14:43.549 [281473349279968] DEBUG - Request: [192.168.97.1:16004 (Subnet)] GET /library/sections/1/prefs (6 live) #35e TLS GZIP Signed-in Token (caterinaalomar)
Mar 25, 2026 19:14:43.552 [281473408512224] DEBUG - Completed: [192.168.97.1:16004] 200 GET /library/sections/1/prefs (6 live) #35e TLS GZIP 3ms 3797 bytes (pipelined: 3)
Mar 25, 2026 19:14:43.560 [281473332404448] DEBUG - [Req#353/PhotoTranscoder] Created thumbnail of size 1280x197, has pixels: 1
Mar 25, 2026 19:14:43.578 [281473408512224] DEBUG - Completed: [192.168.97.1:34162] 200 GET /photo/:/transcode?width=1280&height=1280&minSize=0&url=%2Flibrary%2Fmetadata%2F35%2FclearLogo%2F1774460855&format=png (6 live) #353 TLS GZIP 129ms 67364 bytes (pipelined: 4)
Mar 25, 2026 19:14:43.671 [281473342951648] DEBUG - [Req#34c/PhotoTranscoder] Created thumbnail of size 1280x1280, has pixels: 1
Mar 25, 2026 19:14:43.719 [281473408512224] DEBUG - Completed: [192.168.97.1:36619] 200 GET /photo/:/transcode?width=1280&height=1280&minSize=0&url=%2Flibrary%2Fmetadata%2F35%2FsquareArt%2F1774460855&format=jpeg (6 live) #34c TLS GZIP 245ms 250567 bytes (pipelined: 2)
Mar 25, 2026 19:14:45.253 [281473408512224] DEBUG - Auth: authenticated user 738871968 as caterinaalomar
Mar 25, 2026 19:14:45.255 [281473349279968] DEBUG - Request: [192.168.97.1:34162 (Subnet)] POST /playQueues?includeChapters=1&continuous=1&uri=server%3A%2F%2Fe54df6383d25ebd337b0eedd659aa30a8163aa07%2Fcom.plexapp.plugins.library%2Flibrary%2Fmetadata%2F35&type=video&own=1&repeat=0&shuffle=0&includeMarkers=1&includeGeolocation=1&includeExternalMedia=1&extrasPrefixCount=-1 (6 live) #360 TLS GZIP Signed-in Token (caterinaalomar)
Mar 25, 2026 19:14:45.258 [281473349279968] DEBUG - [Req#360] PlayQueue: Converted 'server://e54df6383d25ebd337b0eedd659aa30a8163aa07/com.plexapp.plugins.library/library/metadata/35' to 'library://x/item/%2Flibrary%2Fmetadata%2F35'
Mar 25, 2026 19:14:45.268 [281473349279968] DEBUG - [Req#360] PlayQueue: Start index: 0 End index: 0 Count: 1
Mar 25, 2026 19:14:45.269 [281473349279968] DEBUG - [Req#360] PlayQueue: Added 1 items in 0.0 sec.
Mar 25, 2026 19:14:45.275 [281473349279968] DEBUG - We're going to try to auto-select an audio stream for account 738871968.
Mar 25, 2026 19:14:45.275 [281473349279968] DEBUG - Selecting best audio stream for part ID 67 (language: en)
Mar 25, 2026 19:14:45.275 [281473349279968] DEBUG - We're going to try to auto-select a subtitle for account 738871968.
Mar 25, 2026 19:14:45.275 [281473349279968] DEBUG - Audio Stream: 546, Subtitle Stream: -1
Mar 25, 2026 19:14:45.278 [281473408512224] DEBUG - Completed: [192.168.97.1:34162] 200 POST /playQueues?includeChapters=1&continuous=1&uri=server%3A%2F%2Fe54df6383d25ebd337b0eedd659aa30a8163aa07%2Fcom.plexapp.plugins.library%2Flibrary%2Fmetadata%2F35&type=video&own=1&repeat=0&shuffle=0&includeMarkers=1&includeGeolocation=1&includeExternalMedia=1&extrasPrefixCount=-1 (6 live) #360 TLS GZIP 23ms 4732 bytes (pipelined: 5)
Mar 25, 2026 19:14:45.336 [281473406402784] DEBUG - Auth: authenticated user 738871968 as caterinaalomar
Mar 25, 2026 19:14:45.336 [281473332404448] DEBUG - Request: [192.168.97.1:34162 (Subnet)] GET /photo/:/transcode?width=1920&height=1920&minSize=0&url=%2Flibrary%2Fmetadata%2F35%2FclearLogo%2F1774460855&format=png (6 live) #364 TLS GZIP Signed-in Token (caterinaalomar)
Mar 25, 2026 19:14:45.337 [281473332404448] DEBUG - [Req#364/PhotoTranscoder] Request for url [/library/metadata/35/clearLogo/1774460855] (is local: 1 upscaled: 0)
Mar 25, 2026 19:14:45.338 [281473332404448] DEBUG - [Req#364/PhotoTranscoder/Req#365] Auth: authenticated user 738871968 as caterinaalomar
Mar 25, 2026 19:14:45.347 [281473332404448] DEBUG - [Req#364/PhotoTranscoder/Req#365] Calculated media file path for path [metadata://clearLogos/tv.plex.agents.movie_0788467e12a6c959afd8d2a30e236fa5187048a9]: ["/config/Library/Application Support/Plex Media Server/Metadata/Movies/f/173278beabb6ff678a2568f43264f78f7421061.bundle/Contents/_combined/clearLogos/tv.plex.agents.movie_0788467e12a6c959afd8d2a30e236fa5187048a9"]
Mar 25, 2026 19:14:45.347 [281473332404448] DEBUG - [Req#364/PhotoTranscoder] Calling back into ourselves for photo to transcode, optimizing the process (status: -1)
Mar 25, 2026 19:14:45.348 [281473332404448] DEBUG - [Req#364/PhotoTranscoder] Photo cache obtained 274801 bytes from /library/metadata/35/clearLogo/1774460855
Mar 25, 2026 19:14:45.437 [281473408512224] DEBUG - Auth: authenticated user 738871968 as caterinaalomar
Mar 25, 2026 19:14:45.437 [281473342951648] DEBUG - Request: [192.168.97.1:16004 (Subnet)] GET /photo/:/transcode?width=480&height=480&minSize=1&url=%2Flibrary%2Fmetadata%2F35%2Fthumb%2F1774460855&format=jpeg (6 live) #35f TLS GZIP Signed-in Token (caterinaalomar)
Mar 25, 2026 19:14:45.437 [281473342951648] DEBUG - [Req#35f/PhotoTranscoder] Request for url [/library/metadata/35/thumb/1774460855] (is local: 1 upscaled: 0)
Mar 25, 2026 19:14:45.437 [281473342951648] DEBUG - Content-Length of /config/Library/Application Support/Plex Media Server/Cache/PhotoTranscoder/0d/0de4520c18c89b8e4a54e00186bd661bc924ac27.jpeg is 5149 (of total: 5149).
Mar 25, 2026 19:14:45.438 [281473406402784] DEBUG - Auth: authenticated user 738871968 as caterinaalomar
Mar 25, 2026 19:14:45.438 [281473349279968] DEBUG - Request: [192.168.97.1:36619 (Subnet)] GET /photo/:/transcode?width=480&height=480&minSize=1&url=%2Flibrary%2Fmetadata%2F33%2Fthumb%2F1774443370&format=jpeg (6 live) #361 TLS GZIP Signed-in Token (caterinaalomar)
Mar 25, 2026 19:14:45.438 [281473349279968] DEBUG - [Req#361/PhotoTranscoder] Request for url [/library/metadata/33/thumb/1774443370] (is local: 1 upscaled: 0)
Mar 25, 2026 19:14:45.438 [281473349279968] DEBUG - Content-Length of /config/Library/Application Support/Plex Media Server/Cache/PhotoTranscoder/5f/5fb37090126d4fc5f5aaa6f0db20fbe01c4902ea.jpeg is 75954 (of total: 75954).
Mar 25, 2026 19:14:45.438 [281473408512224] DEBUG - Completed: [192.168.97.1:16004] 200 GET /photo/:/transcode?width=480&height=480&minSize=1&url=%2Flibrary%2Fmetadata%2F35%2Fthumb%2F1774460855&format=jpeg (6 live) #35f TLS GZIP 1ms 5149 bytes (pipelined: 4)
Mar 25, 2026 19:14:45.439 [281473408512224] DEBUG - Completed: [192.168.97.1:36619] 200 GET /photo/:/transcode?width=480&height=480&minSize=1&url=%2Flibrary%2Fmetadata%2F33%2Fthumb%2F1774443370&format=jpeg (6 live) #361 TLS GZIP 1ms 75954 bytes (pipelined: 3)
Mar 25, 2026 19:14:45.453 [281473332404448] DEBUG - [Req#364/PhotoTranscoder] Created thumbnail of size 1920x296, has pixels: 1
Mar 25, 2026 19:14:45.465 [281473406402784] DEBUG - Auth: authenticated user 738871968 as caterinaalomar
Mar 25, 2026 19:14:45.465 [281473406402784] DEBUG - Auth: authenticated user 738871968 as caterinaalomar
Mar 25, 2026 19:14:45.465 [281473342951648] DEBUG - Request: [192.168.97.1:37430 (Subnet)] GET /photo/:/transcode?width=480&height=480&minSize=1&url=%2Flibrary%2Fmetadata%2F43%2Fthumb%2F1774461038&format=jpeg (7 live) #349 TLS GZIP Signed-in Token (caterinaalomar)
Mar 25, 2026 19:14:45.465 [281473349279968] DEBUG - Request: [192.168.97.1:16004 (Subnet)] GET /photo/:/transcode?width=1920&height=1920&minSize=0&url=%2Flibrary%2Fmetadata%2F35%2FsquareArt%2F1774460855&format=jpeg (7 live) #367 TLS GZIP Signed-in Token (caterinaalomar)
Mar 25, 2026 19:14:45.465 [281473342951648] DEBUG - [Req#349/PhotoTranscoder] Request for url [/library/metadata/43/thumb/1774461038] (is local: 1 upscaled: 0)
Mar 25, 2026 19:14:45.465 [281473349279968] DEBUG - [Req#367/PhotoTranscoder] Request for url [/library/metadata/35/squareArt/1774460855] (is local: 1 upscaled: 0)
Mar 25, 2026 19:14:45.466 [281473342951648] DEBUG - Content-Length of /config/Library/Application Support/Plex Media Server/Cache/PhotoTranscoder/d5/d5a1b3529ddecf9d901b1155330524373d08ae96.jpeg is 33752 (of total: 33752).
Mar 25, 2026 19:14:45.466 [281473349279968] DEBUG - [Req#367/PhotoTranscoder/Req#36a] Auth: authenticated user 738871968 as caterinaalomar
Mar 25, 2026 19:14:45.466 [281473408512224] DEBUG - Completed: [192.168.97.1:37430] 200 GET /photo/:/transcode?width=480&height=480&minSize=1&url=%2Flibrary%2Fmetadata%2F43%2Fthumb%2F1774461038&format=jpeg (7 live) #349 TLS GZIP 0ms 33752 bytes (pipelined: 1)
Mar 25, 2026 19:14:45.467 [281473349279968] DEBUG - [Req#367/PhotoTranscoder/Req#36a] Calculated media file path for path [metadata://squareArt/tv.plex.agents.movie_389bfcfce0f0ae541e294f068480423c6fac35e0]: ["/config/Library/Application Support/Plex Media Server/Metadata/Movies/f/173278beabb6ff678a2568f43264f78f7421061.bundle/Contents/_combined/squareArt/tv.plex.agents.movie_389bfcfce0f0ae541e294f068480423c6fac35e0"]
Mar 25, 2026 19:14:45.467 [281473349279968] DEBUG - [Req#367/PhotoTranscoder] Calling back into ourselves for photo to transcode, optimizing the process (status: -1)
Mar 25, 2026 19:14:45.470 [281473349279968] DEBUG - [Req#367/PhotoTranscoder] Photo cache obtained 2515086 bytes from /library/metadata/35/squareArt/1774460855
Mar 25, 2026 19:14:45.487 [281473408512224] DEBUG - Completed: [192.168.97.1:34162] 200 GET /photo/:/transcode?width=1920&height=1920&minSize=0&url=%2Flibrary%2Fmetadata%2F35%2FclearLogo%2F1774460855&format=png (7 live) #364 TLS GZIP 151ms 115416 bytes (pipelined: 6)
Mar 25, 2026 19:14:45.543 [281473406402784] DEBUG - Auth: authenticated user 738871968 as caterinaalomar
Mar 25, 2026 19:14:45.543 [281473342951648] DEBUG - Request: [192.168.97.1:34162 (Subnet)] GET /library/metadata/35?checkFiles=1&includeChapters=1&includeMarkers=1 (7 live) #36d TLS GZIP Signed-in Token (caterinaalomar)
Mar 25, 2026 19:14:45.545 [281473342951648] DEBUG - We're going to try to auto-select an audio stream for account 738871968.
Mar 25, 2026 19:14:45.545 [281473342951648] DEBUG - Selecting best audio stream for part ID 67 (language: en)
Mar 25, 2026 19:14:45.545 [281473342951648] DEBUG - We're going to try to auto-select a subtitle for account 738871968.
Mar 25, 2026 19:14:45.545 [281473342951648] DEBUG - Audio Stream: 546, Subtitle Stream: -1
Mar 25, 2026 19:14:45.545 [281473406402784] DEBUG - Completed: [192.168.97.1:34162] 200 GET /library/metadata/35?checkFiles=1&includeChapters=1&includeMarkers=1 (7 live) #36d TLS GZIP 2ms 4697 bytes (pipelined: 7)
Mar 25, 2026 19:14:45.554 [281473408512224] DEBUG - Auth: authenticated user 738871968 as caterinaalomar
Mar 25, 2026 19:14:45.554 [281473332404448] DEBUG - Request: [192.168.97.1:34162 (Subnet)] GET /video/:/transcode/universal/decision?directPlay=1&directStream=1&directStreamAudio=1&protocol=hls&fastSeek=1&path=%2Flibrary%2Fmetadata%2F35&session=53ef4762-f54f-4b30-97ca-679e41049eb2&mediaIndex=0&partIndex=0&mediaBufferSize=50000&hasMDE=1&subtitleSize=0&videoQuality=100&videoResolution=&audioBoost=100&autoAdjustSubtitle=1&boostDialog=0&normalizeLoudness=0&subtitles=none&location=lan (7 live) #36e TLS GZIP Signed-in Token (caterinaalomar)
Mar 25, 2026 19:14:45.554 [281473332404448] DEBUG - [Req#36e/Transcode] Found session GUID of 53ef4762-f54f-4b30-97ca-679e41049eb2 in session start.
Mar 25, 2026 19:14:45.555 [281473332404448] DEBUG - [Req#36e/Transcode] TranscodeUniversalRequest: adapting profile with augmentation data: add-transcode-target(type=videoProfile&context=all&protocol=hls&container=mkv&videoCodec=h264,png,apng,bmp,mjpeg,thp,gif,vp8,vp9,dirac,ffv1,ffvhuff,huffyuv,rawvideo,ayuv,r210,v210,v210x,v308,v408,v410,y41p,yuv4,ansi,h263,mpeg1video,mpeg2video,mpeg4,hevc,av1,vc1&audioCodec=ape,aac,aac_latm,alac,dca,vorbis,opus,pcm,pcm_alaw,pcm_mulaw,pcm_bluray,pcm_dvd,mp1,mp2,ac3,eac3,mp3&subtitleCodec=ass,dvb_subtitle,eia_608,jacosub,microdvd,mov_text,mpl2,pgs,pjs,realtext,sami,srt,ssa,stl,subviewer,subviewer1,text,vobsub,vplayer,xsub)+add-limitation(scope=videoAudioCodec&scopeName=eac3&type=upperBound&name=audio.channels&value=10)+add-limitation(scope=videoTranscodeTarget&scopeName=h264&scopeType=videoCodec&context=all&protocol=hls&type=upperBound&name=video.bitDepth&value=10)+add-limitation(scope=videoTranscodeTarget&scopeName=h264&scopeType=videoCodec&context=all&protocol=hls&type=upperBound&name=video.width&value=3840)+add-limitation(scope=videoTranscodeTarget&scopeName=h264&scopeType=videoCodec&context=all&protocol=hls&type=upperBound&name=video.height&value=2160)+add-limitation(scope=videoTranscodeTarget&scopeName=hevc&scopeType=videoCodec&context=all&protocol=hls&type=upperBound&name=video.width&value=3840)+add-limitation(scope=videoTranscodeTarget&scopeName=hevc&scopeType=videoCodec&context=all&protocol=hls&type=upperBound&name=video.height&value=2160)+add-limitation(scope=videoTranscodeTarget&scopeName=av1&scopeType=videoCodec&context=all&protocol=hls&type=upperBound&name=video.width&value=3840)+add-limitation(scope=videoTranscodeTarget&scopeName=av1&scopeType=videoCodec&context=all&protocol=hls&type=upperBound&name=video.height&value=2160)+add-transcode-target-settings(type=videoProfile&context=all&protocol=hls&CopyMatroskaAttachments=true)
Mar 25, 2026 19:14:45.555 [281473332404448] DEBUG - [Req#36e/Transcode] TranscodeUniversalRequest: using augmented profile Generic
Mar 25, 2026 19:14:45.555 [281473332404448] DEBUG - [Req#36e/Transcode] Downloading document http://127.0.0.1:32400/library/metadata/35?includeBandwidths=1&offset=-1&X-Plex-Incomplete-Segments=1&X-Plex-Session-Identifier=63b8in4wqenkfalom7sxly5q
Mar 25, 2026 19:14:45.555 [281473332404448] DEBUG - [Req#36e/Transcode/Req#36f] Auth: authenticated user 738871968 as caterinaalomar
Mar 25, 2026 19:14:45.557 [281473332404448] DEBUG - [Req#36e/Transcode] We're going to try to auto-select an audio stream for account 738871968.
Mar 25, 2026 19:14:45.557 [281473332404448] DEBUG - [Req#36e/Transcode] Selecting best audio stream for part ID 67 (language: en)
Mar 25, 2026 19:14:45.557 [281473332404448] DEBUG - [Req#36e/Transcode] We're going to try to auto-select a subtitle for account 738871968.
Mar 25, 2026 19:14:45.557 [281473332404448] DEBUG - [Req#36e/Transcode] Audio Stream: 546, Subtitle Stream: -1
Mar 25, 2026 19:14:45.558 [281473332404448] DEBUG - [Req#36e/Transcode] Streaming Resource: Added session 0xffffa2f5b708:63b8in4wqenkfalom7sxly5q
Mar 25, 2026 19:14:45.558 [281473332404448] DEBUG - [Req#36e/Transcode] Streaming Resource: Reached Decision id=35 codes=(MDE=1000,Direct play OK.) media=(id=67 part=(id=67 decision=direct play protocol=hls streams=(Video=(id=545 decision= width=1920 height=1080) Audio=(id=546 decision= channels=0 rate=0))))
Mar 25, 2026 19:14:45.559 [281473406402784] DEBUG - Completed: [192.168.97.1:34162] 200 GET /video/:/transcode/universal/decision?directPlay=1&directStream=1&directStreamAudio=1&protocol=hls&fastSeek=1&path=%2Flibrary%2Fmetadata%2F35&session=53ef4762-f54f-4b30-97ca-679e41049eb2&mediaIndex=0&partIndex=0&mediaBufferSize=50000&hasMDE=1&subtitleSize=0&videoQuality=100&videoResolution=&audioBoost=100&autoAdjustSubtitle=1&boostDialog=0&normalizeLoudness=0&subtitles=none&location=lan (7 live) #36e TLS GZIP 4ms 4660 bytes (pipelined: 8)
Mar 25, 2026 19:14:45.626 [281473406402784] DEBUG - Auth: authenticated user 738871968 as caterinaalomar
Mar 25, 2026 19:14:45.626 [281473342951648] DEBUG - Request: [192.168.97.1:34162 (Subnet)] GET /:/timeline?key=%2Flibrary%2Fmetadata%2F35&ratingKey=35&playQueueItemID=83&duration=609568&time=0&playbackTime=300712&hasMDE=1&context=library.recommended%3Ahub.movie.recentlyadded&row=1&col=1&state=buffering (8 live) #371 TLS GZIP Signed-in Token (caterinaalomar)
Mar 25, 2026 19:14:45.627 [281473342951648] DEBUG - [Req#371] Client [63b8in4wqenkfalom7sxly5q] reporting timeline state buffering, progress of 0/609568ms for guid=, playbackTime=300712ms ratingKey=35 url=, key=/library/metadata/35, containerKey=, metadataId=35, source=
Mar 25, 2026 19:14:45.628 [281473342951648] DEBUG - [Req#371] We're going to try to auto-select an audio stream for account 738871968.
Mar 25, 2026 19:14:45.628 [281473342951648] DEBUG - [Req#371] Selecting best audio stream for part ID 67 (language: en)
Mar 25, 2026 19:14:45.628 [281473342951648] DEBUG - [Req#371] We're going to try to auto-select a subtitle for account 738871968.
Mar 25, 2026 19:14:45.628 [281473342951648] DEBUG - [Req#371] Audio Stream: 546, Subtitle Stream: -1
Mar 25, 2026 19:14:45.629 [281473342951648] DEBUG - [Req#371] [Now] User is caterinaalomar (ID: 738871968)
Mar 25, 2026 19:14:45.630 [281473342951648] DEBUG - [Req#371] [Now] Device is iOS (iPhone).
Mar 25, 2026 19:14:45.630 [281473342951648] DEBUG - [Req#371] [Now] Profile is iOS
Mar 25, 2026 19:14:45.630 [281473342951648] DEBUG - [Req#371] [Now] Updated play state for /library/metadata/35.
Mar 25, 2026 19:14:45.631 [281473342951648] DEBUG - [Req#371] Statistics: (63b8in4wqenkfalom7sxly5q) Reporting active playback in state 2 of type 1 (scrobble: 0) for account 738871968
Mar 25, 2026 19:14:45.632 [281473406402784] DEBUG - Completed: [192.168.97.1:34162] 200 GET /:/timeline?key=%2Flibrary%2Fmetadata%2F35&ratingKey=35&playQueueItemID=83&duration=609568&time=0&playbackTime=300712&hasMDE=1&context=library.recommended%3Ahub.movie.recentlyadded&row=1&col=1&state=buffering (8 live) #371 TLS GZIP 5ms 476 bytes (pipelined: 9)
Mar 25, 2026 19:14:45.632 [281473406402784] DEBUG - Auth: authenticated user 738871968 as caterinaalomar
Mar 25, 2026 19:14:45.632 [281473332404448] DEBUG - Request: [192.168.97.1:36619 (Subnet)] GET /library/metadata/35/thumb/1774460855 (8 live) #368 TLS GZIP Signed-in Token (caterinaalomar)
Mar 25, 2026 19:14:45.634 [281473332404448] DEBUG - [Req#368] Calculated media file path for path [metadata://posters/8bdddcdb4d6fca40ba2b2463b17217ce181f0575]: ["/config/Library/Application Support/Plex Media Server/Metadata/Movies/f/173278beabb6ff678a2568f43264f78f7421061.bundle/Contents/_combined/posters/8bdddcdb4d6fca40ba2b2463b17217ce181f0575"]
Mar 25, 2026 19:14:45.634 [281473332404448] DEBUG - Content-Length of /config/Library/Application Support/Plex Media Server/Metadata/Movies/f/173278beabb6ff678a2568f43264f78f7421061.bundle/Contents/_combined/posters/8bdddcdb4d6fca40ba2b2463b17217ce181f0575 is 25135 (of total: 25135).
Mar 25, 2026 19:14:45.635 [281473408512224] DEBUG - Auth: authenticated user 738871968 as caterinaalomar
Mar 25, 2026 19:14:45.635 [281473342951648] DEBUG - Request: [192.168.97.1:48253 (Subnet)] GET /library/parts/67/1774445927/file.mp4 (8 live) #369 TLS Signed-in Token (caterinaalomar) (range: bytes=0-) 
Mar 25, 2026 19:14:45.635 [281473408512224] DEBUG - Completed: [192.168.97.1:36619] 200 GET /library/metadata/35/thumb/1774460855 (8 live) #368 TLS GZIP 3ms 25135 bytes (pipelined: 4)
Mar 25, 2026 19:14:45.636 [281473342951648] DEBUG - Content-Length of /movies/Hamnet (2025)/Hamnet (2025) WEBDL-1080p.mp4 is 332296967 (of total: 332296967).
Mar 25, 2026 19:14:45.643 [281473332404448] DEBUG - Request: [192.168.97.1:52323 (Subnet)] GET /status/sessions (9 live) #372 GZIP Signed-in Token (oscar.p46)
Mar 25, 2026 19:14:45.643 [281473332404448] DEBUG - [Req#372] [Now] Adding 1 sessions.
Mar 25, 2026 19:14:45.643 [281473408512224] DEBUG - Completed: [192.168.97.1:52323] 200 GET /status/sessions (9 live) #372 GZIP 0ms 478 bytes (pipelined: 1)
Mar 25, 2026 19:14:45.654 [281473349279968] DEBUG - [Req#367/PhotoTranscoder] Created thumbnail of size 1920x1920, has pixels: 1
Mar 25, 2026 19:14:45.672 [281473408512224] DEBUG - Auth: authenticated user 738871968 as caterinaalomar
Mar 25, 2026 19:14:45.673 [281473342951648] DEBUG - Request: [192.168.97.1:49694 (Subnet)] GET /library/parts/67/1774445927/file.mp4 (10 live) #37c TLS Signed-in Token (caterinaalomar) (range: bytes=331834784-) 
Mar 25, 2026 19:14:45.673 [281473342951648] DEBUG - Content-Length of /movies/Hamnet (2025)/Hamnet (2025) WEBDL-1080p.mp4 is 462183 (of total: 332296967).
Mar 25, 2026 19:14:45.674 [281473408512224] DEBUG - Completed: [192.168.97.1:49694] 206 GET /library/parts/67/1774445927/file.mp4 (10 live) #37c TLS 1ms 462183 bytes (range: bytes=331834784-) 
Mar 25, 2026 19:14:45.678 [281473406402784] DEBUG - Failed to stream media, client probably disconnected after 6963200 bytes: 32 - Broken pipe
Mar 25, 2026 19:14:45.678 [281473406402784] DEBUG - Completed after connection close: [192.168.97.1:48253] 206 GET /library/parts/67/1774445927/file.mp4 (10 live) #369 TLS 42ms 6963200 bytes (range: bytes=0-) 
Mar 25, 2026 19:14:45.765 [281473406402784] DEBUG - Completed: [192.168.97.1:16004] 200 GET /photo/:/transcode?width=1920&height=1920&minSize=0&url=%2Flibrary%2Fmetadata%2F35%2FsquareArt%2F1774460855&format=jpeg (9 live) #367 TLS GZIP 299ms 542967 bytes (pipelined: 5)
Mar 25, 2026 19:14:45.931 [281473406402784] DEBUG - Auth: authenticated user 738871968 as caterinaalomar
Mar 25, 2026 19:14:45.931 [281473332404448] DEBUG - Request: [192.168.97.1:47413 (Subnet)] GET /library/parts/67/1774445927/file.mp4 (10 live) #37e TLS Signed-in Token (caterinaalomar) (range: bytes=52-) 
Mar 25, 2026 19:14:45.932 [281473332404448] DEBUG - Content-Length of /movies/Hamnet (2025)/Hamnet (2025) WEBDL-1080p.mp4 is 332296915 (of total: 332296967).
Mar 25, 2026 19:14:46.020 [281473406402784] DEBUG - Auth: authenticated user 738871968 as caterinaalomar
Mar 25, 2026 19:14:46.020 [281473408512224] DEBUG - Auth: authenticated user 738871968 as caterinaalomar
Mar 25, 2026 19:14:46.021 [281473342951648] DEBUG - Request: [192.168.97.1:34162 (Subnet)] GET /:/timeline?key=%2Flibrary%2Fmetadata%2F35&ratingKey=35&playQueueItemID=83&duration=609568&time=0&playbackTime=301097&hasMDE=1&context=library.recommended%3Ahub.movie.recentlyadded&row=1&col=1&state=buffering (9 live) #37a TLS GZIP Signed-in Token (caterinaalomar)
Mar 25, 2026 19:14:46.021 [281473349279968] DEBUG - Request: [192.168.97.1:16004 (Subnet)] GET /:/timeline?key=%2Flibrary%2Fmetadata%2F35&ratingKey=35&playQueueItemID=83&duration=609568&time=0&playbackTime=301098&hasMDE=1&context=library.recommended%3Ahub.movie.recentlyadded&row=1&col=1&state=buffering (9 live) #380 TLS GZIP Signed-in Token (caterinaalomar)
Mar 25, 2026 19:14:46.021 [281473408512224] DEBUG - Auth: authenticated user 738871968 as caterinaalomar
Mar 25, 2026 19:14:46.021 [281473332404448] DEBUG - Request: [192.168.97.1:36619 (Subnet)] GET /:/timeline?key=%2Flibrary%2Fmetadata%2F35&ratingKey=35&playQueueItemID=83&duration=609568&time=0&playbackTime=301100&hasMDE=1&context=library.recommended%3Ahub.movie.recentlyadded&row=1&col=1&state=buffering (9 live) #37b TLS GZIP Signed-in Token (caterinaalomar)
Mar 25, 2026 19:14:46.021 [281473342951648] DEBUG - [Req#37a] Client [63b8in4wqenkfalom7sxly5q] reporting timeline state buffering, progress of 0/609568ms for guid=, playbackTime=301097ms ratingKey=35 url=, key=/library/metadata/35, containerKey=, metadataId=35, source=
Mar 25, 2026 19:14:46.021 [281473342951648] DEBUG - [Req#37a] [Now] User is caterinaalomar (ID: 738871968)
Mar 25, 2026 19:14:46.021 [281473342951648] DEBUG - [Req#37a] [Now] Device is iOS (iPhone).
Mar 25, 2026 19:14:46.022 [281473342951648] DEBUG - [Req#37a] [Now] Profile is iOS
Mar 25, 2026 19:14:46.022 [281473342951648] DEBUG - [Req#37a] [Now] Updated play state for /library/metadata/35.
Mar 25, 2026 19:14:46.022 [281473332404448] DEBUG - [Req#37b] Client [63b8in4wqenkfalom7sxly5q] reporting timeline state buffering, progress of 0/609568ms for guid=, playbackTime=301100ms ratingKey=35 url=, key=/library/metadata/35, containerKey=, metadataId=35, source=
Mar 25, 2026 19:14:46.022 [281473342951648] DEBUG - [Req#37a] Statistics: (63b8in4wqenkfalom7sxly5q) Reporting active playback in state 2 of type 1 (scrobble: 0) for account 738871968
Mar 25, 2026 19:14:46.022 [281473349279968] DEBUG - [Req#380] Client [63b8in4wqenkfalom7sxly5q] reporting timeline state buffering, progress of 0/609568ms for guid=, playbackTime=301098ms ratingKey=35 url=, key=/library/metadata/35, containerKey=, metadataId=35, source=
Mar 25, 2026 19:14:46.022 [281473349279968] DEBUG - [Req#380] [Now] User is caterinaalomar (ID: 738871968)
Mar 25, 2026 19:14:46.022 [281473349279968] DEBUG - [Req#380] [Now] Device is iOS (iPhone).
Mar 25, 2026 19:14:46.022 [281473349279968] DEBUG - [Req#380] [Now] Profile is iOS
Mar 25, 2026 19:14:46.022 [281473349279968] DEBUG - [Req#380] [Now] Updated play state for /library/metadata/35.
Mar 25, 2026 19:14:46.023 [281473349279968] DEBUG - [Req#380] Statistics: (63b8in4wqenkfalom7sxly5q) Reporting active playback in state 2 of type 1 (scrobble: 0) for account 738871968
Mar 25, 2026 19:14:46.023 [281473408512224] DEBUG - Completed: [192.168.97.1:34162] 200 GET /:/timeline?key=%2Flibrary%2Fmetadata%2F35&ratingKey=35&playQueueItemID=83&duration=609568&time=0&playbackTime=301097&hasMDE=1&context=library.recommended%3Ahub.movie.recentlyadded&row=1&col=1&state=buffering (9 live) #37a TLS GZIP 2ms 476 bytes (pipelined: 10)
Mar 25, 2026 19:14:46.024 [281473332404448] DEBUG - [Req#37b] [Now] User is caterinaalomar (ID: 738871968)
Mar 25, 2026 19:14:46.024 [281473332404448] DEBUG - [Req#37b] [Now] Device is iOS (iPhone).
Mar 25, 2026 19:14:46.024 [281473408512224] DEBUG - Completed: [192.168.97.1:16004] 200 GET /:/timeline?key=%2Flibrary%2Fmetadata%2F35&ratingKey=35&playQueueItemID=83&duration=609568&time=0&playbackTime=301098&hasMDE=1&context=library.recommended%3Ahub.movie.recentlyadded&row=1&col=1&state=buffering (9 live) #380 TLS GZIP 3ms 476 bytes (pipelined: 6)
Mar 25, 2026 19:14:46.024 [281473332404448] DEBUG - [Req#37b] [Now] Profile is iOS
Mar 25, 2026 19:14:46.024 [281473332404448] DEBUG - [Req#37b] [Now] Updated play state for /library/metadata/35.
Mar 25, 2026 19:14:46.025 [281473332404448] DEBUG - [Req#37b] Statistics: (63b8in4wqenkfalom7sxly5q) Reporting active playback in state 2 of type 1 (scrobble: 0) for account 738871968
Mar 25, 2026 19:14:46.025 [281473406402784] DEBUG - Completed: [192.168.97.1:36619] 200 GET /:/timeline?key=%2Flibrary%2Fmetadata%2F35&ratingKey=35&playQueueItemID=83&duration=609568&time=0&playbackTime=301100&hasMDE=1&context=library.recommended%3Ahub.movie.recentlyadded&row=1&col=1&state=buffering (9 live) #37b TLS GZIP 4ms 476 bytes (pipelined: 5)
Mar 25, 2026 19:14:46.025 [281473342951648] DEBUG - Request: [192.168.97.1:52323 (Subnet)] GET /status/sessions (9 live) #37d GZIP Signed-in Token (oscar.p46)
Mar 25, 2026 19:14:46.026 [281473342951648] DEBUG - [Req#37d] [Now] Adding 1 sessions.
Mar 25, 2026 19:14:46.026 [281473408512224] DEBUG - Completed: [192.168.97.1:52323] 200 GET /status/sessions (9 live) #37d GZIP 0ms 478 bytes (pipelined: 2)
Mar 25, 2026 19:14:46.175 [281473406402784] DEBUG - Auth: authenticated user 738871968 as caterinaalomar
Mar 25, 2026 19:14:46.176 [281473349279968] DEBUG - Request: [192.168.97.1:34162 (Subnet)] GET /:/timeline?key=%2Flibrary%2Fmetadata%2F35&ratingKey=35&playQueueItemID=83&duration=609568&time=0&playbackTime=301242&hasMDE=1&context=library.recommended%3Ahub.movie.recentlyadded&row=1&col=1&state=playing (9 live) #38b TLS GZIP Signed-in Token (caterinaalomar)
Mar 25, 2026 19:14:46.177 [281473349279968] DEBUG - [Req#38b] Client [63b8in4wqenkfalom7sxly5q] reporting timeline state playing, progress of 0/609568ms for guid=, playbackTime=301242ms ratingKey=35 url=, key=/library/metadata/35, containerKey=, metadataId=35, source=
Mar 25, 2026 19:14:46.189 [281473349279968] DEBUG - [Req#38b] [Now] User is caterinaalomar (ID: 738871968)
Mar 25, 2026 19:14:46.189 [281473349279968] DEBUG - [Req#38b] [Now] Device is iOS (iPhone).
Mar 25, 2026 19:14:46.190 [281473349279968] DEBUG - [Req#38b] [Now] Profile is iOS
Mar 25, 2026 19:14:46.190 [281473349279968] DEBUG - [Req#38b] [Now] Updated play state for /library/metadata/35.
Mar 25, 2026 19:14:46.190 [281473349279968] DEBUG - [Req#38b] Statistics: (63b8in4wqenkfalom7sxly5q) Reporting active playback in state 0 of type 1 (scrobble: 0) for account 738871968
Mar 25, 2026 19:14:46.198 [281473332404448] DEBUG - Request: [192.168.97.1:52323 (Subnet)] GET /status/sessions (9 live) #392 GZIP Signed-in Token (oscar.p46)
Mar 25, 2026 19:14:46.199 [281473332404448] DEBUG - [Req#392] [Now] Adding 1 sessions.
Mar 25, 2026 19:14:46.200 [281473408512224] DEBUG - Completed: [192.168.97.1:34162] 200 GET /:/timeline?key=%2Flibrary%2Fmetadata%2F35&ratingKey=35&playQueueItemID=83&duration=609568&time=0&playbackTime=301242&hasMDE=1&context=library.recommended%3Ahub.movie.recentlyadded&row=1&col=1&state=playing (9 live) #38b TLS GZIP 24ms 476 bytes (pipelined: 11)
Mar 25, 2026 19:14:46.202 [281473406402784] DEBUG - Completed: [192.168.97.1:52323] 200 GET /status/sessions (9 live) #392 GZIP 3ms 4952 bytes (pipelined: 3)
Mar 25, 2026 19:14:46.554 [281473406402784] DEBUG - Auth: authenticated user 738871968 as caterinaalomar
Mar 25, 2026 19:14:46.554 [281473342951648] DEBUG - Request: [192.168.97.1:34162 (Subnet)] GET /:/timeline?key=%2Flibrary%2Fmetadata%2F35&ratingKey=35&playQueueItemID=83&duration=609568&time=0&playbackTime=301632&hasMDE=1&context=library.recommended%3Ahub.movie.recentlyadded&row=1&col=1&state=playing (9 live) #397 TLS GZIP Signed-in Token (caterinaalomar)
Mar 25, 2026 19:14:46.555 [281473342951648] DEBUG - [Req#397] Client [63b8in4wqenkfalom7sxly5q] reporting timeline state playing, progress of 0/609568ms for guid=, playbackTime=301632ms ratingKey=35 url=, key=/library/metadata/35, containerKey=, metadataId=35, source=
Mar 25, 2026 19:14:46.555 [281473342951648] DEBUG - [Req#397] [Now] User is caterinaalomar (ID: 738871968)
Mar 25, 2026 19:14:46.555 [281473342951648] DEBUG - [Req#397] [Now] Device is iOS (iPhone).
Mar 25, 2026 19:14:46.556 [281473342951648] DEBUG - [Req#397] [Now] Profile is iOS
Mar 25, 2026 19:14:46.556 [281473342951648] DEBUG - [Req#397] [Now] Updated play state for /library/metadata/35.
Mar 25, 2026 19:14:46.556 [281473342951648] DEBUG - [Req#397] Statistics: (63b8in4wqenkfalom7sxly5q) Reporting active playback in state 0 of type 1 (scrobble: 0) for account 738871968
Mar 25, 2026 19:14:46.557 [281473408512224] DEBUG - Completed: [192.168.97.1:34162] 200 GET /:/timeline?key=%2Flibrary%2Fmetadata%2F35&ratingKey=35&playQueueItemID=83&duration=609568&time=0&playbackTime=301632&hasMDE=1&context=library.recommended%3Ahub.movie.recentlyadded&row=1&col=1&state=playing (9 live) #397 TLS GZIP 3ms 476 bytes (pipelined: 12)
Mar 25, 2026 19:14:47.647 [281473406402784] DEBUG - Auth: authenticated user 738871968 as caterinaalomar
Mar 25, 2026 19:14:47.647 [281473349279968] DEBUG - Request: [192.168.97.1:34162 (Subnet)] GET /hubs/metadata/35/postplay (9 live) #39d TLS GZIP Signed-in Token (caterinaalomar)
Mar 25, 2026 19:14:47.669 [281473406402784] DEBUG - Completed: [192.168.97.1:34162] 200 GET /hubs/metadata/35/postplay (9 live) #39d TLS GZIP 22ms 450 bytes (pipelined: 13)
Mar 25, 2026 19:14:47.865 [281473406402784] DEBUG - Auth: authenticated user 738871968 as caterinaalomar
Mar 25, 2026 19:14:47.865 [281473332404448] DEBUG - Request: [192.168.97.1:34162 (Subnet)] GET /media/providers (9 live) #39e TLS GZIP Signed-in Token (caterinaalomar)
Mar 25, 2026 19:14:47.869 [281473408512224] DEBUG - Completed: [192.168.97.1:34162] 200 GET /media/providers (9 live) #39e TLS GZIP 4ms 4517 bytes (pipelined: 14)
Mar 25, 2026 19:14:56.575 [281473408512224] DEBUG - Auth: authenticated user 738871968 as caterinaalomar
Mar 25, 2026 19:14:56.575 [281473349279968] DEBUG - Request: [192.168.97.1:34162 (Subnet)] GET /:/timeline?key=%2Flibrary%2Fmetadata%2F35&ratingKey=35&playQueueItemID=83&duration=609568&time=9438&playbackTime=311652&hasMDE=1&context=library.recommended%3Ahub.movie.recentlyadded&row=1&col=1&state=playing (9 live) #3a0 TLS GZIP Signed-in Token (caterinaalomar)
Mar 25, 2026 19:14:56.576 [281473349279968] DEBUG - [Req#3a0] Client [63b8in4wqenkfalom7sxly5q] reporting timeline state playing, progress of 9438/609568ms for guid=, playbackTime=311652ms ratingKey=35 url=, key=/library/metadata/35, containerKey=, metadataId=35, source=
Mar 25, 2026 19:14:56.577 [281473349279968] DEBUG - [Req#3a0] [Now] User is caterinaalomar (ID: 738871968)
Mar 25, 2026 19:14:56.577 [281473349279968] DEBUG - [Req#3a0] [Now] Device is iOS (iPhone).
Mar 25, 2026 19:14:56.578 [281473349279968] DEBUG - [Req#3a0] [Now] Profile is iOS
Mar 25, 2026 19:14:56.578 [281473349279968] DEBUG - [Req#3a0] [Now] Updated play state for /library/metadata/35.
Mar 25, 2026 19:14:56.578 [281473349279968] DEBUG - [Req#3a0] Statistics: (63b8in4wqenkfalom7sxly5q) Reporting active playback in state 0 of type 1 (scrobble: 0) for account 738871968
Mar 25, 2026 19:14:56.581 [281473408512224] DEBUG - Completed: [192.168.97.1:34162] 200 GET /:/timeline?key=%2Flibrary%2Fmetadata%2F35&ratingKey=35&playQueueItemID=83&duration=609568&time=9438&playbackTime=311652&hasMDE=1&context=library.recommended%3Ahub.movie.recentlyadded&row=1&col=1&state=playing (9 live) #3a0 TLS GZIP 6ms 476 bytes (pipelined: 15)
Mar 25, 2026 19:14:57.282 [281473408512224] DEBUG - Auth: authenticated user 738871968 as caterinaalomar
Mar 25, 2026 19:14:57.282 [281473349279968] DEBUG - Request: [192.168.97.1:34162 (Subnet)] GET /:/timeline?key=%2Flibrary%2Fmetadata%2F35&ratingKey=35&playQueueItemID=83&duration=609568&time=10441&playbackTime=312368&hasMDE=1&context=library.recommended%3Ahub.movie.recentlyadded&row=1&col=1&state=paused (9 live) #3a5 TLS GZIP Signed-in Token (caterinaalomar)
Mar 25, 2026 19:14:57.283 [281473349279968] DEBUG - [Req#3a5] Client [63b8in4wqenkfalom7sxly5q] reporting timeline state paused, progress of 10441/609568ms for guid=, playbackTime=312368ms ratingKey=35 url=, key=/library/metadata/35, containerKey=, metadataId=35, source=
Mar 25, 2026 19:14:57.294 [281473349279968] DEBUG - [Req#3a5] [Now] User is caterinaalomar (ID: 738871968)
Mar 25, 2026 19:14:57.294 [281473349279968] DEBUG - [Req#3a5] [Now] Device is iOS (iPhone).
Mar 25, 2026 19:14:57.295 [281473349279968] DEBUG - [Req#3a5] [Now] Profile is iOS
Mar 25, 2026 19:14:57.295 [281473349279968] DEBUG - [Req#3a5] [Now] Updated play state for /library/metadata/35.
Mar 25, 2026 19:14:57.295 [281473349279968] DEBUG - [Req#3a5] Statistics: (63b8in4wqenkfalom7sxly5q) Reporting active playback in state 1 of type 1 (scrobble: 0) for account 738871968
Mar 25, 2026 19:14:57.298 [281473406402784] DEBUG - Completed: [192.168.97.1:34162] 200 GET /:/timeline?key=%2Flibrary%2Fmetadata%2F35&ratingKey=35&playQueueItemID=83&duration=609568&time=10441&playbackTime=312368&hasMDE=1&context=library.recommended%3Ahub.movie.recentlyadded&row=1&col=1&state=paused (9 live) #3a5 TLS GZIP 16ms 476 bytes (pipelined: 16)
Mar 25, 2026 19:15:06.560 [281473408512224] DEBUG - Failed to stream media, client probably disconnected after 44613632 bytes: 32 - Broken pipe
Mar 25, 2026 19:15:06.560 [281473408512224] DEBUG - Completed after connection close: [192.168.97.1:47413] 206 GET /library/parts/67/1774445927/file.mp4 (4 live) #37e TLS 20628ms 44613632 bytes (range: bytes=52-) 
Mar 25, 2026 19:15:06.592 [281473406402784] DEBUG - Auth: authenticated user 738871968 as caterinaalomar
Mar 25, 2026 19:15:06.592 [281473349279968] DEBUG - Request: [192.168.97.1:37304 (Subnet)] GET /:/timeline?key=%2Flibrary%2Fmetadata%2F35&ratingKey=35&playQueueItemID=83&duration=609568&time=10441&playbackTime=321636&hasMDE=1&context=library.recommended%3Ahub.movie.recentlyadded&row=1&col=1&state=stopped (4 live) #381 TLS GZIP Signed-in Token (caterinaalomar)
Mar 25, 2026 19:15:06.593 [281473349279968] DEBUG - [Req#381] Client [63b8in4wqenkfalom7sxly5q] reporting timeline state stopped, progress of 10441/609568ms for guid=, playbackTime=321636ms ratingKey=35 url=, key=/library/metadata/35, containerKey=, metadataId=35, source=
Mar 25, 2026 19:15:06.601 [281473349279968] DEBUG - [Req#381] [Now] User is caterinaalomar (ID: 738871968)
Mar 25, 2026 19:15:06.601 [281473349279968] DEBUG - [Req#381] [Now] Device is iOS (iPhone).
Mar 25, 2026 19:15:06.601 [281473349279968] DEBUG - [Req#381] [Now] Profile is iOS
Mar 25, 2026 19:15:06.601 [281473349279968] DEBUG - [Req#381] [Now] Updated play state for /library/metadata/35.
Mar 25, 2026 19:15:06.602 [281473349279968] DEBUG - [Req#381] Statistics: (63b8in4wqenkfalom7sxly5q) Reporting active playback in state 3 of type 1 (scrobble: 0) for account 738871968
Mar 25, 2026 19:15:06.604 [281473349279968] DEBUG - [Req#381] Streaming Resource: Terminated session 0xffffa2f5b708:63b8in4wqenkfalom7sxly5q with reason Client stopped playback.
Mar 25, 2026 19:15:06.604 [281473349279968] DEBUG - [Req#381] Streaming Resource: Removing session 0xffffa2f5b708:63b8in4wqenkfalom7sxly5q
Mar 25, 2026 19:15:06.605 [281473406402784] DEBUG - Completed: [192.168.97.1:37304] 200 GET /:/timeline?key=%2Flibrary%2Fmetadata%2F35&ratingKey=35&playQueueItemID=83&duration=609568&time=10441&playbackTime=321636&hasMDE=1&context=library.recommended%3Ahub.movie.recentlyadded&row=1&col=1&state=stopped (4 live) #381 TLS GZIP 13ms 476 bytes (pipelined: 1)
Mar 25, 2026 19:15:06.618 [281473408512224] DEBUG - Auth: authenticated user 738871968 as caterinaalomar
Mar 25, 2026 19:15:06.618 [281473349279968] DEBUG - Request: [192.168.97.1:37304 (Subnet)] GET /photo/:/transcode?width=1280&height=1280&minSize=0&url=%2Flibrary%2Fmetadata%2F35%2FclearLogo%2F1774460855&format=png (4 live) #3b8 TLS GZIP Signed-in Token (caterinaalomar)
Mar 25, 2026 19:15:06.618 [281473349279968] DEBUG - [Req#3b8/PhotoTranscoder] Request for url [/library/metadata/35/clearLogo/1774460855] (is local: 1 upscaled: 0)
Mar 25, 2026 19:15:06.619 [281473349279968] DEBUG - Content-Length of /config/Library/Application Support/Plex Media Server/Cache/PhotoTranscoder/c0/c0419caa93f684a71430c2aac662c9a2bf855916.png is 67076 (of total: 67076).
Mar 25, 2026 19:15:06.621 [281473406402784] DEBUG - Completed: [192.168.97.1:37304] 200 GET /photo/:/transcode?width=1280&height=1280&minSize=0&url=%2Flibrary%2Fmetadata%2F35%2FclearLogo%2F1774460855&format=png (4 live) #3b8 TLS GZIP 2ms 67076 bytes (pipelined: 2)
Mar 25, 2026 19:15:06.727 [281473408512224] DEBUG - Auth: authenticated user 738871968 as caterinaalomar
Mar 25, 2026 19:15:06.727 [281473349279968] DEBUG - Request: [192.168.97.1:37304 (Subnet)] GET /photo/:/transcode?width=1280&height=1280&minSize=0&url=%2Flibrary%2Fmetadata%2F35%2FsquareArt%2F1774460855&format=jpeg (4 live) #3b9 TLS GZIP Signed-in Token (caterinaalomar)
Mar 25, 2026 19:15:06.727 [281473349279968] DEBUG - [Req#3b9/PhotoTranscoder] Request for url [/library/metadata/35/squareArt/1774460855] (is local: 1 upscaled: 0)
Mar 25, 2026 19:15:06.728 [281473349279968] DEBUG - Content-Length of /config/Library/Application Support/Plex Media Server/Cache/PhotoTranscoder/a6/a61eb6d7856534d3afded621f6bc669d8a36e9a8.jpeg is 250231 (of total: 250231).
Mar 25, 2026 19:15:06.732 [281473408512224] DEBUG - Completed: [192.168.97.1:37304] 200 GET /photo/:/transcode?width=1280&height=1280&minSize=0&url=%2Flibrary%2Fmetadata%2F35%2FsquareArt%2F1774460855&format=jpeg (4 live) #3b9 TLS GZIP 4ms 250231 bytes (pipelined: 3)
Mar 25, 2026 19:15:09.076 [281473406402784] DEBUG - Auth: authenticated user 738871968 as caterinaalomar
Mar 25, 2026 19:15:09.077 [281473349279968] DEBUG - Request: [192.168.97.1:37304 (Subnet)] GET /photo/:/transcode?width=360&height=360&minSize=1&url=%2Flibrary%2Fmetadata%2F35%2Fthumb%2F1774460855&format=jpeg (4 live) #3ba TLS GZIP Signed-in Token (caterinaalomar)
Mar 25, 2026 19:15:09.077 [281473349279968] DEBUG - [Req#3ba/PhotoTranscoder] Request for url [/library/metadata/35/thumb/1774460855] (is local: 1 upscaled: 0)
Mar 25, 2026 19:15:09.077 [281473349279968] DEBUG - Content-Length of /config/Library/Application Support/Plex Media Server/Cache/PhotoTranscoder/ba/ba7734f4805734feb728fa0c91efaa5b2e336d7b.jpeg is 5149 (of total: 5149).
Mar 25, 2026 19:15:09.079 [281473408512224] DEBUG - Completed: [192.168.97.1:37304] 200 GET /photo/:/transcode?width=360&height=360&minSize=1&url=%2Flibrary%2Fmetadata%2F35%2Fthumb%2F1774460855&format=jpeg (4 live) #3ba TLS GZIP 2ms 5149 bytes (pipelined: 4)
Mar 25, 2026 19:15:09.099 [281473408512224] DEBUG - Auth: authenticated user 738871968 as caterinaalomar
Mar 25, 2026 19:15:09.099 [281473349279968] DEBUG - Request: [192.168.97.1:50076 (Subnet)] GET /photo/:/transcode?width=360&height=360&minSize=1&url=%2Flibrary%2Fmetadata%2F33%2Fthumb%2F1774443370&format=jpeg (6 live) #3bc TLS GZIP Signed-in Token (caterinaalomar)
Mar 25, 2026 19:15:09.099 [281473349279968] DEBUG - [Req#3bc/PhotoTranscoder] Request for url [/library/metadata/33/thumb/1774443370] (is local: 1 upscaled: 0)
Mar 25, 2026 19:15:09.099 [281473349279968] DEBUG - Content-Length of /config/Library/Application Support/Plex Media Server/Cache/PhotoTranscoder/96/9626090d6523d6ffc09396e6f71d49d6a6917cc9.jpeg is 48667 (of total: 48667).
Mar 25, 2026 19:15:09.101 [281473406402784] DEBUG - Completed: [192.168.97.1:50076] 200 GET /photo/:/transcode?width=360&height=360&minSize=1&url=%2Flibrary%2Fmetadata%2F33%2Fthumb%2F1774443370&format=jpeg (6 live) #3bc TLS GZIP 1ms 48667 bytes (pipelined: 1)
Mar 25, 2026 19:15:09.107 [281473408512224] DEBUG - Auth: authenticated user 738871968 as caterinaalomar
Mar 25, 2026 19:15:09.107 [281473349279968] DEBUG - Request: [192.168.97.1:51176 (Subnet)] GET /photo/:/transcode?width=360&height=360&minSize=1&url=%2Flibrary%2Fmetadata%2F43%2Fthumb%2F1774461038&format=jpeg (6 live) #3b1 TLS GZIP Signed-in Token (caterinaalomar)
Mar 25, 2026 19:15:09.107 [281473349279968] DEBUG - [Req#3b1/PhotoTranscoder] Request for url [/library/metadata/43/thumb/1774461038] (is local: 1 upscaled: 0)
Mar 25, 2026 19:15:09.107 [281473349279968] DEBUG - Content-Length of /config/Library/Application Support/Plex Media Server/Cache/PhotoTranscoder/bf/bf2993b70d96711094b592ec81dee7029b6ceb1e.jpeg is 20645 (of total: 20645).
Mar 25, 2026 19:15:09.108 [281473408512224] DEBUG - Completed: [192.168.97.1:51176] 200 GET /photo/:/transcode?width=360&height=360&minSize=1&url=%2Flibrary%2Fmetadata%2F43%2Fthumb%2F1774461038&format=jpeg (6 live) #3b1 TLS GZIP 1ms 20645 bytes (pipelined: 1)
Mar 25, 2026 19:15:09.171 [281473406402784] DEBUG - Auth: authenticated user 738871968 as caterinaalomar
Mar 25, 2026 19:15:09.171 [281473406402784] DEBUG - Auth: authenticated user 738871968 as caterinaalomar
Mar 25, 2026 19:15:09.171 [281473349279968] DEBUG - Request: [192.168.97.1:37304 (Subnet)] GET /library/sections/1/prefs (6 live) #3bb TLS GZIP Signed-in Token (caterinaalomar)
Mar 25, 2026 19:15:09.171 [281473332404448] DEBUG - Request: [192.168.97.1:50076 (Subnet)] GET /library/metadata/35?includeExtras=1&includeOnDeck=1&includeRelated=1&includeRelatedCount=20&includeReviews=1&includeExternalMetadata=1&checkFiles=1&includeStations=0&includePopularLeaves=0 (6 live) #3be TLS GZIP Signed-in Token (caterinaalomar)
Mar 25, 2026 19:15:09.173 [281473408512224] DEBUG - Auth: authenticated user 738871968 as caterinaalomar
Mar 25, 2026 19:15:09.173 [281473330295008] DEBUG - Request: [192.168.97.1:51176 (Subnet)] GET /library/sections/1/prefs (6 live) #3bf TLS GZIP Signed-in Token (caterinaalomar)
Mar 25, 2026 19:15:09.182 [281473332404448] DEBUG - We're going to try to auto-select an audio stream for account 738871968.
Mar 25, 2026 19:15:09.182 [281473332404448] DEBUG - Selecting best audio stream for part ID 67 (language: en)
Mar 25, 2026 19:15:09.182 [281473332404448] DEBUG - We're going to try to auto-select a subtitle for account 738871968.
Mar 25, 2026 19:15:09.182 [281473332404448] DEBUG - Audio Stream: 546, Subtitle Stream: -1
Mar 25, 2026 19:15:09.188 [281473408512224] DEBUG - Completed: [192.168.97.1:51176] 200 GET /library/sections/1/prefs (7 live) #3bf TLS GZIP 14ms 3797 bytes (pipelined: 2)
Mar 25, 2026 19:15:09.188 [281473406402784] DEBUG - Completed: [192.168.97.1:37304] 200 GET /library/sections/1/prefs (7 live) #3bb TLS GZIP 17ms 3797 bytes (pipelined: 5)
Mar 25, 2026 19:15:09.197 [281473408512224] DEBUG - Auth: authenticated user 738871968 as caterinaalomar
Mar 25, 2026 19:15:09.197 [281473330295008] DEBUG - Request: [192.168.97.1:26442 (Subnet)] GET /library/metadata/35?includeExtras=1&includeOnDeck=1&includeRelated=1&includeRelatedCount=20&includeReviews=1&includeExternalMetadata=1&checkFiles=1&includeStations=0&includePopularLeaves=0 (7 live) #3bd TLS GZIP Signed-in Token (caterinaalomar)
Mar 25, 2026 19:15:09.206 [281473330295008] DEBUG - We're going to try to auto-select an audio stream for account 738871968.
Mar 25, 2026 19:15:09.206 [281473330295008] DEBUG - Selecting best audio stream for part ID 67 (language: en)
Mar 25, 2026 19:15:09.206 [281473330295008] DEBUG - We're going to try to auto-select a subtitle for account 738871968.
Mar 25, 2026 19:15:09.206 [281473330295008] DEBUG - Audio Stream: 546, Subtitle Stream: -1
Mar 25, 2026 19:15:09.215 [281473406402784] DEBUG - Completed: [192.168.97.1:50076] 200 GET /library/metadata/35?includeExtras=1&includeOnDeck=1&includeRelated=1&includeRelatedCount=20&includeReviews=1&includeExternalMetadata=1&checkFiles=1&includeStations=0&includePopularLeaves=0 (7 live) #3be TLS GZIP 44ms 7521 bytes (pipelined: 2)
Mar 25, 2026 19:15:09.227 [281473406402784] DEBUG - Completed: [192.168.97.1:26442] 200 GET /library/metadata/35?includeExtras=1&includeOnDeck=1&includeRelated=1&includeRelatedCount=20&includeReviews=1&includeExternalMetadata=1&checkFiles=1&includeStations=0&includePopularLeaves=0 (7 live) #3bd TLS GZIP 29ms 7521 bytes (pipelined: 1)
Mar 25, 2026 19:15:13.000 [281473408512224] DEBUG - Auth: authenticated user 738871968 as caterinaalomar
Mar 25, 2026 19:15:13.000 [281473349279968] DEBUG - Request: [192.168.97.1:37304 (Subnet)] GET /media/providers (7 live) #3c2 TLS GZIP Signed-in Token (caterinaalomar)
Mar 25, 2026 19:15:13.003 [281473408512224] DEBUG - Completed: [192.168.97.1:37304] 200 GET /media/providers (7 live) #3c2 TLS GZIP 2ms 4517 bytes (pipelined: 6)
Mar 25, 2026 19:15:45.263 [281473342951648] DEBUG - [Req#360] BPQ: onConsiderProcessing: Idle (true)
Mar 25, 2026 19:15:45.263 [281473342951648] DEBUG - [Req#360] BPQ: [Idle] -> [Processing]
Mar 25, 2026 19:15:45.267 [281473342951648] DEBUG - [Req#360] BPQ: generating queue items from 0 generator(s)
Mar 25, 2026 19:15:45.267 [281473342951648] DEBUG - [Req#360] BPQ: generated 0 item(s) for queue
Mar 25, 2026 19:15:45.268 [281473342951648] DEBUG - [Req#360] BPQ: [Processing] -> [Idle]
Mar 25, 2026 19:15:47.527 [281473406402784] DEBUG - Auth: authenticated user 738871968 as caterinaalomar
Mar 25, 2026 19:15:47.527 [281473349279968] DEBUG - Request: [192.168.97.1:32469 (Subnet)] GET /media/providers (4 live) #3c0 TLS GZIP Signed-in Token (caterinaalomar)
Mar 25, 2026 19:15:47.540 [281473406402784] DEBUG - Completed: [192.168.97.1:32469] 200 GET /media/providers (4 live) #3c0 TLS GZIP 12ms 4517 bytes (pipelined: 1)
Mar 25, 2026 19:16:03.180 [281473406402784] DEBUG - Auth: authenticated user 738871968 as caterinaalomar
Mar 25, 2026 19:16:03.181 [281473349279968] DEBUG - Request: [192.168.97.1:32469 (Subnet)] GET /media/providers (4 live) #3dd TLS GZIP Signed-in Token (caterinaalomar)
Mar 25, 2026 19:16:03.186 [281473406402784] DEBUG - Completed: [192.168.97.1:32469] 200 GET /media/providers (4 live) #3dd TLS GZIP 5ms 4517 bytes (pipelined: 2)
Mar 25, 2026 19:16:28.260 [281473408512224] DEBUG - Auth: authenticated user 738871968 as caterinaalomar
Mar 25, 2026 19:16:28.260 [281473349279968] DEBUG - Request: [192.168.97.1:46429 (Subnet)] GET /media/providers (4 live) #3db TLS GZIP Signed-in Token (caterinaalomar)
Mar 25, 2026 19:16:28.268 [281473406402784] DEBUG - Completed: [192.168.97.1:46429] 200 GET /media/providers (4 live) #3db TLS GZIP 7ms 4517 bytes (pipelined: 1)
Mar 25, 2026 19:17:02.345 [281473311310048] DEBUG - Putting plug-in com.plexapp.agents.imdb to sleep.
Mar 25, 2026 19:17:02.345 [281473311310048] DEBUG - Stopping [com.plexapp.agents.imdb].
Mar 25, 2026 19:17:02.345 [281473311310048] DEBUG - [com.plexapp.agents.imdb] Killing.
Mar 25, 2026 19:17:02.351 [281473418776800] WARN - JobManager: Could not find job for handle 307
Mar 25, 2026 19:17:12.361 [281473311310048] DEBUG - Stopping file watcher for com.plexapp.agents.imdb
Mar 25, 2026 19:19:01.632 [281473406402784] DEBUG - Auth: authenticated user 738871968 as caterinaalomar
Mar 25, 2026 19:19:01.632 [281473349279968] DEBUG - Request: [192.168.97.1:22257 (Subnet)] GET /media/providers (4 live) #3e1 TLS GZIP Signed-in Token (caterinaalomar)
Mar 25, 2026 19:19:01.648 [281473406402784] DEBUG - Completed: [192.168.97.1:22257] 200 GET /media/providers (4 live) #3e1 TLS GZIP 16ms 4517 bytes (pipelined: 1)
Mar 25, 2026 19:19:08.102 [281473408512224] DEBUG - Auth: authenticated user 738871968 as caterinaalomar
Mar 25, 2026 19:19:08.102 [281473349279968] DEBUG - Request: [192.168.97.1:60857 (Subnet)] GET /hubs/sections/1?count=20&includeLibraryPlaylists=1&includeStations=1&excludeElements=Actor%2CCollection%2CCountry%2CDirector%2CGenre%2CLabel%2CLocation%2CMood%2CPart%2CProducer%2CSimilar%2CPhoto%2CRole%2CVast%2CTopic%2CWriter&excludeFields=file%2Ctagline%2Csummary (4 live) #3e5 TLS GZIP Signed-in Token (caterinaalomar)
Mar 25, 2026 19:19:08.104 [281473349279968] DEBUG - [Req#3e5] HubCache: Adding '738871968/movie.inprogress.1/1/hubs/sections/1/enexternal-media,indirect-media/count=20&excludeElements=Actor%2CCollection%2CCountry%2CDirector%2CGenre%2CLabel%2CLocation%2CMood%2CPart%2CProducer%2CSimilar%2CPhoto%2CRole%2CVast%2CTopic%2CWriter&excludeFields=file%2Ctagline%2Csummary&includeLibraryPlaylists=1&includeStations=1' to the cache (738871968/movie.inprogress.1/1/hubs/sections/1/enexternal-media,indirect-media/count=20&excludeElements=Actor%2CCollection%2CCountry%2CDirector%2CGenre%2CLabel%2CLocation%2CMood%2CPart%2CProducer%2CSimilar%2CPhoto%2CRole%2CVast%2CTopic%2CWriter&excludeFields=file%2Ctagline%2Csummary&includeLibraryPlaylists=1&includeStations=1).
Mar 25, 2026 19:19:08.110 [281473349279968] DEBUG - [Req#3e5] HubCache: Computed '738871968/movie.inprogress.1/1/hubs/sections/1/enexternal-media,indirect-media/count=20&excludeElements=Actor%2CCollection%2CCountry%2CDirector%2CGenre%2CLabel%2CLocation%2CMood%2CPart%2CProducer%2CSimilar%2CPhoto%2CRole%2CVast%2CTopic%2CWriter&excludeFields=file%2Ctagline%2Csummary&includeLibraryPlaylists=1&includeStations=1' in 5 ms.
Mar 25, 2026 19:19:08.110 [281473349279968] DEBUG - [Req#3e5] HubCache: 13 hubs cached, 0.0% hit ratio.
Mar 25, 2026 19:19:08.110 [281473349279968] DEBUG - [Req#3e5] HubCache: Retrieving '738871968/movie.recentlyreleased.1/1/hubs/sections/1/enexternal-media,indirect-media/count=20&excludeElements=Actor%2CCollection%2CCountry%2CDirector%2CGenre%2CLabel%2CLocation%2CMood%2CPart%2CProducer%2CSimilar%2CPhoto%2CRole%2CVast%2CTopic%2CWriter&excludeFields=file%2Ctagline%2Csummary&includeLibraryPlaylists=1&includeStations=1' from the cache.
Mar 25, 2026 19:19:08.110 [281473349279968] DEBUG - [Req#3e5] HubCache: Adding '738871968/movie.recentlyadded.1/1/hubs/sections/1/enexternal-media,indirect-media/count=20&excludeElements=Actor%2CCollection%2CCountry%2CDirector%2CGenre%2CLabel%2CLocation%2CMood%2CPart%2CProducer%2CSimilar%2CPhoto%2CRole%2CVast%2CTopic%2CWriter&excludeFields=file%2Ctagline%2Csummary&includeLibraryPlaylists=1&includeStations=1' to the cache (738871968/movie.recentlyadded.1/1/hubs/sections/1/enexternal-media,indirect-media/count=20&excludeElements=Actor%2CCollection%2CCountry%2CDirector%2CGenre%2CLabel%2CLocation%2CMood%2CPart%2CProducer%2CSimilar%2CPhoto%2CRole%2CVast%2CTopic%2CWriter&excludeFields=file%2Ctagline%2Csummary&includeLibraryPlaylists=1&includeStations=1).
Mar 25, 2026 19:19:08.115 [281473349279968] DEBUG - [Req#3e5] HubCache: Computed '738871968/movie.recentlyadded.1/1/hubs/sections/1/enexternal-media,indirect-media/count=20&excludeElements=Actor%2CCollection%2CCountry%2CDirector%2CGenre%2CLabel%2CLocation%2CMood%2CPart%2CProducer%2CSimilar%2CPhoto%2CRole%2CVast%2CTopic%2CWriter&excludeFields=file%2Ctagline%2Csummary&includeLibraryPlaylists=1&includeStations=1' in 5 ms.
Mar 25, 2026 19:19:08.115 [281473349279968] DEBUG - [Req#3e5] HubCache: Retrieving '738871968/recent.library.playlists.1/1/hubs/sections/1/enexternal-media,indirect-media/count=20&excludeElements=Actor%2CCollection%2CCountry%2CDirector%2CGenre%2CLabel%2CLocation%2CMood%2CPart%2CProducer%2CSimilar%2CPhoto%2CRole%2CVast%2CTopic%2CWriter&excludeFields=file%2Ctagline%2Csummary&includeLibraryPlaylists=1&includeStations=1' from the cache.
Mar 25, 2026 19:19:08.115 [281473349279968] DEBUG - [Req#3e5] HubCache: Retrieving '738871968/movie.genre.1/1/hubs/sections/1/enexternal-media,indirect-media/count=20&excludeElements=Actor%2CCollection%2CCountry%2CDirector%2CGenre%2CLabel%2CLocation%2CMood%2CPart%2CProducer%2CSimilar%2CPhoto%2CRole%2CVast%2CTopic%2CWriter&excludeFields=file%2Ctagline%2Csummary&includeLibraryPlaylists=1&includeStations=1' from the cache.
Mar 25, 2026 19:19:08.115 [281473349279968] DEBUG - [Req#3e5] HubCache: Retrieving '738871968/movie.by.actor.or.director.1/1/hubs/sections/1/enexternal-media,indirect-media/count=20&excludeElements=Actor%2CCollection%2CCountry%2CDirector%2CGenre%2CLabel%2CLocation%2CMood%2CPart%2CProducer%2CSimilar%2CPhoto%2CRole%2CVast%2CTopic%2CWriter&excludeFields=file%2Ctagline%2Csummary&includeLibraryPlaylists=1&includeStations=1' from the cache.
Mar 25, 2026 19:19:08.115 [281473349279968] DEBUG - [Req#3e5] HubCache: Adding '738871968/movie.topunwatched.1/1/hubs/sections/1/enexternal-media,indirect-media/count=20&excludeElements=Actor%2CCollection%2CCountry%2CDirector%2CGenre%2CLabel%2CLocation%2CMood%2CPart%2CProducer%2CSimilar%2CPhoto%2CRole%2CVast%2CTopic%2CWriter&excludeFields=file%2Ctagline%2Csummary&includeLibraryPlaylists=1&includeStations=1' to the cache (738871968/movie.topunwatched.1/1/hubs/sections/1/enexternal-media,indirect-media/count=20&excludeElements=Actor%2CCollection%2CCountry%2CDirector%2CGenre%2CLabel%2CLocation%2CMood%2CPart%2CProducer%2CSimilar%2CPhoto%2CRole%2CVast%2CTopic%2CWriter&excludeFields=file%2Ctagline%2Csummary&includeLibraryPlaylists=1&includeStations=1).
Mar 25, 2026 19:19:08.118 [281473349279968] DEBUG - [Req#3e5] HubCache: Computed '738871968/movie.topunwatched.1/1/hubs/sections/1/enexternal-media,indirect-media/count=20&excludeElements=Actor%2CCollection%2CCountry%2CDirector%2CGenre%2CLabel%2CLocation%2CMood%2CPart%2CProducer%2CSimilar%2CPhoto%2CRole%2CVast%2CTopic%2CWriter&excludeFields=file%2Ctagline%2Csummary&includeLibraryPlaylists=1&includeStations=1' in 2 ms.
Mar 25, 2026 19:19:08.118 [281473349279968] DEBUG - [Req#3e5] HubCache: Retrieving '738871968/movie.curated.1/1/hubs/sections/1/enexternal-media,indirect-media/count=20&excludeElements=Actor%2CCollection%2CCountry%2CDirector%2CGenre%2CLabel%2CLocation%2CMood%2CPart%2CProducer%2CSimilar%2CPhoto%2CRole%2CVast%2CTopic%2CWriter&excludeFields=file%2Ctagline%2Csummary&includeLibraryPlaylists=1&includeStations=1' from the cache.
Mar 25, 2026 19:19:08.118 [281473349279968] DEBUG - [Req#3e5] HubCache: Adding '738871968/movie.recentlyviewed.1/1/hubs/sections/1/enexternal-media,indirect-media/count=20&excludeElements=Actor%2CCollection%2CCountry%2CDirector%2CGenre%2CLabel%2CLocation%2CMood%2CPart%2CProducer%2CSimilar%2CPhoto%2CRole%2CVast%2CTopic%2CWriter&excludeFields=file%2Ctagline%2Csummary&includeLibraryPlaylists=1&includeStations=1' to the cache (738871968/movie.recentlyviewed.1/1/hubs/sections/1/enexternal-media,indirect-media/count=20&excludeElements=Actor%2CCollection%2CCountry%2CDirector%2CGenre%2CLabel%2CLocation%2CMood%2CPart%2CProducer%2CSimilar%2CPhoto%2CRole%2CVast%2CTopic%2CWriter&excludeFields=file%2Ctagline%2Csummary&includeLibraryPlaylists=1&includeStations=1).
Mar 25, 2026 19:19:08.119 [281473349279968] DEBUG - [Req#3e5] HubCache: Computed '738871968/movie.recentlyviewed.1/1/hubs/sections/1/enexternal-media,indirect-media/count=20&excludeElements=Actor%2CCollection%2CCountry%2CDirector%2CGenre%2CLabel%2CLocation%2CMood%2CPart%2CProducer%2CSimilar%2CPhoto%2CRole%2CVast%2CTopic%2CWriter&excludeFields=file%2Ctagline%2Csummary&includeLibraryPlaylists=1&includeStations=1' in 1 ms.
Mar 25, 2026 19:19:08.122 [281473408512224] DEBUG - Completed: [192.168.97.1:60857] 200 GET /hubs/sections/1?count=20&includeLibraryPlaylists=1&includeStations=1&excludeElements=Actor%2CCollection%2CCountry%2CDirector%2CGenre%2CLabel%2CLocation%2CMood%2CPart%2CProducer%2CSimilar%2CPhoto%2CRole%2CVast%2CTopic%2CWriter&excludeFields=file%2Ctagline%2Csummary (4 live) #3e5 TLS GZIP 19ms 2189 bytes (pipelined: 1)
Mar 25, 2026 19:19:09.860 [281473406402784] DEBUG - Auth: authenticated user 738871968 as caterinaalomar
Mar 25, 2026 19:19:09.860 [281473349279968] DEBUG - Request: [192.168.97.1:60857 (Subnet)] GET /hubs/sections/1?count=20&includeLibraryPlaylists=1&includeStations=1&excludeElements=Actor%2CCollection%2CCountry%2CDirector%2CGenre%2CLabel%2CLocation%2CMood%2CPart%2CProducer%2CSimilar%2CPhoto%2CRole%2CVast%2CTopic%2CWriter&excludeFields=file%2Ctagline%2Csummary (4 live) #3f2 TLS GZIP Signed-in Token (caterinaalomar)
Mar 25, 2026 19:19:09.861 [281473349279968] DEBUG - [Req#3f2] HubCache: Retrieving '738871968/movie.inprogress.1/1/hubs/sections/1/enexternal-media,indirect-media/count=20&excludeElements=Actor%2CCollection%2CCountry%2CDirector%2CGenre%2CLabel%2CLocation%2CMood%2CPart%2CProducer%2CSimilar%2CPhoto%2CRole%2CVast%2CTopic%2CWriter&excludeFields=file%2Ctagline%2Csummary&includeLibraryPlaylists=1&includeStations=1' from the cache.
Mar 25, 2026 19:19:09.861 [281473349279968] DEBUG - [Req#3f2] HubCache: Retrieving '738871968/movie.recentlyreleased.1/1/hubs/sections/1/enexternal-media,indirect-media/count=20&excludeElements=Actor%2CCollection%2CCountry%2CDirector%2CGenre%2CLabel%2CLocation%2CMood%2CPart%2CProducer%2CSimilar%2CPhoto%2CRole%2CVast%2CTopic%2CWriter&excludeFields=file%2Ctagline%2Csummary&includeLibraryPlaylists=1&includeStations=1' from the cache.
Mar 25, 2026 19:19:09.861 [281473349279968] DEBUG - [Req#3f2] HubCache: Retrieving '738871968/movie.recentlyadded.1/1/hubs/sections/1/enexternal-media,indirect-media/count=20&excludeElements=Actor%2CCollection%2CCountry%2CDirector%2CGenre%2CLabel%2CLocation%2CMood%2CPart%2CProducer%2CSimilar%2CPhoto%2CRole%2CVast%2CTopic%2CWriter&excludeFields=file%2Ctagline%2Csummary&includeLibraryPlaylists=1&includeStations=1' from the cache.
Mar 25, 2026 19:19:09.861 [281473349279968] DEBUG - [Req#3f2] HubCache: Retrieving '738871968/recent.library.playlists.1/1/hubs/sections/1/enexternal-media,indirect-media/count=20&excludeElements=Actor%2CCollection%2CCountry%2CDirector%2CGenre%2CLabel%2CLocation%2CMood%2CPart%2CProducer%2CSimilar%2CPhoto%2CRole%2CVast%2CTopic%2CWriter&excludeFields=file%2Ctagline%2Csummary&includeLibraryPlaylists=1&includeStations=1' from the cache.
Mar 25, 2026 19:19:09.861 [281473349279968] DEBUG - [Req#3f2] HubCache: Retrieving '738871968/movie.genre.1/1/hubs/sections/1/enexternal-media,indirect-media/count=20&excludeElements=Actor%2CCollection%2CCountry%2CDirector%2CGenre%2CLabel%2CLocation%2CMood%2CPart%2CProducer%2CSimilar%2CPhoto%2CRole%2CVast%2CTopic%2CWriter&excludeFields=file%2Ctagline%2Csummary&includeLibraryPlaylists=1&includeStations=1' from the cache.
Mar 25, 2026 19:19:09.861 [281473349279968] DEBUG - [Req#3f2] HubCache: Retrieving '738871968/movie.by.actor.or.director.1/1/hubs/sections/1/enexternal-media,indirect-media/count=20&excludeElements=Actor%2CCollection%2CCountry%2CDirector%2CGenre%2CLabel%2CLocation%2CMood%2CPart%2CProducer%2CSimilar%2CPhoto%2CRole%2CVast%2CTopic%2CWriter&excludeFields=file%2Ctagline%2Csummary&includeLibraryPlaylists=1&includeStations=1' from the cache.
Mar 25, 2026 19:19:09.861 [281473349279968] DEBUG - [Req#3f2] HubCache: Retrieving '738871968/movie.topunwatched.1/1/hubs/sections/1/enexternal-media,indirect-media/count=20&excludeElements=Actor%2CCollection%2CCountry%2CDirector%2CGenre%2CLabel%2CLocation%2CMood%2CPart%2CProducer%2CSimilar%2CPhoto%2CRole%2CVast%2CTopic%2CWriter&excludeFields=file%2Ctagline%2Csummary&includeLibraryPlaylists=1&includeStations=1' from the cache.
Mar 25, 2026 19:19:09.861 [281473349279968] DEBUG - [Req#3f2] HubCache: Retrieving '738871968/movie.curated.1/1/hubs/sections/1/enexternal-media,indirect-media/count=20&excludeElements=Actor%2CCollection%2CCountry%2CDirector%2CGenre%2CLabel%2CLocation%2CMood%2CPart%2CProducer%2CSimilar%2CPhoto%2CRole%2CVast%2CTopic%2CWriter&excludeFields=file%2Ctagline%2Csummary&includeLibraryPlaylists=1&includeStations=1' from the cache.
Mar 25, 2026 19:19:09.861 [281473349279968] DEBUG - [Req#3f2] HubCache: Retrieving '738871968/movie.recentlyviewed.1/1/hubs/sections/1/enexternal-media,indirect-media/count=20&excludeElements=Actor%2CCollection%2CCountry%2CDirector%2CGenre%2CLabel%2CLocation%2CMood%2CPart%2CProducer%2CSimilar%2CPhoto%2CRole%2CVast%2CTopic%2CWriter&excludeFields=file%2Ctagline%2Csummary&includeLibraryPlaylists=1&includeStations=1' from the cache.
Mar 25, 2026 19:19:09.864 [281473406402784] DEBUG - Completed: [192.168.97.1:60857] 200 GET /hubs/sections/1?count=20&includeLibraryPlaylists=1&includeStations=1&excludeElements=Actor%2CCollection%2CCountry%2CDirector%2CGenre%2CLabel%2CLocation%2CMood%2CPart%2CProducer%2CSimilar%2CPhoto%2CRole%2CVast%2CTopic%2CWriter&excludeFields=file%2Ctagline%2Csummary (4 live) #3f2 TLS GZIP 4ms 2189 bytes (pipelined: 2)
Mar 25, 2026 19:20:41.912 [281473290215648] DEBUG - [ViewStateSync] Starting
Mar 25, 2026 19:20:41.916 [281473290215648] DEBUG - [ViewStateSync] Got token for user 1 (oscar.p46)
Mar 25, 2026 19:20:41.919 [281473290215648] DEBUG - [ViewStateSync/HCl#44] HTTP requesting GET https://plex.tv/api/v2/server/users/738467780/view_state_sync
Mar 25, 2026 19:20:42.397 [281473351389408] DEBUG - [HttpClient/HCl#44] HTTP/1.1 (0.5s) 200 response from GET https://plex.tv/api/v2/server/users/738467780/view_state_sync
Mar 25, 2026 19:20:42.397 [281473342951648] DEBUG - [ViewStateSync] Starting for user 1
Mar 25, 2026 19:20:42.397 [281473342951648] DEBUG - [ViewStateSync] Sending state
Mar 25, 2026 19:20:42.398 [281473342951648] DEBUG - [ViewStateSync] All state sent
Mar 25, 2026 19:20:42.400 [281473342951648] DEBUG - [ViewStateSync] Getting state
Mar 25, 2026 19:20:42.400 [281473342951648] DEBUG - [ViewStateSync/HCl#45] HTTP requesting GET https://scrobbles.plex.tv/state/738467780?count=100
Mar 25, 2026 19:20:42.494 [281473351389408] DEBUG - [HttpClient/HCl#45] HTTP/2.0 (0.1s) 200 response from GET https://scrobbles.plex.tv/state/738467780?count=100
Mar 25, 2026 19:20:42.494 [281473342951648] DEBUG - [ViewStateSync] Reading 0 states
Mar 25, 2026 19:20:42.494 [281473342951648] DEBUG - [ViewStateSync] Done getting states
Mar 25, 2026 19:20:42.495 [281473342951648] DEBUG - [ViewStateSync] Finished
Mar 25, 2026 19:30:44.597 [281473408512224] DEBUG - Auth: authenticated user 738871968 as caterinaalomar
Mar 25, 2026 19:30:44.599 [281473349279968] DEBUG - Request: [192.168.97.1:44898 (Subnet)] GET /media/providers (4 live) #3e9 TLS GZIP Signed-in Token (caterinaalomar)
Mar 25, 2026 19:30:44.615 [281473408512224] DEBUG - Completed: [192.168.97.1:44898] 200 GET /media/providers (4 live) #3e9 TLS GZIP 17ms 4517 bytes (pipelined: 1)
Mar 25, 2026 19:30:48.960 [281473408512224] DEBUG - Auth: authenticated user 738871968 as caterinaalomar
Mar 25, 2026 19:30:48.960 [281473349279968] DEBUG - Request: [192.168.97.1:44898 (Subnet)] GET /hubs/sections/1?count=20&includeLibraryPlaylists=1&includeStations=1&excludeElements=Actor%2CCollection%2CCountry%2CDirector%2CGenre%2CLabel%2CLocation%2CMood%2CPart%2CProducer%2CSimilar%2CPhoto%2CRole%2CVast%2CTopic%2CWriter&excludeFields=file%2Ctagline%2Csummary (4 live) #3f7 TLS GZIP Signed-in Token (caterinaalomar)
Mar 25, 2026 19:30:48.963 [281473349279968] DEBUG - [Req#3f7] HubCache: Retrieving '738871968/movie.inprogress.1/1/hubs/sections/1/enexternal-media,indirect-media/count=20&excludeElements=Actor%2CCollection%2CCountry%2CDirector%2CGenre%2CLabel%2CLocation%2CMood%2CPart%2CProducer%2CSimilar%2CPhoto%2CRole%2CVast%2CTopic%2CWriter&excludeFields=file%2Ctagline%2Csummary&includeLibraryPlaylists=1&includeStations=1' from the cache.
Mar 25, 2026 19:30:48.963 [281473349279968] DEBUG - [Req#3f7] HubCache: 16 hubs cached, 41.7% hit ratio.
Mar 25, 2026 19:30:48.963 [281473349279968] DEBUG - [Req#3f7] HubCache: Retrieving '738871968/movie.recentlyreleased.1/1/hubs/sections/1/enexternal-media,indirect-media/count=20&excludeElements=Actor%2CCollection%2CCountry%2CDirector%2CGenre%2CLabel%2CLocation%2CMood%2CPart%2CProducer%2CSimilar%2CPhoto%2CRole%2CVast%2CTopic%2CWriter&excludeFields=file%2Ctagline%2Csummary&includeLibraryPlaylists=1&includeStations=1' from the cache.
Mar 25, 2026 19:30:48.963 [281473349279968] DEBUG - [Req#3f7] HubCache: Retrieving '738871968/movie.recentlyadded.1/1/hubs/sections/1/enexternal-media,indirect-media/count=20&excludeElements=Actor%2CCollection%2CCountry%2CDirector%2CGenre%2CLabel%2CLocation%2CMood%2CPart%2CProducer%2CSimilar%2CPhoto%2CRole%2CVast%2CTopic%2CWriter&excludeFields=file%2Ctagline%2Csummary&includeLibraryPlaylists=1&includeStations=1' from the cache.
Mar 25, 2026 19:30:48.963 [281473349279968] DEBUG - [Req#3f7] HubCache: Retrieving '738871968/recent.library.playlists.1/1/hubs/sections/1/enexternal-media,indirect-media/count=20&excludeElements=Actor%2CCollection%2CCountry%2CDirector%2CGenre%2CLabel%2CLocation%2CMood%2CPart%2CProducer%2CSimilar%2CPhoto%2CRole%2CVast%2CTopic%2CWriter&excludeFields=file%2Ctagline%2Csummary&includeLibraryPlaylists=1&includeStations=1' from the cache.
Mar 25, 2026 19:30:48.963 [281473349279968] DEBUG - [Req#3f7] HubCache: Retrieving '738871968/movie.genre.1/1/hubs/sections/1/enexternal-media,indirect-media/count=20&excludeElements=Actor%2CCollection%2CCountry%2CDirector%2CGenre%2CLabel%2CLocation%2CMood%2CPart%2CProducer%2CSimilar%2CPhoto%2CRole%2CVast%2CTopic%2CWriter&excludeFields=file%2Ctagline%2Csummary&includeLibraryPlaylists=1&includeStations=1' from the cache.
Mar 25, 2026 19:30:48.963 [281473349279968] DEBUG - [Req#3f7] HubCache: Retrieving '738871968/movie.by.actor.or.director.1/1/hubs/sections/1/enexternal-media,indirect-media/count=20&excludeElements=Actor%2CCollection%2CCountry%2CDirector%2CGenre%2CLabel%2CLocation%2CMood%2CPart%2CProducer%2CSimilar%2CPhoto%2CRole%2CVast%2CTopic%2CWriter&excludeFields=file%2Ctagline%2Csummary&includeLibraryPlaylists=1&includeStations=1' from the cache.
Mar 25, 2026 19:30:48.964 [281473349279968] DEBUG - [Req#3f7] HubCache: Retrieving '738871968/movie.topunwatched.1/1/hubs/sections/1/enexternal-media,indirect-media/count=20&excludeElements=Actor%2CCollection%2CCountry%2CDirector%2CGenre%2CLabel%2CLocation%2CMood%2CPart%2CProducer%2CSimilar%2CPhoto%2CRole%2CVast%2CTopic%2CWriter&excludeFields=file%2Ctagline%2Csummary&includeLibraryPlaylists=1&includeStations=1' from the cache.
Mar 25, 2026 19:30:48.964 [281473349279968] DEBUG - [Req#3f7] HubCache: Retrieving '738871968/movie.curated.1/1/hubs/sections/1/enexternal-media,indirect-media/count=20&excludeElements=Actor%2CCollection%2CCountry%2CDirector%2CGenre%2CLabel%2CLocation%2CMood%2CPart%2CProducer%2CSimilar%2CPhoto%2CRole%2CVast%2CTopic%2CWriter&excludeFields=file%2Ctagline%2Csummary&includeLibraryPlaylists=1&includeStations=1' from the cache.
Mar 25, 2026 19:30:48.964 [281473349279968] DEBUG - [Req#3f7] HubCache: Retrieving '738871968/movie.recentlyviewed.1/1/hubs/sections/1/enexternal-media,indirect-media/count=20&excludeElements=Actor%2CCollection%2CCountry%2CDirector%2CGenre%2CLabel%2CLocation%2CMood%2CPart%2CProducer%2CSimilar%2CPhoto%2CRole%2CVast%2CTopic%2CWriter&excludeFields=file%2Ctagline%2Csummary&includeLibraryPlaylists=1&includeStations=1' from the cache.
Mar 25, 2026 19:30:48.968 [281473408512224] DEBUG - Completed: [192.168.97.1:44898] 200 GET /hubs/sections/1?count=20&includeLibraryPlaylists=1&includeStations=1&excludeElements=Actor%2CCollection%2CCountry%2CDirector%2CGenre%2CLabel%2CLocation%2CMood%2CPart%2CProducer%2CSimilar%2CPhoto%2CRole%2CVast%2CTopic%2CWriter&excludeFields=file%2Ctagline%2Csummary (4 live) #3f7 TLS GZIP 7ms 2189 bytes (pipelined: 2)
Mar 25, 2026 19:30:59.295 [281473349279968] DEBUG - Request: [192.168.97.1:55407 (Subnet)] GET /library/sections/1/refresh (5 live) #3f5 GZIP Signed-in Token (oscar.p46)
Mar 25, 2026 19:30:59.295 [281473349279968] DEBUG - [Req#3f5] Library Updater: Requested that section 1 be updated, force=0, subdir= iTunes=0
Mar 25, 2026 19:30:59.295 [281473349279968] DEBUG - [Req#3f5] Library Updater: Queueing section 1
Mar 25, 2026 19:30:59.295 [281473408512224] DEBUG - Completed: [192.168.97.1:55407] 200 GET /library/sections/1/refresh (5 live) #3f5 GZIP 0ms 323 bytes (pipelined: 1)
Mar 25, 2026 19:30:59.296 [281473355608288] DEBUG - Activity: registered new activity f98c86dc-1379-4cc9-ae67-6b428398fe12 - "Scanning"
Mar 25, 2026 19:30:59.296 [281473355608288] DEBUG - Scanning section 1
Mar 25, 2026 19:30:59.297 [281473355608288] DEBUG - Activity: updated activity f98c86dc-1379-4cc9-ae67-6b428398fe12 - completed 0.0% - Scanning Películas
Mar 25, 2026 19:30:59.297 [281473355608288] DEBUG - Job was already killed, not killing again.
Mar 25, 2026 19:30:59.298 [281473355608288] DEBUG - Asked to cull library timeline before time 1774462259, we're starting with 18 items.
Mar 25, 2026 19:30:59.298 [281473355608288] DEBUG - Library timeline cull complete with 16 items left.
Mar 25, 2026 19:30:59.298 [281473355608288] DEBUG - Scanning Películas using es-ES(Plex Movie) with 3 current media items and 1 section locations in the database.
Mar 25, 2026 19:30:59.298 [281473355608288] DEBUG - Performing a scan with 'Plex Movie' (language: es-ES virtual: 0).
Mar 25, 2026 19:30:59.298 [281473355608288] DEBUG -   * Scanning /movies
Mar 25, 2026 19:30:59.298 [281473355608288] DEBUG - Scanner: Processing directory /movies (parent: no)
Mar 25, 2026 19:30:59.299 [281473355608288] DEBUG - Skipping over directory '', as nothing has changed; removing 0 media items from map.
Mar 25, 2026 19:30:59.300 [281473355608288] DEBUG - Scanner: Processing directory /movies/A Cinderella Story (2004) (parent: yes)
Mar 25, 2026 19:30:59.301 [281473355608288] DEBUG - Skipping over directory 'A Cinderella Story (2004)', as nothing has changed; removing 1 media items from map.
Mar 25, 2026 19:30:59.301 [281473355608288] DEBUG - Activity: updated activity f98c86dc-1379-4cc9-ae67-6b428398fe12 - completed 33.0% - Scanning Películas
Mar 25, 2026 19:30:59.302 [281473355608288] DEBUG - Scanner: Processing directory /movies/Hamnet (2025) (parent: yes)
Mar 25, 2026 19:30:59.303 [281473355608288] DEBUG - Skipping over directory 'Hamnet (2025)', as nothing has changed; removing 1 media items from map.
Mar 25, 2026 19:30:59.303 [281473355608288] DEBUG - Activity: updated activity f98c86dc-1379-4cc9-ae67-6b428398fe12 - completed 66.0% - Scanning Películas
Mar 25, 2026 19:30:59.303 [281473355608288] DEBUG - Scanner: Processing directory /movies/Little Amélie or the Character of Rain (2025) (parent: yes)
Mar 25, 2026 19:30:59.304 [281473355608288] DEBUG - Skipping over directory 'Little Amélie or the Character of Rain (2025)', as nothing has changed; removing 1 media items from map.
Mar 25, 2026 19:30:59.304 [281473355608288] DEBUG - Activity: updated activity f98c86dc-1379-4cc9-ae67-6b428398fe12 - completed 99.0% - Scanning Películas
Mar 25, 2026 19:30:59.304 [281473355608288] DEBUG - Scanner [Plex Movie]: Idle and left with 3 media items.
Mar 25, 2026 19:30:59.304 [281473355608288] DEBUG - Removing 0 media items that were left.
Mar 25, 2026 19:30:59.304 [281473355608288] DEBUG - Removing 1 directories that were left.
Mar 25, 2026 19:30:59.304 [281473355608288] DEBUG - Deleting directory [Wuthering Heights (2026)] (8)
Mar 25, 2026 19:30:59.305 [281473355608288] DEBUG - Updating directory '' (ID 4) to time 2026-03-25 18:50:31.
Mar 25, 2026 19:30:59.305 [281473355608288] DEBUG - Updating directory 'A Cinderella Story (2004)' (ID 11) to time 2026-03-25 18:50:31.
Mar 25, 2026 19:30:59.305 [281473355608288] DEBUG - Updating directory 'Hamnet (2025)' (ID 10) to time 2026-03-25 18:47:31.
Mar 25, 2026 19:30:59.305 [281473355608288] DEBUG - Updating directory 'Little Amélie or the Character of Rain (2025)' (ID 9) to time 2026-03-25 13:56:04.
Mar 25, 2026 19:30:59.306 [281473355608288] DEBUG - Collections: Found 0 collections tags in section 1.
Mar 25, 2026 19:30:59.306 [281473355608288] DEBUG - Collections: We had 0 collections in the library already.
Mar 25, 2026 19:30:59.306 [281473355608288] DEBUG - Collections: Synced tags in section 1 in 0ms.
Mar 25, 2026 19:30:59.307 [281473355608288] DEBUG - Collections: Refreshed attributes for 0 collections in section 1 in 1ms.
Mar 25, 2026 19:30:59.307 [281473355608288] DEBUG - Collection: Refreshed visibility in section 1 in 0ms.
Mar 25, 2026 19:30:59.308 [281473355608288] DEBUG - Activity: updated activity f98c86dc-1379-4cc9-ae67-6b428398fe12 - completed 100.0% - Scanning Películas
Mar 25, 2026 19:30:59.308 [281473355608288] DEBUG - Refreshing section 1 of type: 1
Mar 25, 2026 19:30:59.308 [281473330295008] DEBUG - Refreshing 0 IDs.
Mar 25, 2026 19:30:59.309 [281473355608288] DEBUG - Activity: registered new activity 1c7c9cd0-99dd-42f4-9760-e799064c2eab - "Processing subscriptions"
Mar 25, 2026 19:30:59.309 [281473355608288] DEBUG - Activity: Ended activity f98c86dc-1379-4cc9-ae67-6b428398fe12.
Mar 25, 2026 19:30:59.309 [281473342951648] DEBUG - Grabber: Cleaning up orphaned grabs.
Mar 25, 2026 19:30:59.310 [281473342951648] DEBUG - Grabber: Cleaned up 0 decrepit directories in 0.0 sec.
Mar 25, 2026 19:30:59.310 [281473342951648] DEBUG - Activity: registered new activity 7b087aaf-fe56-44d5-bccb-50a9b4845c6c - "Processing subscriptions"
Mar 25, 2026 19:30:59.310 [281473342951648] DEBUG - Subscription: Scheduling subscriptions.
Mar 25, 2026 19:30:59.310 [281473342951648] DEBUG - Subscription: Initialized 0 schedulers.
Mar 25, 2026 19:30:59.310 [281473342951648] DEBUG - Subscription: Starting with 0 grabs, scheduled 0 active ones preemptively.
Mar 25, 2026 19:30:59.310 [281473342951648] DEBUG - Subscription: Scheduled all subscriptions in 0 ms.
Mar 25, 2026 19:30:59.310 [281473342951648] DEBUG - Activity: Ended activity 7b087aaf-fe56-44d5-bccb-50a9b4845c6c.
Mar 25, 2026 19:30:59.310 [281473342951648] DEBUG - Subscription: There are 0 active grabs at the end.
Mar 25, 2026 19:30:59.310 [281473342951648] DEBUG - Activity: Ended activity 1c7c9cd0-99dd-42f4-9760-e799064c2eab.
Mar 25, 2026 19:30:59.310 [281473342951648] DEBUG - Subscription: Refreshed all content in 1 ms.
Mar 25, 2026 19:30:59.324 [281473349279968] DEBUG - Request: [192.168.97.1:55407 (Subnet)] GET /library/sections/1/firstCharacter?sort=titleSort&includeCollections=1&includeExternalMedia=1 (5 live) #3fa GZIP Signed-in Token (oscar.p46)
Mar 25, 2026 19:30:59.326 [281473408512224] DEBUG - Completed: [192.168.97.1:55407] 200 GET /library/sections/1/firstCharacter?sort=titleSort&includeCollections=1&includeExternalMedia=1 (5 live) #3fa GZIP 1ms 730 bytes (pipelined: 2)
Mar 25, 2026 19:30:59.330 [281473349279968] DEBUG - Request: [192.168.97.1:55407 (Subnet)] GET /library/sections (5 live) #441 GZIP Signed-in Token (oscar.p46)
Mar 25, 2026 19:30:59.330 [281473406402784] DEBUG - Completed: [192.168.97.1:55407] 200 GET /library/sections (5 live) #441 GZIP 0ms 863 bytes (pipelined: 3)
Mar 25, 2026 19:30:59.372 [281473349279968] DEBUG - Request: [192.168.97.1:55407 (Subnet)] GET /media/providers (6 live) #442 GZIP Signed-in Token (oscar.p46)
Mar 25, 2026 19:30:59.373 [281473326076128] DEBUG - Request: [192.168.97.1:54430 (Subnet)] GET /media/providers (6 live) #3f9 GZIP Signed-in Token (oscar.p46)
Mar 25, 2026 19:30:59.375 [281473406402784] DEBUG - Completed: [192.168.97.1:54430] 200 GET /media/providers (7 live) #3f9 GZIP 2ms 4491 bytes (pipelined: 1)
Mar 25, 2026 19:30:59.375 [281473408512224] DEBUG - Completed: [192.168.97.1:55407] 200 GET /media/providers (7 live) #442 GZIP 2ms 4619 bytes (pipelined: 4)
Mar 25, 2026 19:30:59.377 [281473326076128] DEBUG - Request: [192.168.97.0:63192 (Subnet)] GET /media/providers (7 live) #443 TLS GZIP Signed-in Token (oscar.p46)
Mar 25, 2026 19:30:59.378 [281473408512224] DEBUG - Completed: [192.168.97.0:63192] 200 GET /media/providers (7 live) #443 TLS GZIP 1ms 4619 bytes (pipelined: 1)
Mar 25, 2026 19:30:59.391 [281473349279968] DEBUG - Request: [192.168.97.1:55407 (Subnet)] GET /library/sections/1/all?type=1&includeCollections=1&includeExternalMedia=1 (7 live) #448 Page 0-2 GZIP Signed-in Token (oscar.p46)
Mar 25, 2026 19:30:59.392 [281473349279968] DEBUG - [Req#448] Setting container serialization range to [0, 2] (total=-1)
Mar 25, 2026 19:30:59.392 [281473326076128] DEBUG - Request: [192.168.97.1:39927 (Subnet)] GET /library/sections/1/firstCharacter?sort=titleSort&includeCollections=1&includeExternalMedia=1 (8 live) #446 GZIP Signed-in Token (oscar.p46)
Mar 25, 2026 19:30:59.394 [281473406402784] DEBUG - Completed: [192.168.97.1:39927] 200 GET /library/sections/1/firstCharacter?sort=titleSort&includeCollections=1&includeExternalMedia=1 (8 live) #446 GZIP 1ms 730 bytes (pipelined: 1)
Mar 25, 2026 19:30:59.396 [281473406402784] DEBUG - Completed: [192.168.97.1:55407] 200 GET /library/sections/1/all?type=1&includeCollections=1&includeExternalMedia=1 (8 live) #448 GZIP Page 0-2 4ms 3400 bytes (pipelined: 5)
Mar 25, 2026 19:30:59.524 [281473326076128] DEBUG - Request: [192.168.97.1:25593 (Subnet)] GET /media/providers (9 live) #44b TLS GZIP Signed-in Token (oscar.p46)
Mar 25, 2026 19:30:59.525 [281473408512224] DEBUG - Completed: [192.168.97.1:25593] 200 GET /media/providers (9 live) #44b TLS GZIP 1ms 4619 bytes (pipelined: 1)
Mar 25, 2026 19:31:09.622 [281473406402784] DEBUG - Auth: authenticated user 738871968 as caterinaalomar
Mar 25, 2026 19:31:09.622 [281473326076128] DEBUG - Request: [192.168.97.1:60173 (Subnet)] GET /media/providers (9 live) #44e TLS GZIP Signed-in Token (caterinaalomar)
Mar 25, 2026 19:31:09.626 [281473406402784] DEBUG - Completed: [192.168.97.1:60173] 200 GET /media/providers (9 live) #44e TLS GZIP 3ms 4517 bytes (pipelined: 1)
Mar 25, 2026 19:47:00.589 [281473317638368] DEBUG - PublicAddressManager: Obtaining public address and mapping port.
Mar 25, 2026 19:47:00.590 [281473317638368] DEBUG - PublicAddressManager: Obtaining public IP.
Mar 25, 2026 19:47:00.592 [281473328185568] DEBUG - NAT: UPnP, attempting port mapping.
Mar 25, 2026 19:47:00.593 [281473317638368] DEBUG - [HCl#46] HTTP requesting GET https://v4.plex.tv/pms/:/ip
Mar 25, 2026 19:47:01.067 [281473351389408] DEBUG - [HttpClient/HCl#46] HTTP/1.1 (0.5s) 200 response from GET https://v4.plex.tv/pms/:/ip
Mar 25, 2026 19:47:01.067 [281473317638368] DEBUG - PublicAddressManager: Got public IP from v4.plex.tv: 79.117.226.16
Mar 25, 2026 19:47:12.613 [281473328185568] DEBUG - NAT: UPnP, didn't find usable IGD.
Mar 25, 2026 19:47:12.613 [281473328185568] DEBUG - NAT: PMP, attempting mapping.
Mar 25, 2026 19:47:12.866 [281473328185568] WARN - NAT: PMP, got an error: Not Supported by gateway.
Mar 25, 2026 19:47:12.866 [281473328185568] DEBUG - NAT: UPnP, attempting port mapping.
Mar 25, 2026 19:47:13.094 [281473317638368] DEBUG - NAT: UPnP, getPublicIP didn't find usable IGD.
Mar 25, 2026 19:47:13.349 [281473317638368] WARN - NAT: PMP, got an error: Not Supported by gateway.
Mar 25, 2026 19:47:13.350 [281473317638368] DEBUG - MyPlex: sendMapping resetting state - previous mapping state: 'Mapped - Not Published (Not Reachable)'.
Mar 25, 2026 19:47:13.350 [281473317638368] DEBUG - MyPlex: mapping state set to 'Unknown'.
Mar 25, 2026 19:47:13.355 [281473317638368] DEBUG - MyPlex: Sending Server Info to myPlex (user=oscar.pelagio@icloud.com, ip=79.117.226.16, port=0)
Mar 25, 2026 19:47:13.355 [281473317638368] DEBUG - [HCl#47] HTTP requesting POST https://plex.tv/servers.xml?auth_token=xxxxxxxxxxxxxxxxxxxx
Mar 25, 2026 19:47:13.805 [281473351389408] DEBUG - [HttpClient/HCl#47] HTTP/1.1 (0.4s) 422 response from POST https://plex.tv/servers.xml?auth_token=xxxxxxxxxxxxxxxxxxxx
Mar 25, 2026 19:47:13.805 [281473317638368] DEBUG - MyPlex: Published Mapping State response was 422
Mar 25, 2026 19:47:13.805 [281473317638368] DEBUG - MyPlex: Got response for e54df6383d25ebd337b0eedd659aa30a8163aa07 ~ registered :0
Mar 25, 2026 19:47:13.805 [281473317638368] DEBUG - MyPlex: updating mapped state - current state: 'Mapped - Not Published (Not Reachable)'
Mar 25, 2026 19:47:13.805 [281473317638368] DEBUG - MyPlex: mapping state set to 'Mapped - Publishing'.
Mar 25, 2026 19:47:13.805 [281473317638368] DEBUG - MyPlex: async reachability check - current mapped state: 'Mapped - Publishing'.
Mar 25, 2026 19:47:13.805 [281473317638368] DEBUG - MyPlex: Requesting reachability check.
Mar 25, 2026 19:47:13.806 [281473317638368] DEBUG - [HCl#48] HTTP requesting PUT https://plex.tv/api/servers/e54df6383d25ebd337b0eedd659aa30a8163aa07/connectivity?X-Plex-Token=xxxxxxxxxxxxxxxxxxxx&asyncIdentifier=9fa8658b-9d99-4e4b-ad84-2767eada5fb1
Mar 25, 2026 19:47:13.941 [281473351389408] DEBUG - [HttpClient/HCl#48] HTTP/1.1 (0.1s) 200 response from PUT https://plex.tv/api/servers/e54df6383d25ebd337b0eedd659aa30a8163aa07/connectivity?X-Plex-Token=xxxxxxxxxxxxxxxxxxxx&asyncIdentifier=9fa8658b-9d99-4e4b-ad84-2767eada5fb1 (reused)
Mar 25, 2026 19:47:13.944 [281473317638368] DEBUG - MyPlex: Last published value didn't change, we're done.
Mar 25, 2026 19:47:13.968 [281473406402784] DEBUG - [EventSourceClient/pubsub/172.104.133.220:443] EventSource: Got event [data] '<Message address="" port="0" asyncIdentifier="9fa8658b-9d99-4e4b-ad84-2767eada5fb1" connectivity="0" command="notifyConnectivity"/>'
Mar 25, 2026 19:47:13.968 [281473406402784] DEBUG - [EventSourceClient/pubsub/172.104.133.220:443] PubSub: Got notified of reachability for async identifier 9fa8658b-9d99-4e4b-ad84-2767eada5fb1: 0 for :0 (responded in 26 ms)
Mar 25, 2026 19:47:13.969 [281473406402784] DEBUG - [EventSourceClient/pubsub/172.104.133.220:443] MyPlex: reachability check - current mapping state: 'Mapped - Publishing'.
Mar 25, 2026 19:47:13.969 [281473406402784] DEBUG - [EventSourceClient/pubsub/172.104.133.220:443] MyPlex: mapping state set to 'Mapped - Not Published (Not Reachable)'.
Mar 25, 2026 19:47:13.972 [281473326076128] DEBUG - Request: [192.168.97.1:40872 (Subnet)] GET /myplex/account (4 live) #452 GZIP Signed-in Token (oscar.p46)
Mar 25, 2026 19:47:13.981 [281473406402784] DEBUG - Completed: [192.168.97.1:40872] 200 GET /myplex/account (4 live) #452 GZIP 8ms 3365 bytes (pipelined: 1)
Mar 25, 2026 19:47:24.897 [281473328185568] DEBUG - NAT: UPnP, didn't find usable IGD.
Mar 25, 2026 19:47:24.897 [281473328185568] DEBUG - PublicAddressManager: Mapping failed.
Mar 25, 2026 19:47:24.902 [281473328185568] DEBUG - MyPlex: mapping state set to 'Mapped - Not Published'.
Mar 25, 2026 19:47:24.902 [281473328185568] DEBUG - MyPlex: sendMapping resetting state - previous mapping state: 'Mapped - Not Published'.
Mar 25, 2026 19:47:24.902 [281473328185568] DEBUG - MyPlex: mapping state set to 'Unknown'.
Mar 25, 2026 19:47:24.906 [281473328185568] DEBUG - MyPlex: Sending Server Info to myPlex (user=oscar.pelagio@icloud.com, ip=79.117.226.16, port=0)
Mar 25, 2026 19:47:24.906 [281473328185568] DEBUG - [HCl#49] HTTP requesting POST https://plex.tv/servers.xml?auth_token=xxxxxxxxxxxxxxxxxxxx
Mar 25, 2026 19:47:25.315 [281473351389408] DEBUG - [HttpClient/HCl#49] HTTP/1.1 (0.4s) 422 response from POST https://plex.tv/servers.xml?auth_token=xxxxxxxxxxxxxxxxxxxx
Mar 25, 2026 19:47:25.315 [281473328185568] DEBUG - MyPlex: Published Mapping State response was 422
Mar 25, 2026 19:47:25.315 [281473328185568] DEBUG - MyPlex: Got response for e54df6383d25ebd337b0eedd659aa30a8163aa07 ~ registered :0
Mar 25, 2026 19:47:25.315 [281473328185568] DEBUG - MyPlex: updating mapped state - current state: 'Mapped - Not Published'
Mar 25, 2026 19:47:25.315 [281473328185568] DEBUG - MyPlex: mapping state set to 'Mapped - Publishing'.
Mar 25, 2026 19:47:25.315 [281473328185568] DEBUG - MyPlex: async reachability check - current mapped state: 'Mapped - Publishing'.
Mar 25, 2026 19:47:25.315 [281473328185568] DEBUG - MyPlex: requesting connectivity refresh too soon after the last request, skipping.
Mar 25, 2026 19:47:25.320 [281473328185568] DEBUG - MyPlex: Last published value didn't change, we're done.
Mar 25, 2026 19:48:35.930 [281473328185568] DEBUG - [ViewStateSync] Starting
Mar 25, 2026 19:48:35.934 [281473328185568] DEBUG - [ViewStateSync] Fetching user tokens
Mar 25, 2026 19:48:35.935 [281473328185568] DEBUG - [ViewStateSync/HCl#4a] HTTP requesting GET https://plex.tv/api/v2/server/users/services?auth_token=xxxxxxxxxxxxxxxxxxxx
Mar 25, 2026 19:48:36.419 [281473351389408] DEBUG - [HttpClient/HCl#4a] HTTP/1.1 (0.5s) 200 response from GET https://plex.tv/api/v2/server/users/services?auth_token=xxxxxxxxxxxxxxxxxxxx
Mar 25, 2026 19:48:36.431 [281473342951648] DEBUG - [ViewStateSync] Got token for user 1 (oscar.p46)
Mar 25, 2026 19:48:36.431 [281473342951648] DEBUG - [ViewStateSync/HCl#4b] HTTP requesting GET https://plex.tv/api/v2/server/users/738467780/view_state_sync
Mar 25, 2026 19:48:36.551 [281473351389408] DEBUG - [HttpClient/HCl#4b] HTTP/1.1 (0.1s) 200 response from GET https://plex.tv/api/v2/server/users/738467780/view_state_sync (reused)
Mar 25, 2026 19:48:36.552 [281473342951648] DEBUG - [ViewStateSync] Starting for user 1
Mar 25, 2026 19:48:36.552 [281473342951648] DEBUG - [ViewStateSync] Sending state
Mar 25, 2026 19:48:36.554 [281473342951648] DEBUG - [ViewStateSync] All state sent
Mar 25, 2026 19:48:36.555 [281473342951648] DEBUG - [ViewStateSync] Getting state
Mar 25, 2026 19:48:36.555 [281473342951648] DEBUG - [ViewStateSync/HCl#4c] HTTP requesting GET https://scrobbles.plex.tv/state/738467780?count=100
Mar 25, 2026 19:48:36.652 [281473351389408] DEBUG - [HttpClient/HCl#4c] HTTP/2.0 (0.1s) 200 response from GET https://scrobbles.plex.tv/state/738467780?count=100
Mar 25, 2026 19:48:36.653 [281473342951648] DEBUG - [ViewStateSync] Reading 0 states
Mar 25, 2026 19:48:36.653 [281473342951648] DEBUG - [ViewStateSync] Done getting states
Mar 25, 2026 19:48:36.655 [281473342951648] DEBUG - [ViewStateSync] Finished
Mar 25, 2026 19:56:31.407 [281473408512224] DEBUG - CERT: incomplete TLS handshake from [::ffff:192.168.97.1]:41476: stream truncated
Mar 25, 2026 19:56:31.440 [281473408512224] DEBUG - Auth: authenticated user 738871968 as caterinaalomar
Mar 25, 2026 19:56:31.441 [281473326076128] DEBUG - Request: [192.168.97.1:20724 (Subnet)] GET /media/providers (5 live) #482 TLS GZIP Signed-in Token (caterinaalomar)
Mar 25, 2026 19:56:31.465 [281473408512224] DEBUG - Completed: [192.168.97.1:20724] 200 GET /media/providers (5 live) #482 TLS GZIP 24ms 4517 bytes (pipelined: 1)
Mar 25, 2026 20:00:00.096 [281473328185568] DEBUG - Statistics: Flushing 6 expired bandwidth entries, 1 expired media entries.
Mar 25, 2026 20:11:48.419 [281473406402784] DEBUG - WebSocket: client initiated close
Mar 25, 2026 20:11:48.419 [281473406402784] DEBUG - handleStreamRead code 2: End of file
Mar 25, 2026 20:11:48.419 [281473406402784] DEBUG - NotificationStream: Removing because of error
Mar 25, 2026 20:11:48.420 [281473406402784] DEBUG - Completed after connection close: [192.168.97.1:37334] -3 GET /:/websockets/notifications (3 live) #1be GZIP 4761698ms 15957 bytes
Mar 25, 2026 20:11:55.579 [281473418776800] DEBUG - Shutting down with signal 15 (Terminated)
Mar 25, 2026 20:11:55.579 [281473418776800] DEBUG - Ordered to stop server.
Mar 25, 2026 20:11:55.579 [281473418776800] DEBUG - [JobRunner] Job running: /usr/lib/plexmediaserver/CrashUploader --sessionStatus=exited --sessionStart=1774460818 --sessionDuration=5097 --version=1.43.0.10492-121068a07 --userId=oscar.pelagio@icloud.com --sentryUrl=https://o17675.ingest.sentry.io/api/1233455/ --sentryKey=xxxxxxxxxxxxxxxxxxxxxxxxxxxxxxxx
Mar 25, 2026 20:11:55.580 [281473418776800] DEBUG - [JobRunner] Jobs: Starting child process with pid 564
Mar 25, 2026 20:11:55.581 [281473518960672] DEBUG - Stopping server...
Mar 25, 2026 20:11:55.581 [281473518960672] DEBUG - HttpServer: Stopping server.
Mar 25, 2026 20:11:55.582 [281473332404448] DEBUG - TranscodeJobManager: [Running] onServerShutdown
Mar 25, 2026 20:11:55.582 [281473332404448] DEBUG - TranscodeJobManager: [Running] -> [Shutdown]
Mar 25, 2026 20:11:55.582 [281473406402784] DEBUG - MetadataItemClusterRequestHandler: a shutdown event has been received
Mar 25, 2026 20:11:55.582 [281473518960672] DEBUG - Server stopped.
Mar 25, 2026 20:11:55.582 [281473518960672] DEBUG - NetworkService: Stopping advertisement.
Mar 25, 2026 20:11:55.583 [281473518960672] DEBUG - Killing plug-ins.
Mar 25, 2026 20:11:55.596 [281473518960672] DEBUG - [com.plexapp.system] Killing.
Mar 25, 2026 20:11:55.601 [281473518960672] DEBUG - ChildProcessMonitor: Waiting for Plex Tuner Service to exit.
Mar 25, 2026 20:11:55.601 [281473518960672] DEBUG - [JobRunner] Signalling job ID 279 with 2
Mar 25, 2026 20:11:55.601 [281473418776800] WARN - JobManager: Could not find job for handle 209
Mar 25, 2026 20:11:55.644 [281473418776800] DEBUG - Jobs: '/usr/lib/plexmediaserver/Plex Tuner Service' exit code for process 279 is 0 (success)
Mar 25, 2026 20:11:55.644 [281473323966688] DEBUG - [ChildProcessMonitor] Plex Tuner Service exited.
Mar 25, 2026 20:11:55.644 [281473518960672] DEBUG - Job was already killed, not killing again.
Mar 25, 2026 20:11:55.645 [281473518960672] DEBUG - Database: Shutting down.
Mar 25, 2026 20:11:55.667 [281473518960672] DEBUG - Database: Shutting down.
