Mar 25, 2026 13:19:30.788 [281472902537440] INFO - Plex Media Server v1.43.0.10492-121068a07 - Docker Docker Container (LinuxServer.io) aarch64 - build: linux-aarch64 debian - GMT 01:00
Mar 25, 2026 13:19:30.789 [281472902537440] INFO - Linux version: 6.17.8-orbstack-00308-g8f9c941121b1, language: en-US
Mar 25, 2026 13:19:30.789 [281472902537440] INFO - Processor: 8-core Apple Swift
Mar 25, 2026 13:19:30.789 [281472902537440] INFO - Compiler is - Clang 11.0.1 (https://plex.tv 9b997da8e5b47bdb4a9425b3a3b290be393b4b1f)
Mar 25, 2026 13:19:30.789 [281472902537440] INFO - /usr/lib/plexmediaserver/Plex Media Server
Mar 25, 2026 13:19:30.784 [281473000628256] DEBUG - BPQ: [Idle] -> [Starting]
Mar 25, 2026 13:19:30.784 [281473000628256] DEBUG - FeatureManager: Using cached data for features list
Mar 25, 2026 13:19:30.787 [281473000628256] DEBUG - MyPlex: mapping state set to 'Unknown'.
Mar 25, 2026 13:19:30.788 [281473000628256] DEBUG - Relay: read 1 cached entries from hosts file
Mar 25, 2026 13:19:30.788 [281473000628256] DEBUG - Opening 20 database sessions to library (com.plexapp.plugins.library), SQLite 3.39.4, threadsafe=1
Mar 25, 2026 13:19:30.826 [281473000628256] DEBUG - MyPlex: using cached data for request for https://plex.tv/api/v2/server/users/features
Mar 25, 2026 13:19:30.844 [281473000628256] DEBUG - [CERT] Subject name is /CN=*.4cb8acfac37a431791648c2ac35a4db7.plex.direct
Mar 25, 2026 13:19:30.844 [281473000628256] DEBUG - [CERT] Installed certificate with fingerprint 19:e2:96:61:19:c6:ba:ed:bf:b2:e6:c6:00:d3:2b:9d:65:9c:5d:f4.
Mar 25, 2026 13:19:30.844 [281473000628256] DEBUG - [CERT/OCSP] no URL available
Mar 25, 2026 13:19:30.844 [281473000628256] WARN - [CERT/OCSP] getCertInfo failed; skipping stapling
Mar 25, 2026 13:19:30.844 [281473000628256] DEBUG - HttpServer: Listening on IPv6 as well as IPv4.
Mar 25, 2026 13:19:30.844 [281473000628256] DEBUG - HttpServer: Listening on port 32400.
Mar 25, 2026 13:19:30.845 [281473000628256] DEBUG - HttpServer: Listening on port 32401.
Mar 25, 2026 13:19:30.845 [281473000628256] DEBUG - Running server...
Mar 25, 2026 13:19:30.845 [281472884740320] DEBUG - HttpServer: Set up a thread pool with 2 threads.
Mar 25, 2026 13:19:30.846 [281473000628256] INFO - Running migrations. (EPG 0)
Mar 25, 2026 13:19:30.846 [281473000628256] DEBUG - Captured session 0.
Mar 25, 2026 13:19:30.846 [281473000628256] DEBUG - Captured session 1.
Mar 25, 2026 13:19:30.846 [281473000628256] DEBUG - Captured session 2.
Mar 25, 2026 13:19:30.846 [281473000628256] DEBUG - Captured session 3.
Mar 25, 2026 13:19:30.846 [281473000628256] DEBUG - Captured session 4.
Mar 25, 2026 13:19:30.846 [281473000628256] DEBUG - Captured session 5.
Mar 25, 2026 13:19:30.846 [281473000628256] DEBUG - Captured session 6.
Mar 25, 2026 13:19:30.846 [281473000628256] DEBUG - Captured session 7.
Mar 25, 2026 13:19:30.846 [281473000628256] DEBUG - Captured session 8.
Mar 25, 2026 13:19:30.846 [281473000628256] DEBUG - Captured session 9.
Mar 25, 2026 13:19:30.846 [281473000628256] DEBUG - Captured session 10.
Mar 25, 2026 13:19:30.846 [281473000628256] DEBUG - Captured session 11.
Mar 25, 2026 13:19:30.846 [281473000628256] DEBUG - Captured session 12.
Mar 25, 2026 13:19:30.846 [281473000628256] DEBUG - Captured session 13.
Mar 25, 2026 13:19:30.846 [281473000628256] DEBUG - Captured session 14.
Mar 25, 2026 13:19:30.846 [281473000628256] DEBUG - Captured session 15.
Mar 25, 2026 13:19:30.846 [281473000628256] DEBUG - Captured session 16.
Mar 25, 2026 13:19:30.846 [281473000628256] DEBUG - Captured session 17.
Mar 25, 2026 13:19:30.846 [281473000628256] DEBUG - Captured session 18.
Mar 25, 2026 13:19:30.846 [281473000628256] DEBUG - Captured session 19.
Mar 25, 2026 13:19:30.852 [281473000628256] DEBUG - ChangestampAllocator: initialized to 528
Mar 25, 2026 13:19:30.853 [281473000628256] DEBUG - Opening 2 database sessions to library (com.plexapp.plugins.library.blobs), SQLite 3.39.4, threadsafe=1
Mar 25, 2026 13:19:30.859 [281473000628256] INFO - Running migrations. (EPG 0)
Mar 25, 2026 13:19:30.859 [281473000628256] DEBUG - Captured session 0.
Mar 25, 2026 13:19:30.859 [281473000628256] DEBUG - Captured session 1.
Mar 25, 2026 13:19:30.883 [281472897761504] DEBUG - Grabber: Cleaning up orphaned grabs.
Mar 25, 2026 13:19:30.884 [281472897761504] DEBUG - Grabber: Cleaned up 0 decrepit directories in 0.0 sec.
Mar 25, 2026 13:19:30.884 [281473000628256] DEBUG - Media Provider: Registering provider com.plexapp.plugins.library
Mar 25, 2026 13:19:30.884 [281473000628256] DEBUG - Auth: Refreshing tokens inside the token-based authentication filter.
Mar 25, 2026 13:19:30.884 [281473000628256] DEBUG - MyPlex: using cached data for request for https://plex.tv/api/v2/server/access_tokens?auth_token=xxxxxxxxxxxxxxxxxxxx
Mar 25, 2026 13:19:30.884 [281473000628256] DEBUG - MyPlex: updating with 16 access tokens
Mar 25, 2026 13:19:30.884 [281473000628256] DEBUG - MyPlex: using cached data for request for https://plex.tv/api/v2/server/users?auth_token=xxxxxxxxxxxxxxxxxxxx
Mar 25, 2026 13:19:30.885 [281473000628256] DEBUG - MyPlex: using cached data for request for https://plex.tv/api/v2/server/users/subscriptions?auth_token=xxxxxxxxxxxxxxxxxxxx
Mar 25, 2026 13:19:30.885 [281473000628256] DEBUG - MyPlex: using cached data for request for https://plex.tv/api/v2/server/users/services?auth_token=xxxxxxxxxxxxxxxxxxxx
Mar 25, 2026 13:19:30.885 [281472897761504] DEBUG - Auth: Refreshing tokens inside the token-based authentication filter.
Mar 25, 2026 13:19:30.885 [281472897761504] DEBUG - [HCl#1] HTTP requesting GET https://plex.tv/api/v2/server/access_tokens?auth_token=xxxxxxxxxxxxxxxxxxxx
Mar 25, 2026 13:19:30.886 [281473000628256] DEBUG - Opening 1 database sessions to library (), SQLite 3.39.4, threadsafe=1
Mar 25, 2026 13:19:30.890 [281472833392864] DEBUG - File "/usr/lib/plexmediaserver/Resources/Plug-ins-121068a07" changed: -1 => 2026-03-21 15:32:41 (1774103561).
Mar 25, 2026 13:19:30.890 [281472833392864] DEBUG - File "/config/Library/Application Support/Plex Media Server/Plug-ins" changed: -1 => 2026-03-25 09:45:04 (1774428304).
Mar 25, 2026 13:19:30.890 [281472833392864] DEBUG - Scanning for plug-ins in "/usr/lib/plexmediaserver/Resources/Plug-ins-121068a07"
Mar 25, 2026 13:19:30.899 [281472833392864] DEBUG - Scanning for plug-ins in "/config/Library/Application Support/Plex Media Server/Plug-ins"
Mar 25, 2026 13:19:30.899 [281472833392864] DEBUG - PluginRepository::setStartState: 1, startingSystem
Mar 25, 2026 13:19:30.899 [281472833392864] DEBUG - Starting plug-in /usr/lib/plexmediaserver/Resources/Plug-ins-121068a07/System.bundle.
Mar 25, 2026 13:19:30.899 [281472833392864] DEBUG - [com.plexapp.system] Setting plug-in to always running (daemon mode).
Mar 25, 2026 13:19:30.901 [281472833392864] DEBUG - Starting file watcher for com.plexapp.system
Mar 25, 2026 13:19:30.901 [281472833392864] DEBUG - Plugin: setting environment variable: 'PYTHONHOME=/usr/lib/plexmediaserver/Resources/Python'
Mar 25, 2026 13:19:30.901 [281472833392864] DEBUG - Plugin: setting environment variable: 'PYTHONPATH=/usr/lib/plexmediaserver/Resources/Python/python27.zip:/usr/lib/plexmediaserver/Resources/Python/lib/python2.7/site-packages'
Mar 25, 2026 13:19:30.902 [281472833392864] DEBUG - Spawned plug-in com.plexapp.system with PID 213
Mar 25, 2026 13:19:30.902 [281472833392864] DEBUG - [com.plexapp.system] Sending command: GET /:/prefixes
Mar 25, 2026 13:19:31.431 [281472837611744] DEBUG - [HttpClient/HCl#1] HTTP/1.1 (0.5s) 200 response from GET https://plex.tv/api/v2/server/access_tokens?auth_token=xxxxxxxxxxxxxxxxxxxx
Mar 25, 2026 13:19:31.433 [281472897761504] DEBUG - MyPlex: updating with 16 access tokens
Mar 25, 2026 13:19:31.433 [281472897761504] DEBUG - [HCl#2] HTTP requesting GET https://plex.tv/api/v2/server/users?auth_token=xxxxxxxxxxxxxxxxxxxx
Mar 25, 2026 13:19:31.541 [281472827064544] DEBUG - Request: [127.0.0.1:42750 (Loopback)] GET /:/plugins/com.plexapp.system/messaging/function/X0J1bmRsZVNlcnZpY2U6QWxsU2VydmljZXM_/Y2VyZWFsMQoxCmxpc3QKMApyMAo_/Y2VyZWFsMQoxCmRpY3QKMApyMAo_ (2 live) #1 GZIP Token ()
Mar 25, 2026 13:19:31.541 [281472827064544] DEBUG - Request: [127.0.0.1:42756 (Loopback)] GET / (3 live) #3 GZIP Token ()
Mar 25, 2026 13:19:31.541 [281472890089696] DEBUG - Completed: [127.0.0.1:42750] 503 GET /:/plugins/com.plexapp.system/messaging/function/X0J1bmRsZVNlcnZpY2U6QWxsU2VydmljZXM_/Y2VyZWFsMQoxCmxpc3QKMApyMAo_/Y2VyZWFsMQoxCmRpY3QKMApyMAo_ (3 live) #1 GZIP 0ms 436 bytes
Mar 25, 2026 13:19:31.541 [281472887980256] DEBUG - Completed: [127.0.0.1:42756] 503 GET / (3 live) #3 GZIP 0ms 436 bytes
Mar 25, 2026 13:19:31.571 [281472837611744] DEBUG - [HttpClient/HCl#2] HTTP/1.1 (0.1s) 200 response from GET https://plex.tv/api/v2/server/users?auth_token=xxxxxxxxxxxxxxxxxxxx (reused)
Mar 25, 2026 13:19:31.572 [281472835502304] DEBUG - [HCl#3] HTTP requesting GET https://plex.tv/api/v2/server/users/subscriptions?auth_token=xxxxxxxxxxxxxxxxxxxx
Mar 25, 2026 13:19:31.715 [281472837611744] DEBUG - [HttpClient/HCl#3] HTTP/1.1 (0.1s) 200 response from GET https://plex.tv/api/v2/server/users/subscriptions?auth_token=xxxxxxxxxxxxxxxxxxxx (reused)
Mar 25, 2026 13:19:31.715 [281472835502304] DEBUG - MyPlex: using cached data for request for https://plex.tv/api/v2/server/users/services?auth_token=xxxxxxxxxxxxxxxxxxxx
Mar 25, 2026 13:19:31.754 [281472890089696] DEBUG - Request: didn't get any data from [::1]:53100: End of file
Mar 25, 2026 13:19:31.883 [281472824955104] DEBUG - Request: [127.0.0.1:42766 (Loopback)] GET /servers (3 live) #8 GZIP Token ()
Mar 25, 2026 13:19:31.884 [281472887980256] DEBUG - Completed: [127.0.0.1:42766] 503 GET /servers (3 live) #8 GZIP 0ms 436 bytes
Mar 25, 2026 13:19:31.894 [281472833392864] DEBUG - Reading 486 bytes in the body, code is 200
Mar 25, 2026 13:19:31.894 [281472833392864] DEBUG - [com.plexapp.system] Plug-in running on port 34131.
Mar 25, 2026 13:19:31.895 [281472833392864] DEBUG -  * Plug-in handles prefix: /system
Mar 25, 2026 13:19:31.895 [281472833392864] DEBUG -  * Plug-in handles prefix: /player
Mar 25, 2026 13:19:31.895 [281472833392864] DEBUG - Read configuration for [com.plexapp.system], had 2 prefixes
Mar 25, 2026 13:19:31.895 [281472833392864] DEBUG - Done with 1 synchronous plug-in starts, starting the rest in parallel.
Mar 25, 2026 13:19:31.895 [281472833392864] DEBUG - PluginRepository::setStartState: 2, startingPlugins
Mar 25, 2026 13:19:31.895 [281472833392864] DEBUG - Updating the list of agents known by the system.
Mar 25, 2026 13:19:31.895 [281472833392864] DEBUG - [com.plexapp.system] Sending command over HTTP (GET): /system/agents
Mar 25, 2026 13:19:31.895 [281472833392864] DEBUG - [HCl#4] HTTP requesting GET http://127.0.0.1:34131/system/agents
Mar 25, 2026 13:19:31.895 [281473000628256] DEBUG - Image transcode cache directory: "/config/Library/Application Support/Plex Media Server/Cache/PhotoTranscoder"
Mar 25, 2026 13:19:31.895 [281473000628256] DEBUG - Transcoder: Cleaning old transcode directories.
Mar 25, 2026 13:19:31.897 [281473000628256] DEBUG - MyPlex: using cached data for request for https://plex.tv/api/v2/server/access_tokens?auth_token=xxxxxxxxxxxxxxxxxxxx
Mar 25, 2026 13:19:31.897 [281473000628256] DEBUG - MyPlex: updating with 16 access tokens
Mar 25, 2026 13:19:31.897 [281473000628256] DEBUG - MyPlex: using cached data for request for https://plex.tv/api/v2/server/users?auth_token=xxxxxxxxxxxxxxxxxxxx
Mar 25, 2026 13:19:31.898 [281473000628256] DEBUG - MyPlex: using cached data for request for https://plex.tv/api/v2/server/users/subscriptions?auth_token=xxxxxxxxxxxxxxxxxxxx
Mar 25, 2026 13:19:31.898 [281473000628256] DEBUG - MyPlex: using cached data for request for https://plex.tv/api/v2/server/users/services?auth_token=xxxxxxxxxxxxxxxxxxxx
Mar 25, 2026 13:19:31.899 [281473000628256] DEBUG - MyPlex: using cached data for request for https://plex.tv/api/v2/user?includeSubscriptions=1&includeProviders=1
Mar 25, 2026 13:19:31.899 [281473000628256] DEBUG - MyPlex: username is oscar.p46, login is oscar.pelagio@icloud.com, home is 0, no pin
Mar 25, 2026 13:19:31.900 [281473000628256] DEBUG - MyPlex: start public ip check and mapping - current mapped state: 'Unknown'.
Mar 25, 2026 13:19:31.900 [281473000628256] DEBUG - MyPlex: mapping state set to 'Not Mapped'.
Mar 25, 2026 13:19:31.900 [281473000628256] DEBUG - PublicAddressManager: Starting.
Mar 25, 2026 13:19:31.900 [281473000628256] DEBUG - PublicAddressManager: Obtaining public address and mapping port.
Mar 25, 2026 13:19:31.901 [281472820736224] DEBUG - [HCl#5] HTTP requesting GET https://plex.tv/api/v2/user?includeSubscriptions=1&includeProviders=1
Mar 25, 2026 13:19:31.901 [281472829173984] DEBUG - PublicAddressManager: Obtaining public IP.
Mar 25, 2026 13:19:31.901 [281472829173984] DEBUG - [HCl#6] HTTP requesting GET https://v4.plex.tv/pms/:/ip
Mar 25, 2026 13:19:31.901 [281472897761504] DEBUG - NAT: UPnP, attempting port mapping.
Mar 25, 2026 13:19:31.902 [281473000628256] DEBUG - NetworkInterface: Starting watch thread.
Mar 25, 2026 13:19:31.902 [281473000628256] DEBUG - Network change.
Mar 25, 2026 13:19:31.902 [281473000628256] DEBUG - NetworkInterface: Notified of network changed (force=0)
Mar 25, 2026 13:19:31.902 [281472816517344] DEBUG - NetworkInterface: Watching for changes on the interfaces.
Mar 25, 2026 13:19:31.902 [281473000628256] DEBUG - Detected primary interface: 192.168.97.5
Mar 25, 2026 13:19:31.902 [281473000628256] DEBUG - Network interfaces:
Mar 25, 2026 13:19:31.902 [281473000628256] DEBUG -  * 1 lo (127.0.0.1) (00-00-00-00-00-00) (loopback: 1)
Mar 25, 2026 13:19:31.902 [281473000628256] DEBUG -  * 5 eth0 (192.168.97.5) (C2-01-4A-01-76-9F) (loopback: 0)
Mar 25, 2026 13:19:31.902 [281473000628256] DEBUG -  * 1 lo (::1) (00-00-00-00-00-00) (loopback: 1)
Mar 25, 2026 13:19:31.902 [281473000628256] DEBUG - Creating NetworkServices singleton.
Mar 25, 2026 13:19:31.902 [281473000628256] DEBUG - NetworkServices: Initializing...
Mar 25, 2026 13:19:31.902 [281473000628256] DEBUG - NetworkService: Creating new service.
Mar 25, 2026 13:19:31.902 [281473000628256] DEBUG - NetworkService: Got notification of changed network (first change: 1)
Mar 25, 2026 13:19:31.903 [281473000628256] DEBUG - NetworkService: Quick dispatch of network change.
Mar 25, 2026 13:19:31.903 [281473000628256] DEBUG - NetworkService: Creating new service.
Mar 25, 2026 13:19:31.903 [281472814407904] DEBUG - Network change for advertiser.
Mar 25, 2026 13:19:31.903 [281472814407904] DEBUG - NetworkService: Setting up multicast listener on 0.0.0.0:32414
Mar 25, 2026 13:19:31.903 [281473000628256] DEBUG - NetworkService: Got notification of changed network (first change: 1)
Mar 25, 2026 13:19:31.903 [281473000628256] DEBUG - NetworkService: Quick dispatch of network change.
Mar 25, 2026 13:19:31.903 [281473000628256] DEBUG - NetworkService: Creating new service.
Mar 25, 2026 13:19:31.903 [281472814407904] DEBUG - Network change for advertiser.
Mar 25, 2026 13:19:31.903 [281472814407904] DEBUG - NetworkService: Setting up multicast listener on 0.0.0.0:32410
Mar 25, 2026 13:19:31.903 [281473000628256] DEBUG - NetworkService: Got notification of changed network (first change: 1)
Mar 25, 2026 13:19:31.903 [281473000628256] DEBUG - NetworkService: Quick dispatch of network change.
Mar 25, 2026 13:19:31.903 [281473000628256] DEBUG - NetworkService: Creating new service.
Mar 25, 2026 13:19:31.903 [281472814407904] DEBUG - Network change for advertiser.
Mar 25, 2026 13:19:31.903 [281472814407904] DEBUG - NetworkService: Setting up multicast listener on 0.0.0.0:32412
Mar 25, 2026 13:19:31.903 [281473000628256] DEBUG - NetworkService: Got notification of changed network (first change: 1)
Mar 25, 2026 13:19:31.903 [281473000628256] DEBUG - NetworkService: Quick dispatch of network change.
Mar 25, 2026 13:19:31.903 [281473000628256] DEBUG - NetworkService: Creating new service.
Mar 25, 2026 13:19:31.903 [281472814407904] DEBUG - NetworkService: Network change for browser (polled=0), closing 0 browse sockets.
Mar 25, 2026 13:19:31.903 [281472814407904] DEBUG - NetworkService: Setting up multicast listener on 0.0.0.0:32413
Mar 25, 2026 13:19:31.904 [281472814407904] DEBUG - NetworkService: Browsing on interface 127.0.0.1 on broadcast address 127.255.255.255 (index: 0)
Mar 25, 2026 13:19:31.904 [281472814407904] DEBUG - NetworkService: Browsing on interface 192.168.97.5 on broadcast address 192.168.97.255 (index: 1)
Mar 25, 2026 13:19:31.904 [281473000628256] DEBUG - NetworkService: Got notification of changed network (first change: 1)
Mar 25, 2026 13:19:31.904 [281473000628256] DEBUG - NetworkService: Quick dispatch of network change.
Mar 25, 2026 13:19:31.904 [281472814407904] DEBUG - NetworkService: Network change for browser (polled=1), closing 0 browse sockets.
Mar 25, 2026 13:19:31.904 [281472814407904] DEBUG - NetworkService: Browsing on interface 127.0.0.1 on broadcast address 127.255.255.255 (index: 0)
Mar 25, 2026 13:19:31.904 [281472814407904] DEBUG - NetworkService: Browsing on interface 192.168.97.5 on broadcast address 192.168.97.255 (index: 1)
Mar 25, 2026 13:19:31.904 [281472814407904] DEBUG - [NSB] NetworkServiceBrowser: SERVER arrived: 127.0.0.1 (film-dealer)
Mar 25, 2026 13:19:31.904 [281472814407904] DEBUG - [NSB] Notifying the system bundle an update to server /system/notify/serverUpdated?host=127.0.0.1
Mar 25, 2026 13:19:31.904 [281472814407904] DEBUG - [NSB] [com.plexapp.system] Sending command over HTTP (GET): /system/notify/serverUpdated?host=127.0.0.1
Mar 25, 2026 13:19:31.904 [281472814407904] DEBUG - [NSB/HCl#7] HTTP requesting GET http://127.0.0.1:34131/system/notify/serverUpdated?host=127.0.0.1
Mar 25, 2026 13:19:31.904 [281473000628256] DEBUG - NetworkService: Creating new service.
Mar 25, 2026 13:19:31.904 [281473000628256] DEBUG - NetworkService: Got notification of changed network (first change: 1)
Mar 25, 2026 13:19:31.904 [281473000628256] DEBUG - NetworkService: Quick dispatch of network change.
Mar 25, 2026 13:19:31.905 [281472810189024] DEBUG - [HCl#8] HTTP requesting GET https://plex.tv/api/v2/release_channels?X-Plex-Token=xxxxxxxxxxxxxxxxxxxx
Mar 25, 2026 13:19:31.905 [281472812298464] DEBUG - [DatabaseFixups] Running fix-ups.
Mar 25, 2026 13:19:31.905 [281472812298464] DEBUG - [DatabaseFixups/31DatabaseFixupsCleanupRetroGames] Executing fixup
Mar 25, 2026 13:19:31.905 [281472801751264] DEBUG - [HCl#9] HTTP requesting GET https://plex.tv/api/v2/features?X-Plex-Token=xxxxxxxxxxxxxxxxxxxx
Mar 25, 2026 13:19:31.906 [281472808079584] DEBUG - [ChildProcessMonitor] Plex Tuner Service starting.
Mar 25, 2026 13:19:31.906 [281472812298464] DEBUG - [DatabaseFixups/31DatabaseFixupsCleanupRetroGames] Fixup completed
Mar 25, 2026 13:19:31.906 [281472812298464] DEBUG - [DatabaseFixups/39DatabaseFixupsEnsureLibrarySectionUuids] Executing fixup
Mar 25, 2026 13:19:31.906 [281472808079584] DEBUG - [ChildProcessMonitor/JobRunner] Job running: "/usr/lib/plexmediaserver/Plex Tuner Service" /usr/lib/plexmediaserver/Resources/Tuner/Private /usr/lib/plexmediaserver/Resources/Tuner/Shared 1.43.0.10492-121068a07 32600
Mar 25, 2026 13:19:31.905 [281473000628256] DEBUG - Waiting for server condition to be signaled.
Mar 25, 2026 13:19:31.906 [281472803860704] DEBUG - [HCl#a] HTTP requesting GET https://plex.tv/api/v2/user/privacy?X-Plex-Token=xxxxxxxxxxxxxxxxxxxx
Mar 25, 2026 13:19:31.907 [281472808079584] DEBUG - [ChildProcessMonitor/JobRunner] Jobs: Starting child process with pid 291
Mar 25, 2026 13:19:31.907 [281472797532384] DEBUG - DVR: Starting up.
Mar 25, 2026 13:19:31.908 [281472812298464] DEBUG - [DatabaseFixups/39DatabaseFixupsEnsureLibrarySectionUuids] Fixup completed
Mar 25, 2026 13:19:31.908 [281472812298464] DEBUG - [DatabaseFixups/38DatabaseFixupsEnsureMetadataItemHashes] Executing fixup
Mar 25, 2026 13:19:31.908 [281472812298464] DEBUG - [DatabaseFixups/38DatabaseFixupsEnsureMetadataItemHashes] Fixup completed
Mar 25, 2026 13:19:31.908 [281472812298464] DEBUG - [DatabaseFixups/39DatabaseFixupsSetDefaultAccountLanguage] Executing fixup
Mar 25, 2026 13:19:31.908 [281472812298464] DEBUG - [DatabaseFixups/39DatabaseFixupsSetDefaultAccountLanguage] Fixup completed
Mar 25, 2026 13:19:31.908 [281472812298464] DEBUG - [DatabaseFixups/52DatabaseFixupsCreateDefaultMediaProcessingTargetTags] Executing fixup
Mar 25, 2026 13:19:31.910 [281472797532384] DEBUG - Activity: registered new activity cfb7ec58-f695-4ba6-97aa-6f152ceb3111 - "Processing subscriptions"
Mar 25, 2026 13:19:31.911 [281472812298464] DEBUG - [DatabaseFixups/52DatabaseFixupsCreateDefaultMediaProcessingTargetTags] Fixup completed
Mar 25, 2026 13:19:31.911 [281472812298464] DEBUG - [DatabaseFixups/43DatabaseFixupsUpdateAutomaticLibraryFolders] Executing fixup
Mar 25, 2026 13:19:31.911 [281472812298464] DEBUG - [DatabaseFixups/43DatabaseFixupsUpdateAutomaticLibraryFolders] Fixup completed
Mar 25, 2026 13:19:31.911 [281472812298464] DEBUG - [DatabaseFixups/29DatabaseFixupsSyncCollections] Executing fixup
Mar 25, 2026 13:19:31.911 [281472812298464] DEBUG - [DatabaseFixups/29DatabaseFixupsSyncCollections] Collections: Found 0 collections tags in section 1.
Mar 25, 2026 13:19:31.911 [281472812298464] DEBUG - [DatabaseFixups/29DatabaseFixupsSyncCollections] Collections: We had 0 collections in the library already.
Mar 25, 2026 13:19:31.911 [281472812298464] DEBUG - [DatabaseFixups/29DatabaseFixupsSyncCollections] Collections: Synced tags in section 1 in 0ms.
Mar 25, 2026 13:19:31.912 [281472812298464] DEBUG - [DatabaseFixups/29DatabaseFixupsSyncCollections] Collections: Refreshed attributes for 0 collections in section 1 in 1ms.
Mar 25, 2026 13:19:31.912 [281472812298464] DEBUG - [DatabaseFixups/29DatabaseFixupsSyncCollections] Collection: Refreshed visibility in section 1 in 0ms.
Mar 25, 2026 13:19:31.913 [281472812298464] DEBUG - [DatabaseFixups/29DatabaseFixupsSyncCollections] Collections: Found 0 collections tags in section 2.
Mar 25, 2026 13:19:31.913 [281472812298464] DEBUG - [DatabaseFixups/29DatabaseFixupsSyncCollections] Collections: We had 0 collections in the library already.
Mar 25, 2026 13:19:31.913 [281472812298464] DEBUG - [DatabaseFixups/29DatabaseFixupsSyncCollections] Collections: Synced tags in section 2 in 0ms.
Mar 25, 2026 13:19:31.913 [281472812298464] DEBUG - [DatabaseFixups/29DatabaseFixupsSyncCollections] Collections: Found 0 collections tags in section 2.
Mar 25, 2026 13:19:31.913 [281472812298464] DEBUG - [DatabaseFixups/29DatabaseFixupsSyncCollections] Collections: We had 0 collections in the library already.
Mar 25, 2026 13:19:31.913 [281472812298464] DEBUG - [DatabaseFixups/29DatabaseFixupsSyncCollections] Collections: Synced tags in section 2 in 0ms.
Mar 25, 2026 13:19:31.913 [281472812298464] DEBUG - [DatabaseFixups/29DatabaseFixupsSyncCollections] Collections: Found 0 collections tags in section 2.
Mar 25, 2026 13:19:31.913 [281472812298464] DEBUG - [DatabaseFixups/29DatabaseFixupsSyncCollections] Collections: We had 0 collections in the library already.
Mar 25, 2026 13:19:31.913 [281472812298464] DEBUG - [DatabaseFixups/29DatabaseFixupsSyncCollections] Collections: Synced tags in section 2 in 0ms.
Mar 25, 2026 13:19:31.914 [281472812298464] DEBUG - [DatabaseFixups/29DatabaseFixupsSyncCollections] Collections: Refreshed attributes for 0 collections in section 2 in 1ms.
Mar 25, 2026 13:19:31.914 [281472812298464] DEBUG - [DatabaseFixups/29DatabaseFixupsSyncCollections] Collection: Refreshed visibility in section 2 in 0ms.
Mar 25, 2026 13:19:31.914 [281472812298464] DEBUG - [DatabaseFixups/29DatabaseFixupsSyncCollections] Fixup completed
Mar 25, 2026 13:19:31.914 [281472812298464] DEBUG - [DatabaseFixups/31DatabaseFixupsCleanupActivities] Executing fixup
Mar 25, 2026 13:19:31.914 [281472812298464] DEBUG - [DatabaseFixups/31DatabaseFixupsCleanupActivities] Fixup completed
Mar 25, 2026 13:19:31.914 [281472812298464] DEBUG - [DatabaseFixups/35DatabaseFixupsConsolidatePeopleTags] Executing fixup
Mar 25, 2026 13:19:31.915 [281472812298464] DEBUG - [DatabaseFixups/35DatabaseFixupsConsolidatePeopleTags] Fixup completed
Mar 25, 2026 13:19:31.915 [281472812298464] DEBUG - [DatabaseFixups/54DatabaseFixupsGarbageCollectTransientMetadataRelations] Executing fixup
Mar 25, 2026 13:19:31.915 [281472812298464] DEBUG - [DatabaseFixups/54DatabaseFixupsGarbageCollectTransientMetadataRelations] Fixup completed
Mar 25, 2026 13:19:31.915 [281472812298464] DEBUG - [DatabaseFixups/48DatabaseFixupsResetCorruptedMetadataItemClusters] Executing fixup
Mar 25, 2026 13:19:31.915 [281472812298464] DEBUG - [DatabaseFixups/48DatabaseFixupsResetCorruptedMetadataItemClusters] Fixup completed
Mar 25, 2026 13:19:31.915 [281472812298464] DEBUG - [DatabaseFixups] Running database fix-ups completed in 0.0 seconds.
Mar 25, 2026 13:19:31.930 [281472827064544] DEBUG - Request: [127.0.0.1:42778 (Loopback)] GET /servers (3 live) #9 GZIP Signed-in Token (oscar.p46)
Mar 25, 2026 13:19:31.930 [281472827064544] DEBUG - Translator: Found locale af
Mar 25, 2026 13:19:31.930 [281472827064544] DEBUG - Translator: Found locale ar
Mar 25, 2026 13:19:31.930 [281472827064544] DEBUG - Translator: Found locale cs_CZ
Mar 25, 2026 13:19:31.930 [281472827064544] DEBUG - Translator: Found locale da
Mar 25, 2026 13:19:31.930 [281472827064544] DEBUG - Translator: Found locale de
Mar 25, 2026 13:19:31.930 [281472827064544] DEBUG - Translator: Found locale en
Mar 25, 2026 13:19:31.930 [281472827064544] DEBUG - Translator: Found locale es
Mar 25, 2026 13:19:31.930 [281472827064544] DEBUG - Translator: Found locale et_EE
Mar 25, 2026 13:19:31.930 [281472827064544] DEBUG - Translator: Found locale fi
Mar 25, 2026 13:19:31.930 [281472827064544] DEBUG - Translator: Found locale fr
Mar 25, 2026 13:19:31.930 [281472827064544] DEBUG - Translator: Found locale he
Mar 25, 2026 13:19:31.930 [281472827064544] DEBUG - Translator: Found locale hr_HR
Mar 25, 2026 13:19:31.930 [281472827064544] DEBUG - Translator: Found locale hu
Mar 25, 2026 13:19:31.930 [281472827064544] DEBUG - Translator: Found locale hu_HU
Mar 25, 2026 13:19:31.930 [281472827064544] DEBUG - Translator: Found locale it
Mar 25, 2026 13:19:31.930 [281472827064544] DEBUG - Translator: Found locale ja_JP
Mar 25, 2026 13:19:31.930 [281472827064544] DEBUG - Translator: Found locale ko
Mar 25, 2026 13:19:31.930 [281472827064544] DEBUG - Translator: Found locale lt
Mar 25, 2026 13:19:31.930 [281472827064544] DEBUG - Translator: Found locale nl
Mar 25, 2026 13:19:31.930 [281472827064544] DEBUG - Translator: Found locale nl_BE
Mar 25, 2026 13:19:31.930 [281472827064544] DEBUG - Translator: Found locale no
Mar 25, 2026 13:19:31.930 [281472827064544] DEBUG - Translator: Found locale pl
Mar 25, 2026 13:19:31.930 [281472827064544] DEBUG - Translator: Found locale pt
Mar 25, 2026 13:19:31.930 [281472827064544] DEBUG - Translator: Found locale pt_BR
Mar 25, 2026 13:19:31.930 [281472827064544] DEBUG - Translator: Found locale ro
Mar 25, 2026 13:19:31.930 [281472827064544] DEBUG - Translator: Found locale ru
Mar 25, 2026 13:19:31.930 [281472827064544] DEBUG - Translator: Found locale sk
Mar 25, 2026 13:19:31.930 [281472827064544] DEBUG - Translator: Found locale sl
Mar 25, 2026 13:19:31.930 [281472827064544] DEBUG - Translator: Found locale sr
Mar 25, 2026 13:19:31.930 [281472827064544] DEBUG - Translator: Found locale sv
Mar 25, 2026 13:19:31.930 [281472827064544] DEBUG - Translator: Found locale uk
Mar 25, 2026 13:19:31.930 [281472827064544] DEBUG - Translator: Found locale zh_CN
Mar 25, 2026 13:19:31.934 [281472887980256] DEBUG - Completed: [127.0.0.1:42778] 200 GET /servers (3 live) #9 GZIP 4ms 493 bytes
Mar 25, 2026 13:19:31.937 [281472837611744] DEBUG - [HttpClient/HCl#4] HTTP/1.1 (0.0s) 200 response from GET http://127.0.0.1:34131/system/agents
Mar 25, 2026 13:19:31.938 [281472833392864] DEBUG - [com.plexapp.system] HTTP reply status 200, with 8986 bytes of content.
Mar 25, 2026 13:19:31.939 [281472837611744] DEBUG - [HttpClient/HCl#7] HTTP/1.1 (0.0s) 200 response from GET http://127.0.0.1:34131/system/notify/serverUpdated?host=127.0.0.1
Mar 25, 2026 13:19:31.939 [281472814407904] DEBUG - [NSB] [com.plexapp.system] HTTP reply status 200, with 0 bytes of content.
Mar 25, 2026 13:19:31.939 [281472814407904] DEBUG - NetworkService: Network change for browser (polled=0), closing 0 browse sockets.
Mar 25, 2026 13:19:31.939 [281472814407904] DEBUG - NetworkService: Setting up multicast listener on 0.0.0.0:1901
Mar 25, 2026 13:19:31.940 [281472814407904] DEBUG - NetworkService: Browsing on interface 192.168.97.5 on broadcast address 239.255.255.250 (index: 0)
Mar 25, 2026 13:19:31.940 [281472833392864] DEBUG - The system knows about 12 agents.
Mar 25, 2026 13:19:31.940 [281472791204064] DEBUG - Starting plug-in /usr/lib/plexmediaserver/Resources/Plug-ins-121068a07/Fanart-TV.bundle.
Mar 25, 2026 13:19:31.940 [281472786985184] DEBUG - Starting plug-in /usr/lib/plexmediaserver/Resources/Plug-ins-121068a07/Framework.bundle.
Mar 25, 2026 13:19:31.940 [281472789094624] DEBUG - Starting plug-in /usr/lib/plexmediaserver/Resources/Plug-ins-121068a07/HTbackdrops.bundle.
Mar 25, 2026 13:19:31.941 [281472789094624] DEBUG - Perfect cache hit, we don't need to start [com.plexapp.agents.htbackdrops] yet.
Mar 25, 2026 13:19:31.941 [281472789094624] DEBUG - Starting plug-in /usr/lib/plexmediaserver/Resources/Plug-ins-121068a07/LastFM.bundle.
Mar 25, 2026 13:19:31.941 [281472789094624] DEBUG - Perfect cache hit, we don't need to start [com.plexapp.agents.lastfm] yet.
Mar 25, 2026 13:19:31.941 [281472789094624] DEBUG - Starting plug-in /usr/lib/plexmediaserver/Resources/Plug-ins-121068a07/LocalMedia.bundle.
Mar 25, 2026 13:19:31.942 [281472789094624] DEBUG - Perfect cache hit, we don't need to start [com.plexapp.agents.localmedia] yet.
Mar 25, 2026 13:19:31.943 [281472789094624] DEBUG - Starting plug-in /usr/lib/plexmediaserver/Resources/Plug-ins-121068a07/LyricFind.bundle.
Mar 25, 2026 13:19:31.943 [281472789094624] DEBUG - Perfect cache hit, we don't need to start [com.plexapp.agents.lyricfind] yet.
Mar 25, 2026 13:19:31.943 [281472789094624] DEBUG - Starting plug-in /usr/lib/plexmediaserver/Resources/Plug-ins-121068a07/Media-Flags.bundle.
Mar 25, 2026 13:19:31.944 [281472791204064] DEBUG - Perfect cache hit, we don't need to start [com.plexapp.agents.fanarttv] yet.
Mar 25, 2026 13:19:31.947 [281472789094624] DEBUG - Starting plug-in /usr/lib/plexmediaserver/Resources/Plug-ins-121068a07/MoviePosterDB.bundle.
Mar 25, 2026 13:19:31.947 [281472791204064] DEBUG - Starting plug-in /usr/lib/plexmediaserver/Resources/Plug-ins-121068a07/Musicbrainz.bundle.
Mar 25, 2026 13:19:31.948 [281472791204064] DEBUG - Perfect cache hit, we don't need to start [org.musicbrainz.agents.music] yet.
Mar 25, 2026 13:19:31.948 [281472789094624] DEBUG - Perfect cache hit, we don't need to start [com.plexapp.agents.movieposterdb] yet.
Mar 25, 2026 13:19:31.950 [281472791204064] DEBUG - Starting plug-in /usr/lib/plexmediaserver/Resources/Plug-ins-121068a07/PlexMovie.bundle.
Mar 25, 2026 13:19:31.948 [281472786985184] DEBUG - Starting plug-in /usr/lib/plexmediaserver/Resources/Plug-ins-121068a07/PersonalMedia.bundle.
Mar 25, 2026 13:19:31.951 [281472786985184] DEBUG - Perfect cache hit, we don't need to start [com.plexapp.agents.none] yet.
Mar 25, 2026 13:19:31.951 [281472791204064] DEBUG - Perfect cache hit, we don't need to start [com.plexapp.agents.imdb] yet.
Mar 25, 2026 13:19:31.954 [281472791204064] DEBUG - Starting plug-in /usr/lib/plexmediaserver/Resources/Plug-ins-121068a07/PlexThemeMusic.bundle.
Mar 25, 2026 13:19:31.954 [281472789094624] DEBUG - Starting plug-in /usr/lib/plexmediaserver/Resources/Plug-ins-121068a07/Scanners.bundle.
Mar 25, 2026 13:19:31.954 [281472786985184] DEBUG - Starting plug-in /usr/lib/plexmediaserver/Resources/Plug-ins-121068a07/TheMovieDB.bundle.
Mar 25, 2026 13:19:31.954 [281472833392864] DEBUG - Waiting for 5 plug-ins to finish starting.
Mar 25, 2026 13:19:31.955 [281472786985184] DEBUG - Perfect cache hit, we don't need to start [com.plexapp.agents.themoviedb] yet.
Mar 25, 2026 13:19:31.955 [281472786985184] DEBUG - Starting plug-in /usr/lib/plexmediaserver/Resources/Plug-ins-121068a07/TheTVDBv4.bundle.
Mar 25, 2026 13:19:31.955 [281472791204064] DEBUG - Perfect cache hit, we don't need to start [com.plexapp.agents.plexthememusic] yet.
Mar 25, 2026 13:19:31.956 [281472791204064] DEBUG - Starting plug-in /usr/lib/plexmediaserver/Resources/Plug-ins-121068a07/WebClient.bundle.
Mar 25, 2026 13:19:31.957 [281472786985184] DEBUG - Perfect cache hit, we don't need to start [com.plexapp.agents.thetvdb] yet.
Mar 25, 2026 13:19:31.959 [281472833392864] DEBUG - Starting scheduled updates, every 3600 seconds
Mar 25, 2026 13:19:31.959 [281472833392864] INFO - Refreshing paths watched by LibraryUpdateManager
Mar 25, 2026 13:19:31.959 [281472833392864] DEBUG - LibraryUpdateManager will start watching /movies
Mar 25, 2026 13:19:31.959 [281472833392864] DEBUG - LibraryUpdateManager will start watching /tv
Mar 25, 2026 13:19:31.959 [281472833392864] DEBUG - [Notify] Initializing.
Mar 25, 2026 13:19:31.959 [281472833392864] DEBUG - Done waiting for all plug-ins to start.
Mar 25, 2026 13:19:31.959 [281472833392864] DEBUG - PluginRepository::setStartState: 3, complete
Mar 25, 2026 13:19:31.959 [281472818626784] DEBUG - [Notify] Waiting for inotify notifications...
Mar 25, 2026 13:19:31.959 [281472797532384] DEBUG - [Notify] Now watching "/movies"
Mar 25, 2026 13:19:31.960 [281472805970144] DEBUG - Downloading document http://127.0.0.1:32400/:/plugins/com.plexapp.agents.imdb/prefs
Mar 25, 2026 13:19:31.961 [281472805970144] DEBUG - [Req#d] Starting file watcher for com.plexapp.agents.imdb
Mar 25, 2026 13:19:31.961 [281472805970144] DEBUG - [Req#d] Plugin: setting environment variable: 'PYTHONHOME=/usr/lib/plexmediaserver/Resources/Python'
Mar 25, 2026 13:19:31.961 [281472805970144] DEBUG - [Req#d] Plugin: setting environment variable: 'PYTHONPATH=/usr/lib/plexmediaserver/Resources/Python/python27.zip:/usr/lib/plexmediaserver/Resources/Python/lib/python2.7/site-packages'
Mar 25, 2026 13:19:31.962 [281472797532384] DEBUG - [Notify] Now watching "/movies/Spider-Man - No Way Home (2021)"
Mar 25, 2026 13:19:31.964 [281472805970144] DEBUG - [Req#d] Spawned plug-in com.plexapp.agents.imdb with PID 311
Mar 25, 2026 13:19:31.964 [281472797532384] DEBUG - [Notify] Now watching "/movies/Hamnet (2025)"
Mar 25, 2026 13:19:31.964 [281472805970144] DEBUG - [Req#d] [com.plexapp.agents.imdb] Sending command: GET /:/prefixes
Mar 25, 2026 13:19:31.964 [281472797532384] DEBUG - [Notify] Now watching "/movies/Wuthering Heights (2026)"
Mar 25, 2026 13:19:31.964 [281472797532384] DEBUG - [Notify] Now watching "/tv"
Mar 25, 2026 13:19:31.964 [281472797532384] DEBUG - [Notify] Now watching "/tv/Severance"
Mar 25, 2026 13:19:31.965 [281472797532384] DEBUG - [Notify] Now watching "/tv/Severance/Season 1"
Mar 25, 2026 13:19:31.969 [281472795422944] DEBUG - PublicAddressManager: Obtaining public address and mapping port.
Mar 25, 2026 13:19:32.169 [281472837611744] DEBUG - [HttpClient/HCl#5] HTTP/1.1 (0.3s) 200 response from GET https://plex.tv/api/v2/user?includeSubscriptions=1&includeProviders=1 (reused)
Mar 25, 2026 13:19:32.171 [281472835502304] DEBUG - MyPlex: username is oscar.p46, login is oscar.pelagio@icloud.com, home is 0, no pin
Mar 25, 2026 13:19:32.178 [281472820736224] DEBUG - [HCl#b] HTTP requesting GET https://plex.tv/api/v2/geoip
Mar 25, 2026 13:19:32.315 [281472837611744] DEBUG - [HttpClient/HCl#b] HTTP/1.1 (0.1s) 200 response from GET https://plex.tv/api/v2/geoip (reused)
Mar 25, 2026 13:19:32.316 [281472797532384] DEBUG - [HCl#c] HTTP requesting GET https://plex.tv/api/v2/server/webhooks?X-Plex-Token=xxxxxxxxxxxxxxxxxxxx
Mar 25, 2026 13:19:32.316 [281472887980256] DEBUG - [EventSourceClient/pubsub/172.105.245.168:443] Resolving 172.105.245.168 port 443
Mar 25, 2026 13:19:32.316 [281472887980256] DEBUG - [EventSourceClient/pubsub/172.105.245.168:443] Resolved 172.105.245.168 to 172.105.245.168:443
Mar 25, 2026 13:19:32.317 [281472820736224] DEBUG - [HCl#d] HTTP requesting GET https://plex.tv/api/v2/user/privacy?X-Plex-Token=xxxxxxxxxxxxxxxxxxxx
Mar 25, 2026 13:19:32.373 [281472837611744] DEBUG - [HttpClient/HCl#8] HTTP/1.1 (0.5s) 200 response from GET https://plex.tv/api/v2/release_channels?X-Plex-Token=xxxxxxxxxxxxxxxxxxxx
Mar 25, 2026 13:19:32.380 [281472837611744] DEBUG - [HttpClient/HCl#a] HTTP/1.1 (0.5s) 200 response from GET https://plex.tv/api/v2/user/privacy?X-Plex-Token=xxxxxxxxxxxxxxxxxxxx
Mar 25, 2026 13:19:32.417 [281472890089696] DEBUG - [EventSourceClient/pubsub/172.105.245.168:443] Connected in 100 ms.
Mar 25, 2026 13:19:32.417 [281472890089696] DEBUG - [EventSourceClient/pubsub/172.105.245.168:443] Wrote data, reading reply.
Mar 25, 2026 13:19:32.423 [281472837611744] DEBUG - [HttpClient/HCl#6] HTTP/1.1 (0.5s) 200 response from GET https://v4.plex.tv/pms/:/ip
Mar 25, 2026 13:19:32.424 [281472829173984] DEBUG - PublicAddressManager: Got public IP from v4.plex.tv: 79.117.226.16
Mar 25, 2026 13:19:32.460 [281472837611744] DEBUG - [HttpClient/HCl#c] HTTP/1.1 (0.1s) 200 response from GET https://plex.tv/api/v2/server/webhooks?X-Plex-Token=xxxxxxxxxxxxxxxxxxxx (reused)
Mar 25, 2026 13:19:32.474 [281472837611744] DEBUG - [HttpClient/HCl#9] HTTP/1.1 (0.6s) 200 response from GET https://plex.tv/api/v2/features?X-Plex-Token=xxxxxxxxxxxxxxxxxxxx
Mar 25, 2026 13:19:32.477 [281472801751264] DEBUG - [HCl#e] HTTP requesting GET https://plex.tv/api/v2/server/users/features
Mar 25, 2026 13:19:32.607 [281472824955104] DEBUG - Request: [127.0.0.1:42792 (Loopback)] GET /system/messaging/clear_events/com.plexapp.agents.imdb (3 live) #b GZIP Signed-in Token (oscar.p46)
Mar 25, 2026 13:19:32.608 [281472824955104] DEBUG - [Req#b] [com.plexapp.system] Sending command over HTTP (GET): /system/messaging/clear_events/com.plexapp.agents.imdb
Mar 25, 2026 13:19:32.608 [281472824955104] DEBUG - [Req#b/HCl#f] HTTP requesting GET http://127.0.0.1:34131/system/messaging/clear_events/com.plexapp.agents.imdb
Mar 25, 2026 13:19:32.611 [281472837611744] DEBUG - [HttpClient/HCl#f] HTTP/1.1 (0.0s) 200 response from GET http://127.0.0.1:34131/system/messaging/clear_events/com.plexapp.agents.imdb (reused)
Mar 25, 2026 13:19:32.611 [281472824955104] DEBUG - [Req#b] [com.plexapp.system] HTTP reply status 200, with 0 bytes of content.
Mar 25, 2026 13:19:32.612 [281472887980256] DEBUG - Completed: [127.0.0.1:42792] 200 GET /system/messaging/clear_events/com.plexapp.agents.imdb (3 live) #b GZIP 6ms 280 bytes
Mar 25, 2026 13:19:32.629 [281472837611744] DEBUG - [HttpClient/HCl#e] HTTP/1.1 (0.2s) 200 response from GET https://plex.tv/api/v2/server/users/features (reused)
Mar 25, 2026 13:19:32.670 [281472827064544] DEBUG - Request: [127.0.0.1:42794 (Loopback)] GET /:/plugins/com.plexapp.system/resourceHashes (3 live) #e GZIP Signed-in Token (oscar.p46)
Mar 25, 2026 13:19:32.670 [281472827064544] DEBUG - [Req#e] [com.plexapp.system] Sending command over HTTP (GET): /:/plugins/com.plexapp.system/resourceHashes
Mar 25, 2026 13:19:32.670 [281472827064544] DEBUG - [Req#e/HCl#10] HTTP requesting GET http://127.0.0.1:34131/:/plugins/com.plexapp.system/resourceHashes
Mar 25, 2026 13:19:32.684 [281472837611744] DEBUG - [HttpClient/HCl#d] HTTP/1.1 (0.4s) 200 response from GET https://plex.tv/api/v2/user/privacy?X-Plex-Token=xxxxxxxxxxxxxxxxxxxx
Mar 25, 2026 13:19:32.700 [281472820736224] DEBUG - [HCl#11] HTTP requesting GET https://plex.tv/api/v2/release_channels?X-Plex-Token=xxxxxxxxxxxxxxxxxxxx
Mar 25, 2026 13:19:32.747 [281472837611744] DEBUG - [HttpClient/HCl#10] HTTP/1.1 (0.1s) 404 response from GET http://127.0.0.1:34131/:/plugins/com.plexapp.system/resourceHashes (reused)
Mar 25, 2026 13:19:32.747 [281472827064544] DEBUG - [Req#e] [com.plexapp.system] HTTP reply status 404, with 0 bytes of content.
Mar 25, 2026 13:19:32.747 [281472887980256] DEBUG - Completed: [127.0.0.1:42794] 404 GET /:/plugins/com.plexapp.system/resourceHashes (3 live) #e GZIP 77ms 261 bytes
Mar 25, 2026 13:19:32.756 [281472824955104] DEBUG - Request: [127.0.0.1:42804 (Loopback)] GET /:/plugins/com.plexapp.system/messaging/function/X0J1bmRsZVNlcnZpY2U6QWxsU2VydmljZXM_/Y2VyZWFsMQoxCmxpc3QKMApyMAo_/Y2VyZWFsMQoxCmRpY3QKMApyMAo_ (3 live) #10 GZIP Signed-in Token (oscar.p46)
Mar 25, 2026 13:19:32.756 [281472824955104] DEBUG - [Req#10] [com.plexapp.system] Sending command over HTTP (GET): /:/plugins/com.plexapp.system/messaging/function/X0J1bmRsZVNlcnZpY2U6QWxsU2VydmljZXM_/Y2VyZWFsMQoxCmxpc3QKMApyMAo_/Y2VyZWFsMQoxCmRpY3QKMApyMAo_
Mar 25, 2026 13:19:32.756 [281472824955104] DEBUG - [Req#10/HCl#12] HTTP requesting GET http://127.0.0.1:34131/:/plugins/com.plexapp.system/messaging/function/X0J1bmRsZVNlcnZpY2U6QWxsU2VydmljZXM_/Y2VyZWFsMQoxCmxpc3QKMApyMAo_/Y2VyZWFsMQoxCmRpY3QKMApyMAo_
Mar 25, 2026 13:19:32.757 [281472827064544] DEBUG - Request: [127.0.0.1:42814 (Loopback)] GET / (4 live) #12 GZIP Signed-in Token (oscar.p46)
Mar 25, 2026 13:19:32.759 [281472890089696] DEBUG - Completed: [127.0.0.1:42814] 200 GET / (4 live) #12 GZIP 1ms 4085 bytes
Mar 25, 2026 13:19:32.767 [281472837611744] DEBUG - [HttpClient/HCl#12] HTTP/1.1 (0.0s) 200 response from GET http://127.0.0.1:34131/:/plugins/com.plexapp.system/messaging/function/X0J1bmRsZVNlcnZpY2U6QWxsU2VydmljZXM_/Y2VyZWFsMQoxCmxpc3QKMApyMAo_/Y2VyZWFsMQoxCmRpY3QKMApyMAo_
Mar 25, 2026 13:19:32.767 [281472824955104] DEBUG - [Req#10] [com.plexapp.system] HTTP reply status 200, with 516 bytes of content.
Mar 25, 2026 13:19:32.767 [281472890089696] DEBUG - Completed: [127.0.0.1:42804] 200 GET /:/plugins/com.plexapp.system/messaging/function/X0J1bmRsZVNlcnZpY2U6QWxsU2VydmljZXM_/Y2VyZWFsMQoxCmxpc3QKMApyMAo_/Y2VyZWFsMQoxCmRpY3QKMApyMAo_ (3 live) #10 GZIP 11ms 746 bytes
Mar 25, 2026 13:19:32.782 [281472812298464] DEBUG - [JobRunner] Job running: /usr/lib/plexmediaserver/CrashUploader "--directory=/config/Library/Application Support/Plex Media Server/Crash Reports/1.43.0.10492-121068a07" --version=1.43.0.10492-121068a07 --platform=Linux --platformVersion=6.17.8-orbstack-00308-g8f9c941121b1 --serverUuid=e54df6383d25ebd337b0eedd659aa30a8163aa07 --userId=oscar.pelagio@icloud.com --sentryUrl=https://o17675.ingest.sentry.io/api/1233455/ --sentryKey=xxxxxxxxxxxxxxxxxxxxxxxxxxxxxxxx --vendor=Docker --model=aarch64 "--device=Docker Container (LinuxServer.io)"
Mar 25, 2026 13:19:32.782 [281472812298464] DEBUG - [JobRunner] Jobs: Starting child process with pid 330
Mar 25, 2026 13:19:32.795 [281472900354272] DEBUG - Jobs: '/usr/lib/plexmediaserver/CrashUploader' exit code for process 330 is 0 (success)
Mar 25, 2026 13:19:32.817 [281472887980256] DEBUG - [EventSourceClient/pubsub/172.105.245.168:443] Read HTTP reply header.
Mar 25, 2026 13:19:32.817 [281472887980256] DEBUG - [EventSourceClient/pubsub/172.105.245.168:443] MyPlex: We appear to have regained Internet connectivity.
Mar 25, 2026 13:19:32.822 [281472887980256] DEBUG - [EventSourceClient/pubsub/172.105.245.168:443] PublicAddressManager: Obtaining public address and mapping port.
Mar 25, 2026 13:19:32.822 [281472887980256] DEBUG - [EventSourceClient/pubsub/172.105.245.168:443] MyPlex: async reachability check - current mapped state: 'Not Mapped'.
Mar 25, 2026 13:19:32.822 [281472887980256] WARN - [EventSourceClient/pubsub/172.105.245.168:443] MyPlex: attempted a reachability check but we're not yet mapped.
Mar 25, 2026 13:19:32.822 [281472887980256] DEBUG - [EventSourceClient/pubsub/172.105.245.168:443] Successfully connected to 172.105.245.168.
Mar 25, 2026 13:19:32.833 [281472837611744] DEBUG - [HttpClient/HCl#11] HTTP/1.1 (0.1s) 200 response from GET https://plex.tv/api/v2/release_channels?X-Plex-Token=xxxxxxxxxxxxxxxxxxxx (reused)
Mar 25, 2026 13:19:32.834 [281472820736224] DEBUG - [HCl#13] HTTP requesting GET https://plex.tv/api/v2/features?X-Plex-Token=xxxxxxxxxxxxxxxxxxxx
Mar 25, 2026 13:19:33.061 [281472837611744] DEBUG - [HttpClient/HCl#13] HTTP/1.1 (0.2s) 200 response from GET https://plex.tv/api/v2/features?X-Plex-Token=xxxxxxxxxxxxxxxxxxxx (reused)
Mar 25, 2026 13:19:33.063 [281472820736224] DEBUG - [HCl#14] HTTP requesting GET https://plex.tv/api/v2/server/users/features
Mar 25, 2026 13:19:33.083 [281472827064544] DEBUG - Request: [127.0.0.1:42824 (Loopback)] GET /:/plugins/com.plexapp.system/messaging/function/X0FnZW50U2VydmljZTpVcGRhdGVJbmZv/Y2VyZWFsMQoxCmxpc3QKMApyMAo_/Y2VyZWFsMQo3CmRpY3QKbGlzdApkaWN0Cmxpc3QKbGlzdApsaXN0Cmxpc3QKMgpzMjMKY29tLnBsZXhhcHAuYWdlbnRzLmltZGJzMTAKaWRlbnRpZmllcnIxCnMxMAphZ2VudF9pbmZvMQpyMgoxMApyMwpzMTEKbWVkaWFfdHlwZXNyNApzMTIKYWNjZXB0c19mcm9tbnMxNApmYWxsYmFja19hZ2VudHI1CnMxNApjb250cmlidXRlc190b3I2CnM5Cmxhbmd1YWdlc2IxczIwCnBlcnNpc3Rfc3RvcmVkX2ZpbGVzaTAKczcKdmVyc2lvbmIxczE2CnByaW1hcnlfcHJvdmlkZXJiMXM1CnByZWZzczE5ClBsZXggTW92aWUgKExlZ2FjeSlzNApuYW1lMQpzNQpNb3ZpZTEKczI5CmNvbS5wbGV4YXBwLmFnZW50cy5sb2NhbG1lZGlhMQpzMjkKY29tLnBsZXhhcHAuYWdlbnRzLnRoZW1vdmllZGIzMwpzMgplbnMyCnN2czIKZnJzMgplc3MyCm5sczIKZGVzMgppdHMyCmRhczIKYXJzMgpjYXMyCnpoczIKY3NzMgpldHMyCmZpczIKZWxzMgpoZXMyCmhpczIKaHVzMgppZHMyCmphczIKa29zMgpsdnMyCm5vczIKZmFzMgpwbHMyCnB0czIKcm9zMgpydXMyCnNrczIKdGhzMgp0cnMyCnVrczIKdmlyMAo_ (4 live) #13 GZIP Signed-in Token (oscar.p46)
Mar 25, 2026 13:19:33.083 [281472827064544] DEBUG - [Req#13] [com.plexapp.system] Sending command over HTTP (GET): /:/plugins/com.plexapp.system/messaging/function/X0FnZW50U2VydmljZTpVcGRhdGVJbmZv/Y2VyZWFsMQoxCmxpc3QKMApyMAo_/Y2VyZWFsMQo3CmRpY3QKbGlzdApkaWN0Cmxpc3QKbGlzdApsaXN0Cmxpc3QKMgpzMjMKY29tLnBsZXhhcHAuYWdlbnRzLmltZGJzMTAKaWRlbnRpZmllcnIxCnMxMAphZ2VudF9pbmZvMQpyMgoxMApyMwpzMTEKbWVkaWFfdHlwZXNyNApzMTIKYWNjZXB0c19mcm9tbnMxNApmYWxsYmFja19hZ2VudHI1CnMxNApjb250cmlidXRlc190b3I2CnM5Cmxhbmd1YWdlc2IxczIwCnBlcnNpc3Rfc3RvcmVkX2ZpbGVzaTAKczcKdmVyc2lvbmIxczE2CnByaW1hcnlfcHJvdmlkZXJiMXM1CnByZWZzczE5ClBsZXggTW92aWUgKExlZ2FjeSlzNApuYW1lMQpzNQpNb3ZpZTEKczI5CmNvbS5wbGV4YXBwLmFnZW50cy5sb2NhbG1lZGlhMQpzMjkKY29tLnBsZXhhcHAuYWdlbnRzLnRoZW1vdmllZGIzMwpzMgplbnMyCnN2czIKZnJzMgplc3MyCm5sczIKZGVzMgppdHMyCmRhczIKYXJzMgpjYXMyCnpoczIKY3NzMgpldHMyCmZpczIKZWxzMgpoZXMyCmhpczIKaHVzMgppZHMyCmphczIKa29zMgpsdnMyCm5vczIKZmFzMgpwbHMyCnB0czIKcm9zMgpydXMyCnNrczIKdGhzMgp0cnMyCnVrczIKdmlyMAo_
Mar 25, 2026 13:19:33.083 [281472827064544] DEBUG - [Req#13/HCl#15] HTTP requesting GET http://127.0.0.1:34131/:/plugins/com.plexapp.system/messaging/function/X0FnZW50U2VydmljZTpVcGRhdGVJbmZv/Y2VyZWFsMQoxCmxpc3QKMApyMAo_/Y2VyZWFsMQo3CmRpY3QKbGlzdApkaWN0Cmxpc3QKbGlzdApsaXN0Cmxpc3QKMgpzMjMKY29tLnBsZXhhcHAuYWdlbnRzLmltZGJzMTAKaWRlbnRpZmllcnIxCnMxMAphZ2VudF9pbmZvMQpyMgoxMApyMwpzMTEKbWVkaWFfdHlwZXNyNApzMTIKYWNjZXB0c19mcm9tbnMxNApmYWxsYmFja19hZ2VudHI1CnMxNApjb250cmlidXRlc190b3I2CnM5Cmxhbmd1YWdlc2IxczIwCnBlcnNpc3Rfc3RvcmVkX2ZpbGVzaTAKczcKdmVyc2lvbmIxczE2CnByaW1hcnlfcHJvdmlkZXJiMXM1CnByZWZzczE5ClBsZXggTW92aWUgKExlZ2FjeSlzNApuYW1lMQpzNQpNb3ZpZTEKczI5CmNvbS5wbGV4YXBwLmFnZW50cy5sb2NhbG1lZGlhMQpzMjkKY29tLnBsZXhhcHAuYWdlbnRzLnRoZW1vdmllZGIzMwpzMgplbnMyCnN2czIKZnJzMgplc3MyCm5sczIKZGVzMgppdHMyCmRhczIKYXJzMgpjYXMyCnpoczIKY3NzMgpldHMyCmZpczIKZWxzMgpoZXMyCmhpczIKaHVzMgppZHMyCmphczIKa29zMgpsdnMyCm5vczIKZmFzMgpwbHMyCnB0czIKcm9zMgpydXMyCnNrczIKdGhzMgp0cnMyCnVrczIKdmlyMAo_
Mar 25, 2026 13:19:33.086 [281472837611744] DEBUG - [HttpClient/HCl#15] HTTP/1.1 (0.0s) 200 response from GET http://127.0.0.1:34131/:/plugins/com.plexapp.system/messaging/function/X0FnZW50U2VydmljZTpVcGRhdGVJbmZv/Y2VyZWFsMQoxCmxpc3QKMApyMAo_/Y2VyZWFsMQo3CmRpY3QKbGlzdApkaWN0Cmxpc3QKbGlzdApsaXN0Cmxpc3QKMgpzMjMKY29tLnBsZXhhcHAuYWdlbnRzLmltZGJzMTAKaWRlbnRpZmllcnIxCnMxMAphZ2VudF9pbmZvMQpyMgoxMApyMwpzMTEKbWVkaWFfdHlwZXNyNApzMTIKYWNjZXB0c19mcm9tbnMxNApmYWxsYmFja19hZ2VudHI1CnMxNApjb250cmlidXRlc190b3I2CnM5Cmxhbmd1YWdlc2IxczIwCnBlcnNpc3Rfc3RvcmVkX2ZpbGVzaTAKczcKdmVyc2lvbmIxczE2CnByaW1hcnlfcHJvdmlkZXJiMXM1CnByZWZzczE5ClBsZXggTW92aWUgKExlZ2FjeSlzNApuYW1lMQpzNQpNb3ZpZTEKczI5CmNvbS5wbGV4YXBwLmFnZW50cy5sb2NhbG1lZGlhMQpzMjkKY29tLnBsZXhhcHAuYWdlbnRzLnRoZW1vdmllZGIzMwpzMgplbnMyCnN2czIKZnJzMgplc3MyCm5sczIKZGVzMgppdHMyCmRhczIKYXJzMgpjYXMyCnpoczIKY3NzMgpldHMyCmZpczIKZWxzMgpoZXMyCmhpczIKaHVzMgppZHMyCmphczIKa29zMgpsdnMyCm5vczIKZmFzMgpwbHMyCnB0czIKcm9zMgpydXMyCnNrczIKdGhzMgp0cnMyCnVrczIKdmlyMAo_
Mar 25, 2026 13:19:33.087 [281472827064544] DEBUG - [Req#13] [com.plexapp.system] HTTP reply status 200, with 16 bytes of content.
Mar 25, 2026 13:19:33.087 [281472887980256] DEBUG - Completed: [127.0.0.1:42824] 200 GET /:/plugins/com.plexapp.system/messaging/function/X0FnZW50U2VydmljZTpVcGRhdGVJbmZv/Y2VyZWFsMQoxCmxpc3QKMApyMAo_/Y2VyZWFsMQo3CmRpY3QKbGlzdApkaWN0Cmxpc3QKbGlzdApsaXN0Cmxpc3QKMgpzMjMKY29tLnBsZXhhcHAuYWdlbnRzLmltZGJzMTAKaWRlbnRpZmllcnIxCnMxMAphZ2VudF9pbmZvMQpyMgoxMApyMwpzMTEKbWVkaWFfdHlwZXNyNApzMTIKYWNjZXB0c19mcm9tbnMxNApmYWxsYmFja19hZ2VudHI1CnMxNApjb250cmlidXRlc190b3I2CnM5Cmxhbmd1YWdlc2IxczIwCnBlcnNpc3Rfc3RvcmVkX2ZpbGVzaTAKczcKdmVyc2lvbmIxczE2CnByaW1hcnlfcHJvdmlkZXJiMXM1CnByZWZzczE5ClBsZXggTW92aWUgKExlZ2FjeSlzNApuYW1lMQpzNQpNb3ZpZTEKczI5CmNvbS5wbGV4YXBwLmFnZW50cy5sb2NhbG1lZGlhMQpzMjkKY29tLnBsZXhhcHAuYWdlbnRzLnRoZW1vdmllZGIzMwpzMgplbnMyCnN2czIKZnJzMgplc3MyCm5sczIKZGVzMgppdHMyCmRhczIKYXJzMgpjYXMyCnpoczIKY3NzMgpldHMyCmZpczIKZWxzMgpoZXMyCmhpczIKaHVzMgppZHMyCmphczIKa29zMgpsdnMyCm5vczIKZmFzMgpwbHMyCnB0czIKcm9zMgpydXMyCnNrczIKdGhzMgp0cnMyCnVrczIKdmlyMAo_ (4 live) #13 GZIP 4ms 415 bytes
Mar 25, 2026 13:19:33.090 [281472805970144] DEBUG - [Req#d] Reading 148 bytes in the body, code is 200
Mar 25, 2026 13:19:33.090 [281472805970144] DEBUG - [Req#d] [com.plexapp.agents.imdb] Plug-in running on port 45029.
Mar 25, 2026 13:19:33.090 [281472805970144] DEBUG - [Req#d] Read configuration for [com.plexapp.agents.imdb], had 0 prefixes
Mar 25, 2026 13:19:33.090 [281472805970144] DEBUG - [Req#d] [com.plexapp.agents.imdb] Sending command over HTTP (GET): /:/plugins/com.plexapp.agents.imdb/prefs
Mar 25, 2026 13:19:33.090 [281472805970144] DEBUG - [Req#d/HCl#16] HTTP requesting GET http://127.0.0.1:45029/:/plugins/com.plexapp.agents.imdb/prefs
Mar 25, 2026 13:19:33.102 [281472837611744] DEBUG - [HttpClient/HCl#16] HTTP/1.1 (0.0s) 200 response from GET http://127.0.0.1:45029/:/plugins/com.plexapp.agents.imdb/prefs
Mar 25, 2026 13:19:33.102 [281472805970144] DEBUG - [Req#d] [com.plexapp.agents.imdb] HTTP reply status 200, with 2224 bytes of content.
Mar 25, 2026 13:19:33.102 [281472805970144] DEBUG - Caching document http://127.0.0.1:32400/:/plugins/com.plexapp.agents.imdb/prefs as 0a65592bd3d728508bade285aa67b43e1dbfce65
Mar 25, 2026 13:19:33.102 [281472805970144] DEBUG - IVA: Downloading trailer lists.
Mar 25, 2026 13:19:33.160 [281472805970144] DEBUG - IVA: Downloaded 47 trailers for source 1.
Mar 25, 2026 13:19:33.177 [281472805970144] DEBUG - IVA: Downloaded 28 trailers for source 2.
Mar 25, 2026 13:19:33.206 [281472837611744] DEBUG - [HttpClient/HCl#14] HTTP/1.1 (0.1s) 200 response from GET https://plex.tv/api/v2/server/users/features (reused)
Mar 25, 2026 13:19:33.208 [281472820736224] DEBUG - CERT: Certificate will not expire soon; we'll check again in a week.
Mar 25, 2026 13:19:33.208 [281472780656864] DEBUG - MyPlex: sendMapping resetting state - previous mapping state: 'Not Mapped'.
Mar 25, 2026 13:19:33.208 [281472780656864] DEBUG - MyPlex: mapping state set to 'Unknown'.
Mar 25, 2026 13:19:33.208 [281472820736224] DEBUG - MyPlex: Updating device connections (from timer: 0)
Mar 25, 2026 13:19:33.208 [281472820736224] DEBUG - [HCl#19] HTTP requesting PUT https://plex.tv/devices/e54df6383d25ebd337b0eedd659aa30a8163aa07?Connection[][uri]=http://192.168.1.130:32400&Connection[][uri]=http://192.168.97.5:32400&httpsEnabled=1&httpsRequired=0&dnsRebindingProtection=0&X-Plex-Token=xxxxxxxxxxxxxxxxxxxx
Mar 25, 2026 13:19:33.209 [281472780656864] DEBUG - MyPlex: Sending Server Info to myPlex (user=oscar.pelagio@icloud.com, ip=, port=0)
Mar 25, 2026 13:19:33.209 [281472780656864] DEBUG - [HCl#1a] HTTP requesting POST https://plex.tv/servers.xml?auth_token=xxxxxxxxxxxxxxxxxxxx
Mar 25, 2026 13:19:33.359 [281472837611744] DEBUG - [HttpClient/HCl#19] HTTP/1.1 (0.2s) 200 response from PUT https://plex.tv/devices/e54df6383d25ebd337b0eedd659aa30a8163aa07?Connection[][uri]=http://192.168.1.130:32400&Connection[][uri]=http://192.168.97.5:32400&httpsEnabled=1&httpsRequired=0&dnsRebindingProtection=0&X-Plex-Token=xxxxxxxxxxxxxxxxxxxx (reused)
Mar 25, 2026 13:19:33.388 [281472837611744] DEBUG - [HttpClient/HCl#1a] HTTP/1.1 (0.2s) 422 response from POST https://plex.tv/servers.xml?auth_token=xxxxxxxxxxxxxxxxxxxx (reused)
Mar 25, 2026 13:19:33.388 [281472780656864] DEBUG - MyPlex: Published Mapping State response was 422
Mar 25, 2026 13:19:33.388 [281472780656864] DEBUG - MyPlex: Got response for e54df6383d25ebd337b0eedd659aa30a8163aa07 ~ registered :0
Mar 25, 2026 13:19:33.388 [281472780656864] DEBUG - MyPlex: updating mapped state - current state: 'Not Mapped'
Mar 25, 2026 13:19:33.388 [281472780656864] DEBUG - MyPlex: mapping state set to 'Not Mapped'.
Mar 25, 2026 13:19:34.249 [281472824955104] DEBUG - Request: [192.168.97.1:59653 (Subnet)] GET /identity (4 live) #15 TLS GZIP Signed-in Token (oscar.p46)
Mar 25, 2026 13:19:34.250 [281472890089696] DEBUG - Completed: [192.168.97.1:59653] 200 GET /identity (4 live) #15 TLS GZIP 0ms 486 bytes (pipelined: 1)
Mar 25, 2026 13:19:34.272 [281472827064544] DEBUG - Request: [192.168.97.7:41714 (Subnet)] GET /identity (5 live) #1e TLS GZIP Signed-in Token (oscar.p46)
Mar 25, 2026 13:19:34.272 [281472890089696] DEBUG - Completed: [192.168.97.7:41714] 200 GET /identity (5 live) #1e TLS GZIP 0ms 486 bytes (pipelined: 1)
Mar 25, 2026 13:19:34.594 [281472824955104] DEBUG - Request: [192.168.97.1:59653 (Subnet)] GET /:/eventsource/notifications (5 live) #1f TLS GZIP Signed-in Token (oscar.p46)
Mar 25, 2026 13:19:34.594 [281472824955104] DEBUG - Content-Length is -1 (of total: -1).
Mar 25, 2026 13:19:34.622 [281472827064544] DEBUG - Request: [192.168.97.1:60965 (Subnet)] GET /status/sessions (6 live) #20 TLS GZIP Signed-in Token (oscar.p46)
Mar 25, 2026 13:19:34.622 [281472827064544] DEBUG - [Req#20] [Now] Adding 0 sessions.
Mar 25, 2026 13:19:34.623 [281472890089696] DEBUG - Completed: [192.168.97.1:60965] 200 GET /status/sessions (6 live) #20 TLS GZIP 0ms 350 bytes (pipelined: 1)
Mar 25, 2026 13:19:35.317 [281472803860704] DEBUG - [MediaProviderManager] Refreshing media providers
Mar 25, 2026 13:19:35.317 [281472803860704] DEBUG - [MediaProviderManager/Response::fetch/HCl#1b] HTTP requesting GET https://plex.tv/media/providers
Mar 25, 2026 13:19:35.454 [281472837611744] DEBUG - [HttpClient/HCl#1b] HTTP/1.1 (0.1s) 200 response from GET https://plex.tv/media/providers (reused)
Mar 25, 2026 13:19:35.454 [281472803860704] DEBUG - [MediaProviderManager] discovered cloud provider (Movies & Shows)
Mar 25, 2026 13:19:35.454 [281472803860704] DEBUG - [MediaProviderManager] discovered cloud provider (Metadata)
Mar 25, 2026 13:19:35.454 [281472803860704] DEBUG - [MediaProviderManager] loading cloud provider details (Metadata) (alive: 0)
Mar 25, 2026 13:19:35.454 [281472793313504] DEBUG - [MediaProviderManager/HCl#20] HTTP requesting GET https://vod.provider.plex.tv?includePreferences=1
Mar 25, 2026 13:19:35.483 [281472803860704] DEBUG - [MediaProviderManager] loading cloud provider details (Movies & Shows) (alive: 0)
Mar 25, 2026 13:19:35.483 [281472803860704] DEBUG - [MediaProviderManager/HCl#21] HTTP requesting GET https://vod.provider.plex.tv?includePreferences=1
Mar 25, 2026 13:19:35.513 [281472837611744] DEBUG - [HttpClient/HCl#20] HTTP/2.0 (0.1s) 200 response from GET https://vod.provider.plex.tv?includePreferences=1
Mar 25, 2026 13:19:35.513 [281472837611744] DEBUG - [HttpClient/HCl#21] HTTP/2.0 (0.0s) 200 response from GET https://vod.provider.plex.tv?includePreferences=1
Mar 25, 2026 13:19:35.513 [281472803860704] DEBUG - [MediaProviderManager] we had 0 cloud providers online, we now have 2
Mar 25, 2026 13:19:35.513 [281472803860704] DEBUG - [MediaProviderManager] cloud provider (Metadata) is online and available
Mar 25, 2026 13:19:35.513 [281472803860704] DEBUG - [MediaProviderManager] cloud provider (Movies & Shows) is online and available
Mar 25, 2026 13:19:35.513 [281472803860704] DEBUG - [MediaProviderManager/MetadataAgentManager] Found media provider for agent provider 'tv.plex.agents.movie' with source URI 'provider://tv.plex.provider.metadata'
Mar 25, 2026 13:19:35.513 [281472803860704] DEBUG - [MediaProviderManager/MetadataAgentManager] Found media provider for agent provider 'tv.plex.agents.series' with source URI 'provider://tv.plex.provider.metadata'
Mar 25, 2026 13:19:35.513 [281472803860704] DEBUG - [MediaProviderManager/MetadataAgentManager] Found media provider for agent provider 'tv.plex.agents.music' with source URI 'provider://tv.plex.provider.metadata'
Mar 25, 2026 13:19:35.514 [281472803860704] DEBUG - [MediaProviderManager/MetadataAgentManager] Found media provider for agent provider 'org.musicbrainz.agents.music' with source URI 'provider://tv.plex.provider.metadata'
Mar 25, 2026 13:19:35.514 [281472803860704] DEBUG - [MediaProviderManager] Media provider refresh complete
Mar 25, 2026 13:19:37.317 [281472801751264] DEBUG - [PubsubServerManager/process/HCl#22] HTTP requesting GET https://plex.tv/services/pubsub/servers
Mar 25, 2026 13:19:37.447 [281472837611744] DEBUG - [HttpClient/HCl#22] HTTP/1.1 (0.1s) 200 response from GET https://plex.tv/services/pubsub/servers (reused)
Mar 25, 2026 13:19:37.809 [281472824955104] DEBUG - Request: [192.168.97.1:57384 (Subnet)] GET /media/providers (6 live) #22 GZIP Signed-in Token (oscar.p46)
Mar 25, 2026 13:19:37.814 [281472827064544] DEBUG - Request: [192.168.97.1:32937 (Subnet)] GET /media/providers (7 live) #25 GZIP Signed-in Token (oscar.p46)
Mar 25, 2026 13:19:37.819 [281472890089696] DEBUG - Completed: [192.168.97.1:57384] 200 GET /media/providers (8 live) #22 GZIP 9ms 4493 bytes (pipelined: 1)
Mar 25, 2026 13:19:37.819 [281472890089696] DEBUG - Completed: [192.168.97.1:32937] 200 GET /media/providers (8 live) #25 GZIP 5ms 4621 bytes (pipelined: 1)
Mar 25, 2026 13:19:37.822 [281472824955104] DEBUG - Request: [192.168.97.1:23366 (Subnet)] GET /media/providers (8 live) #26 TLS GZIP Signed-in Token (oscar.p46)
Mar 25, 2026 13:19:37.824 [281472887980256] DEBUG - Completed: [192.168.97.1:23366] 200 GET /media/providers (8 live) #26 TLS GZIP 1ms 4621 bytes (pipelined: 1)
Mar 25, 2026 13:19:37.831 [281472827064544] DEBUG - Request: [192.168.97.1:57384 (Subnet)] GET /status/sessions (8 live) #2a GZIP Signed-in Token (oscar.p46)
Mar 25, 2026 13:19:37.831 [281472827064544] DEBUG - [Req#2a] [Now] Adding 0 sessions.
Mar 25, 2026 13:19:37.832 [281472890089696] DEBUG - Completed: [192.168.97.1:57384] 200 GET /status/sessions (8 live) #2a GZIP 0ms 350 bytes (pipelined: 2)
Mar 25, 2026 13:19:37.833 [281472824955104] DEBUG - Request: [192.168.97.1:57394 (Subnet)] GET /updater/status (9 live) #29 GZIP Signed-in Token (oscar.p46)
Mar 25, 2026 13:19:37.834 [281472890089696] DEBUG - Completed: [192.168.97.1:57394] 200 GET /updater/status (10 live) #29 GZIP 1ms 433 bytes (pipelined: 1)
Mar 25, 2026 13:19:37.834 [281472827064544] DEBUG - Request: [192.168.97.1:57410 (Subnet)] GET /:/websockets/notifications (10 live) #2e GZIP Signed-in Token (oscar.p46)
Mar 25, 2026 13:19:37.835 [281472827064544] DEBUG - WebSocket: Performing handshake from origin http://localhost:32400
Mar 25, 2026 13:19:37.836 [281472827064544] DEBUG - Beginning read from WebSocket
Mar 25, 2026 13:19:37.854 [281472824955104] DEBUG - Request: [192.168.97.1:57394 (Subnet)] GET /library/sections/1/all?type=1&includeCollections=1&includeExternalMedia=1&includeAdvanced=1&includeMeta=1 (10 live) #31 Page 0-49 GZIP Signed-in Token (oscar.p46)
Mar 25, 2026 13:19:37.859 [281472824955104] ERROR - [Req#31] Unknown metadata type: folder
Mar 25, 2026 13:19:37.860 [281472824955104] DEBUG - [Req#31] Setting container serialization range to [0, 49] (total=-1)
Mar 25, 2026 13:19:37.863 [281472887980256] DEBUG - Completed: [192.168.97.1:57394] 200 GET /library/sections/1/all?type=1&includeCollections=1&includeExternalMedia=1&includeAdvanced=1&includeMeta=1 (10 live) #31 GZIP Page 0-49 9ms 4225 bytes (pipelined: 2)
Mar 25, 2026 13:19:37.871 [281472827064544] DEBUG - Request: [192.168.97.1:32937 (Subnet)] PUT /updater/check?download=0 (10 live) #2b GZIP Signed-in Token (oscar.p46)
Mar 25, 2026 13:19:37.871 [281472827064544] DEBUG - [Req#2b] AutoUpdate: requesting check endpoint: /updater/products/5/check.xml?build=linux-aarch64&channel=16&distribution=debian&version=1.43.0.10492-121068a07, download: NO
Mar 25, 2026 13:19:37.871 [281472827064544] DEBUG - [Req#2b] Downloading document https://plex.tv/updater/products/5/check.xml?build=linux-aarch64&channel=16&distribution=debian&version=1.43.0.10492-121068a07
Mar 25, 2026 13:19:37.871 [281472827064544] DEBUG - [Req#2b/HCl#23] HTTP requesting GET https://plex.tv/updater/products/5/check.xml?build=linux-aarch64&channel=16&distribution=debian&version=1.43.0.10492-121068a07
Mar 25, 2026 13:19:37.875 [281472824955104] DEBUG - Request: [192.168.97.1:37595 (Subnet)] GET /activities (11 live) #30 GZIP Signed-in Token (oscar.p46)
Mar 25, 2026 13:19:37.875 [281472887980256] DEBUG - Completed: [192.168.97.1:37595] 200 GET /activities (11 live) #30 GZIP 0ms 620 bytes (pipelined: 1)
Mar 25, 2026 13:19:37.998 [281472837611744] DEBUG - [HttpClient/HCl#23] HTTP/1.1 (0.1s) 200 response from GET https://plex.tv/updater/products/5/check.xml?build=linux-aarch64&channel=16&distribution=debian&version=1.43.0.10492-121068a07 (reused)
Mar 25, 2026 13:19:37.998 [281472827064544] INFO - [Req#2b] AutoUpdate: no updates available
Mar 25, 2026 13:19:37.999 [281472887980256] DEBUG - Completed: [192.168.97.1:32937] 200 PUT /updater/check?download=0 (11 live) #2b GZIP 127ms 323 bytes (pipelined: 2)
Mar 25, 2026 13:19:38.316 [281472801751264] DEBUG - [PubsubServerManager/process] Time to connect to 172.104.133.220 was 75 ms.
Mar 25, 2026 13:19:38.316 [281472801751264] DEBUG - [PubsubServerManager/process] Time to connect to 172.105.245.168 was 94 ms.
Mar 25, 2026 13:19:38.316 [281472801751264] DEBUG - [PubsubServerManager/process] Time to connect to pubsub00.pop.lhr.plex.bz was 100 ms.
Mar 25, 2026 13:19:38.316 [281472801751264] DEBUG - [PubsubServerManager/process] Time to connect to 172.104.216.125 was 317 ms.
Mar 25, 2026 13:19:38.316 [281472801751264] DEBUG - [PubsubServerManager/process] Time to connect to 172.105.13.59 was 333 ms.
Mar 25, 2026 13:19:38.316 [281472801751264] DEBUG - [PubsubServerManager/process] Time to connect to 45.33.103.230 was 346 ms.
Mar 25, 2026 13:19:38.316 [281472801751264] DEBUG - [PubsubServerManager/process] Time to connect to 45.33.125.156 was 433 ms.
Mar 25, 2026 13:19:38.316 [281472801751264] DEBUG - [PubsubServerManager/process] Time to connect to 45.56.82.212 was 478 ms.
Mar 25, 2026 13:19:38.316 [281472801751264] DEBUG - [PubsubServerManager/process] Time to connect to 139.162.57.189 was 808 ms.
Mar 25, 2026 13:19:38.316 [281472801751264] DEBUG - [PubsubServerManager/process] Time to connect to 139.162.120.52 was 816 ms.
Mar 25, 2026 13:19:38.316 [281472801751264] DEBUG - [PubsubServerManager/process] Another server (172.104.133.220) beat the current one (172.105.245.168).
Mar 25, 2026 13:19:38.317 [281472801751264] DEBUG - [PubsubServerManager/process] Updating best host to 172.104.133.220.
Mar 25, 2026 13:19:38.317 [281472801751264] DEBUG - [PubsubServerManager/process] Updating best ping time for 172.104.133.220 to 75 ms.
Mar 25, 2026 13:19:38.317 [281472890089696] DEBUG - [EventSourceClient/pubsub/172.105.245.168:443] Stopping.
Mar 25, 2026 13:19:38.317 [281472890089696] DEBUG - [EventSourceClient/pubsub/172.105.245.168:443] Failure: 125 - Operation canceled.
Mar 25, 2026 13:19:38.318 [281472890089696] DEBUG - [EventSourceClient/pubsub/172.104.133.220:443] Resolving 172.104.133.220 port 443
Mar 25, 2026 13:19:38.318 [281472890089696] DEBUG - [EventSourceClient/pubsub/172.104.133.220:443] Resolved 172.104.133.220 to 172.104.133.220:443
Mar 25, 2026 13:19:38.416 [281472890089696] DEBUG - [EventSourceClient/pubsub/172.104.133.220:443] Connected in 97 ms.
Mar 25, 2026 13:19:38.416 [281472890089696] DEBUG - [EventSourceClient/pubsub/172.104.133.220:443] Wrote data, reading reply.
Mar 25, 2026 13:19:38.818 [281472887980256] DEBUG - [EventSourceClient/pubsub/172.104.133.220:443] Read HTTP reply header.
Mar 25, 2026 13:19:38.818 [281472887980256] DEBUG - [EventSourceClient/pubsub/172.104.133.220:443] MyPlex: We appear to have regained Internet connectivity.
Mar 25, 2026 13:19:38.820 [281472887980256] DEBUG - [EventSourceClient/pubsub/172.104.133.220:443] PublicAddressManager: Obtaining public address and mapping port.
Mar 25, 2026 13:19:38.820 [281472887980256] DEBUG - [EventSourceClient/pubsub/172.104.133.220:443] MyPlex: async reachability check - current mapped state: 'Not Mapped'.
Mar 25, 2026 13:19:38.820 [281472887980256] WARN - [EventSourceClient/pubsub/172.104.133.220:443] MyPlex: attempted a reachability check but we're not yet mapped.
Mar 25, 2026 13:19:38.820 [281472887980256] DEBUG - [EventSourceClient/pubsub/172.104.133.220:443] Successfully connected to 172.104.133.220.
Mar 25, 2026 13:19:39.805 [281472824955104] DEBUG - Request: [192.168.97.1:32937 (Subnet)] GET /library/sections/1/firstCharacter?sort=titleSort&includeCollections=1&includeExternalMedia=1 (11 live) #39 GZIP Signed-in Token (oscar.p46)
Mar 25, 2026 13:19:39.806 [281472887980256] DEBUG - Completed: [192.168.97.1:32937] 200 GET /library/sections/1/firstCharacter?sort=titleSort&includeCollections=1&includeExternalMedia=1 (11 live) #39 GZIP 1ms 730 bytes (pipelined: 3)
Mar 25, 2026 13:19:40.888 [281472793313504] DEBUG - DVR:Device: Discovering and refreshing all devices.
Mar 25, 2026 13:19:40.889 [281472793313504] DEBUG - Grabber: HDHomerun discovered 0 compatible devices.
Mar 25, 2026 13:19:40.889 [281472793313504] DEBUG - [HCl#24] HTTP requesting POST http://127.0.0.1:32600/devices/discover
Mar 25, 2026 13:19:41.911 [281472810189024] DEBUG - Grabber: Cleaning up orphaned grabs.
Mar 25, 2026 13:19:41.912 [281472810189024] DEBUG - Grabber: Cleaned up 0 decrepit directories in 0.0 sec.
Mar 25, 2026 13:19:41.914 [281472810189024] DEBUG - Activity: registered new activity 2eb70e94-8b79-407a-acbf-73f6d9886ab4 - "Processing subscriptions"
Mar 25, 2026 13:19:41.915 [281472810189024] DEBUG - Subscription: Scheduling subscriptions.
Mar 25, 2026 13:19:41.916 [281472810189024] DEBUG - Subscription: Initialized 0 schedulers.
Mar 25, 2026 13:19:41.916 [281472810189024] DEBUG - Subscription: Starting with 0 grabs, scheduled 0 active ones preemptively.
Mar 25, 2026 13:19:41.916 [281472810189024] DEBUG - Subscription: Scheduled all subscriptions in 1 ms.
Mar 25, 2026 13:19:41.917 [281472810189024] DEBUG - Activity: Ended activity 2eb70e94-8b79-407a-acbf-73f6d9886ab4.
Mar 25, 2026 13:19:41.917 [281472810189024] DEBUG - Subscription: There are 0 active grabs at the end.
Mar 25, 2026 13:19:41.918 [281472810189024] DEBUG - Activity: Ended activity cfb7ec58-f695-4ba6-97aa-6f152ceb3111.
Mar 25, 2026 13:19:41.918 [281472810189024] DEBUG - Subscription: Refreshed all content in 6 ms.
Mar 25, 2026 13:19:42.316 [281472797532384] DEBUG - [HCl#25] HTTP requesting GET https://plex.tv/api/resources.xml?includeHttps=1&includeRelay=1&auth_token=xxxxxxxxxxxxxxxxxxxx
Mar 25, 2026 13:19:42.475 [281472837611744] DEBUG - [HttpClient/HCl#25] HTTP/1.1 (0.2s) 200 response from GET https://plex.tv/api/resources.xml?includeHttps=1&includeRelay=1&auth_token=xxxxxxxxxxxxxxxxxxxx (reused)
Mar 25, 2026 13:19:42.476 [281472797532384] DEBUG - Media Server: Tested all servers in 0.0 seconds.
Mar 25, 2026 13:19:43.371 [281472837611744] DEBUG - [HttpClient/HCl#24] HTTP/1.1 (2.5s) 200 response from POST http://127.0.0.1:32600/devices/discover
Mar 25, 2026 13:19:43.920 [281472897761504] DEBUG - NAT: UPnP, didn't find usable IGD.
Mar 25, 2026 13:19:43.920 [281472897761504] DEBUG - NAT: PMP, attempting mapping.
Mar 25, 2026 13:19:44.173 [281472897761504] WARN - NAT: PMP, got an error: Not Supported by gateway.
Mar 25, 2026 13:19:44.173 [281472897761504] DEBUG - NAT: UPnP, attempting port mapping.
Mar 25, 2026 13:19:44.437 [281472829173984] DEBUG - NAT: UPnP, getPublicIP didn't find usable IGD.
Mar 25, 2026 13:19:44.691 [281472829173984] WARN - NAT: PMP, got an error: Not Supported by gateway.
Mar 25, 2026 13:19:44.691 [281472829173984] DEBUG - MyPlex: sendMapping resetting state - previous mapping state: 'Not Mapped'.
Mar 25, 2026 13:19:44.691 [281472829173984] DEBUG - MyPlex: mapping state set to 'Unknown'.
Mar 25, 2026 13:19:44.692 [281472829173984] DEBUG - MyPlex: Sending Server Info to myPlex (user=oscar.pelagio@icloud.com, ip=79.117.226.16, port=0)
Mar 25, 2026 13:19:44.692 [281472829173984] DEBUG - [HCl#26] HTTP requesting POST https://plex.tv/servers.xml?auth_token=xxxxxxxxxxxxxxxxxxxx
Mar 25, 2026 13:19:44.953 [281472837611744] DEBUG - [HttpClient/HCl#26] HTTP/1.1 (0.3s) 422 response from POST https://plex.tv/servers.xml?auth_token=xxxxxxxxxxxxxxxxxxxx (reused)
Mar 25, 2026 13:19:44.953 [281472829173984] DEBUG - MyPlex: Published Mapping State response was 422
Mar 25, 2026 13:19:44.953 [281472829173984] DEBUG - MyPlex: Got response for e54df6383d25ebd337b0eedd659aa30a8163aa07 ~ registered :0
Mar 25, 2026 13:19:44.953 [281472829173984] DEBUG - MyPlex: updating mapped state - current state: 'Not Mapped'
Mar 25, 2026 13:19:44.953 [281472829173984] DEBUG - MyPlex: mapping state set to 'Not Mapped'.
Mar 25, 2026 13:19:44.954 [281472829173984] DEBUG - MyPlex: Updating device connections (from timer: 0)
Mar 25, 2026 13:19:44.954 [281472829173984] DEBUG - [HCl#27] HTTP requesting PUT https://plex.tv/devices/e54df6383d25ebd337b0eedd659aa30a8163aa07?Connection[][uri]=http://192.168.1.130:32400&Connection[][uri]=http://192.168.97.5:32400&httpsEnabled=1&httpsRequired=0&dnsRebindingProtection=0&natLoopbackSupported=0&X-Plex-Token=xxxxxxxxxxxxxxxxxxxx
Mar 25, 2026 13:19:45.097 [281472837611744] DEBUG - [HttpClient/HCl#27] HTTP/1.1 (0.1s) 200 response from PUT https://plex.tv/devices/e54df6383d25ebd337b0eedd659aa30a8163aa07?Connection[][uri]=http://192.168.1.130:32400&Connection[][uri]=http://192.168.97.5:32400&httpsEnabled=1&httpsRequired=0&dnsRebindingProtection=0&natLoopbackSupported=0&X-Plex-Token=xxxxxxxxxxxxxxxxxxxx (reused)
Mar 25, 2026 13:19:45.242 [281472824955104] DEBUG - Request: [192.168.97.0:61851 (Subnet)] GET /media/providers (12 live) #33 TLS GZIP Signed-in Token (oscar.p46)
Mar 25, 2026 13:19:45.246 [281472890089696] DEBUG - Completed: [192.168.97.0:61851] 200 GET /media/providers (12 live) #33 TLS GZIP 4ms 4621 bytes (pipelined: 1)
Mar 25, 2026 13:19:48.933 [281472887980256] DEBUG - [EventSourceClient/pubsub/172.104.133.220:443] EventSource: Got event [data] '<Message host="139.162.175.123" port="443" command="startRelay"/>'
Mar 25, 2026 13:19:48.934 [281472887980256] DEBUG - [EventSourceClient/pubsub/172.104.133.220:443/HCl#28] HTTP requesting GET https://downloads.plex.tv/relay/relay_v1.pub
Mar 25, 2026 13:19:48.980 [281472837611744] DEBUG - [HttpClient/HCl#28] HTTP/2.0 (0.0s) 200 response from GET https://downloads.plex.tv/relay/relay_v1.pub
Mar 25, 2026 13:19:48.980 [281472887980256] DEBUG - [EventSourceClient/pubsub/172.104.133.220:443] Relay: refreshed host key from https://downloads.plex.tv/relay/relay_v1.pub
Mar 25, 2026 13:19:48.984 [281472887980256] DEBUG - [EventSourceClient/pubsub/172.104.133.220:443] Relay: starting relay.
Mar 25, 2026 13:19:48.984 [281472887980256] DEBUG - [EventSourceClient/pubsub/172.104.133.220:443/JobRunner] Job running: PLEXTOKEN=xxxxxxxxxxxxxxxxxxxx "/usr/lib/plexmediaserver/Plex Relay" -p 443 -N -R 0:127.0.0.1:32401 -o StrictHostKeyChecking=yes -o "UserKnownHostsFile=/config/Library/Application Support/Plex Media Server/Cache/relayHostKey.txt" -o LogLevel=VERBOSE -o PreferredAuthentications=password -o PubkeyAuthentication=no -l oscar.p46 -F /dev/null 139.162.175.123
Mar 25, 2026 13:19:48.987 [281472887980256] DEBUG - [EventSourceClient/pubsub/172.104.133.220:443/JobRunner] Jobs: Starting child process with pid 346
Mar 25, 2026 13:19:49.659 [281472824955104] DEBUG - [Req#55] [PlexRelay] Authenticated to 139.162.175.123 ([139.162.175.123]:443).
Mar 25, 2026 13:19:50.067 [281472824955104] INFO - [Req#58] [PlexRelay] Allocated port 21043 for remote forward to 127.0.0.1:32401
Mar 25, 2026 13:19:56.191 [281472897761504] DEBUG - NAT: UPnP, didn't find usable IGD.
Mar 25, 2026 13:19:56.191 [281472897761504] DEBUG - PublicAddressManager: Mapping failed.
Mar 25, 2026 13:19:56.192 [281472897761504] DEBUG - MyPlex: mapping state set to 'Mapped - Not Published'.
Mar 25, 2026 13:19:56.193 [281472897761504] DEBUG - MyPlex: sendMapping resetting state - previous mapping state: 'Mapped - Not Published'.
Mar 25, 2026 13:19:56.193 [281472897761504] DEBUG - MyPlex: mapping state set to 'Unknown'.
Mar 25, 2026 13:19:56.195 [281472897761504] DEBUG - MyPlex: Sending Server Info to myPlex (user=oscar.pelagio@icloud.com, ip=79.117.226.16, port=0)
Mar 25, 2026 13:19:56.195 [281472897761504] DEBUG - [HCl#29] HTTP requesting POST https://plex.tv/servers.xml?auth_token=xxxxxxxxxxxxxxxxxxxx
Mar 25, 2026 13:19:56.574 [281472837611744] DEBUG - [HttpClient/HCl#29] HTTP/1.1 (0.4s) 422 response from POST https://plex.tv/servers.xml?auth_token=xxxxxxxxxxxxxxxxxxxx
Mar 25, 2026 13:19:56.574 [281472897761504] DEBUG - MyPlex: Published Mapping State response was 422
Mar 25, 2026 13:19:56.574 [281472897761504] DEBUG - MyPlex: Got response for e54df6383d25ebd337b0eedd659aa30a8163aa07 ~ registered :0
Mar 25, 2026 13:19:56.574 [281472897761504] DEBUG - MyPlex: updating mapped state - current state: 'Mapped - Not Published'
Mar 25, 2026 13:19:56.574 [281472897761504] DEBUG - MyPlex: mapping state set to 'Mapped - Publishing'.
Mar 25, 2026 13:19:56.574 [281472897761504] DEBUG - MyPlex: async reachability check - current mapped state: 'Mapped - Publishing'.
Mar 25, 2026 13:19:56.574 [281472897761504] DEBUG - MyPlex: Requesting reachability check.
Mar 25, 2026 13:19:56.575 [281472897761504] DEBUG - [HCl#2a] HTTP requesting PUT https://plex.tv/api/servers/e54df6383d25ebd337b0eedd659aa30a8163aa07/connectivity?X-Plex-Token=xxxxxxxxxxxxxxxxxxxx&asyncIdentifier=812e859b-2e39-44d6-92d5-4af5f46d9cb4
Mar 25, 2026 13:19:56.701 [281472837611744] DEBUG - [HttpClient/HCl#2a] HTTP/1.1 (0.1s) 200 response from PUT https://plex.tv/api/servers/e54df6383d25ebd337b0eedd659aa30a8163aa07/connectivity?X-Plex-Token=xxxxxxxxxxxxxxxxxxxx&asyncIdentifier=812e859b-2e39-44d6-92d5-4af5f46d9cb4 (reused)
Mar 25, 2026 13:19:56.703 [281472897761504] DEBUG - MyPlex: Last published value didn't change, we're done.
Mar 25, 2026 13:19:56.824 [281472887980256] DEBUG - [EventSourceClient/pubsub/172.104.133.220:443] EventSource: Got event [data] '<Message address="" port="0" asyncIdentifier="812e859b-2e39-44d6-92d5-4af5f46d9cb4" connectivity="0" command="notifyConnectivity"/>'
Mar 25, 2026 13:19:56.824 [281472887980256] DEBUG - [EventSourceClient/pubsub/172.104.133.220:443] PubSub: Got notified of reachability for async identifier 812e859b-2e39-44d6-92d5-4af5f46d9cb4: 0 for :0 (responded in 123 ms)
Mar 25, 2026 13:19:56.824 [281472887980256] DEBUG - [EventSourceClient/pubsub/172.104.133.220:443] MyPlex: reachability check - current mapping state: 'Mapped - Publishing'.
Mar 25, 2026 13:19:56.824 [281472887980256] DEBUG - [EventSourceClient/pubsub/172.104.133.220:443] MyPlex: mapping state set to 'Mapped - Not Published (Not Reachable)'.
Mar 25, 2026 13:19:56.826 [281472824955104] DEBUG - Request: [192.168.97.1:32937 (Subnet)] GET /myplex/account (10 live) #3a GZIP Signed-in Token (oscar.p46)
Mar 25, 2026 13:19:56.826 [281472890089696] DEBUG - Completed: [192.168.97.1:32937] 200 GET /myplex/account (10 live) #3a GZIP 0ms 3375 bytes (pipelined: 4)
Mar 25, 2026 13:20:00.872 [281472795422944] DEBUG - [HCl#2b] HTTP requesting GET https://plex.tv/api/v2/shared_sources/owned?machineIdentifier=e54df6383d25ebd337b0eedd659aa30a8163aa07
Mar 25, 2026 13:20:01.054 [281472837611744] DEBUG - [HttpClient/HCl#2b] HTTP/1.1 (0.2s) 200 response from GET https://plex.tv/api/v2/shared_sources/owned?machineIdentifier=e54df6383d25ebd337b0eedd659aa30a8163aa07 (reused)
Mar 25, 2026 13:20:01.054 [281472795422944] DEBUG - [HCl#2c] HTTP requesting GET https://plex.tv/api/v2/server/access_tokens?auth_token=xxxxxxxxxxxxxxxxxxxx
Mar 25, 2026 13:20:01.229 [281472837611744] DEBUG - [HttpClient/HCl#2c] HTTP/1.1 (0.2s) 200 response from GET https://plex.tv/api/v2/server/access_tokens?auth_token=xxxxxxxxxxxxxxxxxxxx (reused)
Mar 25, 2026 13:20:01.230 [281472795422944] DEBUG - MyPlex: updating with 16 access tokens
Mar 25, 2026 13:20:01.230 [281472795422944] DEBUG - [HCl#2d] HTTP requesting GET https://plex.tv/api/v2/server/users?auth_token=xxxxxxxxxxxxxxxxxxxx
Mar 25, 2026 13:20:01.358 [281472837611744] DEBUG - [HttpClient/HCl#2d] HTTP/1.1 (0.1s) 200 response from GET https://plex.tv/api/v2/server/users?auth_token=xxxxxxxxxxxxxxxxxxxx (reused)
Mar 25, 2026 13:20:01.359 [281472780656864] DEBUG - [HCl#2e] HTTP requesting GET https://plex.tv/api/v2/server/users/subscriptions?auth_token=xxxxxxxxxxxxxxxxxxxx
Mar 25, 2026 13:20:01.493 [281472837611744] DEBUG - [HttpClient/HCl#2e] HTTP/1.1 (0.1s) 200 response from GET https://plex.tv/api/v2/server/users/subscriptions?auth_token=xxxxxxxxxxxxxxxxxxxx (reused)
Mar 25, 2026 13:20:01.494 [281472780656864] DEBUG - MyPlex: using cached data for request for https://plex.tv/api/v2/server/users/services?auth_token=xxxxxxxxxxxxxxxxxxxx
Mar 25, 2026 13:20:04.230 [281472812298464] DEBUG - [MediaProviderManager] Refreshing media providers
Mar 25, 2026 13:20:04.231 [281472812298464] DEBUG - [MediaProviderManager/Response::fetch/HCl#2f] HTTP requesting GET https://plex.tv/media/providers
Mar 25, 2026 13:20:04.358 [281472837611744] DEBUG - [HttpClient/HCl#2f] HTTP/1.1 (0.1s) 200 response from GET https://plex.tv/media/providers (reused)
Mar 25, 2026 13:20:04.358 [281472812298464] DEBUG - [MediaProviderManager] discovered cloud provider (Movies & Shows)
Mar 25, 2026 13:20:04.358 [281472812298464] DEBUG - [MediaProviderManager] discovered cloud provider (Metadata)
Mar 25, 2026 13:20:04.358 [281472812298464] DEBUG - [MediaProviderManager] loading cloud provider details (Metadata) (alive: 1)
Mar 25, 2026 13:20:04.358 [281472812298464] DEBUG - [MediaProviderManager] loading cloud provider details (Movies & Shows) (alive: 1)
Mar 25, 2026 13:20:04.358 [281472812298464] DEBUG - [MediaProviderManager] we had 2 cloud providers online, we now have 2
Mar 25, 2026 13:20:04.358 [281472812298464] DEBUG - [MediaProviderManager] cloud provider (Metadata) is online and available
Mar 25, 2026 13:20:04.358 [281472812298464] DEBUG - [MediaProviderManager] cloud provider (Movies & Shows) is online and available
Mar 25, 2026 13:20:04.358 [281472812298464] DEBUG - [MediaProviderManager] Media provider refresh complete
Mar 25, 2026 13:21:30.784 [281472897761504] DEBUG - BPQ: [Starting] -> [Processing]
Mar 25, 2026 13:21:30.809 [281472897761504] DEBUG - BPQ: generating queue items from 0 generator(s)
Mar 25, 2026 13:21:30.809 [281472897761504] DEBUG - BPQ: generated 0 item(s) for queue
Mar 25, 2026 13:21:30.810 [281472897761504] DEBUG - BPQ: [Processing] -> [Idle]
Mar 25, 2026 13:21:31.904 [281472824955104] DEBUG - Request: [127.0.0.1:57254 (Loopback)] GET /servers (4 live) #5b GZIP Signed-in Token (oscar.p46)
Mar 25, 2026 13:21:31.906 [281472887980256] DEBUG - Completed: [127.0.0.1:57254] 200 GET /servers (4 live) #5b GZIP 1ms 493 bytes
Mar 25, 2026 13:21:31.915 [281472824955104] DEBUG - Request: [127.0.0.1:57258 (Loopback)] GET / (4 live) #88 GZIP Signed-in Token (oscar.p46)
Mar 25, 2026 13:21:31.916 [281472887980256] DEBUG - Completed: [127.0.0.1:57258] 200 GET / (4 live) #88 GZIP 0ms 4084 bytes
Mar 25, 2026 13:21:31.918 [281472824955104] DEBUG - Request: [127.0.0.1:57268 (Loopback)] GET /library/sections (5 live) #8a GZIP Signed-in Token (oscar.p46)
Mar 25, 2026 13:21:31.921 [281472887980256] DEBUG - Completed: [127.0.0.1:57268] 200 GET /library/sections (5 live) #8a GZIP 3ms 727 bytes
Mar 25, 2026 13:21:31.922 [281472824955104] DEBUG - Request: [127.0.0.1:57284 (Loopback)] GET /channels/all (5 live) #8b GZIP Signed-in Token (oscar.p46)
Mar 25, 2026 13:21:31.922 [281472890089696] DEBUG - Completed: [127.0.0.1:57284] 200 GET /channels/all (5 live) #8b GZIP 0ms 387 bytes
Mar 25, 2026 13:21:31.924 [281472824955104] DEBUG - Request: [127.0.0.1:57292 (Loopback)] GET /library/sections (5 live) #8d GZIP Signed-in Token (oscar.p46)
Mar 25, 2026 13:21:31.925 [281472887980256] DEBUG - Completed: [127.0.0.1:57292] 200 GET /library/sections (5 live) #8d GZIP 0ms 727 bytes
Mar 25, 2026 13:21:31.925 [281472824955104] DEBUG - Request: [127.0.0.1:57306 (Loopback)] GET /channels/all (5 live) #8f GZIP Signed-in Token (oscar.p46)
Mar 25, 2026 13:21:31.925 [281472887980256] DEBUG - Completed: [127.0.0.1:57306] 200 GET /channels/all (5 live) #8f GZIP 0ms 387 bytes
Mar 25, 2026 13:25:14.011 [281472824955104] DEBUG - [Req#91] [PlexRelay] Transferred: sent 5776, received 4352 bytes, in 324.3 seconds
Mar 25, 2026 13:25:14.018 [281472824955104] DEBUG - [Req#94] [PlexRelay] Bytes per second: sent 17.8, received 13.4
Mar 25, 2026 13:25:14.020 [281472900354272] DEBUG - Jobs: '/usr/lib/plexmediaserver/Plex Relay' exit code for process 346 is 255 (failure)
Mar 25, 2026 13:26:22.885 [281472824955104] DEBUG - Request: [192.168.97.1:45649 (Subnet)] GET /media/providers (4 live) #96 TLS GZIP Signed-in Token (oscar.p46)
Mar 25, 2026 13:26:22.937 [281472890089696] DEBUG - Completed: [192.168.97.1:45649] 200 GET /media/providers (4 live) #96 TLS GZIP 55ms 4526 bytes (pipelined: 1)
Mar 25, 2026 13:26:27.303 [281472824955104] DEBUG - Request: [192.168.97.1:45649 (Subnet)] GET /hubs/sections/1?count=20&includeLibraryPlaylists=1&includeStations=1&excludeElements=Actor%2CCollection%2CCountry%2CDirector%2CGenre%2CLabel%2CLocation%2CMood%2CPart%2CProducer%2CSimilar%2CPhoto%2CRole%2CVast%2CTopic%2CWriter&excludeFields=file%2Ctagline%2Csummary (4 live) #9c TLS GZIP Signed-in Token (oscar.p46)
Mar 25, 2026 13:26:27.307 [281472824955104] DEBUG - [Req#9c] HubCache: Adding '1/movie.inprogress.1/1/hubs/sections/1/enexternal-media,indirect-media/count=20&excludeElements=Actor%2CCollection%2CCountry%2CDirector%2CGenre%2CLabel%2CLocation%2CMood%2CPart%2CProducer%2CSimilar%2CPhoto%2CRole%2CVast%2CTopic%2CWriter&excludeFields=file%2Ctagline%2Csummary&includeLibraryPlaylists=1&includeStations=1' to the cache (1/movie.inprogress.1/1/hubs/sections/1/enexternal-media,indirect-media/count=20&excludeElements=Actor%2CCollection%2CCountry%2CDirector%2CGenre%2CLabel%2CLocation%2CMood%2CPart%2CProducer%2CSimilar%2CPhoto%2CRole%2CVast%2CTopic%2CWriter&excludeFields=file%2Ctagline%2Csummary&includeLibraryPlaylists=1&includeStations=1).
Mar 25, 2026 13:26:27.314 [281472824955104] DEBUG - [Req#9c] HubCache: Computed '1/movie.inprogress.1/1/hubs/sections/1/enexternal-media,indirect-media/count=20&excludeElements=Actor%2CCollection%2CCountry%2CDirector%2CGenre%2CLabel%2CLocation%2CMood%2CPart%2CProducer%2CSimilar%2CPhoto%2CRole%2CVast%2CTopic%2CWriter&excludeFields=file%2Ctagline%2Csummary&includeLibraryPlaylists=1&includeStations=1' in 6 ms.
Mar 25, 2026 13:26:27.314 [281472824955104] DEBUG - [Req#9c] HubCache: 1 hubs cached, 0.0% hit ratio.
Mar 25, 2026 13:26:27.314 [281472824955104] DEBUG - [Req#9c] HubCache: Adding '1/movie.recentlyreleased.1/1/hubs/sections/1/enexternal-media,indirect-media/count=20&excludeElements=Actor%2CCollection%2CCountry%2CDirector%2CGenre%2CLabel%2CLocation%2CMood%2CPart%2CProducer%2CSimilar%2CPhoto%2CRole%2CVast%2CTopic%2CWriter&excludeFields=file%2Ctagline%2Csummary&includeLibraryPlaylists=1&includeStations=1' to the cache (1/movie.recentlyreleased.1/1/hubs/sections/1/enexternal-media,indirect-media/count=20&excludeElements=Actor%2CCollection%2CCountry%2CDirector%2CGenre%2CLabel%2CLocation%2CMood%2CPart%2CProducer%2CSimilar%2CPhoto%2CRole%2CVast%2CTopic%2CWriter&excludeFields=file%2Ctagline%2Csummary&includeLibraryPlaylists=1&includeStations=1).
Mar 25, 2026 13:26:27.321 [281472824955104] DEBUG - [Req#9c] HubCache: Computed '1/movie.recentlyreleased.1/1/hubs/sections/1/enexternal-media,indirect-media/count=20&excludeElements=Actor%2CCollection%2CCountry%2CDirector%2CGenre%2CLabel%2CLocation%2CMood%2CPart%2CProducer%2CSimilar%2CPhoto%2CRole%2CVast%2CTopic%2CWriter&excludeFields=file%2Ctagline%2Csummary&includeLibraryPlaylists=1&includeStations=1' in 6 ms.
Mar 25, 2026 13:26:27.321 [281472824955104] DEBUG - [Req#9c] HubCache: Adding '1/movie.recentlyadded.1/1/hubs/sections/1/enexternal-media,indirect-media/count=20&excludeElements=Actor%2CCollection%2CCountry%2CDirector%2CGenre%2CLabel%2CLocation%2CMood%2CPart%2CProducer%2CSimilar%2CPhoto%2CRole%2CVast%2CTopic%2CWriter&excludeFields=file%2Ctagline%2Csummary&includeLibraryPlaylists=1&includeStations=1' to the cache (1/movie.recentlyadded.1/1/hubs/sections/1/enexternal-media,indirect-media/count=20&excludeElements=Actor%2CCollection%2CCountry%2CDirector%2CGenre%2CLabel%2CLocation%2CMood%2CPart%2CProducer%2CSimilar%2CPhoto%2CRole%2CVast%2CTopic%2CWriter&excludeFields=file%2Ctagline%2Csummary&includeLibraryPlaylists=1&includeStations=1).
Mar 25, 2026 13:26:27.322 [281472824955104] DEBUG - [Req#9c] HubCache: Computed '1/movie.recentlyadded.1/1/hubs/sections/1/enexternal-media,indirect-media/count=20&excludeElements=Actor%2CCollection%2CCountry%2CDirector%2CGenre%2CLabel%2CLocation%2CMood%2CPart%2CProducer%2CSimilar%2CPhoto%2CRole%2CVast%2CTopic%2CWriter&excludeFields=file%2Ctagline%2Csummary&includeLibraryPlaylists=1&includeStations=1' in 0 ms.
Mar 25, 2026 13:26:27.322 [281472824955104] DEBUG - [Req#9c] HubCache: Adding '1/recent.library.playlists.1/1/hubs/sections/1/enexternal-media,indirect-media/count=20&excludeElements=Actor%2CCollection%2CCountry%2CDirector%2CGenre%2CLabel%2CLocation%2CMood%2CPart%2CProducer%2CSimilar%2CPhoto%2CRole%2CVast%2CTopic%2CWriter&excludeFields=file%2Ctagline%2Csummary&includeLibraryPlaylists=1&includeStations=1' to the cache (1/recent.library.playlists.1/1/hubs/sections/1/enexternal-media,indirect-media/count=20&excludeElements=Actor%2CCollection%2CCountry%2CDirector%2CGenre%2CLabel%2CLocation%2CMood%2CPart%2CProducer%2CSimilar%2CPhoto%2CRole%2CVast%2CTopic%2CWriter&excludeFields=file%2Ctagline%2Csummary&includeLibraryPlaylists=1&includeStations=1).
Mar 25, 2026 13:26:27.323 [281472824955104] DEBUG - [Req#9c] HubCache: Computed '1/recent.library.playlists.1/1/hubs/sections/1/enexternal-media,indirect-media/count=20&excludeElements=Actor%2CCollection%2CCountry%2CDirector%2CGenre%2CLabel%2CLocation%2CMood%2CPart%2CProducer%2CSimilar%2CPhoto%2CRole%2CVast%2CTopic%2CWriter&excludeFields=file%2Ctagline%2Csummary&includeLibraryPlaylists=1&includeStations=1' in 1 ms.
Mar 25, 2026 13:26:27.323 [281472824955104] DEBUG - [Req#9c] HubCache: Adding '1/movie.genre.1/1/hubs/sections/1/enexternal-media,indirect-media/count=20&excludeElements=Actor%2CCollection%2CCountry%2CDirector%2CGenre%2CLabel%2CLocation%2CMood%2CPart%2CProducer%2CSimilar%2CPhoto%2CRole%2CVast%2CTopic%2CWriter&excludeFields=file%2Ctagline%2Csummary&includeLibraryPlaylists=1&includeStations=1' to the cache (1/movie.genre.1/1/hubs/sections/1/enexternal-media,indirect-media/count=20&excludeElements=Actor%2CCollection%2CCountry%2CDirector%2CGenre%2CLabel%2CLocation%2CMood%2CPart%2CProducer%2CSimilar%2CPhoto%2CRole%2CVast%2CTopic%2CWriter&excludeFields=file%2Ctagline%2Csummary&includeLibraryPlaylists=1&includeStations=1).
Mar 25, 2026 13:26:27.325 [281472824955104] DEBUG - [Req#9c] HubCache: Computed '1/movie.genre.1/1/hubs/sections/1/enexternal-media,indirect-media/count=20&excludeElements=Actor%2CCollection%2CCountry%2CDirector%2CGenre%2CLabel%2CLocation%2CMood%2CPart%2CProducer%2CSimilar%2CPhoto%2CRole%2CVast%2CTopic%2CWriter&excludeFields=file%2Ctagline%2Csummary&includeLibraryPlaylists=1&includeStations=1' in 2 ms.
Mar 25, 2026 13:26:27.325 [281472824955104] DEBUG - [Req#9c] HubCache: Adding '1/movie.by.actor.or.director.1/1/hubs/sections/1/enexternal-media,indirect-media/count=20&excludeElements=Actor%2CCollection%2CCountry%2CDirector%2CGenre%2CLabel%2CLocation%2CMood%2CPart%2CProducer%2CSimilar%2CPhoto%2CRole%2CVast%2CTopic%2CWriter&excludeFields=file%2Ctagline%2Csummary&includeLibraryPlaylists=1&includeStations=1' to the cache (1/movie.by.actor.or.director.1/1/hubs/sections/1/enexternal-media,indirect-media/count=20&excludeElements=Actor%2CCollection%2CCountry%2CDirector%2CGenre%2CLabel%2CLocation%2CMood%2CPart%2CProducer%2CSimilar%2CPhoto%2CRole%2CVast%2CTopic%2CWriter&excludeFields=file%2Ctagline%2Csummary&includeLibraryPlaylists=1&includeStations=1).
Mar 25, 2026 13:26:27.329 [281472824955104] DEBUG - [Req#9c] HubCache: Computed '1/movie.by.actor.or.director.1/1/hubs/sections/1/enexternal-media,indirect-media/count=20&excludeElements=Actor%2CCollection%2CCountry%2CDirector%2CGenre%2CLabel%2CLocation%2CMood%2CPart%2CProducer%2CSimilar%2CPhoto%2CRole%2CVast%2CTopic%2CWriter&excludeFields=file%2Ctagline%2Csummary&includeLibraryPlaylists=1&includeStations=1' in 3 ms.
Mar 25, 2026 13:26:27.329 [281472824955104] DEBUG - [Req#9c] HubCache: Adding '1/movie.topunwatched.1/1/hubs/sections/1/enexternal-media,indirect-media/count=20&excludeElements=Actor%2CCollection%2CCountry%2CDirector%2CGenre%2CLabel%2CLocation%2CMood%2CPart%2CProducer%2CSimilar%2CPhoto%2CRole%2CVast%2CTopic%2CWriter&excludeFields=file%2Ctagline%2Csummary&includeLibraryPlaylists=1&includeStations=1' to the cache (1/movie.topunwatched.1/1/hubs/sections/1/enexternal-media,indirect-media/count=20&excludeElements=Actor%2CCollection%2CCountry%2CDirector%2CGenre%2CLabel%2CLocation%2CMood%2CPart%2CProducer%2CSimilar%2CPhoto%2CRole%2CVast%2CTopic%2CWriter&excludeFields=file%2Ctagline%2Csummary&includeLibraryPlaylists=1&includeStations=1).
Mar 25, 2026 13:26:27.329 [281472824955104] DEBUG - [Req#9c] HubCache: Computed '1/movie.topunwatched.1/1/hubs/sections/1/enexternal-media,indirect-media/count=20&excludeElements=Actor%2CCollection%2CCountry%2CDirector%2CGenre%2CLabel%2CLocation%2CMood%2CPart%2CProducer%2CSimilar%2CPhoto%2CRole%2CVast%2CTopic%2CWriter&excludeFields=file%2Ctagline%2Csummary&includeLibraryPlaylists=1&includeStations=1' in 0 ms.
Mar 25, 2026 13:26:27.329 [281472824955104] DEBUG - [Req#9c] HubCache: Adding '1/movie.curated.1/1/hubs/sections/1/enexternal-media,indirect-media/count=20&excludeElements=Actor%2CCollection%2CCountry%2CDirector%2CGenre%2CLabel%2CLocation%2CMood%2CPart%2CProducer%2CSimilar%2CPhoto%2CRole%2CVast%2CTopic%2CWriter&excludeFields=file%2Ctagline%2Csummary&includeLibraryPlaylists=1&includeStations=1' to the cache (1/movie.curated.1/1/hubs/sections/1/enexternal-media,indirect-media/count=20&excludeElements=Actor%2CCollection%2CCountry%2CDirector%2CGenre%2CLabel%2CLocation%2CMood%2CPart%2CProducer%2CSimilar%2CPhoto%2CRole%2CVast%2CTopic%2CWriter&excludeFields=file%2Ctagline%2Csummary&includeLibraryPlaylists=1&includeStations=1).
Mar 25, 2026 13:26:27.329 [281472824955104] DEBUG - [Req#9c] HubCache: Adding '1/movie.recentlyviewed.1/1/hubs/sections/1/enexternal-media,indirect-media/count=20&excludeElements=Actor%2CCollection%2CCountry%2CDirector%2CGenre%2CLabel%2CLocation%2CMood%2CPart%2CProducer%2CSimilar%2CPhoto%2CRole%2CVast%2CTopic%2CWriter&excludeFields=file%2Ctagline%2Csummary&includeLibraryPlaylists=1&includeStations=1' to the cache (1/movie.recentlyviewed.1/1/hubs/sections/1/enexternal-media,indirect-media/count=20&excludeElements=Actor%2CCollection%2CCountry%2CDirector%2CGenre%2CLabel%2CLocation%2CMood%2CPart%2CProducer%2CSimilar%2CPhoto%2CRole%2CVast%2CTopic%2CWriter&excludeFields=file%2Ctagline%2Csummary&includeLibraryPlaylists=1&includeStations=1).
Mar 25, 2026 13:26:27.330 [281472824955104] DEBUG - [Req#9c] HubCache: Computed '1/movie.recentlyviewed.1/1/hubs/sections/1/enexternal-media,indirect-media/count=20&excludeElements=Actor%2CCollection%2CCountry%2CDirector%2CGenre%2CLabel%2CLocation%2CMood%2CPart%2CProducer%2CSimilar%2CPhoto%2CRole%2CVast%2CTopic%2CWriter&excludeFields=file%2Ctagline%2Csummary&includeLibraryPlaylists=1&includeStations=1' in 0 ms.
Mar 25, 2026 13:26:27.331 [281472887980256] DEBUG - Completed: [192.168.97.1:45649] 200 GET /hubs/sections/1?count=20&includeLibraryPlaylists=1&includeStations=1&excludeElements=Actor%2CCollection%2CCountry%2CDirector%2CGenre%2CLabel%2CLocation%2CMood%2CPart%2CProducer%2CSimilar%2CPhoto%2CRole%2CVast%2CTopic%2CWriter&excludeFields=file%2Ctagline%2Csummary (4 live) #9c TLS GZIP 28ms 2147 bytes (pipelined: 2)
Mar 25, 2026 13:26:27.492 [281472824955104] DEBUG - Request: [192.168.97.1:45649 (Subnet)] GET /photo/:/transcode?width=360&height=360&minSize=1&url=%2Flibrary%2Fmetadata%2F23%2Fthumb%2F1774440885&format=jpeg (4 live) #ad TLS GZIP Signed-in Token (oscar.p46)
Mar 25, 2026 13:26:27.492 [281472824955104] DEBUG - [Req#ad/PhotoTranscoder] Request for url [/library/metadata/23/thumb/1774440885] (is local: 1 upscaled: 0)
Mar 25, 2026 13:26:27.501 [281472824955104] DEBUG - [Req#ad/PhotoTranscoder/Req#b0] Calculated media file path for path [metadata://posters/tv.plex.agents.movie_6c2866f67be97179cfe139ab9af088c6f899e414]: ["/config/Library/Application Support/Plex Media Server/Metadata/Movies/6/f3a0e19e98134440e8bafac411c70fcdd9d69d9.bundle/Contents/_combined/posters/tv.plex.agents.movie_6c2866f67be97179cfe139ab9af088c6f899e414"]
Mar 25, 2026 13:26:27.501 [281472824955104] DEBUG - [Req#ad/PhotoTranscoder] Calling back into ourselves for photo to transcode, optimizing the process (status: -1)
Mar 25, 2026 13:26:27.506 [281472824955104] DEBUG - [Req#ad/PhotoTranscoder] Photo cache obtained 1356790 bytes from /library/metadata/23/thumb/1774440885
Mar 25, 2026 13:26:27.507 [281472829173984] DEBUG - Request: [192.168.97.1:47560 (Subnet)] GET /photo/:/transcode?width=360&height=360&minSize=1&url=%2Flibrary%2Fmetadata%2F13%2Fthumb%2F1774435824&format=jpeg (6 live) #9a TLS GZIP Signed-in Token (oscar.p46)
Mar 25, 2026 13:26:27.507 [281472829173984] DEBUG - [Req#9a/PhotoTranscoder] Request for url [/library/metadata/13/thumb/1774435824] (is local: 1 upscaled: 0)
Mar 25, 2026 13:26:27.507 [281472829173984] DEBUG - Content-Length of /config/Library/Application Support/Plex Media Server/Cache/PhotoTranscoder/34/345cadfda824f76391bdf531f735a573e8beace8.jpeg is 38009 (of total: 38009).
Mar 25, 2026 13:26:27.507 [281472887980256] DEBUG - Completed: [192.168.97.1:47560] 200 GET /photo/:/transcode?width=360&height=360&minSize=1&url=%2Flibrary%2Fmetadata%2F13%2Fthumb%2F1774435824&format=jpeg (6 live) #9a TLS GZIP 0ms 38009 bytes (pipelined: 1)
Mar 25, 2026 13:26:27.509 [281472829173984] DEBUG - Request: [192.168.97.1:47745 (Subnet)] GET /photo/:/transcode?width=360&height=360&minSize=1&url=%2Flibrary%2Fmetadata%2F24%2Fthumb%2F1774440885&format=jpeg (6 live) #ae TLS GZIP Signed-in Token (oscar.p46)
Mar 25, 2026 13:26:27.509 [281472829173984] DEBUG - [Req#ae/PhotoTranscoder] Request for url [/library/metadata/24/thumb/1774440885] (is local: 1 upscaled: 0)
Mar 25, 2026 13:26:27.512 [281472829173984] DEBUG - [Req#ae/PhotoTranscoder/Req#b3] It took 0.000000 ms to retrieve 108 items.
Mar 25, 2026 13:26:27.512 [281472829173984] DEBUG - [Req#ae/PhotoTranscoder/Req#b3] Calculated media file path for path [metadata://posters/tv.plex.agents.movie_23b25a55dafd4d97eb3f897408afe05912a46c98]: ["/config/Library/Application Support/Plex Media Server/Metadata/Movies/e/d2a0786601afb72ae790bdc57ec506f4b9e78d1.bundle/Contents/_combined/posters/tv.plex.agents.movie_23b25a55dafd4d97eb3f897408afe05912a46c98"]
Mar 25, 2026 13:26:27.512 [281472829173984] DEBUG - [Req#ae/PhotoTranscoder] Calling back into ourselves for photo to transcode, optimizing the process (status: -1)
Mar 25, 2026 13:26:27.515 [281472829173984] DEBUG - [Req#ae/PhotoTranscoder] Photo cache obtained 455608 bytes from /library/metadata/24/thumb/1774440885
Mar 25, 2026 13:26:27.547 [281472829173984] DEBUG - [Req#ae/PhotoTranscoder] Created thumbnail of size 360x540, has pixels: 1
Mar 25, 2026 13:26:27.556 [281472890089696] DEBUG - Completed: [192.168.97.1:47745] 200 GET /photo/:/transcode?width=360&height=360&minSize=1&url=%2Flibrary%2Fmetadata%2F24%2Fthumb%2F1774440885&format=jpeg (6 live) #ae TLS GZIP 47ms 64610 bytes (pipelined: 1)
Mar 25, 2026 13:26:27.556 [281472824955104] DEBUG - [Req#ad/PhotoTranscoder] Created thumbnail of size 360x540, has pixels: 1
Mar 25, 2026 13:26:27.563 [281472890089696] DEBUG - Completed: [192.168.97.1:45649] 200 GET /photo/:/transcode?width=360&height=360&minSize=1&url=%2Flibrary%2Fmetadata%2F23%2Fthumb%2F1774440885&format=jpeg (6 live) #ad TLS GZIP 71ms 31307 bytes (pipelined: 3)
Mar 25, 2026 13:26:28.733 [281472829173984] DEBUG - Request: [192.168.97.1:45649 (Subnet)] GET /hubs/sections/1?count=20&includeLibraryPlaylists=1&includeStations=1&excludeElements=Actor%2CCollection%2CCountry%2CDirector%2CGenre%2CLabel%2CLocation%2CMood%2CPart%2CProducer%2CSimilar%2CPhoto%2CRole%2CVast%2CTopic%2CWriter&excludeFields=file%2Ctagline%2Csummary (6 live) #b6 TLS GZIP Signed-in Token (oscar.p46)
Mar 25, 2026 13:26:28.734 [281472829173984] DEBUG - [Req#b6] HubCache: Retrieving '1/movie.inprogress.1/1/hubs/sections/1/enexternal-media,indirect-media/count=20&excludeElements=Actor%2CCollection%2CCountry%2CDirector%2CGenre%2CLabel%2CLocation%2CMood%2CPart%2CProducer%2CSimilar%2CPhoto%2CRole%2CVast%2CTopic%2CWriter&excludeFields=file%2Ctagline%2Csummary&includeLibraryPlaylists=1&includeStations=1' from the cache.
Mar 25, 2026 13:26:28.734 [281472829173984] DEBUG - [Req#b6] HubCache: Retrieving '1/movie.recentlyreleased.1/1/hubs/sections/1/enexternal-media,indirect-media/count=20&excludeElements=Actor%2CCollection%2CCountry%2CDirector%2CGenre%2CLabel%2CLocation%2CMood%2CPart%2CProducer%2CSimilar%2CPhoto%2CRole%2CVast%2CTopic%2CWriter&excludeFields=file%2Ctagline%2Csummary&includeLibraryPlaylists=1&includeStations=1' from the cache.
Mar 25, 2026 13:26:28.734 [281472829173984] DEBUG - [Req#b6] HubCache: Retrieving '1/movie.recentlyadded.1/1/hubs/sections/1/enexternal-media,indirect-media/count=20&excludeElements=Actor%2CCollection%2CCountry%2CDirector%2CGenre%2CLabel%2CLocation%2CMood%2CPart%2CProducer%2CSimilar%2CPhoto%2CRole%2CVast%2CTopic%2CWriter&excludeFields=file%2Ctagline%2Csummary&includeLibraryPlaylists=1&includeStations=1' from the cache.
Mar 25, 2026 13:26:28.735 [281472829173984] DEBUG - [Req#b6] HubCache: Retrieving '1/recent.library.playlists.1/1/hubs/sections/1/enexternal-media,indirect-media/count=20&excludeElements=Actor%2CCollection%2CCountry%2CDirector%2CGenre%2CLabel%2CLocation%2CMood%2CPart%2CProducer%2CSimilar%2CPhoto%2CRole%2CVast%2CTopic%2CWriter&excludeFields=file%2Ctagline%2Csummary&includeLibraryPlaylists=1&includeStations=1' from the cache.
Mar 25, 2026 13:26:28.735 [281472829173984] DEBUG - [Req#b6] HubCache: Retrieving '1/movie.genre.1/1/hubs/sections/1/enexternal-media,indirect-media/count=20&excludeElements=Actor%2CCollection%2CCountry%2CDirector%2CGenre%2CLabel%2CLocation%2CMood%2CPart%2CProducer%2CSimilar%2CPhoto%2CRole%2CVast%2CTopic%2CWriter&excludeFields=file%2Ctagline%2Csummary&includeLibraryPlaylists=1&includeStations=1' from the cache.
Mar 25, 2026 13:26:28.735 [281472829173984] DEBUG - [Req#b6] HubCache: Retrieving '1/movie.by.actor.or.director.1/1/hubs/sections/1/enexternal-media,indirect-media/count=20&excludeElements=Actor%2CCollection%2CCountry%2CDirector%2CGenre%2CLabel%2CLocation%2CMood%2CPart%2CProducer%2CSimilar%2CPhoto%2CRole%2CVast%2CTopic%2CWriter&excludeFields=file%2Ctagline%2Csummary&includeLibraryPlaylists=1&includeStations=1' from the cache.
Mar 25, 2026 13:26:28.735 [281472829173984] DEBUG - [Req#b6] HubCache: Retrieving '1/movie.topunwatched.1/1/hubs/sections/1/enexternal-media,indirect-media/count=20&excludeElements=Actor%2CCollection%2CCountry%2CDirector%2CGenre%2CLabel%2CLocation%2CMood%2CPart%2CProducer%2CSimilar%2CPhoto%2CRole%2CVast%2CTopic%2CWriter&excludeFields=file%2Ctagline%2Csummary&includeLibraryPlaylists=1&includeStations=1' from the cache.
Mar 25, 2026 13:26:28.735 [281472829173984] DEBUG - [Req#b6] HubCache: Retrieving '1/movie.curated.1/1/hubs/sections/1/enexternal-media,indirect-media/count=20&excludeElements=Actor%2CCollection%2CCountry%2CDirector%2CGenre%2CLabel%2CLocation%2CMood%2CPart%2CProducer%2CSimilar%2CPhoto%2CRole%2CVast%2CTopic%2CWriter&excludeFields=file%2Ctagline%2Csummary&includeLibraryPlaylists=1&includeStations=1' from the cache.
Mar 25, 2026 13:26:28.735 [281472829173984] DEBUG - [Req#b6] HubCache: Retrieving '1/movie.recentlyviewed.1/1/hubs/sections/1/enexternal-media,indirect-media/count=20&excludeElements=Actor%2CCollection%2CCountry%2CDirector%2CGenre%2CLabel%2CLocation%2CMood%2CPart%2CProducer%2CSimilar%2CPhoto%2CRole%2CVast%2CTopic%2CWriter&excludeFields=file%2Ctagline%2Csummary&includeLibraryPlaylists=1&includeStations=1' from the cache.
Mar 25, 2026 13:26:28.737 [281472890089696] DEBUG - Completed: [192.168.97.1:45649] 200 GET /hubs/sections/1?count=20&includeLibraryPlaylists=1&includeStations=1&excludeElements=Actor%2CCollection%2CCountry%2CDirector%2CGenre%2CLabel%2CLocation%2CMood%2CPart%2CProducer%2CSimilar%2CPhoto%2CRole%2CVast%2CTopic%2CWriter&excludeFields=file%2Ctagline%2Csummary (6 live) #b6 TLS GZIP 3ms 2147 bytes (pipelined: 4)
Mar 25, 2026 13:26:47.837 [281472829173984] DEBUG - Request: [192.168.97.1:45649 (Subnet)] GET /media/providers (5 live) #b7 TLS GZIP Signed-in Token (oscar.p46)
Mar 25, 2026 13:26:47.840 [281472887980256] DEBUG - Completed: [192.168.97.1:45649] 200 GET /media/providers (5 live) #b7 TLS GZIP 4ms 4526 bytes (pipelined: 5)
Mar 25, 2026 13:27:09.829 [281472829173984] DEBUG - Request: [192.168.97.1:53569 (Subnet)] GET /hubs/sections/1?count=20&includeLibraryPlaylists=1&includeStations=1&excludeElements=Actor%2CCollection%2CCountry%2CDirector%2CGenre%2CLabel%2CLocation%2CMood%2CPart%2CProducer%2CSimilar%2CPhoto%2CRole%2CVast%2CTopic%2CWriter&excludeFields=file%2Ctagline%2Csummary (4 live) #af TLS GZIP Signed-in Token (oscar.p46)
Mar 25, 2026 13:27:09.830 [281472829173984] DEBUG - [Req#af] HubCache: Retrieving '1/movie.inprogress.1/1/hubs/sections/1/enexternal-media,indirect-media/count=20&excludeElements=Actor%2CCollection%2CCountry%2CDirector%2CGenre%2CLabel%2CLocation%2CMood%2CPart%2CProducer%2CSimilar%2CPhoto%2CRole%2CVast%2CTopic%2CWriter&excludeFields=file%2Ctagline%2Csummary&includeLibraryPlaylists=1&includeStations=1' from the cache.
Mar 25, 2026 13:27:09.831 [281472829173984] DEBUG - [Req#af] HubCache: Retrieving '1/movie.recentlyreleased.1/1/hubs/sections/1/enexternal-media,indirect-media/count=20&excludeElements=Actor%2CCollection%2CCountry%2CDirector%2CGenre%2CLabel%2CLocation%2CMood%2CPart%2CProducer%2CSimilar%2CPhoto%2CRole%2CVast%2CTopic%2CWriter&excludeFields=file%2Ctagline%2Csummary&includeLibraryPlaylists=1&includeStations=1' from the cache.
Mar 25, 2026 13:27:09.831 [281472829173984] DEBUG - [Req#af] HubCache: Retrieving '1/movie.recentlyadded.1/1/hubs/sections/1/enexternal-media,indirect-media/count=20&excludeElements=Actor%2CCollection%2CCountry%2CDirector%2CGenre%2CLabel%2CLocation%2CMood%2CPart%2CProducer%2CSimilar%2CPhoto%2CRole%2CVast%2CTopic%2CWriter&excludeFields=file%2Ctagline%2Csummary&includeLibraryPlaylists=1&includeStations=1' from the cache.
Mar 25, 2026 13:27:09.831 [281472829173984] DEBUG - [Req#af] HubCache: Retrieving '1/recent.library.playlists.1/1/hubs/sections/1/enexternal-media,indirect-media/count=20&excludeElements=Actor%2CCollection%2CCountry%2CDirector%2CGenre%2CLabel%2CLocation%2CMood%2CPart%2CProducer%2CSimilar%2CPhoto%2CRole%2CVast%2CTopic%2CWriter&excludeFields=file%2Ctagline%2Csummary&includeLibraryPlaylists=1&includeStations=1' from the cache.
Mar 25, 2026 13:27:09.831 [281472829173984] DEBUG - [Req#af] HubCache: Retrieving '1/movie.genre.1/1/hubs/sections/1/enexternal-media,indirect-media/count=20&excludeElements=Actor%2CCollection%2CCountry%2CDirector%2CGenre%2CLabel%2CLocation%2CMood%2CPart%2CProducer%2CSimilar%2CPhoto%2CRole%2CVast%2CTopic%2CWriter&excludeFields=file%2Ctagline%2Csummary&includeLibraryPlaylists=1&includeStations=1' from the cache.
Mar 25, 2026 13:27:09.831 [281472829173984] DEBUG - [Req#af] HubCache: Retrieving '1/movie.by.actor.or.director.1/1/hubs/sections/1/enexternal-media,indirect-media/count=20&excludeElements=Actor%2CCollection%2CCountry%2CDirector%2CGenre%2CLabel%2CLocation%2CMood%2CPart%2CProducer%2CSimilar%2CPhoto%2CRole%2CVast%2CTopic%2CWriter&excludeFields=file%2Ctagline%2Csummary&includeLibraryPlaylists=1&includeStations=1' from the cache.
Mar 25, 2026 13:27:09.831 [281472829173984] DEBUG - [Req#af] HubCache: Retrieving '1/movie.topunwatched.1/1/hubs/sections/1/enexternal-media,indirect-media/count=20&excludeElements=Actor%2CCollection%2CCountry%2CDirector%2CGenre%2CLabel%2CLocation%2CMood%2CPart%2CProducer%2CSimilar%2CPhoto%2CRole%2CVast%2CTopic%2CWriter&excludeFields=file%2Ctagline%2Csummary&includeLibraryPlaylists=1&includeStations=1' from the cache.
Mar 25, 2026 13:27:09.831 [281472829173984] DEBUG - [Req#af] HubCache: Retrieving '1/movie.curated.1/1/hubs/sections/1/enexternal-media,indirect-media/count=20&excludeElements=Actor%2CCollection%2CCountry%2CDirector%2CGenre%2CLabel%2CLocation%2CMood%2CPart%2CProducer%2CSimilar%2CPhoto%2CRole%2CVast%2CTopic%2CWriter&excludeFields=file%2Ctagline%2Csummary&includeLibraryPlaylists=1&includeStations=1' from the cache.
Mar 25, 2026 13:27:09.831 [281472829173984] DEBUG - [Req#af] HubCache: Retrieving '1/movie.recentlyviewed.1/1/hubs/sections/1/enexternal-media,indirect-media/count=20&excludeElements=Actor%2CCollection%2CCountry%2CDirector%2CGenre%2CLabel%2CLocation%2CMood%2CPart%2CProducer%2CSimilar%2CPhoto%2CRole%2CVast%2CTopic%2CWriter&excludeFields=file%2Ctagline%2Csummary&includeLibraryPlaylists=1&includeStations=1' from the cache.
Mar 25, 2026 13:27:09.832 [281472887980256] DEBUG - Completed: [192.168.97.1:53569] 200 GET /hubs/sections/1?count=20&includeLibraryPlaylists=1&includeStations=1&excludeElements=Actor%2CCollection%2CCountry%2CDirector%2CGenre%2CLabel%2CLocation%2CMood%2CPart%2CProducer%2CSimilar%2CPhoto%2CRole%2CVast%2CTopic%2CWriter&excludeFields=file%2Ctagline%2Csummary (4 live) #af TLS GZIP 2ms 2147 bytes (pipelined: 1)
Mar 25, 2026 13:27:10.686 [281472829173984] DEBUG - Request: [192.168.97.1:53569 (Subnet)] GET /hubs/sections/1?count=20&includeLibraryPlaylists=1&includeStations=1&excludeElements=Actor%2CCollection%2CCountry%2CDirector%2CGenre%2CLabel%2CLocation%2CMood%2CPart%2CProducer%2CSimilar%2CPhoto%2CRole%2CVast%2CTopic%2CWriter&excludeFields=file%2Ctagline%2Csummary (4 live) #be TLS GZIP Signed-in Token (oscar.p46)
Mar 25, 2026 13:27:10.687 [281472829173984] DEBUG - [Req#be] HubCache: Retrieving '1/movie.inprogress.1/1/hubs/sections/1/enexternal-media,indirect-media/count=20&excludeElements=Actor%2CCollection%2CCountry%2CDirector%2CGenre%2CLabel%2CLocation%2CMood%2CPart%2CProducer%2CSimilar%2CPhoto%2CRole%2CVast%2CTopic%2CWriter&excludeFields=file%2Ctagline%2Csummary&includeLibraryPlaylists=1&includeStations=1' from the cache.
Mar 25, 2026 13:27:10.687 [281472829173984] DEBUG - [Req#be] HubCache: Retrieving '1/movie.recentlyreleased.1/1/hubs/sections/1/enexternal-media,indirect-media/count=20&excludeElements=Actor%2CCollection%2CCountry%2CDirector%2CGenre%2CLabel%2CLocation%2CMood%2CPart%2CProducer%2CSimilar%2CPhoto%2CRole%2CVast%2CTopic%2CWriter&excludeFields=file%2Ctagline%2Csummary&includeLibraryPlaylists=1&includeStations=1' from the cache.
Mar 25, 2026 13:27:10.687 [281472829173984] DEBUG - [Req#be] HubCache: Retrieving '1/movie.recentlyadded.1/1/hubs/sections/1/enexternal-media,indirect-media/count=20&excludeElements=Actor%2CCollection%2CCountry%2CDirector%2CGenre%2CLabel%2CLocation%2CMood%2CPart%2CProducer%2CSimilar%2CPhoto%2CRole%2CVast%2CTopic%2CWriter&excludeFields=file%2Ctagline%2Csummary&includeLibraryPlaylists=1&includeStations=1' from the cache.
Mar 25, 2026 13:27:10.688 [281472829173984] DEBUG - [Req#be] HubCache: Retrieving '1/recent.library.playlists.1/1/hubs/sections/1/enexternal-media,indirect-media/count=20&excludeElements=Actor%2CCollection%2CCountry%2CDirector%2CGenre%2CLabel%2CLocation%2CMood%2CPart%2CProducer%2CSimilar%2CPhoto%2CRole%2CVast%2CTopic%2CWriter&excludeFields=file%2Ctagline%2Csummary&includeLibraryPlaylists=1&includeStations=1' from the cache.
Mar 25, 2026 13:27:10.688 [281472829173984] DEBUG - [Req#be] HubCache: Retrieving '1/movie.genre.1/1/hubs/sections/1/enexternal-media,indirect-media/count=20&excludeElements=Actor%2CCollection%2CCountry%2CDirector%2CGenre%2CLabel%2CLocation%2CMood%2CPart%2CProducer%2CSimilar%2CPhoto%2CRole%2CVast%2CTopic%2CWriter&excludeFields=file%2Ctagline%2Csummary&includeLibraryPlaylists=1&includeStations=1' from the cache.
Mar 25, 2026 13:27:10.688 [281472829173984] DEBUG - [Req#be] HubCache: Retrieving '1/movie.by.actor.or.director.1/1/hubs/sections/1/enexternal-media,indirect-media/count=20&excludeElements=Actor%2CCollection%2CCountry%2CDirector%2CGenre%2CLabel%2CLocation%2CMood%2CPart%2CProducer%2CSimilar%2CPhoto%2CRole%2CVast%2CTopic%2CWriter&excludeFields=file%2Ctagline%2Csummary&includeLibraryPlaylists=1&includeStations=1' from the cache.
Mar 25, 2026 13:27:10.688 [281472829173984] DEBUG - [Req#be] HubCache: Retrieving '1/movie.topunwatched.1/1/hubs/sections/1/enexternal-media,indirect-media/count=20&excludeElements=Actor%2CCollection%2CCountry%2CDirector%2CGenre%2CLabel%2CLocation%2CMood%2CPart%2CProducer%2CSimilar%2CPhoto%2CRole%2CVast%2CTopic%2CWriter&excludeFields=file%2Ctagline%2Csummary&includeLibraryPlaylists=1&includeStations=1' from the cache.
Mar 25, 2026 13:27:10.688 [281472829173984] DEBUG - [Req#be] HubCache: Retrieving '1/movie.curated.1/1/hubs/sections/1/enexternal-media,indirect-media/count=20&excludeElements=Actor%2CCollection%2CCountry%2CDirector%2CGenre%2CLabel%2CLocation%2CMood%2CPart%2CProducer%2CSimilar%2CPhoto%2CRole%2CVast%2CTopic%2CWriter&excludeFields=file%2Ctagline%2Csummary&includeLibraryPlaylists=1&includeStations=1' from the cache.
Mar 25, 2026 13:27:10.688 [281472829173984] DEBUG - [Req#be] HubCache: Retrieving '1/movie.recentlyviewed.1/1/hubs/sections/1/enexternal-media,indirect-media/count=20&excludeElements=Actor%2CCollection%2CCountry%2CDirector%2CGenre%2CLabel%2CLocation%2CMood%2CPart%2CProducer%2CSimilar%2CPhoto%2CRole%2CVast%2CTopic%2CWriter&excludeFields=file%2Ctagline%2Csummary&includeLibraryPlaylists=1&includeStations=1' from the cache.
Mar 25, 2026 13:27:10.689 [281472887980256] DEBUG - Completed: [192.168.97.1:53569] 200 GET /hubs/sections/1?count=20&includeLibraryPlaylists=1&includeStations=1&excludeElements=Actor%2CCollection%2CCountry%2CDirector%2CGenre%2CLabel%2CLocation%2CMood%2CPart%2CProducer%2CSimilar%2CPhoto%2CRole%2CVast%2CTopic%2CWriter&excludeFields=file%2Ctagline%2Csummary (4 live) #be TLS GZIP 3ms 2147 bytes (pipelined: 2)
Mar 25, 2026 13:27:12.907 [281472829173984] DEBUG - Request: [192.168.97.1:53569 (Subnet)] GET /media/providers (4 live) #bf TLS GZIP Signed-in Token (oscar.p46)
Mar 25, 2026 13:27:12.910 [281472890089696] DEBUG - Completed: [192.168.97.1:53569] 200 GET /media/providers (4 live) #bf TLS GZIP 2ms 4526 bytes (pipelined: 3)
Mar 25, 2026 13:27:23.506 [281472829173984] DEBUG - Request: [192.168.97.1:53569 (Subnet)] GET /library/search?query=Juego+de+trono&searchTypes=availabilityPlatforms%2Ccategories%2Clivetv%2Cmovies%2CotherVideos%2Cpeople%2Ctvod%2Ctv&limit=100 (4 live) #c1 TLS GZIP Signed-in Token (oscar.p46)
Mar 25, 2026 13:27:23.550 [281472887980256] DEBUG - Completed: [192.168.97.1:53569] 200 GET /library/search?query=Juego+de+trono&searchTypes=availabilityPlatforms%2Ccategories%2Clivetv%2Cmovies%2CotherVideos%2Cpeople%2Ctvod%2Ctv&limit=100 (4 live) #c1 TLS GZIP 44ms 395 bytes (pipelined: 4)
Mar 25, 2026 13:27:24.087 [281472829173984] DEBUG - Request: [192.168.97.1:53569 (Subnet)] GET /library/search?query=Juego+de+tronos&searchTypes=availabilityPlatforms%2Ccategories%2Clivetv%2Cmovies%2CotherVideos%2Cpeople%2Ctvod%2Ctv&limit=100 (4 live) #c4 TLS GZIP Signed-in Token (oscar.p46)
Mar 25, 2026 13:27:24.118 [281472890089696] DEBUG - Completed: [192.168.97.1:53569] 200 GET /library/search?query=Juego+de+tronos&searchTypes=availabilityPlatforms%2Ccategories%2Clivetv%2Cmovies%2CotherVideos%2Cpeople%2Ctvod%2Ctv&limit=100 (4 live) #c4 TLS GZIP 30ms 395 bytes (pipelined: 5)
Mar 25, 2026 13:27:32.316 [281472803860704] DEBUG - [ViewStateSync] Starting
Mar 25, 2026 13:27:32.317 [281472803860704] DEBUG - [ViewStateSync] Fetching user tokens
Mar 25, 2026 13:27:32.319 [281472803860704] DEBUG - [ViewStateSync/HCl#30] HTTP requesting GET https://plex.tv/api/v2/server/users/services?auth_token=xxxxxxxxxxxxxxxxxxxx
Mar 25, 2026 13:27:32.807 [281472837611744] DEBUG - [HttpClient/HCl#30] HTTP/1.1 (0.5s) 200 response from GET https://plex.tv/api/v2/server/users/services?auth_token=xxxxxxxxxxxxxxxxxxxx
Mar 25, 2026 13:27:32.813 [281472835502304] DEBUG - [ViewStateSync] Got token for user 1 (oscar.p46)
Mar 25, 2026 13:27:32.814 [281472835502304] DEBUG - [ViewStateSync/HCl#31] HTTP requesting GET https://plex.tv/api/v2/server/users/738467780/view_state_sync
Mar 25, 2026 13:27:32.935 [281472837611744] DEBUG - [HttpClient/HCl#31] HTTP/1.1 (0.1s) 200 response from GET https://plex.tv/api/v2/server/users/738467780/view_state_sync (reused)
Mar 25, 2026 13:27:32.936 [281472835502304] DEBUG - [ViewStateSync] Starting for user 1
Mar 25, 2026 13:27:32.936 [281472835502304] DEBUG - [ViewStateSync] Sending state
Mar 25, 2026 13:27:32.937 [281472835502304] DEBUG - [ViewStateSync] Sending state
Mar 25, 2026 13:27:32.937 [281472835502304] DEBUG - [ViewStateSync] All state sent
Mar 25, 2026 13:27:32.938 [281472835502304] DEBUG - [ViewStateSync] Getting state
Mar 25, 2026 13:27:32.938 [281472835502304] DEBUG - [ViewStateSync/HCl#32] HTTP requesting GET https://scrobbles.plex.tv/state/738467780?count=100
Mar 25, 2026 13:27:33.068 [281472837611744] DEBUG - [HttpClient/HCl#32] HTTP/2.0 (0.1s) 200 response from GET https://scrobbles.plex.tv/state/738467780?count=100
Mar 25, 2026 13:27:33.068 [281472835502304] DEBUG - [ViewStateSync] Reading 0 states
Mar 25, 2026 13:27:33.068 [281472835502304] DEBUG - [ViewStateSync] Done getting states
Mar 25, 2026 13:27:33.069 [281472835502304] DEBUG - [ViewStateSync] Finished
Mar 25, 2026 13:27:37.727 [281472829173984] DEBUG - Request: [192.168.97.1:53569 (Subnet)] GET /library/search?query=Little+amelie&searchTypes=availabilityPlatforms%2Ccategories%2Clivetv%2Cmovies%2CotherVideos%2Cpeople%2Ctvod%2Ctv&limit=100 (4 live) #c7 TLS GZIP Signed-in Token (oscar.p46)
Mar 25, 2026 13:27:37.757 [281472890089696] DEBUG - Completed: [192.168.97.1:53569] 200 GET /library/search?query=Little+amelie&searchTypes=availabilityPlatforms%2Ccategories%2Clivetv%2Cmovies%2CotherVideos%2Cpeople%2Ctvod%2Ctv&limit=100 (4 live) #c7 TLS GZIP 30ms 395 bytes (pipelined: 6)
Mar 25, 2026 13:27:37.909 [281472829173984] DEBUG - Request: [192.168.97.1:53569 (Subnet)] GET /media/providers (4 live) #ca TLS GZIP Signed-in Token (oscar.p46)
Mar 25, 2026 13:27:37.913 [281472887980256] DEBUG - Completed: [192.168.97.1:53569] 200 GET /media/providers (4 live) #ca TLS GZIP 3ms 4526 bytes (pipelined: 7)
Mar 25, 2026 13:29:48.996 [281472803860704] DEBUG - [EventSourceClient/pubsub/172.104.133.220:443] Relay: cleaning up inactive relay connection to 139.162.175.123
Mar 25, 2026 13:30:02.799 [281472829173984] DEBUG - Request: [192.168.97.1:35348 (Subnet)] GET /media/providers (5 live) #bd GZIP Signed-in Token (oscar.p46)
Mar 25, 2026 13:30:02.800 [281472835502304] DEBUG - Request: [192.168.97.1:19197 (Subnet)] GET /media/providers (5 live) #ce GZIP Signed-in Token (oscar.p46)
Mar 25, 2026 13:30:02.814 [281472887980256] DEBUG - Completed: [192.168.97.1:35348] 200 GET /media/providers (5 live) #bd GZIP 16ms 4492 bytes (pipelined: 1)
Mar 25, 2026 13:30:02.814 [281472890089696] DEBUG - Completed: [192.168.97.1:19197] 200 GET /media/providers (5 live) #ce GZIP 15ms 4620 bytes (pipelined: 1)
Mar 25, 2026 13:30:06.800 [281472829173984] DEBUG - Request: [192.168.97.1:20151 (Subnet)] GET /media/providers (5 live) #cf GZIP Signed-in Token (oscar.p46)
Mar 25, 2026 13:30:06.801 [281472835502304] DEBUG - Request: [192.168.97.1:35358 (Subnet)] GET /media/providers (5 live) #d6 GZIP Signed-in Token (oscar.p46)
Mar 25, 2026 13:30:06.803 [281472887980256] DEBUG - Completed: [192.168.97.1:35358] 200 GET /media/providers (5 live) #d6 GZIP 3ms 4492 bytes (pipelined: 1)
Mar 25, 2026 13:30:06.804 [281472887980256] DEBUG - Completed: [192.168.97.1:20151] 200 GET /media/providers (5 live) #cf GZIP 4ms 4620 bytes (pipelined: 1)
Mar 25, 2026 13:30:06.843 [281472835502304] DEBUG - Request: [192.168.97.1:35358 (Subnet)] GET /library/sections/1/firstCharacter?sort=titleSort&includeCollections=1&includeExternalMedia=1 (5 live) #da GZIP Signed-in Token (oscar.p46)
Mar 25, 2026 13:30:06.847 [281472887980256] DEBUG - Completed: [192.168.97.1:35358] 200 GET /library/sections/1/firstCharacter?sort=titleSort&includeCollections=1&includeExternalMedia=1 (5 live) #da GZIP 3ms 602 bytes (pipelined: 2)
Mar 25, 2026 13:30:06.852 [281472829173984] DEBUG - Request: [192.168.97.1:35358 (Subnet)] GET /photo/:/transcode?width=240&height=360&minSize=1&upscale=1&url=%2Flibrary%2Fmetadata%2F23%2Fthumb%2F1774440885%3FX-Plex-Token%3Dxxxxxxxxxxxxxxxxxxxx (5 live) #dc GZIP Signed-in Token (oscar.p46)
Mar 25, 2026 13:30:06.852 [281472829173984] DEBUG - [Req#dc/PhotoTranscoder] Request for url [/library/metadata/23/thumb/1774440885?X-Plex-Token=xxxxxxxxxxxxxxxxxxxx] (is local: 1 upscaled: 1)
Mar 25, 2026 13:30:06.853 [281472829173984] DEBUG - Content-Length of /config/Library/Application Support/Plex Media Server/Cache/PhotoTranscoder/90/90cd208144f3ba55ec837277d53f2eedc01402d5.jpg is 15955 (of total: 15955).
Mar 25, 2026 13:30:06.853 [281472835502304] DEBUG - Request: [192.168.97.1:35366 (Subnet)] GET /photo/:/transcode?width=240&height=360&minSize=1&upscale=1&url=%2Flibrary%2Fmetadata%2F24%2Fthumb%2F1774440885%3FX-Plex-Token%3Dxxxxxxxxxxxxxxxxxxxx (6 live) #d7 GZIP Signed-in Token (oscar.p46)
Mar 25, 2026 13:30:06.853 [281472835502304] DEBUG - [Req#d7/PhotoTranscoder] Request for url [/library/metadata/24/thumb/1774440885?X-Plex-Token=xxxxxxxxxxxxxxxxxxxx] (is local: 1 upscaled: 1)
Mar 25, 2026 13:30:06.853 [281472835502304] DEBUG - Content-Length of /config/Library/Application Support/Plex Media Server/Cache/PhotoTranscoder/48/48ce0b4b87ee2affbdb7123292e65d87954846b2.jpg is 29858 (of total: 29858).
Mar 25, 2026 13:30:06.854 [281472890089696] DEBUG - Completed: [192.168.97.1:35366] 200 GET /photo/:/transcode?width=240&height=360&minSize=1&upscale=1&url=%2Flibrary%2Fmetadata%2F24%2Fthumb%2F1774440885%3FX-Plex-Token%3Dxxxxxxxxxxxxxxxxxxxx (6 live) #d7 GZIP 0ms 29858 bytes (pipelined: 1)
Mar 25, 2026 13:30:06.854 [281472887980256] DEBUG - Completed: [192.168.97.1:35358] 200 GET /photo/:/transcode?width=240&height=360&minSize=1&upscale=1&url=%2Flibrary%2Fmetadata%2F23%2Fthumb%2F1774440885%3FX-Plex-Token%3Dxxxxxxxxxxxxxxxxxxxx (6 live) #dc GZIP 2ms 15955 bytes (pipelined: 3)
Mar 25, 2026 13:30:06.881 [281472829173984] DEBUG - Request: [192.168.97.0:62591 (Subnet)] GET /media/providers (7 live) #dd TLS GZIP Signed-in Token (oscar.p46)
Mar 25, 2026 13:30:06.883 [281472890089696] DEBUG - Completed: [192.168.97.0:62591] 200 GET /media/providers (7 live) #dd TLS GZIP 2ms 4620 bytes (pipelined: 1)
Mar 25, 2026 13:30:06.926 [281472835502304] DEBUG - Request: [192.168.97.1:61767 (Subnet)] GET /media/providers (8 live) #e0 TLS GZIP Signed-in Token (oscar.p46)
Mar 25, 2026 13:30:06.929 [281472890089696] DEBUG - Completed: [192.168.97.1:61767] 200 GET /media/providers (8 live) #e0 TLS GZIP 2ms 4620 bytes (pipelined: 1)
Mar 25, 2026 13:30:09.286 [281472829173984] DEBUG - Request: [192.168.97.1:20151 (Subnet)] GET /library/sections/1/all?type=1&includeCollections=1&includeExternalMedia=1&includeAdvanced=1&includeMeta=1 (8 live) #db Page 0-49 GZIP Signed-in Token (oscar.p46)
Mar 25, 2026 13:30:09.287 [281472829173984] ERROR - [Req#db] Unknown metadata type: folder
Mar 25, 2026 13:30:09.287 [281472829173984] DEBUG - [Req#db] Setting container serialization range to [0, 49] (total=-1)
Mar 25, 2026 13:30:09.297 [281472887980256] DEBUG - Completed: [192.168.97.1:20151] 200 GET /library/sections/1/all?type=1&includeCollections=1&includeExternalMedia=1&includeAdvanced=1&includeMeta=1 (8 live) #db GZIP Page 0-49 11ms 4353 bytes (pipelined: 2)
Mar 25, 2026 13:30:11.398 [281472835502304] DEBUG - Request: [192.168.97.1:20151 (Subnet)] GET /library/sections/1/firstCharacter?sort=titleSort&includeCollections=1&includeExternalMedia=1 (8 live) #e6 GZIP Signed-in Token (oscar.p46)
Mar 25, 2026 13:30:11.401 [281472887980256] DEBUG - Completed: [192.168.97.1:20151] 200 GET /library/sections/1/firstCharacter?sort=titleSort&includeCollections=1&includeExternalMedia=1 (8 live) #e6 GZIP 3ms 730 bytes (pipelined: 3)
Mar 25, 2026 13:43:52.077 [281472835502304] DEBUG - Request: [192.168.97.1:65310 (Subnet)] GET /media/providers (4 live) #e3 TLS GZIP Signed-in Token (oscar.p46)
Mar 25, 2026 13:43:52.102 [281472890089696] DEBUG - Completed: [192.168.97.1:65310] 200 GET /media/providers (4 live) #e3 TLS GZIP 27ms 4526 bytes (pipelined: 1)
Mar 25, 2026 13:43:55.678 [281472835502304] DEBUG - Request: [192.168.97.1:65310 (Subnet)] GET /hubs/sections/1?count=20&includeLibraryPlaylists=1&includeStations=1&excludeElements=Actor%2CCollection%2CCountry%2CDirector%2CGenre%2CLabel%2CLocation%2CMood%2CPart%2CProducer%2CSimilar%2CPhoto%2CRole%2CVast%2CTopic%2CWriter&excludeFields=file%2Ctagline%2Csummary (4 live) #ef TLS GZIP Signed-in Token (oscar.p46)
Mar 25, 2026 13:43:55.680 [281472835502304] DEBUG - [Req#ef] HubCache: Retrieving '1/movie.inprogress.1/1/hubs/sections/1/enexternal-media,indirect-media/count=20&excludeElements=Actor%2CCollection%2CCountry%2CDirector%2CGenre%2CLabel%2CLocation%2CMood%2CPart%2CProducer%2CSimilar%2CPhoto%2CRole%2CVast%2CTopic%2CWriter&excludeFields=file%2Ctagline%2Csummary&includeLibraryPlaylists=1&includeStations=1' from the cache.
Mar 25, 2026 13:43:55.680 [281472835502304] DEBUG - [Req#ef] HubCache: 9 hubs cached, 75.7% hit ratio.
Mar 25, 2026 13:43:55.680 [281472835502304] DEBUG - [Req#ef] HubCache: Retrieving '1/movie.recentlyreleased.1/1/hubs/sections/1/enexternal-media,indirect-media/count=20&excludeElements=Actor%2CCollection%2CCountry%2CDirector%2CGenre%2CLabel%2CLocation%2CMood%2CPart%2CProducer%2CSimilar%2CPhoto%2CRole%2CVast%2CTopic%2CWriter&excludeFields=file%2Ctagline%2Csummary&includeLibraryPlaylists=1&includeStations=1' from the cache.
Mar 25, 2026 13:43:55.681 [281472835502304] DEBUG - [Req#ef] HubCache: Retrieving '1/movie.recentlyadded.1/1/hubs/sections/1/enexternal-media,indirect-media/count=20&excludeElements=Actor%2CCollection%2CCountry%2CDirector%2CGenre%2CLabel%2CLocation%2CMood%2CPart%2CProducer%2CSimilar%2CPhoto%2CRole%2CVast%2CTopic%2CWriter&excludeFields=file%2Ctagline%2Csummary&includeLibraryPlaylists=1&includeStations=1' from the cache.
Mar 25, 2026 13:43:55.681 [281472835502304] DEBUG - [Req#ef] HubCache: Retrieving '1/recent.library.playlists.1/1/hubs/sections/1/enexternal-media,indirect-media/count=20&excludeElements=Actor%2CCollection%2CCountry%2CDirector%2CGenre%2CLabel%2CLocation%2CMood%2CPart%2CProducer%2CSimilar%2CPhoto%2CRole%2CVast%2CTopic%2CWriter&excludeFields=file%2Ctagline%2Csummary&includeLibraryPlaylists=1&includeStations=1' from the cache.
Mar 25, 2026 13:43:55.681 [281472835502304] DEBUG - [Req#ef] HubCache: Retrieving '1/movie.genre.1/1/hubs/sections/1/enexternal-media,indirect-media/count=20&excludeElements=Actor%2CCollection%2CCountry%2CDirector%2CGenre%2CLabel%2CLocation%2CMood%2CPart%2CProducer%2CSimilar%2CPhoto%2CRole%2CVast%2CTopic%2CWriter&excludeFields=file%2Ctagline%2Csummary&includeLibraryPlaylists=1&includeStations=1' from the cache.
Mar 25, 2026 13:43:55.681 [281472835502304] DEBUG - [Req#ef] HubCache: Retrieving '1/movie.by.actor.or.director.1/1/hubs/sections/1/enexternal-media,indirect-media/count=20&excludeElements=Actor%2CCollection%2CCountry%2CDirector%2CGenre%2CLabel%2CLocation%2CMood%2CPart%2CProducer%2CSimilar%2CPhoto%2CRole%2CVast%2CTopic%2CWriter&excludeFields=file%2Ctagline%2Csummary&includeLibraryPlaylists=1&includeStations=1' from the cache.
Mar 25, 2026 13:43:55.681 [281472835502304] DEBUG - [Req#ef] HubCache: Retrieving '1/movie.topunwatched.1/1/hubs/sections/1/enexternal-media,indirect-media/count=20&excludeElements=Actor%2CCollection%2CCountry%2CDirector%2CGenre%2CLabel%2CLocation%2CMood%2CPart%2CProducer%2CSimilar%2CPhoto%2CRole%2CVast%2CTopic%2CWriter&excludeFields=file%2Ctagline%2Csummary&includeLibraryPlaylists=1&includeStations=1' from the cache.
Mar 25, 2026 13:43:55.681 [281472835502304] DEBUG - [Req#ef] HubCache: Retrieving '1/movie.curated.1/1/hubs/sections/1/enexternal-media,indirect-media/count=20&excludeElements=Actor%2CCollection%2CCountry%2CDirector%2CGenre%2CLabel%2CLocation%2CMood%2CPart%2CProducer%2CSimilar%2CPhoto%2CRole%2CVast%2CTopic%2CWriter&excludeFields=file%2Ctagline%2Csummary&includeLibraryPlaylists=1&includeStations=1' from the cache.
Mar 25, 2026 13:43:55.681 [281472835502304] DEBUG - [Req#ef] HubCache: Retrieving '1/movie.recentlyviewed.1/1/hubs/sections/1/enexternal-media,indirect-media/count=20&excludeElements=Actor%2CCollection%2CCountry%2CDirector%2CGenre%2CLabel%2CLocation%2CMood%2CPart%2CProducer%2CSimilar%2CPhoto%2CRole%2CVast%2CTopic%2CWriter&excludeFields=file%2Ctagline%2Csummary&includeLibraryPlaylists=1&includeStations=1' from the cache.
Mar 25, 2026 13:43:55.687 [281472890089696] DEBUG - Completed: [192.168.97.1:65310] 200 GET /hubs/sections/1?count=20&includeLibraryPlaylists=1&includeStations=1&excludeElements=Actor%2CCollection%2CCountry%2CDirector%2CGenre%2CLabel%2CLocation%2CMood%2CPart%2CProducer%2CSimilar%2CPhoto%2CRole%2CVast%2CTopic%2CWriter&excludeFields=file%2Ctagline%2Csummary (4 live) #ef TLS GZIP 9ms 2147 bytes (pipelined: 2)
Mar 25, 2026 13:43:58.747 [281472835502304] DEBUG - Request: [192.168.97.1:65310 (Subnet)] GET /library/sections/1/firstCharacter?type=1&includeCollections=1 (4 live) #f0 TLS GZIP Signed-in Token (oscar.p46)
Mar 25, 2026 13:43:58.751 [281472887980256] DEBUG - Completed: [192.168.97.1:65310] 200 GET /library/sections/1/firstCharacter?type=1&includeCollections=1 (4 live) #f0 TLS GZIP 4ms 647 bytes (pipelined: 3)
Mar 25, 2026 13:43:58.778 [281472835502304] DEBUG - Request: [192.168.97.1:65310 (Subnet)] GET /library/sections/1/all?type=1&includeMeta=1&includeCollections=1&includeAdvanced=1&excludeElements=Actor%2CCollection%2CCountry%2CDirector%2CGenre%2CLabel%2CLocation%2CMood%2CPart%2CProducer%2CSimilar%2CPhoto%2CRole%2CVast%2CTopic%2CWriter&excludeFields=file%2Ctagline%2Csummary (4 live) #f1 TLS Page 0-39 GZIP Signed-in Token (oscar.p46)
Mar 25, 2026 13:43:58.778 [281472835502304] ERROR - [Req#f1] Unknown metadata type: folder
Mar 25, 2026 13:43:58.779 [281472835502304] DEBUG - [Req#f1] Setting container serialization range to [0, 39] (total=-1)
Mar 25, 2026 13:43:58.789 [281472887980256] DEBUG - Completed: [192.168.97.1:65310] 200 GET /library/sections/1/all?type=1&includeMeta=1&includeCollections=1&includeAdvanced=1&excludeElements=Actor%2CCollection%2CCountry%2CDirector%2CGenre%2CLabel%2CLocation%2CMood%2CPart%2CProducer%2CSimilar%2CPhoto%2CRole%2CVast%2CTopic%2CWriter&excludeFields=file%2Ctagline%2Csummary (4 live) #f1 TLS GZIP Page 0-39 11ms 3042 bytes (pipelined: 4)
Mar 25, 2026 13:44:13.944 [281472835502304] DEBUG - Request: [192.168.97.1:65310 (Subnet)] GET /library/search?query=Little&searchTypes=availabilityPlatforms%2Ccategories%2Clivetv%2Cmovies%2CotherVideos%2Cpeople%2Ctvod%2Ctv&limit=100 (4 live) #f2 TLS GZIP Signed-in Token (oscar.p46)
Mar 25, 2026 13:44:13.999 [281472887980256] DEBUG - Completed: [192.168.97.1:65310] 200 GET /library/search?query=Little&searchTypes=availabilityPlatforms%2Ccategories%2Clivetv%2Cmovies%2CotherVideos%2Cpeople%2Ctvod%2Ctv&limit=100 (4 live) #f2 TLS GZIP 54ms 395 bytes (pipelined: 5)
Mar 25, 2026 13:44:15.774 [281472835502304] DEBUG - Request: [192.168.97.1:65310 (Subnet)] GET /media/providers (4 live) #f5 TLS GZIP Signed-in Token (oscar.p46)
Mar 25, 2026 13:44:15.777 [281472890089696] DEBUG - Completed: [192.168.97.1:65310] 200 GET /media/providers (4 live) #f5 TLS GZIP 3ms 4526 bytes (pipelined: 6)
Mar 25, 2026 13:44:17.517 [281472835502304] DEBUG - Request: [192.168.97.1:65310 (Subnet)] GET /library/search?query=Little+amelie&searchTypes=availabilityPlatforms%2Ccategories%2Clivetv%2Cmovies%2CotherVideos%2Cpeople%2Ctvod%2Ctv&limit=100 (4 live) #f7 TLS GZIP Signed-in Token (oscar.p46)
Mar 25, 2026 13:44:17.572 [281472887980256] DEBUG - Completed: [192.168.97.1:65310] 200 GET /library/search?query=Little+amelie&searchTypes=availabilityPlatforms%2Ccategories%2Clivetv%2Cmovies%2CotherVideos%2Cpeople%2Ctvod%2Ctv&limit=100 (4 live) #f7 TLS GZIP 55ms 395 bytes (pipelined: 7)
Mar 25, 2026 13:47:03.230 [281472835502304] DEBUG - Request: [192.168.97.1:33684 (Subnet)] GET /media/providers (4 live) #ed TLS GZIP Signed-in Token (oscar.p46)
Mar 25, 2026 13:47:03.250 [281472887980256] DEBUG - Completed: [192.168.97.1:33684] 200 GET /media/providers (4 live) #ed TLS GZIP 20ms 4526 bytes (pipelined: 1)
Mar 25, 2026 13:47:07.657 [281472835502304] DEBUG - Request: [192.168.97.1:33684 (Subnet)] GET /photo/:/transcode?width=1280&height=1280&minSize=0&url=%2Flibrary%2Fmetadata%2F23%2FclearLogo%2F1774440885&format=png (4 live) #fe TLS GZIP Signed-in Token (oscar.p46)
Mar 25, 2026 13:47:07.657 [281472835502304] DEBUG - [Req#fe/PhotoTranscoder] Request for url [/library/metadata/23/clearLogo/1774440885] (is local: 1 upscaled: 0)
Mar 25, 2026 13:47:07.658 [281472835502304] DEBUG - Content-Length of /config/Library/Application Support/Plex Media Server/Cache/PhotoTranscoder/e0/e0c628bd18567229b53ebfa3ece90874aaaf3c8b.png is 462228 (of total: 462228).
Mar 25, 2026 13:47:07.667 [281472890089696] DEBUG - Completed: [192.168.97.1:33684] 200 GET /photo/:/transcode?width=1280&height=1280&minSize=0&url=%2Flibrary%2Fmetadata%2F23%2FclearLogo%2F1774440885&format=png (5 live) #fe TLS GZIP 10ms 462228 bytes (pipelined: 2)
Mar 25, 2026 13:47:07.686 [281472835502304] DEBUG - Request: [192.168.97.1:51349 (Subnet)] GET /library/metadata/23?includeExtras=1&includeOnDeck=1&includeRelated=1&includeRelatedCount=20&includeReviews=1&includeExternalMetadata=1&checkFiles=1&includeStations=0&includePopularLeaves=0 (5 live) #fc TLS GZIP Signed-in Token (oscar.p46)
Mar 25, 2026 13:47:07.701 [281472835502304] DEBUG - We're going to try to auto-select an audio stream for account 1.
Mar 25, 2026 13:47:07.701 [281472835502304] DEBUG - Selecting best audio stream for part ID 37 (language: )
Mar 25, 2026 13:47:07.701 [281472835502304] DEBUG - We're going to try to auto-select a subtitle for account 1.
Mar 25, 2026 13:47:07.701 [281472835502304] DEBUG - Audio Stream: 474, Subtitle Stream: -1
Mar 25, 2026 13:47:07.709 [281472827064544] DEBUG - Request: [192.168.97.1:29207 (Subnet)] GET /photo/:/transcode?width=1280&height=1280&minSize=0&url=%2Flibrary%2Fmetadata%2F23%2FsquareArt%2F1774440885&format=jpeg (6 live) #ff TLS GZIP Signed-in Token (oscar.p46)
Mar 25, 2026 13:47:07.709 [281472827064544] DEBUG - [Req#ff/PhotoTranscoder] Request for url [/library/metadata/23/squareArt/1774440885] (is local: 1 upscaled: 0)
Mar 25, 2026 13:47:07.709 [281472827064544] DEBUG - Content-Length of /config/Library/Application Support/Plex Media Server/Cache/PhotoTranscoder/4b/4bcda3588e0a404257d80f0fbd275c917b6ce650.jpeg is 118920 (of total: 118920).
Mar 25, 2026 13:47:07.710 [281472887980256] DEBUG - Completed: [192.168.97.1:29207] 200 GET /photo/:/transcode?width=1280&height=1280&minSize=0&url=%2Flibrary%2Fmetadata%2F23%2FsquareArt%2F1774440885&format=jpeg (6 live) #ff TLS GZIP 1ms 118920 bytes (pipelined: 1)
Mar 25, 2026 13:47:07.715 [281472835502304] DEBUG - It took 0.000000 ms to retrieve 106 items.
Mar 25, 2026 13:47:07.718 [281472835502304] DEBUG - We're going to try to auto-select a subtitle for account 1.
Mar 25, 2026 13:47:07.718 [281472835502304] DEBUG - Audio Stream: 406, Subtitle Stream: -1
Mar 25, 2026 13:47:07.721 [281472887980256] DEBUG - Completed: [192.168.97.1:51349] 200 GET /library/metadata/23?includeExtras=1&includeOnDeck=1&includeRelated=1&includeRelatedCount=20&includeReviews=1&includeExternalMetadata=1&checkFiles=1&includeStations=0&includePopularLeaves=0 (6 live) #fc TLS GZIP 34ms 13251 bytes (pipelined: 1)
Mar 25, 2026 13:47:07.755 [281472827064544] DEBUG - Request: [192.168.97.1:33684 (Subnet)] GET /library/sections/1/prefs (6 live) #100 TLS GZIP Signed-in Token (oscar.p46)
Mar 25, 2026 13:47:07.766 [281472887980256] DEBUG - Completed: [192.168.97.1:33684] 200 GET /library/sections/1/prefs (6 live) #100 TLS GZIP 11ms 3797 bytes (pipelined: 3)
Mar 25, 2026 13:47:08.301 [281472835502304] DEBUG - Request: [192.168.97.1:33684 (Subnet)] GET /photo/:/transcode?width=360&height=360&minSize=1&url=%2Flibrary%2Fmetadata%2F13%2Fthumb%2F1774435824&format=jpeg (6 live) #10a TLS GZIP Signed-in Token (oscar.p46)
Mar 25, 2026 13:47:08.301 [281472835502304] DEBUG - [Req#10a/PhotoTranscoder] Request for url [/library/metadata/13/thumb/1774435824] (is local: 1 upscaled: 0)
Mar 25, 2026 13:47:08.301 [281472835502304] DEBUG - Content-Length of /config/Library/Application Support/Plex Media Server/Cache/PhotoTranscoder/34/345cadfda824f76391bdf531f735a573e8beace8.jpeg is 38009 (of total: 38009).
Mar 25, 2026 13:47:08.302 [281472887980256] DEBUG - Completed: [192.168.97.1:33684] 200 GET /photo/:/transcode?width=360&height=360&minSize=1&url=%2Flibrary%2Fmetadata%2F13%2Fthumb%2F1774435824&format=jpeg (6 live) #10a TLS GZIP 1ms 38009 bytes (pipelined: 4)
Mar 25, 2026 13:47:08.764 [281472827064544] DEBUG - Request: [192.168.97.1:33684 (Subnet)] POST /playQueues?includeChapters=1&continuous=1&uri=server%3A%2F%2Fe54df6383d25ebd337b0eedd659aa30a8163aa07%2Fcom.plexapp.plugins.library%2Flibrary%2Fmetadata%2F23&type=video&own=1&repeat=0&shuffle=0&includeMarkers=1&includeGeolocation=1&includeExternalMedia=1 (6 live) #10b TLS GZIP Signed-in Token (oscar.p46)
Mar 25, 2026 13:47:08.764 [281472827064544] DEBUG - [Req#10b] PlayQueue: Converted 'server://e54df6383d25ebd337b0eedd659aa30a8163aa07/com.plexapp.plugins.library/library/metadata/23' to 'library://x/item/%2Flibrary%2Fmetadata%2F23'
Mar 25, 2026 13:47:08.770 [281472827064544] DEBUG - [Req#10b] PlayQueue: Start index: 0 End index: 0 Count: 1
Mar 25, 2026 13:47:08.770 [281472827064544] DEBUG - [Req#10b] PlayQueue: Added 1 items in 0.0 sec.
Mar 25, 2026 13:47:08.776 [281472827064544] DEBUG - We're going to try to auto-select an audio stream for account 1.
Mar 25, 2026 13:47:08.776 [281472827064544] DEBUG - Selecting best audio stream for part ID 37 (language: )
Mar 25, 2026 13:47:08.776 [281472827064544] DEBUG - We're going to try to auto-select a subtitle for account 1.
Mar 25, 2026 13:47:08.776 [281472827064544] DEBUG - Audio Stream: 474, Subtitle Stream: -1
Mar 25, 2026 13:47:08.778 [281472890089696] DEBUG - Completed: [192.168.97.1:33684] 200 POST /playQueues?includeChapters=1&continuous=1&uri=server%3A%2F%2Fe54df6383d25ebd337b0eedd659aa30a8163aa07%2Fcom.plexapp.plugins.library%2Flibrary%2Fmetadata%2F23&type=video&own=1&repeat=0&shuffle=0&includeMarkers=1&includeGeolocation=1&includeExternalMedia=1 (6 live) #10b TLS GZIP 14ms 4209 bytes (pipelined: 5)
Mar 25, 2026 13:47:08.930 [281472835502304] DEBUG - Request: [192.168.97.1:33684 (Subnet)] GET /photo/:/transcode?width=360&height=360&minSize=1&url=%2Flibrary%2Fmetadata%2F23%2Fthumb%2F1774440885&format=jpeg (6 live) #10e TLS GZIP Signed-in Token (oscar.p46)
Mar 25, 2026 13:47:08.930 [281472827064544] DEBUG - Request: [192.168.97.1:29207 (Subnet)] GET /photo/:/transcode?width=1920&height=1920&minSize=0&url=%2Flibrary%2Fmetadata%2F23%2FclearLogo%2F1774440885&format=png (6 live) #102 TLS GZIP Signed-in Token (oscar.p46)
Mar 25, 2026 13:47:08.930 [281472827064544] DEBUG - [Req#102/PhotoTranscoder] Request for url [/library/metadata/23/clearLogo/1774440885] (is local: 1 upscaled: 0)
Mar 25, 2026 13:47:08.930 [281472824955104] DEBUG - Request: [192.168.97.1:51349 (Subnet)] GET /photo/:/transcode?width=360&height=360&minSize=1&url=%2Flibrary%2Fmetadata%2F24%2Fthumb%2F1774440885&format=jpeg (6 live) #109 TLS GZIP Signed-in Token (oscar.p46)
Mar 25, 2026 13:47:08.930 [281472824955104] DEBUG - [Req#109/PhotoTranscoder] Request for url [/library/metadata/24/thumb/1774440885] (is local: 1 upscaled: 0)
Mar 25, 2026 13:47:08.930 [281472827064544] DEBUG - Content-Length of /config/Library/Application Support/Plex Media Server/Cache/PhotoTranscoder/f8/f8ecdb01a69dace5896973fa2ad9b10812237aca.png is 894860 (of total: 894860).
Mar 25, 2026 13:47:08.930 [281472835502304] DEBUG - [Req#10e/PhotoTranscoder] Request for url [/library/metadata/23/thumb/1774440885] (is local: 1 upscaled: 0)
Mar 25, 2026 13:47:08.931 [281472824955104] DEBUG - Content-Length of /config/Library/Application Support/Plex Media Server/Cache/PhotoTranscoder/a4/a4a88133e7ba77c83e51f38ba9a6c68a095119ea.jpeg is 64252 (of total: 64252).
Mar 25, 2026 13:47:08.931 [281472835502304] DEBUG - Content-Length of /config/Library/Application Support/Plex Media Server/Cache/PhotoTranscoder/a4/a4f972f1a3b521b25eb120c3e2ad14fe2d8a4e25.jpeg is 31218 (of total: 31218).
Mar 25, 2026 13:47:08.933 [281472890089696] DEBUG - Completed: [192.168.97.1:33684] 200 GET /photo/:/transcode?width=360&height=360&minSize=1&url=%2Flibrary%2Fmetadata%2F23%2Fthumb%2F1774440885&format=jpeg (6 live) #10e TLS GZIP 3ms 31218 bytes (pipelined: 6)
Mar 25, 2026 13:47:08.933 [281472887980256] DEBUG - Completed: [192.168.97.1:51349] 200 GET /photo/:/transcode?width=360&height=360&minSize=1&url=%2Flibrary%2Fmetadata%2F24%2Fthumb%2F1774440885&format=jpeg (6 live) #109 TLS GZIP 3ms 64252 bytes (pipelined: 2)
Mar 25, 2026 13:47:08.939 [281472890089696] DEBUG - Completed: [192.168.97.1:29207] 200 GET /photo/:/transcode?width=1920&height=1920&minSize=0&url=%2Flibrary%2Fmetadata%2F23%2FclearLogo%2F1774440885&format=png (6 live) #102 TLS GZIP 9ms 894860 bytes (pipelined: 2)
Mar 25, 2026 13:47:09.023 [281472824955104] DEBUG - Request: [192.168.97.1:33684 (Subnet)] GET /photo/:/transcode?width=480&height=480&minSize=1&url=%2Flibrary%2Fmetadata%2F13%2Fthumb%2F1774435824&format=jpeg (6 live) #10f TLS GZIP Signed-in Token (oscar.p46)
Mar 25, 2026 13:47:09.024 [281472824955104] DEBUG - [Req#10f/PhotoTranscoder] Request for url [/library/metadata/13/thumb/1774435824] (is local: 1 upscaled: 0)
Mar 25, 2026 13:47:09.024 [281472824955104] DEBUG - Content-Length of /config/Library/Application Support/Plex Media Server/Cache/PhotoTranscoder/ed/edfe2045aae3ab85fd0bbad8469cc478d44b6e4f.jpeg is 62930 (of total: 62930).
Mar 25, 2026 13:47:09.026 [281472890089696] DEBUG - Completed: [192.168.97.1:33684] 200 GET /photo/:/transcode?width=480&height=480&minSize=1&url=%2Flibrary%2Fmetadata%2F13%2Fthumb%2F1774435824&format=jpeg (6 live) #10f TLS GZIP 2ms 62930 bytes (pipelined: 7)
Mar 25, 2026 13:47:09.119 [281472827064544] DEBUG - Request: [192.168.97.1:29207 (Subnet)] GET /photo/:/transcode?width=1920&height=1920&minSize=0&url=%2Flibrary%2Fmetadata%2F23%2FsquareArt%2F1774440885&format=jpeg (6 live) #111 TLS GZIP Signed-in Token (oscar.p46)
Mar 25, 2026 13:47:09.119 [281472835502304] DEBUG - Request: [192.168.97.1:33684 (Subnet)] GET /photo/:/transcode?width=480&height=480&minSize=1&url=%2Flibrary%2Fmetadata%2F24%2Fthumb%2F1774440885&format=jpeg (6 live) #112 TLS GZIP Signed-in Token (oscar.p46)
Mar 25, 2026 13:47:09.119 [281472824955104] DEBUG - Request: [192.168.97.1:51349 (Subnet)] GET /photo/:/transcode?width=480&height=480&minSize=1&url=%2Flibrary%2Fmetadata%2F23%2Fthumb%2F1774440885&format=jpeg (6 live) #110 TLS GZIP Signed-in Token (oscar.p46)
Mar 25, 2026 13:47:09.119 [281472827064544] DEBUG - [Req#111/PhotoTranscoder] Request for url [/library/metadata/23/squareArt/1774440885] (is local: 1 upscaled: 0)
Mar 25, 2026 13:47:09.119 [281472824955104] DEBUG - [Req#110/PhotoTranscoder] Request for url [/library/metadata/23/thumb/1774440885] (is local: 1 upscaled: 0)
Mar 25, 2026 13:47:09.120 [281472827064544] DEBUG - Content-Length of /config/Library/Application Support/Plex Media Server/Cache/PhotoTranscoder/aa/aa1929a490eb3aa0d51e11ad7293ee1a4f1d7249.jpeg is 283852 (of total: 283852).
Mar 25, 2026 13:47:09.120 [281472835502304] DEBUG - [Req#112/PhotoTranscoder] Request for url [/library/metadata/24/thumb/1774440885] (is local: 1 upscaled: 0)
Mar 25, 2026 13:47:09.124 [281472887980256] DEBUG - Completed: [192.168.97.1:29207] 200 GET /photo/:/transcode?width=1920&height=1920&minSize=0&url=%2Flibrary%2Fmetadata%2F23%2FsquareArt%2F1774440885&format=jpeg (6 live) #111 TLS GZIP 4ms 283852 bytes (pipelined: 3)
Mar 25, 2026 13:47:09.132 [281472835502304] DEBUG - [Req#112/PhotoTranscoder/Req#113] It took 0.000000 ms to retrieve 108 items.
Mar 25, 2026 13:47:09.133 [281472835502304] DEBUG - [Req#112/PhotoTranscoder/Req#113] Calculated media file path for path [metadata://posters/tv.plex.agents.movie_23b25a55dafd4d97eb3f897408afe05912a46c98]: ["/config/Library/Application Support/Plex Media Server/Metadata/Movies/e/d2a0786601afb72ae790bdc57ec506f4b9e78d1.bundle/Contents/_combined/posters/tv.plex.agents.movie_23b25a55dafd4d97eb3f897408afe05912a46c98"]
Mar 25, 2026 13:47:09.134 [281472824955104] DEBUG - [Req#110/PhotoTranscoder/Req#114] Calculated media file path for path [metadata://posters/tv.plex.agents.movie_6c2866f67be97179cfe139ab9af088c6f899e414]: ["/config/Library/Application Support/Plex Media Server/Metadata/Movies/6/f3a0e19e98134440e8bafac411c70fcdd9d69d9.bundle/Contents/_combined/posters/tv.plex.agents.movie_6c2866f67be97179cfe139ab9af088c6f899e414"]
Mar 25, 2026 13:47:09.134 [281472835502304] DEBUG - [Req#112/PhotoTranscoder] Calling back into ourselves for photo to transcode, optimizing the process (status: -1)
Mar 25, 2026 13:47:09.134 [281472824955104] DEBUG - [Req#110/PhotoTranscoder] Calling back into ourselves for photo to transcode, optimizing the process (status: -1)
Mar 25, 2026 13:47:09.139 [281472835502304] DEBUG - [Req#112/PhotoTranscoder] Photo cache obtained 455608 bytes from /library/metadata/24/thumb/1774440885
Mar 25, 2026 13:47:09.140 [281472824955104] DEBUG - [Req#110/PhotoTranscoder] Photo cache obtained 1356790 bytes from /library/metadata/23/thumb/1774440885
Mar 25, 2026 13:47:09.159 [281472827064544] DEBUG - Request: [192.168.97.1:29207 (Subnet)] GET /library/metadata/23?checkFiles=1&includeChapters=1&includeMarkers=1 (6 live) #115 TLS GZIP Signed-in Token (oscar.p46)
Mar 25, 2026 13:47:09.164 [281472827064544] DEBUG - We're going to try to auto-select an audio stream for account 1.
Mar 25, 2026 13:47:09.164 [281472827064544] DEBUG - Selecting best audio stream for part ID 37 (language: )
Mar 25, 2026 13:47:09.164 [281472827064544] DEBUG - We're going to try to auto-select a subtitle for account 1.
Mar 25, 2026 13:47:09.164 [281472827064544] DEBUG - Audio Stream: 474, Subtitle Stream: -1
Mar 25, 2026 13:47:09.165 [281472890089696] DEBUG - Completed: [192.168.97.1:29207] 200 GET /library/metadata/23?checkFiles=1&includeChapters=1&includeMarkers=1 (6 live) #115 TLS GZIP 5ms 4182 bytes (pipelined: 4)
Mar 25, 2026 13:47:09.173 [281472827064544] DEBUG - Request: [192.168.97.1:29207 (Subnet)] GET /video/:/transcode/universal/decision?directPlay=1&directStream=1&directStreamAudio=1&protocol=hls&fastSeek=1&path=%2Flibrary%2Fmetadata%2F23&session=5350c0b5-0664-48b2-be3d-96ff409267aa&mediaIndex=0&partIndex=0&mediaBufferSize=50000&hasMDE=1&subtitleSize=0&videoQuality=100&videoResolution=&audioBoost=100&autoAdjustSubtitle=1&boostDialog=0&normalizeLoudness=0&subtitles=none&location=lan (6 live) #118 TLS GZIP Signed-in Token (oscar.p46)
Mar 25, 2026 13:47:09.174 [281472827064544] DEBUG - [Req#118/Transcode] Found session GUID of 5350c0b5-0664-48b2-be3d-96ff409267aa in session start.
Mar 25, 2026 13:47:09.175 [281472827064544] DEBUG - [Req#118/Transcode] TranscodeUniversalRequest: adapting profile with augmentation data: add-transcode-target(type=videoProfile&context=all&protocol=hls&container=mkv&videoCodec=h264,png,apng,bmp,mjpeg,thp,gif,vp8,vp9,dirac,ffv1,ffvhuff,huffyuv,rawvideo,ayuv,r210,v210,v210x,v308,v408,v410,y41p,yuv4,ansi,h263,mpeg1video,mpeg2video,mpeg4,hevc,av1,vc1&audioCodec=ape,aac,aac_latm,alac,dca,vorbis,opus,pcm,pcm_alaw,pcm_mulaw,pcm_bluray,pcm_dvd,mp1,mp2,ac3,eac3,mp3&subtitleCodec=ass,dvb_subtitle,eia_608,jacosub,microdvd,mov_text,mpl2,pgs,pjs,realtext,sami,srt,ssa,stl,subviewer,subviewer1,text,vobsub,vplayer,xsub)+add-limitation(scope=videoAudioCodec&scopeName=aac&type=upperBound&name=audio.channels&value=10)+add-limitation(scope=videoTranscodeTarget&scopeName=h264&scopeType=videoCodec&context=all&protocol=hls&type=upperBound&name=video.bitDepth&value=10)+add-limitation(scope=videoTranscodeTarget&scopeName=h264&scopeType=videoCodec&context=all&protocol=hls&type=upperBound&name=video.width&value=3840)+add-limitation(scope=videoTranscodeTarget&scopeName=h264&scopeType=videoCodec&context=all&protocol=hls&type=upperBound&name=video.height&value=2160)+add-limitation(scope=videoTranscodeTarget&scopeName=hevc&scopeType=videoCodec&context=all&protocol=hls&type=upperBound&name=video.width&value=3840)+add-limitation(scope=videoTranscodeTarget&scopeName=hevc&scopeType=videoCodec&context=all&protocol=hls&type=upperBound&name=video.height&value=2160)+add-limitation(scope=videoTranscodeTarget&scopeName=av1&scopeType=videoCodec&context=all&protocol=hls&type=upperBound&name=video.width&value=3840)+add-limitation(scope=videoTranscodeTarget&scopeName=av1&scopeType=videoCodec&context=all&protocol=hls&type=upperBound&name=video.height&value=2160)+add-transcode-target-settings(type=videoProfile&context=all&protocol=hls&CopyMatroskaAttachments=true)
Mar 25, 2026 13:47:09.175 [281472827064544] DEBUG - [Req#118/Transcode] TranscodeUniversalRequest: using augmented profile Generic
Mar 25, 2026 13:47:09.176 [281472827064544] DEBUG - [Req#118/Transcode] Downloading document http://127.0.0.1:32400/library/metadata/23?includeBandwidths=1&offset=-1&X-Plex-Incomplete-Segments=1&X-Plex-Session-Identifier=tlmplf0gg79k4hp7m8xnc4zk
Mar 25, 2026 13:47:09.180 [281472827064544] DEBUG - [Req#118/Transcode] We're going to try to auto-select an audio stream for account 1.
Mar 25, 2026 13:47:09.180 [281472827064544] DEBUG - [Req#118/Transcode] Selecting best audio stream for part ID 37 (language: )
Mar 25, 2026 13:47:09.180 [281472827064544] DEBUG - [Req#118/Transcode] We're going to try to auto-select a subtitle for account 1.
Mar 25, 2026 13:47:09.180 [281472827064544] DEBUG - [Req#118/Transcode] Audio Stream: 474, Subtitle Stream: -1
Mar 25, 2026 13:47:09.182 [281472827064544] DEBUG - [Req#118/Transcode] Streaming Resource: Added session 0xffff7f6a76e8:tlmplf0gg79k4hp7m8xnc4zk
Mar 25, 2026 13:47:09.186 [281472827064544] DEBUG - [Req#118/Transcode] Streaming Resource: Reached Decision id=23 codes=(MDE=1000,Direct play OK.) media=(id=37 part=(id=37 decision=direct play protocol=hls streams=(Video=(id=473 decision= width=1918 height=1036) Audio=(id=474 decision= channels=0 rate=0))))
Mar 25, 2026 13:47:09.187 [281472887980256] DEBUG - Completed: [192.168.97.1:29207] 200 GET /video/:/transcode/universal/decision?directPlay=1&directStream=1&directStreamAudio=1&protocol=hls&fastSeek=1&path=%2Flibrary%2Fmetadata%2F23&session=5350c0b5-0664-48b2-be3d-96ff409267aa&mediaIndex=0&partIndex=0&mediaBufferSize=50000&hasMDE=1&subtitleSize=0&videoQuality=100&videoResolution=&audioBoost=100&autoAdjustSubtitle=1&boostDialog=0&normalizeLoudness=0&subtitles=none&location=lan (6 live) #118 TLS GZIP 13ms 4085 bytes (pipelined: 5)
Mar 25, 2026 13:47:09.206 [281472835502304] DEBUG - [Req#112/PhotoTranscoder] Created thumbnail of size 480x720, has pixels: 1
Mar 25, 2026 13:47:09.215 [281472824955104] DEBUG - [Req#110/PhotoTranscoder] Created thumbnail of size 480x720, has pixels: 1
Mar 25, 2026 13:47:09.221 [281472887980256] DEBUG - Completed: [192.168.97.1:33684] 200 GET /photo/:/transcode?width=480&height=480&minSize=1&url=%2Flibrary%2Fmetadata%2F24%2Fthumb%2F1774440885&format=jpeg (6 live) #112 TLS GZIP 101ms 110871 bytes (pipelined: 8)
Mar 25, 2026 13:47:09.225 [281472887980256] DEBUG - Completed: [192.168.97.1:51349] 200 GET /photo/:/transcode?width=480&height=480&minSize=1&url=%2Flibrary%2Fmetadata%2F23%2Fthumb%2F1774440885&format=jpeg (6 live) #110 TLS GZIP 105ms 51354 bytes (pipelined: 3)
Mar 25, 2026 13:47:09.243 [281472827064544] DEBUG - Request: [192.168.97.1:18868 (Subnet)] GET /library/parts/37/1774440411/file.mp4 (7 live) #101 TLS Signed-in Token (oscar.p46) (range: bytes=0-) 
Mar 25, 2026 13:47:09.244 [281472827064544] DEBUG - Content-Length of /movies/Wuthering Heights (2026)/Wuthering Heights (2026) WEBRip-1080p.mp4 is 2694465366 (of total: 2694465366).
Mar 25, 2026 13:47:09.246 [281472835502304] DEBUG - Request: [192.168.97.1:29207 (Subnet)] GET /:/timeline?key=%2Flibrary%2Fmetadata%2F23&ratingKey=23&playQueueItemID=78&duration=8169088&time=0&playbackTime=521&hasMDE=1&context=null%3Anull&state=buffering (7 live) #11b TLS GZIP Signed-in Token (oscar.p46)
Mar 25, 2026 13:47:09.246 [281472835502304] DEBUG - [Req#11b] Client [tlmplf0gg79k4hp7m8xnc4zk] reporting timeline state buffering, progress of 0/8169088ms for guid=, playbackTime=521ms ratingKey=23 url=, key=/library/metadata/23, containerKey=, metadataId=23, source=
Mar 25, 2026 13:47:09.249 [281472835502304] DEBUG - [Req#11b] We're going to try to auto-select an audio stream for account 1.
Mar 25, 2026 13:47:09.249 [281472835502304] DEBUG - [Req#11b] Selecting best audio stream for part ID 37 (language: )
Mar 25, 2026 13:47:09.249 [281472835502304] DEBUG - [Req#11b] We're going to try to auto-select a subtitle for account 1.
Mar 25, 2026 13:47:09.249 [281472835502304] DEBUG - [Req#11b] Audio Stream: 474, Subtitle Stream: -1
Mar 25, 2026 13:47:09.249 [281472835502304] DEBUG - [Req#11b] [Now] User is oscar.p46 (ID: 1)
Mar 25, 2026 13:47:09.255 [281472835502304] DEBUG - [Req#11b] [Now] Device is iOS (iPhone).
Mar 25, 2026 13:47:09.256 [281472835502304] DEBUG - [Req#11b] [Now] Profile is iOS
Mar 25, 2026 13:47:09.256 [281472835502304] DEBUG - [Req#11b] [Now] Updated play state for /library/metadata/23.
Mar 25, 2026 13:47:09.256 [281472835502304] DEBUG - [Req#11b] Statistics: (tlmplf0gg79k4hp7m8xnc4zk) Reporting active playback in state 2 of type 1 (scrobble: 0) for account 1
Mar 25, 2026 13:47:09.257 [281472887980256] DEBUG - Completed: [192.168.97.1:29207] 200 GET /:/timeline?key=%2Flibrary%2Fmetadata%2F23&ratingKey=23&playQueueItemID=78&duration=8169088&time=0&playbackTime=521&hasMDE=1&context=null%3Anull&state=buffering (8 live) #11b TLS GZIP 11ms 502 bytes (pipelined: 6)
Mar 25, 2026 13:47:09.261 [281472824955104] DEBUG - Request: [192.168.97.1:65167 (Subnet)] GET /status/sessions (9 live) #121 GZIP Signed-in Token (oscar.p46)
Mar 25, 2026 13:47:09.261 [281472824955104] DEBUG - [Req#121] [Now] Adding 1 sessions.
Mar 25, 2026 13:47:09.262 [281472887980256] DEBUG - Completed: [192.168.97.1:65167] 200 GET /status/sessions (9 live) #121 GZIP 0ms 478 bytes (pipelined: 1)
Mar 25, 2026 13:47:09.276 [281472827064544] DEBUG - Request: [192.168.97.1:53306 (Subnet)] GET /library/metadata/23/thumb/1774440885 (9 live) #11e TLS GZIP Signed-in Token (oscar.p46)
Mar 25, 2026 13:47:09.278 [281472827064544] DEBUG - [Req#11e] Calculated media file path for path [metadata://posters/tv.plex.agents.movie_6c2866f67be97179cfe139ab9af088c6f899e414]: ["/config/Library/Application Support/Plex Media Server/Metadata/Movies/6/f3a0e19e98134440e8bafac411c70fcdd9d69d9.bundle/Contents/_combined/posters/tv.plex.agents.movie_6c2866f67be97179cfe139ab9af088c6f899e414"]
Mar 25, 2026 13:47:09.278 [281472827064544] DEBUG - Content-Length of /config/Library/Application Support/Plex Media Server/Metadata/Movies/6/f3a0e19e98134440e8bafac411c70fcdd9d69d9.bundle/Contents/_combined/posters/tv.plex.agents.movie_6c2866f67be97179cfe139ab9af088c6f899e414 is 1356790 (of total: 1356790).
Mar 25, 2026 13:47:09.280 [281472890089696] DEBUG - Completed: [192.168.97.1:53306] 200 GET /library/metadata/23/thumb/1774440885 (9 live) #11e TLS GZIP 4ms 1356790 bytes (pipelined: 1)
Mar 25, 2026 13:47:10.168 [281472835502304] DEBUG - Request: [192.168.97.1:33684 (Subnet)] GET /:/timeline?key=%2Flibrary%2Fmetadata%2F23&ratingKey=23&playQueueItemID=78&duration=8169088&time=0&playbackTime=1451&hasMDE=1&context=null%3Anull&state=paused (9 live) #11c TLS GZIP Signed-in Token (oscar.p46)
Mar 25, 2026 13:47:10.169 [281472835502304] DEBUG - [Req#11c] Client [tlmplf0gg79k4hp7m8xnc4zk] reporting timeline state paused, progress of 0/8169088ms for guid=, playbackTime=1451ms ratingKey=23 url=, key=/library/metadata/23, containerKey=, metadataId=23, source=
Mar 25, 2026 13:47:10.173 [281472835502304] DEBUG - [Req#11c] [Now] User is oscar.p46 (ID: 1)
Mar 25, 2026 13:47:10.173 [281472835502304] DEBUG - [Req#11c] [Now] Device is iOS (iPhone).
Mar 25, 2026 13:47:10.173 [281472835502304] DEBUG - [Req#11c] [Now] Profile is iOS
Mar 25, 2026 13:47:10.173 [281472835502304] DEBUG - [Req#11c] [Now] Updated play state for /library/metadata/23.
Mar 25, 2026 13:47:10.174 [281472835502304] DEBUG - [Req#11c] Statistics: (tlmplf0gg79k4hp7m8xnc4zk) Reporting active playback in state 1 of type 1 (scrobble: 0) for account 1
Mar 25, 2026 13:47:10.175 [281472890089696] DEBUG - Completed: [192.168.97.1:33684] 200 GET /:/timeline?key=%2Flibrary%2Fmetadata%2F23&ratingKey=23&playQueueItemID=78&duration=8169088&time=0&playbackTime=1451&hasMDE=1&context=null%3Anull&state=paused (9 live) #11c TLS GZIP 6ms 502 bytes (pipelined: 9)
Mar 25, 2026 13:47:10.179 [281472824955104] DEBUG - Request: [192.168.97.1:65167 (Subnet)] GET /status/sessions (9 live) #128 GZIP Signed-in Token (oscar.p46)
Mar 25, 2026 13:47:10.180 [281472824955104] DEBUG - [Req#128] [Now] Adding 1 sessions.
Mar 25, 2026 13:47:10.180 [281472890089696] DEBUG - Completed: [192.168.97.1:65167] 200 GET /status/sessions (9 live) #128 GZIP 0ms 478 bytes (pipelined: 2)
Mar 25, 2026 13:47:10.693 [281472835502304] DEBUG - Request: [192.168.97.1:33684 (Subnet)] GET /:/timeline?key=%2Flibrary%2Fmetadata%2F23&ratingKey=23&playQueueItemID=78&duration=8169088&time=0&playbackTime=1958&hasMDE=1&context=null%3Anull&state=buffering (9 live) #12e TLS GZIP Signed-in Token (oscar.p46)
Mar 25, 2026 13:47:10.694 [281472824955104] DEBUG - Request: [192.168.97.1:29207 (Subnet)] GET /:/timeline?key=%2Flibrary%2Fmetadata%2F23&ratingKey=23&playQueueItemID=78&duration=8169088&time=0&playbackTime=1959&hasMDE=1&context=null%3Anull&state=buffering (9 live) #126 TLS GZIP Signed-in Token (oscar.p46)
Mar 25, 2026 13:47:10.694 [281472827064544] DEBUG - Request: [192.168.97.1:51349 (Subnet)] GET /:/timeline?key=%2Flibrary%2Fmetadata%2F23&ratingKey=23&playQueueItemID=78&duration=8169088&time=0&playbackTime=1958&hasMDE=1&context=null%3Anull&state=buffering (9 live) #11d TLS GZIP Signed-in Token (oscar.p46)
Mar 25, 2026 13:47:10.694 [281472835502304] DEBUG - [Req#12e] Client [tlmplf0gg79k4hp7m8xnc4zk] reporting timeline state buffering, progress of 0/8169088ms for guid=, playbackTime=1958ms ratingKey=23 url=, key=/library/metadata/23, containerKey=, metadataId=23, source=
Mar 25, 2026 13:47:10.694 [281472835502304] DEBUG - [Req#12e] [Now] User is oscar.p46 (ID: 1)
Mar 25, 2026 13:47:10.695 [281472835502304] DEBUG - [Req#12e] [Now] Device is iOS (iPhone).
Mar 25, 2026 13:47:10.695 [281472824955104] DEBUG - [Req#126] Client [tlmplf0gg79k4hp7m8xnc4zk] reporting timeline state buffering, progress of 0/8169088ms for guid=, playbackTime=1959ms ratingKey=23 url=, key=/library/metadata/23, containerKey=, metadataId=23, source=
Mar 25, 2026 13:47:10.695 [281472835502304] DEBUG - [Req#12e] [Now] Profile is iOS
Mar 25, 2026 13:47:10.695 [281472835502304] DEBUG - [Req#12e] [Now] Updated play state for /library/metadata/23.
Mar 25, 2026 13:47:10.695 [281472827064544] DEBUG - [Req#11d] Client [tlmplf0gg79k4hp7m8xnc4zk] reporting timeline state buffering, progress of 0/8169088ms for guid=, playbackTime=1958ms ratingKey=23 url=, key=/library/metadata/23, containerKey=, metadataId=23, source=
Mar 25, 2026 13:47:10.695 [281472835502304] DEBUG - [Req#12e] Statistics: (tlmplf0gg79k4hp7m8xnc4zk) Reporting active playback in state 2 of type 1 (scrobble: 0) for account 1
Mar 25, 2026 13:47:10.696 [281472824955104] DEBUG - [Req#126] [Now] User is oscar.p46 (ID: 1)
Mar 25, 2026 13:47:10.696 [281472824955104] DEBUG - [Req#126] [Now] Device is iOS (iPhone).
Mar 25, 2026 13:47:10.696 [281472824955104] DEBUG - [Req#126] [Now] Profile is iOS
Mar 25, 2026 13:47:10.696 [281472824955104] DEBUG - [Req#126] [Now] Updated play state for /library/metadata/23.
Mar 25, 2026 13:47:10.697 [281472824955104] DEBUG - [Req#126] Statistics: (tlmplf0gg79k4hp7m8xnc4zk) Reporting active playback in state 2 of type 1 (scrobble: 0) for account 1
Mar 25, 2026 13:47:10.697 [281472890089696] DEBUG - Completed: [192.168.97.1:33684] 200 GET /:/timeline?key=%2Flibrary%2Fmetadata%2F23&ratingKey=23&playQueueItemID=78&duration=8169088&time=0&playbackTime=1958&hasMDE=1&context=null%3Anull&state=buffering (9 live) #12e TLS GZIP 3ms 502 bytes (pipelined: 10)
Mar 25, 2026 13:47:10.698 [281472827064544] DEBUG - [Req#11d] [Now] User is oscar.p46 (ID: 1)
Mar 25, 2026 13:47:10.698 [281472827064544] DEBUG - [Req#11d] [Now] Device is iOS (iPhone).
Mar 25, 2026 13:47:10.698 [281472890089696] DEBUG - Completed: [192.168.97.1:29207] 200 GET /:/timeline?key=%2Flibrary%2Fmetadata%2F23&ratingKey=23&playQueueItemID=78&duration=8169088&time=0&playbackTime=1959&hasMDE=1&context=null%3Anull&state=buffering (9 live) #126 TLS GZIP 4ms 502 bytes (pipelined: 7)
Mar 25, 2026 13:47:10.698 [281472827064544] DEBUG - [Req#11d] [Now] Profile is iOS
Mar 25, 2026 13:47:10.698 [281472827064544] DEBUG - [Req#11d] [Now] Updated play state for /library/metadata/23.
Mar 25, 2026 13:47:10.698 [281472827064544] DEBUG - [Req#11d] Statistics: (tlmplf0gg79k4hp7m8xnc4zk) Reporting active playback in state 2 of type 1 (scrobble: 0) for account 1
Mar 25, 2026 13:47:10.702 [281472835502304] DEBUG - Request: [192.168.97.1:65167 (Subnet)] GET /status/sessions (10 live) #12f GZIP Signed-in Token (oscar.p46)
Mar 25, 2026 13:47:10.702 [281472835502304] DEBUG - [Req#12f] [Now] Adding 1 sessions.
Mar 25, 2026 13:47:10.703 [281472890089696] DEBUG - Completed: [192.168.97.1:51349] 200 GET /:/timeline?key=%2Flibrary%2Fmetadata%2F23&ratingKey=23&playQueueItemID=78&duration=8169088&time=0&playbackTime=1958&hasMDE=1&context=null%3Anull&state=buffering (10 live) #11d TLS GZIP 8ms 502 bytes (pipelined: 4)
Mar 25, 2026 13:47:10.703 [281472890089696] DEBUG - Completed: [192.168.97.1:65167] 200 GET /status/sessions (10 live) #12f GZIP 1ms 478 bytes (pipelined: 3)
Mar 25, 2026 13:47:10.714 [281472824955104] DEBUG - Request: [192.168.97.1:19178 (Subnet)] GET /library/parts/37/1774440411/file.mp4 (10 live) #127 TLS Signed-in Token (oscar.p46) (range: bytes=60851301-) 
Mar 25, 2026 13:47:10.715 [281472824955104] DEBUG - Content-Length of /movies/Wuthering Heights (2026)/Wuthering Heights (2026) WEBRip-1080p.mp4 is 2633614065 (of total: 2694465366).
Mar 25, 2026 13:47:10.721 [281472890089696] DEBUG - Failed to stream media, client probably disconnected after 16285696 bytes: 104 - Connection reset by peer
Mar 25, 2026 13:47:10.721 [281472890089696] DEBUG - Completed after connection close: [192.168.97.1:18868] 206 GET /library/parts/37/1774440411/file.mp4 (10 live) #101 TLS 1477ms 16285696 bytes (range: bytes=0-) 
Mar 25, 2026 13:47:10.938 [281472827064544] DEBUG - Request: [192.168.97.1:33684 (Subnet)] GET /:/timeline?key=%2Flibrary%2Fmetadata%2F23&ratingKey=23&playQueueItemID=78&duration=8169088&time=0&playbackTime=2228&hasMDE=1&context=null%3Anull&state=playing (9 live) #138 TLS GZIP Signed-in Token (oscar.p46)
Mar 25, 2026 13:47:10.939 [281472827064544] DEBUG - [Req#138] Client [tlmplf0gg79k4hp7m8xnc4zk] reporting timeline state playing, progress of 0/8169088ms for guid=, playbackTime=2228ms ratingKey=23 url=, key=/library/metadata/23, containerKey=, metadataId=23, source=
Mar 25, 2026 13:47:10.943 [281472827064544] DEBUG - [Req#138] [Now] User is oscar.p46 (ID: 1)
Mar 25, 2026 13:47:10.943 [281472827064544] DEBUG - [Req#138] [Now] Device is iOS (iPhone).
Mar 25, 2026 13:47:10.943 [281472827064544] DEBUG - [Req#138] [Now] Profile is iOS
Mar 25, 2026 13:47:10.943 [281472827064544] DEBUG - [Req#138] [Now] Updated play state for /library/metadata/23.
Mar 25, 2026 13:47:10.943 [281472827064544] DEBUG - [Req#138] Statistics: (tlmplf0gg79k4hp7m8xnc4zk) Reporting active playback in state 0 of type 1 (scrobble: 0) for account 1
Mar 25, 2026 13:47:10.944 [281472890089696] DEBUG - Completed: [192.168.97.1:33684] 200 GET /:/timeline?key=%2Flibrary%2Fmetadata%2F23&ratingKey=23&playQueueItemID=78&duration=8169088&time=0&playbackTime=2228&hasMDE=1&context=null%3Anull&state=playing (9 live) #138 TLS GZIP 6ms 502 bytes (pipelined: 11)
Mar 25, 2026 13:47:10.947 [281472835502304] DEBUG - Request: [192.168.97.1:65167 (Subnet)] GET /status/sessions (9 live) #140 GZIP Signed-in Token (oscar.p46)
Mar 25, 2026 13:47:10.947 [281472835502304] DEBUG - [Req#140] [Now] Adding 1 sessions.
Mar 25, 2026 13:47:10.948 [281472890089696] DEBUG - Completed: [192.168.97.1:65167] 200 GET /status/sessions (9 live) #140 GZIP 1ms 4354 bytes (pipelined: 4)
Mar 25, 2026 13:47:11.256 [281472824955104] DEBUG - Request: [192.168.97.1:33684 (Subnet)] GET /hubs/metadata/23/postplay (9 live) #146 TLS GZIP Signed-in Token (oscar.p46)
Mar 25, 2026 13:47:11.272 [281472824955104] DEBUG - [Req#146] It took 20.000000 ms to retrieve 106 items.
Mar 25, 2026 13:47:11.274 [281472824955104] DEBUG - We're going to try to auto-select a subtitle for account 1.
Mar 25, 2026 13:47:11.274 [281472824955104] DEBUG - Audio Stream: 406, Subtitle Stream: -1
Mar 25, 2026 13:47:11.276 [281472890089696] DEBUG - Completed: [192.168.97.1:33684] 200 GET /hubs/metadata/23/postplay (9 live) #146 TLS GZIP 20ms 5008 bytes (pipelined: 12)
Mar 25, 2026 13:47:20.196 [281472824955104] DEBUG - Request: [192.168.97.1:33684 (Subnet)] GET /:/timeline?key=%2Flibrary%2Fmetadata%2F23&ratingKey=23&playQueueItemID=78&duration=8169088&time=121691&playbackTime=11489&hasMDE=1&context=null%3Anull&state=playing (9 live) #148 TLS GZIP Signed-in Token (oscar.p46)
Mar 25, 2026 13:47:20.197 [281472824955104] DEBUG - [Req#148] Client [tlmplf0gg79k4hp7m8xnc4zk] reporting timeline state playing, progress of 121691/8169088ms for guid=, playbackTime=11489ms ratingKey=23 url=, key=/library/metadata/23, containerKey=, metadataId=23, source=
Mar 25, 2026 13:47:20.201 [281472824955104] DEBUG - [Req#148] Play progress on 23 '“Cumbres Borrascosas”' - got played 121691 ms by account 1!
Mar 25, 2026 13:47:20.201 [281472810189024] DEBUG - [Req#148] HubCache: Expiring '1/movie.genre.1/1/hubs/sections/1/enexternal-media,indirect-media/count=20&excludeElements=Actor%2CCollection%2CCountry%2CDirector%2CGenre%2CLabel%2CLocation%2CMood%2CPart%2CProducer%2CSimilar%2CPhoto%2CRole%2CVast%2CTopic%2CWriter&excludeFields=file%2Ctagline%2Csummary&includeLibraryPlaylists=1&includeStations=1' because event plex.event.play.session.state.update referenced an item the hub contained
Mar 25, 2026 13:47:20.201 [281472810189024] DEBUG - [Req#148] HubCache: Expiring '1/movie.inprogress.1/1/hubs/sections/1/enexternal-media,indirect-media/count=20&excludeElements=Actor%2CCollection%2CCountry%2CDirector%2CGenre%2CLabel%2CLocation%2CMood%2CPart%2CProducer%2CSimilar%2CPhoto%2CRole%2CVast%2CTopic%2CWriter&excludeFields=file%2Ctagline%2Csummary&includeLibraryPlaylists=1&includeStations=1' because event plex.event.play.session.state.update referenced an item the hub contained
Mar 25, 2026 13:47:20.201 [281472810189024] DEBUG - [Req#148] HubCache: Expiring '1/movie.recentlyadded.1/1/hubs/sections/1/enexternal-media,indirect-media/count=20&excludeElements=Actor%2CCollection%2CCountry%2CDirector%2CGenre%2CLabel%2CLocation%2CMood%2CPart%2CProducer%2CSimilar%2CPhoto%2CRole%2CVast%2CTopic%2CWriter&excludeFields=file%2Ctagline%2Csummary&includeLibraryPlaylists=1&includeStations=1' because event plex.event.play.session.state.update referenced an item the hub contained
Mar 25, 2026 13:47:20.201 [281472810189024] DEBUG - [Req#148] HubCache: Expiring '1/movie.recentlyreleased.1/1/hubs/sections/1/enexternal-media,indirect-media/count=20&excludeElements=Actor%2CCollection%2CCountry%2CDirector%2CGenre%2CLabel%2CLocation%2CMood%2CPart%2CProducer%2CSimilar%2CPhoto%2CRole%2CVast%2CTopic%2CWriter&excludeFields=file%2Ctagline%2Csummary&includeLibraryPlaylists=1&includeStations=1' because event plex.event.play.session.state.update referenced an item the hub contained
Mar 25, 2026 13:47:20.201 [281472810189024] DEBUG - [Req#148] HubCache: Expiring '1/movie.recentlyviewed.1/1/hubs/sections/1/enexternal-media,indirect-media/count=20&excludeElements=Actor%2CCollection%2CCountry%2CDirector%2CGenre%2CLabel%2CLocation%2CMood%2CPart%2CProducer%2CSimilar%2CPhoto%2CRole%2CVast%2CTopic%2CWriter&excludeFields=file%2Ctagline%2Csummary&includeLibraryPlaylists=1&includeStations=1' because of event plex.event.play.session.state.update.
Mar 25, 2026 13:47:20.201 [281472810189024] DEBUG - [Req#148] HubCache: Expiring '1/movie.topunwatched.1/1/hubs/sections/1/enexternal-media,indirect-media/count=20&excludeElements=Actor%2CCollection%2CCountry%2CDirector%2CGenre%2CLabel%2CLocation%2CMood%2CPart%2CProducer%2CSimilar%2CPhoto%2CRole%2CVast%2CTopic%2CWriter&excludeFields=file%2Ctagline%2Csummary&includeLibraryPlaylists=1&includeStations=1' because event plex.event.play.session.state.update referenced an item the hub contained
Mar 25, 2026 13:47:20.201 [281472824955104] DEBUG - [Req#148] [Now] User is oscar.p46 (ID: 1)
Mar 25, 2026 13:47:20.202 [281472824955104] DEBUG - [Req#148] [Now] Device is iOS (iPhone).
Mar 25, 2026 13:47:20.203 [281472824955104] DEBUG - [Req#148] [Now] Profile is iOS
Mar 25, 2026 13:47:20.203 [281472824955104] DEBUG - [Req#148] [Now] Updated play state for /library/metadata/23.
Mar 25, 2026 13:47:20.203 [281472824955104] DEBUG - [Req#148] Statistics: (tlmplf0gg79k4hp7m8xnc4zk) Reporting active playback in state 0 of type 1 (scrobble: 0) for account 1
Mar 25, 2026 13:47:20.207 [281472887980256] DEBUG - Completed: [192.168.97.1:33684] 200 GET /:/timeline?key=%2Flibrary%2Fmetadata%2F23&ratingKey=23&playQueueItemID=78&duration=8169088&time=121691&playbackTime=11489&hasMDE=1&context=null%3Anull&state=playing (9 live) #148 TLS GZIP 10ms 503 bytes (pipelined: 13)
Mar 25, 2026 13:47:28.196 [281472824955104] DEBUG - Request: [192.168.97.1:33684 (Subnet)] GET /media/providers (9 live) #14d TLS GZIP Signed-in Token (oscar.p46)
Mar 25, 2026 13:47:28.200 [281472887980256] DEBUG - Completed: [192.168.97.1:33684] 200 GET /media/providers (9 live) #14d TLS GZIP 4ms 4526 bytes (pipelined: 14)
Mar 25, 2026 13:47:30.211 [281472824955104] DEBUG - Request: [192.168.97.1:33684 (Subnet)] GET /:/timeline?key=%2Flibrary%2Fmetadata%2F23&ratingKey=23&playQueueItemID=78&duration=8169088&time=131696&playbackTime=21504&hasMDE=1&context=null%3Anull&state=playing (8 live) #14f TLS GZIP Signed-in Token (oscar.p46)
Mar 25, 2026 13:47:30.212 [281472824955104] DEBUG - [Req#14f] Client [tlmplf0gg79k4hp7m8xnc4zk] reporting timeline state playing, progress of 131696/8169088ms for guid=, playbackTime=21504ms ratingKey=23 url=, key=/library/metadata/23, containerKey=, metadataId=23, source=
Mar 25, 2026 13:47:30.212 [281472824955104] DEBUG - [Req#14f] Play progress on 23 '“Cumbres Borrascosas”' - got played 131696 ms by account 1!
Mar 25, 2026 13:47:30.212 [281472824955104] DEBUG - [Req#14f] [Now] User is oscar.p46 (ID: 1)
Mar 25, 2026 13:47:30.212 [281472824955104] DEBUG - [Req#14f] [Now] Device is iOS (iPhone).
Mar 25, 2026 13:47:30.213 [281472824955104] DEBUG - [Req#14f] [Now] Profile is iOS
Mar 25, 2026 13:47:30.213 [281472824955104] DEBUG - [Req#14f] [Now] Updated play state for /library/metadata/23.
Mar 25, 2026 13:47:30.213 [281472824955104] DEBUG - [Req#14f] Statistics: (tlmplf0gg79k4hp7m8xnc4zk) Reporting active playback in state 0 of type 1 (scrobble: 0) for account 1
Mar 25, 2026 13:47:30.215 [281472887980256] DEBUG - Completed: [192.168.97.1:33684] 200 GET /:/timeline?key=%2Flibrary%2Fmetadata%2F23&ratingKey=23&playQueueItemID=78&duration=8169088&time=131696&playbackTime=21504&hasMDE=1&context=null%3Anull&state=playing (8 live) #14f TLS GZIP 3ms 502 bytes (pipelined: 15)
Mar 25, 2026 13:47:40.214 [281472824955104] DEBUG - Request: [192.168.97.1:33684 (Subnet)] GET /:/timeline?key=%2Flibrary%2Fmetadata%2F23&ratingKey=23&playQueueItemID=78&duration=8169088&time=141701&playbackTime=31505&hasMDE=1&context=null%3Anull&state=playing (5 live) #155 TLS GZIP Signed-in Token (oscar.p46)
Mar 25, 2026 13:47:40.216 [281472824955104] DEBUG - [Req#155] Client [tlmplf0gg79k4hp7m8xnc4zk] reporting timeline state playing, progress of 141701/8169088ms for guid=, playbackTime=31505ms ratingKey=23 url=, key=/library/metadata/23, containerKey=, metadataId=23, source=
Mar 25, 2026 13:47:40.218 [281472824955104] DEBUG - [Req#155] Play progress on 23 '“Cumbres Borrascosas”' - got played 141701 ms by account 1!
Mar 25, 2026 13:47:40.218 [281472824955104] DEBUG - [Req#155] [Now] User is oscar.p46 (ID: 1)
Mar 25, 2026 13:47:40.218 [281472824955104] DEBUG - [Req#155] [Now] Device is iOS (iPhone).
Mar 25, 2026 13:47:40.219 [281472824955104] DEBUG - [Req#155] [Now] Profile is iOS
Mar 25, 2026 13:47:40.219 [281472824955104] DEBUG - [Req#155] [Now] Updated play state for /library/metadata/23.
Mar 25, 2026 13:47:40.219 [281472824955104] DEBUG - [Req#155] Statistics: (tlmplf0gg79k4hp7m8xnc4zk) Reporting active playback in state 0 of type 1 (scrobble: 0) for account 1
Mar 25, 2026 13:47:40.223 [281472890089696] DEBUG - Completed: [192.168.97.1:33684] 200 GET /:/timeline?key=%2Flibrary%2Fmetadata%2F23&ratingKey=23&playQueueItemID=78&duration=8169088&time=141701&playbackTime=31505&hasMDE=1&context=null%3Anull&state=playing (5 live) #155 TLS GZIP 9ms 502 bytes (pipelined: 16)
Mar 25, 2026 13:47:45.821 [281472824955104] DEBUG - Request: [192.168.97.1:33684 (Subnet)] GET /:/timeline?key=%2Flibrary%2Fmetadata%2F23&ratingKey=23&playQueueItemID=78&duration=8169088&time=147696&playbackTime=37112&hasMDE=1&context=null%3Anull&state=paused (5 live) #15d TLS GZIP Signed-in Token (oscar.p46)
Mar 25, 2026 13:47:45.822 [281472824955104] DEBUG - [Req#15d] Client [tlmplf0gg79k4hp7m8xnc4zk] reporting timeline state paused, progress of 147696/8169088ms for guid=, playbackTime=37112ms ratingKey=23 url=, key=/library/metadata/23, containerKey=, metadataId=23, source=
Mar 25, 2026 13:47:45.823 [281472824955104] DEBUG - [Req#15d] Play progress on 23 '“Cumbres Borrascosas”' - got played 147696 ms by account 1!
Mar 25, 2026 13:47:45.831 [281472824955104] DEBUG - [Req#15d] [Now] User is oscar.p46 (ID: 1)
Mar 25, 2026 13:47:45.831 [281472824955104] DEBUG - [Req#15d] [Now] Device is iOS (iPhone).
Mar 25, 2026 13:47:45.832 [281472824955104] DEBUG - [Req#15d] [Now] Profile is iOS
Mar 25, 2026 13:47:45.832 [281472824955104] DEBUG - [Req#15d] [Now] Updated play state for /library/metadata/23.
Mar 25, 2026 13:47:45.832 [281472824955104] DEBUG - [Req#15d] Statistics: (tlmplf0gg79k4hp7m8xnc4zk) Reporting active playback in state 1 of type 1 (scrobble: 0) for account 1
Mar 25, 2026 13:47:45.834 [281472887980256] DEBUG - Completed: [192.168.97.1:33684] 200 GET /:/timeline?key=%2Flibrary%2Fmetadata%2F23&ratingKey=23&playQueueItemID=78&duration=8169088&time=147696&playbackTime=37112&hasMDE=1&context=null%3Anull&state=paused (5 live) #15d TLS GZIP 13ms 502 bytes (pipelined: 17)
Mar 25, 2026 13:47:48.909 [281472887980256] DEBUG - Failed to stream media, client probably disconnected after 38322176 bytes: 32 - Broken pipe
Mar 25, 2026 13:47:48.909 [281472887980256] DEBUG - Completed after connection close: [192.168.97.1:19178] 206 GET /library/parts/37/1774440411/file.mp4 (4 live) #127 TLS 38194ms 38322176 bytes (range: bytes=60851301-) 
Mar 25, 2026 13:48:08.766 [281472829173984] DEBUG - [Req#10b] BPQ: onConsiderProcessing: Idle (true)
Mar 25, 2026 13:48:08.767 [281472829173984] DEBUG - [Req#10b] BPQ: [Idle] -> [Processing]
Mar 25, 2026 13:48:08.768 [281472829173984] DEBUG - [Req#10b] BPQ: generating queue items from 0 generator(s)
Mar 25, 2026 13:48:08.768 [281472829173984] DEBUG - [Req#10b] BPQ: generated 0 item(s) for queue
Mar 25, 2026 13:48:08.769 [281472829173984] DEBUG - [Req#10b] BPQ: [Processing] -> [Idle]
Mar 25, 2026 13:49:33.605 [281472791204064] DEBUG - Putting plug-in com.plexapp.agents.imdb to sleep.
Mar 25, 2026 13:49:33.606 [281472791204064] DEBUG - Stopping [com.plexapp.agents.imdb].
Mar 25, 2026 13:49:33.606 [281472791204064] DEBUG - [com.plexapp.agents.imdb] Killing.
Mar 25, 2026 13:49:33.611 [281472900354272] WARN - JobManager: Could not find job for handle 311
Mar 25, 2026 13:49:43.626 [281472791204064] DEBUG - Stopping file watcher for com.plexapp.agents.imdb
Mar 25, 2026 13:51:02.070 [281472799641824] DEBUG - [Now] Removing idle session for device tlmplf0gg79k4hp7m8xnc4zk_Video.
Mar 25, 2026 13:51:02.070 [281472799641824] DEBUG - Statistics: (tlmplf0gg79k4hp7m8xnc4zk) Reporting active playback in state 3 of type 1 (scrobble: 0) for account 1
Mar 25, 2026 13:51:09.207 [281472777449696] DEBUG - [Req#118/Transcode] Streaming Resource: Timing out session 0xffff7f6a76e8:tlmplf0gg79k4hp7m8xnc4zk
Mar 25, 2026 13:51:09.209 [281472777449696] DEBUG - [Req#118/Transcode] Streaming Resource: Terminated session 0xffff7f6a76e8:tlmplf0gg79k4hp7m8xnc4zk with reason Client stopped playback.
Mar 25, 2026 13:51:09.209 [281472777449696] DEBUG - [Req#118/Transcode] Streaming Resource: Removing session 0xffff7f6a76e8:tlmplf0gg79k4hp7m8xnc4zk
Mar 25, 2026 13:51:42.578 [281472818626784] INFO - Library section 1 (Películas) will be updated because of a change in "/movies/Spider-Man - No Way Home (2021)"
Mar 25, 2026 13:51:42.578 [281472818626784] INFO - Library section 1 (Películas) will be updated because of a change in "/movies/Spider-Man - No Way Home (2021)"
Mar 25, 2026 13:51:42.581 [281472818626784] INFO - Library section 1 (Películas) will be updated because of a change in "/movies/Wuthering Heights (2026)"
Mar 25, 2026 13:51:47.579 [281472799641824] DEBUG - Library Updater: Requested that section 1 be updated, force=0, subdir=/movies/Spider-Man - No Way Home (2021) iTunes=0
Mar 25, 2026 13:51:47.579 [281472799641824] DEBUG - Library Updater: Queueing section 1
Mar 25, 2026 13:51:47.580 [281472777449696] DEBUG - Library Updater: Requested that section 1 be updated, force=0, subdir=/movies iTunes=0
Mar 25, 2026 13:51:47.580 [281472777449696] DEBUG - Library Updater: Queueing section 1
Mar 25, 2026 13:51:47.581 [281472803860704] DEBUG - Library Updater: Requested that section 1 be updated, force=0, subdir=/movies/Wuthering Heights (2026) iTunes=0
Mar 25, 2026 13:51:47.581 [281472803860704] DEBUG - Library Updater: Queueing section 1
Mar 25, 2026 13:51:47.582 [281472829173984] DEBUG - Activity: registered new activity af5d6475-90ee-401f-a6cc-4b41b46435ed - "Scanning"
Mar 25, 2026 13:51:47.586 [281472829173984] DEBUG - Scanning section 1
Mar 25, 2026 13:51:47.587 [281472829173984] DEBUG - Activity: updated activity af5d6475-90ee-401f-a6cc-4b41b46435ed - completed 0.0% - Scanning Películas
Mar 25, 2026 13:51:47.590 [281472829173984] DEBUG - Asked to cull library timeline before time 1774441907, we're starting with 0 items.
Mar 25, 2026 13:51:47.590 [281472829173984] DEBUG - Library timeline cull complete with 0 items left.
Mar 25, 2026 13:51:47.590 [281472829173984] DEBUG - Scanning Películas using es-ES(Plex Movie) with 1 current media items and 1 section locations in the database.
Mar 25, 2026 13:51:47.590 [281472829173984] DEBUG - Performing a scan with 'Plex Movie' (language: es-ES virtual: 0).
Mar 25, 2026 13:51:47.590 [281472829173984] DEBUG -   * Scanning /movies/Spider-Man - No Way Home (2021)
Mar 25, 2026 13:51:47.593 [281472829173984] DEBUG - Scanner: Processing directory /movies/Spider-Man - No Way Home (2021) (parent: yes)
Mar 25, 2026 13:51:47.595 [281472829173984] WARN - Error scanning directory, we'll skip and continue: boost::filesystem::last_write_time: No such file or directory [system:2]: "/movies/Spider-Man - No Way Home (2021)"
Mar 25, 2026 13:51:47.596 [281472829173984] DEBUG - Activity: updated activity af5d6475-90ee-401f-a6cc-4b41b46435ed - completed 99.0% - Scanning Películas
Mar 25, 2026 13:51:47.596 [281472829173984] DEBUG - Scanner [Plex Movie]: Idle and left with 1 media items.
Mar 25, 2026 13:51:47.596 [281472829173984] DEBUG - Removing 1 media items that were left.
Mar 25, 2026 13:51:47.596 [281472829173984] DEBUG - Deleting media item 38.
Mar 25, 2026 13:51:47.610 [281472829173984] DEBUG - Was connected to metadata item 24, count is now 0.
Mar 25, 2026 13:51:47.611 [281472829173984] DEBUG - Destroying metadata item 24 (Spider-Man: No Way Home)
Mar 25, 2026 13:51:47.612 [281472829173984] DEBUG - Deleting media item 40.
Mar 25, 2026 13:51:47.613 [281472829173984] DEBUG - Was connected to metadata item 25, count is now 2.
Mar 25, 2026 13:51:47.615 [281472829173984] DEBUG - Updating deletion state for metadata item 25, is has a dead item count of 0.
Mar 25, 2026 13:51:47.615 [281472829173984] DEBUG - Deleting media item 41.
Mar 25, 2026 13:51:47.616 [281472829173984] DEBUG - Was connected to metadata item 25, count is now 1.
Mar 25, 2026 13:51:47.617 [281472829173984] DEBUG - Updating deletion state for metadata item 25, is has a dead item count of 0.
Mar 25, 2026 13:51:47.617 [281472829173984] DEBUG - Deleting media item 42.
Mar 25, 2026 13:51:47.618 [281472829173984] DEBUG - Was connected to metadata item 26, count is now 2.
Mar 25, 2026 13:51:47.620 [281472829173984] DEBUG - Updating deletion state for metadata item 26, is has a dead item count of 0.
Mar 25, 2026 13:51:47.620 [281472829173984] DEBUG - Deleting media item 43.
Mar 25, 2026 13:51:47.621 [281472829173984] DEBUG - Was connected to metadata item 26, count is now 1.
Mar 25, 2026 13:51:47.621 [281472829173984] DEBUG - Updating deletion state for metadata item 26, is has a dead item count of 0.
Mar 25, 2026 13:51:47.621 [281472829173984] DEBUG - Deleting media item 44.
Mar 25, 2026 13:51:47.622 [281472829173984] DEBUG - Was connected to metadata item 26, count is now 0.
Mar 25, 2026 13:51:47.622 [281472829173984] DEBUG - Destroying metadata item 26 (Spider-Man: No Way Home (Spanish/Spain Teaser Trailer 1))
Mar 25, 2026 13:51:47.624 [281472827064544] DEBUG - [LibraryTimeline] Scanner activity on section -1: 0 added, 1 deleted
Mar 25, 2026 13:51:47.624 [281472829173984] DEBUG - Deleting media item 45.
Mar 25, 2026 13:51:47.625 [281472829173984] DEBUG - Was connected to metadata item 27, count is now 2.
Mar 25, 2026 13:51:47.625 [281472829173984] DEBUG - Updating deletion state for metadata item 27, is has a dead item count of 0.
Mar 25, 2026 13:51:47.625 [281472829173984] DEBUG - Deleting media item 46.
Mar 25, 2026 13:51:47.626 [281472829173984] DEBUG - Was connected to metadata item 27, count is now 1.
Mar 25, 2026 13:51:47.627 [281472829173984] DEBUG - Updating deletion state for metadata item 27, is has a dead item count of 0.
Mar 25, 2026 13:51:47.627 [281472829173984] DEBUG - Deleting media item 47.
Mar 25, 2026 13:51:47.627 [281472829173984] DEBUG - Was connected to metadata item 27, count is now 0.
Mar 25, 2026 13:51:47.627 [281472829173984] DEBUG - Destroying metadata item 27 (Viejos Enemigos (Spanish/Spain))
Mar 25, 2026 13:51:47.628 [281472827064544] DEBUG - [LibraryTimeline] Scanner activity on section -1: 0 added, 2 deleted
Mar 25, 2026 13:51:47.629 [281472829173984] DEBUG - Deleting media item 48.
Mar 25, 2026 13:51:47.629 [281472829173984] DEBUG - Was connected to metadata item 28, count is now 2.
Mar 25, 2026 13:51:47.630 [281472829173984] DEBUG - Updating deletion state for metadata item 28, is has a dead item count of 0.
Mar 25, 2026 13:51:47.630 [281472829173984] DEBUG - Deleting media item 49.
Mar 25, 2026 13:51:47.631 [281472829173984] DEBUG - Was connected to metadata item 28, count is now 1.
Mar 25, 2026 13:51:47.632 [281472824955104] DEBUG - Request: [192.168.97.1:21474 (Subnet)] GET /library/sections (4 live) #13e GZIP Signed-in Token (oscar.p46)
Mar 25, 2026 13:51:47.633 [281472829173984] DEBUG - Updating deletion state for metadata item 28, is has a dead item count of 0.
Mar 25, 2026 13:51:47.633 [281472829173984] DEBUG - Deleting media item 50.
Mar 25, 2026 13:51:47.633 [281472829173984] DEBUG - Was connected to metadata item 28, count is now 0.
Mar 25, 2026 13:51:47.633 [281472829173984] DEBUG - Destroying metadata item 28 (Estas Preparado? (Spanish/Spain))
Mar 25, 2026 13:51:47.634 [281472827064544] DEBUG - [LibraryTimeline] Scanner activity on section -1: 0 added, 3 deleted
Mar 25, 2026 13:51:47.634 [281472829173984] DEBUG - Deleting media item 51.
Mar 25, 2026 13:51:47.635 [281472829173984] DEBUG - Was connected to metadata item 29, count is now 2.
Mar 25, 2026 13:51:47.636 [281472829173984] DEBUG - Updating deletion state for metadata item 29, is has a dead item count of 0.
Mar 25, 2026 13:51:47.636 [281472829173984] DEBUG - Deleting media item 52.
Mar 25, 2026 13:51:47.636 [281472887980256] DEBUG - Completed: [192.168.97.1:21474] 200 GET /library/sections (4 live) #13e GZIP 3ms 866 bytes (pipelined: 1)
Mar 25, 2026 13:51:47.637 [281472829173984] DEBUG - Was connected to metadata item 29, count is now 1.
Mar 25, 2026 13:51:47.637 [281472829173984] DEBUG - Updating deletion state for metadata item 29, is has a dead item count of 0.
Mar 25, 2026 13:51:47.637 [281472829173984] DEBUG - Deleting media item 53.
Mar 25, 2026 13:51:47.638 [281472829173984] DEBUG - Was connected to metadata item 29, count is now 0.
Mar 25, 2026 13:51:47.638 [281472829173984] DEBUG - Destroying metadata item 29 (Dr.Octopus Vs Spider-Man (Spanish/Spain))
Mar 25, 2026 13:51:47.638 [281472827064544] DEBUG - [LibraryTimeline] Scanner activity on section -1: 0 added, 4 deleted
Mar 25, 2026 13:51:47.639 [281472829173984] DEBUG - Deleting media item 54.
Mar 25, 2026 13:51:47.639 [281472829173984] DEBUG - Was connected to metadata item 30, count is now 2.
Mar 25, 2026 13:51:47.639 [281472829173984] DEBUG - Updating deletion state for metadata item 30, is has a dead item count of 0.
Mar 25, 2026 13:51:47.640 [281472829173984] DEBUG - Deleting media item 55.
Mar 25, 2026 13:51:47.640 [281472829173984] DEBUG - Was connected to metadata item 30, count is now 1.
Mar 25, 2026 13:51:47.642 [281472829173984] DEBUG - Updating deletion state for metadata item 30, is has a dead item count of 0.
Mar 25, 2026 13:51:47.642 [281472829173984] DEBUG - Deleting media item 56.
Mar 25, 2026 13:51:47.642 [281472829173984] DEBUG - Was connected to metadata item 30, count is now 0.
Mar 25, 2026 13:51:47.642 [281472829173984] DEBUG - Destroying metadata item 30 (Dr. Strange Y La Dimension Espejo (Spanish/Spain))
Mar 25, 2026 13:51:47.643 [281472827064544] DEBUG - [LibraryTimeline] Scanner activity on section -1: 0 added, 5 deleted
Mar 25, 2026 13:51:47.645 [281472827064544] DEBUG - [LibraryTimeline] Scanner activity on section 1: 0 added, 1 deleted
Mar 25, 2026 13:51:47.645 [281472827064544] DEBUG - HubCache: Expiring '1/movie.by.actor.or.director.1/1/hubs/sections/1/enexternal-media,indirect-media/count=20&excludeElements=Actor%2CCollection%2CCountry%2CDirector%2CGenre%2CLabel%2CLocation%2CMood%2CPart%2CProducer%2CSimilar%2CPhoto%2CRole%2CVast%2CTopic%2CWriter&excludeFields=file%2Ctagline%2Csummary&includeLibraryPlaylists=1&includeStations=1' because event plex.event.item.deleted referenced an item the hub contained
Mar 25, 2026 13:51:47.645 [281472827064544] DEBUG - HubCache: Expiring '1/movie.curated.1/1/hubs/sections/1/enexternal-media,indirect-media/count=20&excludeElements=Actor%2CCollection%2CCountry%2CDirector%2CGenre%2CLabel%2CLocation%2CMood%2CPart%2CProducer%2CSimilar%2CPhoto%2CRole%2CVast%2CTopic%2CWriter&excludeFields=file%2Ctagline%2Csummary&includeLibraryPlaylists=1&includeStations=1' because of event plex.event.item.deleted.
Mar 25, 2026 13:51:47.650 [281472829173984] DEBUG - Removing 1 directories that were left.
Mar 25, 2026 13:51:47.650 [281472829173984] DEBUG - Deleting directory [Spider-Man - No Way Home (2021)] (7)
Mar 25, 2026 13:51:47.651 [281472829173984] DEBUG - Collections: Found 0 collections tags in section 1.
Mar 25, 2026 13:51:47.651 [281472829173984] DEBUG - Collections: We had 0 collections in the library already.
Mar 25, 2026 13:51:47.651 [281472829173984] DEBUG - Collections: Synced tags in section 1 in 0ms.
Mar 25, 2026 13:51:47.652 [281472829173984] DEBUG - Collections: Refreshed attributes for 0 collections in section 1 in 0ms.
Mar 25, 2026 13:51:47.652 [281472829173984] DEBUG - Collection: Refreshed visibility in section 1 in 0ms.
Mar 25, 2026 13:51:47.652 [281472829173984] DEBUG - Activity: updated activity af5d6475-90ee-401f-a6cc-4b41b46435ed - completed 100.0% - Scanning Películas
Mar 25, 2026 13:51:47.652 [281472829173984] DEBUG - Refreshing section 1 of type: 1
Mar 25, 2026 13:51:47.652 [281472810189024] DEBUG - Refreshing 0 IDs.
Mar 25, 2026 13:51:47.653 [281472829173984] DEBUG - Activity: registered new activity 95bdbf1e-9383-4295-a0bc-6d406c922db5 - "Processing subscriptions"
Mar 25, 2026 13:51:47.653 [281472829173984] DEBUG - Activity: Ended activity af5d6475-90ee-401f-a6cc-4b41b46435ed.
Mar 25, 2026 13:51:47.654 [281472799641824] DEBUG - Grabber: Cleaning up orphaned grabs.
Mar 25, 2026 13:51:47.655 [281472829173984] DEBUG - Activity: registered new activity 6ae4bdec-bb3d-4bab-b7be-ebb0e5edea65 - "Scanning"
Mar 25, 2026 13:51:47.655 [281472829173984] DEBUG - Scanning section 1
Mar 25, 2026 13:51:47.655 [281472829173984] DEBUG - Activity: updated activity 6ae4bdec-bb3d-4bab-b7be-ebb0e5edea65 - completed 0.0% - Scanning Películas
Mar 25, 2026 13:51:47.655 [281472829173984] DEBUG - Job was already killed, not killing again.
Mar 25, 2026 13:51:47.656 [281472829173984] DEBUG - Asked to cull library timeline before time 1774441907, we're starting with 7 items.
Mar 25, 2026 13:51:47.656 [281472829173984] DEBUG - Library timeline cull complete with 7 items left.
Mar 25, 2026 13:51:47.656 [281472829173984] DEBUG - Scanning Películas using es-ES(Plex Movie) with 2 current media items and 1 section locations in the database.
Mar 25, 2026 13:51:47.656 [281472829173984] DEBUG - Performing a scan with 'Plex Movie' (language: es-ES virtual: 0).
Mar 25, 2026 13:51:47.656 [281472829173984] DEBUG -   * Scanning /movies
Mar 25, 2026 13:51:47.656 [281472799641824] DEBUG - Grabber: Cleaned up 0 decrepit directories in 0.0 sec.
Mar 25, 2026 13:51:47.656 [281472829173984] DEBUG - Scanner: Processing directory /movies (parent: no)
Mar 25, 2026 13:51:47.656 [281472799641824] DEBUG - Activity: registered new activity 077f276a-9682-4237-84e0-aef832bca09d - "Processing subscriptions"
Mar 25, 2026 13:51:47.656 [281472829173984] DEBUG - Skipping over directory '', as nothing has changed; removing 0 media items from map.
Mar 25, 2026 13:51:47.656 [281472829173984] DEBUG - Activity: updated activity 6ae4bdec-bb3d-4bab-b7be-ebb0e5edea65 - completed 99.0% - Scanning Películas
Mar 25, 2026 13:51:47.656 [281472799641824] DEBUG - Subscription: Scheduling subscriptions.
Mar 25, 2026 13:51:47.656 [281472829173984] DEBUG - Scanner [Plex Movie]: Idle and left with 2 media items.
Mar 25, 2026 13:51:47.656 [281472829173984] DEBUG - Removing 2 media items that were left.
Mar 25, 2026 13:51:47.656 [281472829173984] DEBUG - Deleting media item 13.
Mar 25, 2026 13:51:47.657 [281472799641824] DEBUG - Subscription: Initialized 0 schedulers.
Mar 25, 2026 13:51:47.657 [281472799641824] DEBUG - Subscription: Starting with 0 grabs, scheduled 0 active ones preemptively.
Mar 25, 2026 13:51:47.657 [281472799641824] DEBUG - Subscription: Scheduled all subscriptions in 0 ms.
Mar 25, 2026 13:51:47.657 [281472829173984] DEBUG - Was connected to metadata item 13, count is now 0.
Mar 25, 2026 13:51:47.657 [281472829173984] DEBUG - Destroying metadata item 13 (Hamnet)
Mar 25, 2026 13:51:47.658 [281472829173984] DEBUG - Deleting media item 15.
Mar 25, 2026 13:51:47.658 [281472829173984] DEBUG - Was connected to metadata item 14, count is now 2.
Mar 25, 2026 13:51:47.658 [281472829173984] DEBUG - Updating deletion state for metadata item 14, is has a dead item count of 0.
Mar 25, 2026 13:51:47.658 [281472829173984] DEBUG - Deleting media item 16.
Mar 25, 2026 13:51:47.659 [281472829173984] DEBUG - Was connected to metadata item 14, count is now 1.
Mar 25, 2026 13:51:47.660 [281472829173984] DEBUG - Updating deletion state for metadata item 14, is has a dead item count of 0.
Mar 25, 2026 13:51:47.660 [281472829173984] DEBUG - Deleting media item 17.
Mar 25, 2026 13:51:47.662 [281472829173984] DEBUG - Was connected to metadata item 15, count is now 2.
Mar 25, 2026 13:51:47.662 [281472824955104] DEBUG - Request: [192.168.97.1:21474 (Subnet)] GET /library/sections (4 live) #200 GZIP Signed-in Token (oscar.p46)
Mar 25, 2026 13:51:47.663 [281472829173984] DEBUG - Updating deletion state for metadata item 15, is has a dead item count of 0.
Mar 25, 2026 13:51:47.663 [281472829173984] DEBUG - Deleting media item 18.
Mar 25, 2026 13:51:47.663 [281472887980256] DEBUG - Completed: [192.168.97.1:21474] 200 GET /library/sections (4 live) #200 GZIP 0ms 867 bytes (pipelined: 2)
Mar 25, 2026 13:51:47.663 [281472829173984] DEBUG - Was connected to metadata item 15, count is now 1.
Mar 25, 2026 13:51:47.664 [281472829173984] DEBUG - Updating deletion state for metadata item 15, is has a dead item count of 0.
Mar 25, 2026 13:51:47.665 [281472829173984] DEBUG - Deleting media item 19.
Mar 25, 2026 13:51:47.665 [281472829173984] DEBUG - Was connected to metadata item 15, count is now 0.
Mar 25, 2026 13:51:47.665 [281472829173984] DEBUG - Destroying metadata item 15 (Hamnet (Spanish/Spain Teaser Trailer))
Mar 25, 2026 13:51:47.667 [281472829173984] DEBUG - Deleting media item 20.
Mar 25, 2026 13:51:47.667 [281472827064544] DEBUG - [LibraryTimeline] Scanner activity on section -1: 0 added, 1 deleted
Mar 25, 2026 13:51:47.667 [281472829173984] DEBUG - Was connected to metadata item 16, count is now 2.
Mar 25, 2026 13:51:47.667 [281472829173984] DEBUG - Updating deletion state for metadata item 16, is has a dead item count of 0.
Mar 25, 2026 13:51:47.667 [281472829173984] DEBUG - Deleting media item 21.
Mar 25, 2026 13:51:47.668 [281472829173984] DEBUG - Was connected to metadata item 16, count is now 1.
Mar 25, 2026 13:51:47.669 [281472829173984] DEBUG - Updating deletion state for metadata item 16, is has a dead item count of 0.
Mar 25, 2026 13:51:47.669 [281472829173984] DEBUG - Deleting media item 22.
Mar 25, 2026 13:51:47.669 [281472829173984] DEBUG - Was connected to metadata item 16, count is now 0.
Mar 25, 2026 13:51:47.669 [281472829173984] DEBUG - Destroying metadata item 16 (Tengo Que Ir (Spanish/Spain))
Mar 25, 2026 13:51:47.670 [281472827064544] DEBUG - [LibraryTimeline] Scanner activity on section -1: 0 added, 2 deleted
Mar 25, 2026 13:51:47.670 [281472829173984] DEBUG - Deleting media item 23.
Mar 25, 2026 13:51:47.670 [281472829173984] DEBUG - Was connected to metadata item 17, count is now 2.
Mar 25, 2026 13:51:47.670 [281472829173984] DEBUG - Updating deletion state for metadata item 17, is has a dead item count of 0.
Mar 25, 2026 13:51:47.670 [281472829173984] DEBUG - Deleting media item 24.
Mar 25, 2026 13:51:47.670 [281472829173984] DEBUG - Was connected to metadata item 17, count is now 1.
Mar 25, 2026 13:51:47.671 [281472829173984] DEBUG - Updating deletion state for metadata item 17, is has a dead item count of 0.
Mar 25, 2026 13:51:47.671 [281472829173984] DEBUG - Deleting media item 25.
Mar 25, 2026 13:51:47.671 [281472829173984] DEBUG - Was connected to metadata item 17, count is now 0.
Mar 25, 2026 13:51:47.671 [281472829173984] DEBUG - Destroying metadata item 17 (Orfeo Y Euridice (Spanish/Spain))
Mar 25, 2026 13:51:47.672 [281472827064544] DEBUG - [LibraryTimeline] Scanner activity on section -1: 0 added, 3 deleted
Mar 25, 2026 13:51:47.672 [281472829173984] DEBUG - Deleting media item 26.
Mar 25, 2026 13:51:47.673 [281472829173984] DEBUG - Was connected to metadata item 18, count is now 2.
Mar 25, 2026 13:51:47.673 [281472829173984] DEBUG - Updating deletion state for metadata item 18, is has a dead item count of 0.
Mar 25, 2026 13:51:47.673 [281472829173984] DEBUG - Deleting media item 27.
Mar 25, 2026 13:51:47.673 [281472829173984] DEBUG - Was connected to metadata item 18, count is now 1.
Mar 25, 2026 13:51:47.674 [281472829173984] DEBUG - Updating deletion state for metadata item 18, is has a dead item count of 0.
Mar 25, 2026 13:51:47.674 [281472829173984] DEBUG - Deleting media item 28.
Mar 25, 2026 13:51:47.674 [281472829173984] DEBUG - Was connected to metadata item 18, count is now 0.
Mar 25, 2026 13:51:47.674 [281472829173984] DEBUG - Destroying metadata item 18 (Cuando Nos Besemos (Spanish/Spain))
Mar 25, 2026 13:51:47.675 [281472827064544] DEBUG - [LibraryTimeline] Scanner activity on section -1: 0 added, 4 deleted
Mar 25, 2026 13:51:47.675 [281472829173984] DEBUG - Deleting media item 29.
Mar 25, 2026 13:51:47.675 [281472829173984] DEBUG - Was connected to metadata item 19, count is now 2.
Mar 25, 2026 13:51:47.675 [281472829173984] DEBUG - Updating deletion state for metadata item 19, is has a dead item count of 0.
Mar 25, 2026 13:51:47.675 [281472829173984] DEBUG - Deleting media item 30.
Mar 25, 2026 13:51:47.676 [281472829173984] DEBUG - Was connected to metadata item 19, count is now 1.
Mar 25, 2026 13:51:47.676 [281472829173984] DEBUG - Updating deletion state for metadata item 19, is has a dead item count of 0.
Mar 25, 2026 13:51:47.676 [281472829173984] DEBUG - Deleting media item 31.
Mar 25, 2026 13:51:47.676 [281472829173984] DEBUG - Was connected to metadata item 19, count is now 0.
Mar 25, 2026 13:51:47.677 [281472829173984] DEBUG - Destroying metadata item 19 (Que Te Gustaria Hacer? (Spanish/Spain))
Mar 25, 2026 13:51:47.677 [281472827064544] DEBUG - [LibraryTimeline] Scanner activity on section -1: 0 added, 5 deleted
Mar 25, 2026 13:51:47.677 [281472829173984] DEBUG - Deleting media item 32.
Mar 25, 2026 13:51:47.677 [281472829173984] DEBUG - Was connected to metadata item 20, count is now 2.
Mar 25, 2026 13:51:47.678 [281472829173984] DEBUG - Updating deletion state for metadata item 20, is has a dead item count of 0.
Mar 25, 2026 13:51:47.678 [281472829173984] DEBUG - Deleting media item 33.
Mar 25, 2026 13:51:47.678 [281472829173984] DEBUG - Was connected to metadata item 20, count is now 1.
Mar 25, 2026 13:51:47.678 [281472829173984] DEBUG - Updating deletion state for metadata item 20, is has a dead item count of 0.
Mar 25, 2026 13:51:47.678 [281472829173984] DEBUG - Deleting media item 34.
Mar 25, 2026 13:51:47.679 [281472829173984] DEBUG - Was connected to metadata item 20, count is now 0.
Mar 25, 2026 13:51:47.679 [281472829173984] DEBUG - Destroying metadata item 20 (Nos Encontraremos De Nuevo Las Tres (Spanish/Spain))
Mar 25, 2026 13:51:47.683 [281472827064544] DEBUG - [LibraryTimeline] Scanner activity on section -1: 0 added, 6 deleted
Mar 25, 2026 13:51:47.683 [281472827064544] DEBUG - [LibraryTimeline] Scanner activity on section 1: 0 added, 1 deleted
Mar 25, 2026 13:51:47.685 [281472829173984] DEBUG - Deleting media item 37.
Mar 25, 2026 13:51:47.685 [281472829173984] DEBUG - Was connected to metadata item 23, count is now 0.
Mar 25, 2026 13:51:47.685 [281472829173984] DEBUG - Destroying metadata item 23 (“Cumbres Borrascosas”)
Mar 25, 2026 13:51:47.685 [281472829173984] DEBUG - Deleting media item 58.
Mar 25, 2026 13:51:47.685 [281472829173984] DEBUG - Was connected to metadata item 31, count is now 2.
Mar 25, 2026 13:51:47.686 [281472829173984] DEBUG - Updating deletion state for metadata item 31, is has a dead item count of 0.
Mar 25, 2026 13:51:47.686 [281472829173984] DEBUG - Deleting media item 59.
Mar 25, 2026 13:51:47.687 [281472829173984] DEBUG - Was connected to metadata item 31, count is now 1.
Mar 25, 2026 13:51:47.688 [281472829173984] DEBUG - Updating deletion state for metadata item 31, is has a dead item count of 0.
Mar 25, 2026 13:51:47.688 [281472829173984] DEBUG - Deleting media item 60.
Mar 25, 2026 13:51:47.688 [281472829173984] DEBUG - Was connected to metadata item 32, count is now 2.
Mar 25, 2026 13:51:47.689 [281472829173984] DEBUG - Updating deletion state for metadata item 32, is has a dead item count of 0.
Mar 25, 2026 13:51:47.689 [281472829173984] DEBUG - Deleting media item 61.
Mar 25, 2026 13:51:47.689 [281472829173984] DEBUG - Was connected to metadata item 32, count is now 1.
Mar 25, 2026 13:51:47.690 [281472829173984] DEBUG - Updating deletion state for metadata item 32, is has a dead item count of 0.
Mar 25, 2026 13:51:47.690 [281472829173984] DEBUG - Deleting media item 62.
Mar 25, 2026 13:51:47.691 [281472829173984] DEBUG - Was connected to metadata item 32, count is now 0.
Mar 25, 2026 13:51:47.691 [281472829173984] DEBUG - Destroying metadata item 32 (Wuthering Heights (Spanish/Spain Teaser Trailer))
Mar 25, 2026 13:51:47.692 [281472827064544] DEBUG - [LibraryTimeline] Scanner activity on section -1: 0 added, 7 deleted
Mar 25, 2026 13:51:47.693 [281472827064544] DEBUG - [LibraryTimeline] Scanner activity on section 1: 0 added, 2 deleted
Mar 25, 2026 13:51:47.696 [281472829173984] DEBUG - Removing 2 directories that were left.
Mar 25, 2026 13:51:47.696 [281472829173984] DEBUG - Deleting directory [Hamnet (2025)] (5)
Mar 25, 2026 13:51:47.696 [281472829173984] DEBUG - Deleting directory [Wuthering Heights (2026)] (6)
Mar 25, 2026 13:51:47.696 [281472829173984] DEBUG - Updating directory '' (ID 4) to time 2026-03-25 13:51:42.
Mar 25, 2026 13:51:47.696 [281472829173984] DEBUG - Collections: Found 0 collections tags in section 1.
Mar 25, 2026 13:51:47.696 [281472829173984] DEBUG - Collections: We had 0 collections in the library already.
Mar 25, 2026 13:51:47.696 [281472829173984] DEBUG - Collections: Synced tags in section 1 in 0ms.
Mar 25, 2026 13:51:47.697 [281472829173984] DEBUG - Collections: Refreshed attributes for 0 collections in section 1 in 0ms.
Mar 25, 2026 13:51:47.697 [281472829173984] DEBUG - Collection: Refreshed visibility in section 1 in 0ms.
Mar 25, 2026 13:51:47.697 [281472829173984] DEBUG - Activity: updated activity 6ae4bdec-bb3d-4bab-b7be-ebb0e5edea65 - completed 100.0% - Scanning Películas
Mar 25, 2026 13:51:47.697 [281472829173984] DEBUG - Refreshing section 1 of type: 1
Mar 25, 2026 13:51:47.697 [281472810189024] DEBUG - Refreshing 0 IDs.
Mar 25, 2026 13:51:47.697 [281472829173984] DEBUG - Activity: registered new activity 1de26270-54fd-4d7c-9ccf-c5de6701435c - "Processing subscriptions"
Mar 25, 2026 13:51:47.697 [281472799641824] DEBUG - Activity: Ended activity 077f276a-9682-4237-84e0-aef832bca09d.
Mar 25, 2026 13:51:47.697 [281472799641824] DEBUG - Subscription: There are 0 active grabs at the end.
Mar 25, 2026 13:51:47.698 [281472799641824] DEBUG - Activity: Ended activity 95bdbf1e-9383-4295-a0bc-6d406c922db5.
Mar 25, 2026 13:51:47.698 [281472799641824] DEBUG - Subscription: Refreshed all content in 44 ms.
Mar 25, 2026 13:51:47.698 [281472829173984] DEBUG - Activity: Ended activity 6ae4bdec-bb3d-4bab-b7be-ebb0e5edea65.
Mar 25, 2026 13:51:47.698 [281472829173984] DEBUG - Activity: registered new activity 8a1ee413-04e2-4997-9ece-c65c3da04b08 - "Scanning"
Mar 25, 2026 13:51:47.698 [281472829173984] DEBUG - Scanning section 1
Mar 25, 2026 13:51:47.698 [281472829173984] DEBUG - Activity: updated activity 8a1ee413-04e2-4997-9ece-c65c3da04b08 - completed 0.0% - Scanning Películas
Mar 25, 2026 13:51:47.698 [281472803860704] DEBUG - Grabber: Cleaning up orphaned grabs.
Mar 25, 2026 13:51:47.698 [281472829173984] DEBUG - Job was already killed, not killing again.
Mar 25, 2026 13:51:47.698 [281472829173984] DEBUG - Asked to cull library timeline before time 1774441907, we're starting with 18 items.
Mar 25, 2026 13:51:47.699 [281472829173984] DEBUG - Library timeline cull complete with 18 items left.
Mar 25, 2026 13:51:47.699 [281472829173984] DEBUG - Scanning Películas using es-ES(Plex Movie) with 0 current media items and 1 section locations in the database.
Mar 25, 2026 13:51:47.699 [281472829173984] DEBUG - Performing a scan with 'Plex Movie' (language: es-ES virtual: 0).
Mar 25, 2026 13:51:47.699 [281472829173984] DEBUG -   * Scanning /movies/Wuthering Heights (2026)
Mar 25, 2026 13:51:47.700 [281472803860704] DEBUG - Grabber: Cleaned up 0 decrepit directories in 0.0 sec.
Mar 25, 2026 13:51:47.700 [281472829173984] DEBUG - Scanner: Processing directory /movies/Wuthering Heights (2026) (parent: yes)
Mar 25, 2026 13:51:47.700 [281472829173984] WARN - Error scanning directory, we'll skip and continue: boost::filesystem::last_write_time: No such file or directory [system:2]: "/movies/Wuthering Heights (2026)"
Mar 25, 2026 13:51:47.700 [281472829173984] DEBUG - Activity: updated activity 8a1ee413-04e2-4997-9ece-c65c3da04b08 - completed 99.0% - Scanning Películas
Mar 25, 2026 13:51:47.700 [281472829173984] DEBUG - Scanner [Plex Movie]: Idle and left with 0 media items.
Mar 25, 2026 13:51:47.700 [281472829173984] DEBUG - Removing 0 media items that were left.
Mar 25, 2026 13:51:47.700 [281472829173984] DEBUG - Removing 0 directories that were left.
Mar 25, 2026 13:51:47.700 [281472829173984] DEBUG - Collections: Found 0 collections tags in section 1.
Mar 25, 2026 13:51:47.701 [281472829173984] DEBUG - Collections: We had 0 collections in the library already.
Mar 25, 2026 13:51:47.701 [281472829173984] DEBUG - Collections: Synced tags in section 1 in 0ms.
Mar 25, 2026 13:51:47.702 [281472829173984] DEBUG - Collections: Refreshed attributes for 0 collections in section 1 in 1ms.
Mar 25, 2026 13:51:47.702 [281472803860704] DEBUG - Activity: registered new activity b32c7aad-a8d8-4f8d-8b15-58f032091b7b - "Processing subscriptions"
Mar 25, 2026 13:51:47.703 [281472829173984] DEBUG - Collection: Refreshed visibility in section 1 in 0ms.
Mar 25, 2026 13:51:47.703 [281472803860704] DEBUG - Subscription: Scheduling subscriptions.
Mar 25, 2026 13:51:47.703 [281472829173984] DEBUG - Activity: updated activity 8a1ee413-04e2-4997-9ece-c65c3da04b08 - completed 100.0% - Scanning Películas
Mar 25, 2026 13:51:47.703 [281472829173984] DEBUG - Refreshing section 1 of type: 1
Mar 25, 2026 13:51:47.703 [281472803860704] DEBUG - Subscription: Initialized 0 schedulers.
Mar 25, 2026 13:51:47.703 [281472803860704] DEBUG - Subscription: Starting with 0 grabs, scheduled 0 active ones preemptively.
Mar 25, 2026 13:51:47.703 [281472803860704] DEBUG - Subscription: Scheduled all subscriptions in 0 ms.
Mar 25, 2026 13:51:47.703 [281472803860704] DEBUG - Activity: Ended activity b32c7aad-a8d8-4f8d-8b15-58f032091b7b.
Mar 25, 2026 13:51:47.703 [281472803860704] DEBUG - Subscription: There are 0 active grabs at the end.
Mar 25, 2026 13:51:47.703 [281472803860704] DEBUG - Activity: Ended activity 1de26270-54fd-4d7c-9ccf-c5de6701435c.
Mar 25, 2026 13:51:47.703 [281472803860704] DEBUG - Subscription: Refreshed all content in 5 ms.
Mar 25, 2026 13:51:47.703 [281472810189024] DEBUG - Refreshing 0 IDs.
Mar 25, 2026 13:51:47.704 [281472829173984] DEBUG - Activity: registered new activity 70e16f49-1b70-47b4-8566-7dff13679b48 - "Processing subscriptions"
Mar 25, 2026 13:51:47.704 [281472829173984] DEBUG - Activity: Ended activity 8a1ee413-04e2-4997-9ece-c65c3da04b08.
Mar 25, 2026 13:51:47.704 [281472799641824] DEBUG - Grabber: Cleaning up orphaned grabs.
Mar 25, 2026 13:51:47.704 [281472799641824] DEBUG - Grabber: Cleaned up 0 decrepit directories in 0.0 sec.
Mar 25, 2026 13:51:47.704 [281472799641824] DEBUG - Activity: registered new activity f52e45be-f7ad-4d1d-9499-1d8189e44e26 - "Processing subscriptions"
Mar 25, 2026 13:51:47.705 [281472824955104] DEBUG - Request: [192.168.97.1:21474 (Subnet)] GET /library/sections (4 live) #279 GZIP Signed-in Token (oscar.p46)
Mar 25, 2026 13:51:47.705 [281472887980256] DEBUG - Completed: [192.168.97.1:21474] 200 GET /library/sections (4 live) #279 GZIP 0ms 864 bytes (pipelined: 3)
Mar 25, 2026 13:51:47.705 [281472799641824] DEBUG - Subscription: Scheduling subscriptions.
Mar 25, 2026 13:51:47.706 [281472799641824] DEBUG - Subscription: Initialized 0 schedulers.
Mar 25, 2026 13:51:47.706 [281472799641824] DEBUG - Subscription: Starting with 0 grabs, scheduled 0 active ones preemptively.
Mar 25, 2026 13:51:47.706 [281472799641824] DEBUG - Subscription: Scheduled all subscriptions in 0 ms.
Mar 25, 2026 13:51:47.706 [281472799641824] DEBUG - Activity: Ended activity f52e45be-f7ad-4d1d-9499-1d8189e44e26.
Mar 25, 2026 13:51:47.706 [281472799641824] DEBUG - Subscription: There are 0 active grabs at the end.
Mar 25, 2026 13:51:47.706 [281472799641824] DEBUG - Activity: Ended activity 70e16f49-1b70-47b4-8566-7dff13679b48.
Mar 25, 2026 13:51:47.706 [281472799641824] DEBUG - Subscription: Refreshed all content in 2 ms.
Mar 25, 2026 13:51:47.710 [281472824955104] DEBUG - Request: [192.168.97.1:21474 (Subnet)] GET /library/sections (4 live) #3ba GZIP Signed-in Token (oscar.p46)
Mar 25, 2026 13:51:47.710 [281472887980256] DEBUG - Completed: [192.168.97.1:21474] 200 GET /library/sections (4 live) #3ba GZIP 0ms 864 bytes (pipelined: 4)
Mar 25, 2026 13:51:47.757 [281472824955104] DEBUG - Request: [192.168.97.1:21474 (Subnet)] GET /media/providers (5 live) #3c9 GZIP Signed-in Token (oscar.p46)
Mar 25, 2026 13:51:47.758 [281472797532384] DEBUG - Request: [192.168.97.1:52330 (Subnet)] GET /media/providers (5 live) #1d9 GZIP Signed-in Token (oscar.p46)
Mar 25, 2026 13:51:47.759 [281472890089696] DEBUG - Completed: [192.168.97.1:21474] 200 GET /media/providers (6 live) #3c9 GZIP 2ms 4620 bytes (pipelined: 5)
Mar 25, 2026 13:51:47.759 [281472890089696] DEBUG - Completed: [192.168.97.1:52330] 200 GET /media/providers (6 live) #1d9 GZIP 1ms 4492 bytes (pipelined: 1)
Mar 25, 2026 13:51:47.762 [281472797532384] DEBUG - Request: [192.168.97.0:51639 (Subnet)] GET /media/providers (6 live) #3ca TLS GZIP Signed-in Token (oscar.p46)
Mar 25, 2026 13:51:47.763 [281472887980256] DEBUG - Completed: [192.168.97.0:51639] 200 GET /media/providers (6 live) #3ca TLS GZIP 0ms 4620 bytes (pipelined: 1)
Mar 25, 2026 13:51:47.791 [281472824955104] DEBUG - Request: [192.168.97.1:21474 (Subnet)] GET /library/sections/1/all?type=1&includeCollections=1&includeExternalMedia=1 (6 live) #3ce Page 0-2 GZIP Signed-in Token (oscar.p46)
Mar 25, 2026 13:51:47.791 [281472824955104] DEBUG - [Req#3ce] Setting container serialization range to [0, 2] (total=-1)
Mar 25, 2026 13:51:47.792 [281472887980256] DEBUG - Completed: [192.168.97.1:21474] 200 GET /library/sections/1/all?type=1&includeCollections=1&includeExternalMedia=1 (6 live) #3ce GZIP Page 0-2 1ms 797 bytes (pipelined: 6)
Mar 25, 2026 13:51:47.873 [281472797532384] DEBUG - Request: [192.168.97.1:21957 (Subnet)] GET /media/providers (7 live) #3cd TLS GZIP Signed-in Token (oscar.p46)
Mar 25, 2026 13:51:47.874 [281472887980256] DEBUG - Completed: [192.168.97.1:21957] 200 GET /media/providers (7 live) #3cd TLS GZIP 0ms 4620 bytes (pipelined: 1)
Mar 25, 2026 13:51:49.774 [281472824955104] DEBUG - Request: [192.168.97.1:21474 (Subnet)] GET /library/sections/1/firstCharacter?sort=titleSort&includeCollections=1&includeExternalMedia=1 (7 live) #3d2 GZIP Signed-in Token (oscar.p46)
Mar 25, 2026 13:51:49.776 [281472887980256] DEBUG - Completed: [192.168.97.1:21474] 200 GET /library/sections/1/firstCharacter?sort=titleSort&includeCollections=1&includeExternalMedia=1 (7 live) #3d2 GZIP 1ms 690 bytes (pipelined: 7)
Mar 25, 2026 13:52:45.320 [281472801751264] DEBUG - [ViewStateSync] Starting
Mar 25, 2026 13:52:45.323 [281472801751264] DEBUG - [ViewStateSync] Got token for user 1 (oscar.p46)
Mar 25, 2026 13:52:45.325 [281472801751264] DEBUG - [ViewStateSync/HCl#37] HTTP requesting GET https://plex.tv/api/v2/server/users/738467780/view_state_sync
Mar 25, 2026 13:52:45.820 [281472837611744] DEBUG - [HttpClient/HCl#37] HTTP/1.1 (0.5s) 200 response from GET https://plex.tv/api/v2/server/users/738467780/view_state_sync
Mar 25, 2026 13:52:45.821 [281472827064544] DEBUG - [ViewStateSync] Starting for user 1
Mar 25, 2026 13:52:45.821 [281472827064544] DEBUG - [ViewStateSync] Sending state
Mar 25, 2026 13:52:45.825 [281472827064544] DEBUG - [ViewStateSync] Sending state
Mar 25, 2026 13:52:45.825 [281472827064544] DEBUG - [ViewStateSync] All state sent
Mar 25, 2026 13:52:45.826 [281472827064544] DEBUG - [ViewStateSync] Getting state
Mar 25, 2026 13:52:45.827 [281472827064544] DEBUG - [ViewStateSync/HCl#38] HTTP requesting GET https://scrobbles.plex.tv/state/738467780?count=100
Mar 25, 2026 13:52:45.924 [281472837611744] DEBUG - [HttpClient/HCl#38] HTTP/2.0 (0.1s) 200 response from GET https://scrobbles.plex.tv/state/738467780?count=100
Mar 25, 2026 13:52:45.924 [281472827064544] DEBUG - [ViewStateSync] Reading 0 states
Mar 25, 2026 13:52:45.924 [281472827064544] DEBUG - [ViewStateSync] Done getting states
Mar 25, 2026 13:52:45.924 [281472827064544] DEBUG - [ViewStateSync] Finished
Mar 25, 2026 13:52:47.651 [281472812298464] DEBUG - BPQ: onConsiderProcessing: Idle (true)
Mar 25, 2026 13:52:47.651 [281472812298464] DEBUG - BPQ: [Idle] -> [Processing]
Mar 25, 2026 13:52:47.655 [281472812298464] DEBUG - BPQ: generating queue items from 0 generator(s)
Mar 25, 2026 13:52:47.655 [281472812298464] DEBUG - BPQ: generated 0 item(s) for queue
Mar 25, 2026 13:52:47.656 [281472812298464] DEBUG - BPQ: [Processing] -> [Idle]
Mar 25, 2026 13:52:47.656 [281472812298464] DEBUG - BPQ: garbageCollect - version - forced - -1
Mar 25, 2026 13:52:47.656 [281472812298464] DEBUG - Versions: garbage collecting
Mar 25, 2026 13:52:47.658 [281472812298464] DEBUG - Versions: garbage collected in 0.0 seconds
Mar 25, 2026 13:53:12.151 [281472827064544] DEBUG - Request: [192.168.97.1:60261 (Subnet)] GET /:/timeline?key=%2Flibrary%2Fmetadata%2F23&ratingKey=23&playQueueItemID=78&duration=8169088&time=147696&playbackTime=359003&hasMDE=1&context=null%3Anull&state=paused (5 live) #3df TLS GZIP Signed-in Token (oscar.p46)
Mar 25, 2026 13:53:12.151 [281472824955104] DEBUG - Request: [192.168.97.1:18201 (Subnet)] GET /media/providers (5 live) #3d3 TLS GZIP Signed-in Token (oscar.p46)
Mar 25, 2026 13:53:12.155 [281472827064544] DEBUG - [Req#3df] Client [tlmplf0gg79k4hp7m8xnc4zk] reporting timeline state paused, progress of 147696/8169088ms for guid=, playbackTime=359003ms ratingKey=23 url=, key=/library/metadata/23, containerKey=, metadataId=23, source=
Mar 25, 2026 13:53:12.155 [281472827064544] WARN - [Req#3df] Timeline: Unknown metadata item 23, using default completion duration multiplier
Mar 25, 2026 13:53:12.156 [281472827064544] DEBUG - [Req#3df] [Now] User is oscar.p46 (ID: 1)
Mar 25, 2026 13:53:12.157 [281472827064544] DEBUG - [Req#3df] [Now] Device is iOS (iPhone).
Mar 25, 2026 13:53:12.157 [281472827064544] DEBUG - [Req#3df] [Now] Profile is iOS
Mar 25, 2026 13:53:12.157 [281472827064544] DEBUG - [Req#3df] [Now] Updated play state for /library/metadata/23.
Mar 25, 2026 13:53:12.157 [281472827064544] DEBUG - [Req#3df] Statistics: (tlmplf0gg79k4hp7m8xnc4zk) Reporting active playback in state 1 of type 1 (scrobble: 0) for account 1
Mar 25, 2026 13:53:12.157 [281472801751264] DEBUG - [Req#3df] Downloading document http://127.0.0.1:32400/library/metadata/23
Mar 25, 2026 13:53:12.158 [281472890089696] DEBUG - Completed: [192.168.97.1:18201] 200 GET /media/providers (5 live) #3d3 TLS GZIP 7ms 4526 bytes (pipelined: 1)
Mar 25, 2026 13:53:12.158 [281472887980256] DEBUG - Completed: [192.168.97.1:60261] 200 GET /:/timeline?key=%2Flibrary%2Fmetadata%2F23&ratingKey=23&playQueueItemID=78&duration=8169088&time=147696&playbackTime=359003&hasMDE=1&context=null%3Anull&state=paused (5 live) #3df TLS GZIP 7ms 419 bytes (pipelined: 1)
Mar 25, 2026 13:53:12.159 [281472801751264] WARN - [Req#3df/Req#3e2] Invalid library metadata ID 23 passed.
Mar 25, 2026 13:53:12.159 [281472801751264] DEBUG - [Req#3df] Caching document http://127.0.0.1:32400/library/metadata/23 as 40c83c3977664822e108b5709fa6c15cbbb4185b
Mar 25, 2026 13:53:12.159 [281472801751264] ERROR - [Req#3df] downloadContainer: expected MediaContainer element, found html
Mar 25, 2026 13:53:17.577 [281472827064544] DEBUG - Request: [192.168.97.1:60261 (Subnet)] GET /library/sections/1/prefs (5 live) #3e3 TLS GZIP Signed-in Token (oscar.p46)
Mar 25, 2026 13:53:17.581 [281472890089696] DEBUG - Completed: [192.168.97.1:60261] 200 GET /library/sections/1/prefs (5 live) #3e3 TLS GZIP 4ms 3797 bytes (pipelined: 2)
Mar 25, 2026 13:53:17.595 [281472824955104] DEBUG - Request: [192.168.97.1:35220 (Subnet)] GET /library/metadata/23?includeExtras=1&includeOnDeck=1&includeRelated=1&includeRelatedCount=20&includeReviews=1&includeExternalMetadata=1&checkFiles=1&includeStations=0&includePopularLeaves=0 (8 live) #3e0 TLS GZIP Signed-in Token (oscar.p46)
Mar 25, 2026 13:53:17.595 [281472824955104] WARN - [Req#3e0] Invalid library metadata ID 23 passed.
Mar 25, 2026 13:53:17.596 [281472887980256] DEBUG - Completed: [192.168.97.1:35220] 404 GET /library/metadata/23?includeExtras=1&includeOnDeck=1&includeRelated=1&includeRelatedCount=20&includeReviews=1&includeExternalMetadata=1&checkFiles=1&includeStations=0&includePopularLeaves=0 (8 live) #3e0 TLS GZIP 0ms 424 bytes (pipelined: 1)
Mar 25, 2026 13:53:17.611 [281472827064544] DEBUG - Request: [192.168.97.1:37592 (Subnet)] GET /library/sections/1/prefs (8 live) #3e7 TLS GZIP Signed-in Token (oscar.p46)
Mar 25, 2026 13:53:17.612 [281472824955104] DEBUG - Request: [192.168.97.1:20069 (Subnet)] GET /library/metadata/23?includeExtras=1&includeOnDeck=1&includeRelated=1&includeRelatedCount=20&includeReviews=1&includeExternalMetadata=1&checkFiles=1&includeStations=0&includePopularLeaves=0 (8 live) #3e8 TLS GZIP Signed-in Token (oscar.p46)
Mar 25, 2026 13:53:17.613 [281472824955104] WARN - [Req#3e8] Invalid library metadata ID 23 passed.
Mar 25, 2026 13:53:17.614 [281472887980256] DEBUG - Completed: [192.168.97.1:20069] 404 GET /library/metadata/23?includeExtras=1&includeOnDeck=1&includeRelated=1&includeRelatedCount=20&includeReviews=1&includeExternalMetadata=1&checkFiles=1&includeStations=0&includePopularLeaves=0 (8 live) #3e8 TLS GZIP 1ms 424 bytes (pipelined: 1)
Mar 25, 2026 13:53:17.615 [281472887980256] DEBUG - Completed: [192.168.97.1:37592] 200 GET /library/sections/1/prefs (8 live) #3e7 TLS GZIP 4ms 3797 bytes (pipelined: 1)
Mar 25, 2026 13:53:17.745 [281472824955104] DEBUG - Request: [192.168.97.1:18201 (Subnet)] GET /:/timeline?key=%2Flibrary%2Fmetadata%2F23&ratingKey=23&playQueueItemID=78&duration=8169088&time=147696&playbackTime=368440&hasMDE=1&context=null%3Anull&state=stopped (8 live) #3e4 TLS GZIP Signed-in Token (oscar.p46)
Mar 25, 2026 13:53:17.745 [281472824955104] DEBUG - [Req#3e4] Client [tlmplf0gg79k4hp7m8xnc4zk] reporting timeline state stopped, progress of 147696/8169088ms for guid=, playbackTime=368440ms ratingKey=23 url=, key=/library/metadata/23, containerKey=, metadataId=23, source=
Mar 25, 2026 13:53:17.745 [281472824955104] WARN - [Req#3e4] Timeline: Unknown metadata item 23, using default completion duration multiplier
Mar 25, 2026 13:53:17.745 [281472824955104] DEBUG - [Req#3e4] [Now] User is oscar.p46 (ID: 1)
Mar 25, 2026 13:53:17.745 [281472824955104] DEBUG - [Req#3e4] [Now] Device is iOS (iPhone).
Mar 25, 2026 13:53:17.745 [281472824955104] DEBUG - [Req#3e4] [Now] Profile is iOS
Mar 25, 2026 13:53:17.745 [281472824955104] DEBUG - [Req#3e4] [Now] Updated play state for /library/metadata/23.
Mar 25, 2026 13:53:17.746 [281472824955104] DEBUG - [Req#3e4] Statistics: (tlmplf0gg79k4hp7m8xnc4zk) Reporting active playback in state 3 of type 1 (scrobble: 0) for account 1
Mar 25, 2026 13:53:17.747 [281472887980256] DEBUG - Completed: [192.168.97.1:18201] 200 GET /:/timeline?key=%2Flibrary%2Fmetadata%2F23&ratingKey=23&playQueueItemID=78&duration=8169088&time=147696&playbackTime=368440&hasMDE=1&context=null%3Anull&state=stopped (8 live) #3e4 TLS GZIP 2ms 419 bytes (pipelined: 2)
Mar 25, 2026 13:53:18.637 [281472824955104] DEBUG - Request: [192.168.97.1:18201 (Subnet)] GET /library/metadata/23?includeExtras=1&includeOnDeck=1&includeRelated=1&includeRelatedCount=20&includeReviews=1&includeExternalMetadata=1&checkFiles=1&includeStations=0&includePopularLeaves=0 (8 live) #3f1 TLS GZIP Signed-in Token (oscar.p46)
Mar 25, 2026 13:53:18.638 [281472824955104] WARN - [Req#3f1] Invalid library metadata ID 23 passed.
Mar 25, 2026 13:53:18.638 [281472890089696] DEBUG - Completed: [192.168.97.1:18201] 404 GET /library/metadata/23?includeExtras=1&includeOnDeck=1&includeRelated=1&includeRelatedCount=20&includeReviews=1&includeExternalMetadata=1&checkFiles=1&includeStations=0&includePopularLeaves=0 (8 live) #3f1 TLS GZIP 0ms 424 bytes (pipelined: 3)
Mar 25, 2026 13:53:32.739 [281472824955104] DEBUG - Request: [192.168.97.1:18201 (Subnet)] GET /media/providers (8 live) #3f2 TLS GZIP Signed-in Token (oscar.p46)
Mar 25, 2026 13:53:32.740 [281472890089696] DEBUG - Completed: [192.168.97.1:18201] 200 GET /media/providers (8 live) #3f2 TLS GZIP 1ms 4526 bytes (pipelined: 4)
Mar 25, 2026 13:53:52.256 [281472824955104] DEBUG - Request: [192.168.97.1:18201 (Subnet)] GET /library/search?query=Midsomar&searchTypes=availabilityPlatforms%2Ccategories%2Clivetv%2Cmovies%2CotherVideos%2Cpeople%2Ctvod%2Ctv&limit=100 (4 live) #3f4 TLS GZIP Signed-in Token (oscar.p46)
Mar 25, 2026 13:53:52.276 [281472887980256] DEBUG - Completed: [192.168.97.1:18201] 200 GET /library/search?query=Midsomar&searchTypes=availabilityPlatforms%2Ccategories%2Clivetv%2Cmovies%2CotherVideos%2Cpeople%2Ctvod%2Ctv&limit=100 (4 live) #3f4 TLS GZIP 20ms 395 bytes (pipelined: 5)
Mar 25, 2026 13:53:58.035 [281472824955104] DEBUG - Request: [192.168.97.1:18201 (Subnet)] GET /media/providers (4 live) #3fb TLS GZIP Signed-in Token (oscar.p46)
Mar 25, 2026 13:53:58.036 [281472890089696] DEBUG - Completed: [192.168.97.1:18201] 200 GET /media/providers (4 live) #3fb TLS GZIP 1ms 4526 bytes (pipelined: 6)
Mar 25, 2026 13:54:09.793 [281472824955104] DEBUG - Request: [192.168.97.1:18201 (Subnet)] GET /library/metadata/23?includeExtras=1&includeOnDeck=1&includeRelated=1&includeRelatedCount=20&includeReviews=1&includeExternalMetadata=1&checkFiles=1&includeStations=0&includePopularLeaves=0 (4 live) #3fd TLS GZIP Signed-in Token (oscar.p46)
Mar 25, 2026 13:54:09.794 [281472824955104] WARN - [Req#3fd] Invalid library metadata ID 23 passed.
Mar 25, 2026 13:54:09.794 [281472887980256] DEBUG - Completed: [192.168.97.1:18201] 404 GET /library/metadata/23?includeExtras=1&includeOnDeck=1&includeRelated=1&includeRelatedCount=20&includeReviews=1&includeExternalMetadata=1&checkFiles=1&includeStations=0&includePopularLeaves=0 (4 live) #3fd TLS GZIP 1ms 424 bytes (pipelined: 7)
Mar 25, 2026 13:54:09.814 [281472824955104] DEBUG - Request: [192.168.97.1:18762 (Subnet)] GET /photo/:/transcode?width=1280&height=1280&minSize=0&url=%2Flibrary%2Fmetadata%2F23%2FclearLogo%2F1774440885&format=png (8 live) #3ff TLS GZIP Signed-in Token (oscar.p46)
Mar 25, 2026 13:54:09.814 [281472824955104] DEBUG - [Req#3ff/PhotoTranscoder] Request for url [/library/metadata/23/clearLogo/1774440885] (is local: 1 upscaled: 0)
Mar 25, 2026 13:54:09.815 [281472824955104] DEBUG - Content-Length of /config/Library/Application Support/Plex Media Server/Cache/PhotoTranscoder/e0/e0c628bd18567229b53ebfa3ece90874aaaf3c8b.png is 462228 (of total: 462228).
Mar 25, 2026 13:54:09.816 [281472890089696] DEBUG - Completed: [192.168.97.1:18762] 200 GET /photo/:/transcode?width=1280&height=1280&minSize=0&url=%2Flibrary%2Fmetadata%2F23%2FclearLogo%2F1774440885&format=png (8 live) #3ff TLS GZIP 2ms 462228 bytes (pipelined: 1)
Mar 25, 2026 13:54:09.820 [281472824955104] DEBUG - Request: [192.168.97.1:45823 (Subnet)] GET /library/sections/1/prefs (8 live) #3e9 TLS GZIP Signed-in Token (oscar.p46)
Mar 25, 2026 13:54:09.823 [281472887980256] DEBUG - Completed: [192.168.97.1:45823] 200 GET /library/sections/1/prefs (8 live) #3e9 TLS GZIP 3ms 3797 bytes (pipelined: 1)
Mar 25, 2026 13:54:09.828 [281472824955104] DEBUG - Request: [192.168.97.1:23940 (Subnet)] GET /photo/:/transcode?width=1280&height=1280&minSize=0&url=%2Flibrary%2Fmetadata%2F23%2FsquareArt%2F1774440885&format=jpeg (8 live) #400 TLS GZIP Signed-in Token (oscar.p46)
Mar 25, 2026 13:54:09.828 [281472827064544] DEBUG - Request: [192.168.97.1:19974 (Subnet)] GET /photo/:/transcode?width=360&height=360&minSize=1&url=%2Flibrary%2Fmetadata%2F13%2Fthumb%2F1774435824&format=jpeg (8 live) #401 TLS GZIP Signed-in Token (oscar.p46)
Mar 25, 2026 13:54:09.828 [281472824955104] DEBUG - [Req#400/PhotoTranscoder] Request for url [/library/metadata/23/squareArt/1774440885] (is local: 1 upscaled: 0)
Mar 25, 2026 13:54:09.828 [281472827064544] DEBUG - [Req#401/PhotoTranscoder] Request for url [/library/metadata/13/thumb/1774435824] (is local: 1 upscaled: 0)
Mar 25, 2026 13:54:09.829 [281472827064544] DEBUG - Content-Length of /config/Library/Application Support/Plex Media Server/Cache/PhotoTranscoder/34/345cadfda824f76391bdf531f735a573e8beace8.jpeg is 38009 (of total: 38009).
Mar 25, 2026 13:54:09.829 [281472824955104] DEBUG - Content-Length of /config/Library/Application Support/Plex Media Server/Cache/PhotoTranscoder/4b/4bcda3588e0a404257d80f0fbd275c917b6ce650.jpeg is 118920 (of total: 118920).
Mar 25, 2026 13:54:09.829 [281472890089696] DEBUG - Completed: [192.168.97.1:19974] 200 GET /photo/:/transcode?width=360&height=360&minSize=1&url=%2Flibrary%2Fmetadata%2F13%2Fthumb%2F1774435824&format=jpeg (8 live) #401 TLS GZIP 0ms 38009 bytes (pipelined: 1)
Mar 25, 2026 13:54:09.829 [281472890089696] DEBUG - Completed: [192.168.97.1:23940] 200 GET /photo/:/transcode?width=1280&height=1280&minSize=0&url=%2Flibrary%2Fmetadata%2F23%2FsquareArt%2F1774440885&format=jpeg (8 live) #400 TLS GZIP 1ms 118920 bytes (pipelined: 1)
Mar 25, 2026 13:54:10.867 [281472824955104] DEBUG - Request: [192.168.97.1:18201 (Subnet)] GET /library/metadata/23?includeExtras=1&includeOnDeck=1&includeRelated=1&includeRelatedCount=20&includeReviews=1&includeExternalMetadata=1&checkFiles=1&includeStations=0&includePopularLeaves=0 (8 live) #3fe TLS GZIP Signed-in Token (oscar.p46)
Mar 25, 2026 13:54:10.869 [281472824955104] WARN - [Req#3fe] Invalid library metadata ID 23 passed.
Mar 25, 2026 13:54:10.870 [281472887980256] DEBUG - Completed: [192.168.97.1:18201] 404 GET /library/metadata/23?includeExtras=1&includeOnDeck=1&includeRelated=1&includeRelatedCount=20&includeReviews=1&includeExternalMetadata=1&checkFiles=1&includeStations=0&includePopularLeaves=0 (8 live) #3fe TLS GZIP 2ms 424 bytes (pipelined: 8)
Mar 25, 2026 13:54:11.050 [281472827064544] DEBUG - Request: [192.168.97.1:18201 (Subnet)] POST /playQueues?includeChapters=1&continuous=1&uri=server%3A%2F%2Fe54df6383d25ebd337b0eedd659aa30a8163aa07%2Fcom.plexapp.plugins.library%2Flibrary%2Fmetadata%2F23&type=video&own=1&repeat=0&shuffle=0&includeMarkers=1&includeGeolocation=1&includeExternalMedia=1 (8 live) #407 TLS GZIP Signed-in Token (oscar.p46)
Mar 25, 2026 13:54:11.052 [281472827064544] DEBUG - [Req#407] PlayQueue: Converted 'server://e54df6383d25ebd337b0eedd659aa30a8163aa07/com.plexapp.plugins.library/library/metadata/23' to 'library://x/item/%2Flibrary%2Fmetadata%2F23'
Mar 25, 2026 13:54:11.055 [281472827064544] ERROR - [Req#407] LPE: unknown item 23.
Mar 25, 2026 13:54:11.055 [281472827064544] DEBUG - [Req#407] PlayQueue: Start index: 0 End index: -1 Count: 0
Mar 25, 2026 13:54:11.056 [281472887980256] DEBUG - Completed: [192.168.97.1:18201] 200 POST /playQueues?includeChapters=1&continuous=1&uri=server%3A%2F%2Fe54df6383d25ebd337b0eedd659aa30a8163aa07%2Fcom.plexapp.plugins.library%2Flibrary%2Fmetadata%2F23&type=video&own=1&repeat=0&shuffle=0&includeMarkers=1&includeGeolocation=1&includeExternalMedia=1 (8 live) #407 TLS GZIP 5ms 552 bytes (pipelined: 9)
Mar 25, 2026 13:54:11.081 [281472824955104] DEBUG - Request: [192.168.97.1:18201 (Subnet)] GET /photo/:/transcode?width=1920&height=1920&minSize=0&url=%2Flibrary%2Fmetadata%2F23%2FclearLogo%2F1774440885&format=png (8 live) #40a TLS GZIP Signed-in Token (oscar.p46)
Mar 25, 2026 13:54:11.081 [281472824955104] DEBUG - [Req#40a/PhotoTranscoder] Request for url [/library/metadata/23/clearLogo/1774440885] (is local: 1 upscaled: 0)
Mar 25, 2026 13:54:11.081 [281472824955104] DEBUG - Content-Length of /config/Library/Application Support/Plex Media Server/Cache/PhotoTranscoder/f8/f8ecdb01a69dace5896973fa2ad9b10812237aca.png is 894860 (of total: 894860).
Mar 25, 2026 13:54:11.084 [281472890089696] DEBUG - Completed: [192.168.97.1:18201] 200 GET /photo/:/transcode?width=1920&height=1920&minSize=0&url=%2Flibrary%2Fmetadata%2F23%2FclearLogo%2F1774440885&format=png (8 live) #40a TLS GZIP 2ms 894860 bytes (pipelined: 10)
Mar 25, 2026 13:54:11.158 [281472827064544] DEBUG - Request: [192.168.97.1:18201 (Subnet)] GET /photo/:/transcode?width=480&height=480&minSize=1&url=%2Flibrary%2Fmetadata%2F23%2Fthumb%2F1774440885&format=jpeg (8 live) #40b TLS GZIP Signed-in Token (oscar.p46)
Mar 25, 2026 13:54:11.158 [281472824955104] DEBUG - Request: [192.168.97.1:18762 (Subnet)] GET /photo/:/transcode?width=480&height=480&minSize=1&url=%2Flibrary%2Fmetadata%2F13%2Fthumb%2F1774435824&format=jpeg (8 live) #403 TLS GZIP Signed-in Token (oscar.p46)
Mar 25, 2026 13:54:11.158 [281472824955104] DEBUG - [Req#403/PhotoTranscoder] Request for url [/library/metadata/13/thumb/1774435824] (is local: 1 upscaled: 0)
Mar 25, 2026 13:54:11.158 [281472827064544] DEBUG - [Req#40b/PhotoTranscoder] Request for url [/library/metadata/23/thumb/1774440885] (is local: 1 upscaled: 0)
Mar 25, 2026 13:54:11.158 [281472824955104] DEBUG - Content-Length of /config/Library/Application Support/Plex Media Server/Cache/PhotoTranscoder/ed/edfe2045aae3ab85fd0bbad8469cc478d44b6e4f.jpeg is 62930 (of total: 62930).
Mar 25, 2026 13:54:11.158 [281472827064544] DEBUG - Content-Length of /config/Library/Application Support/Plex Media Server/Cache/PhotoTranscoder/06/06d83f9a53fdf5c9b492a2f07ccd8efce83f7c4e.jpeg is 51487 (of total: 51487).
Mar 25, 2026 13:54:11.159 [281472890089696] DEBUG - Completed: [192.168.97.1:18762] 200 GET /photo/:/transcode?width=480&height=480&minSize=1&url=%2Flibrary%2Fmetadata%2F13%2Fthumb%2F1774435824&format=jpeg (8 live) #403 TLS GZIP 0ms 62930 bytes (pipelined: 2)
Mar 25, 2026 13:54:11.159 [281472890089696] DEBUG - Completed: [192.168.97.1:18201] 200 GET /photo/:/transcode?width=480&height=480&minSize=1&url=%2Flibrary%2Fmetadata%2F23%2Fthumb%2F1774440885&format=jpeg (8 live) #40b TLS GZIP 0ms 51487 bytes (pipelined: 11)
Mar 25, 2026 13:54:11.198 [281472824955104] DEBUG - Request: [192.168.97.1:18201 (Subnet)] GET /photo/:/transcode?width=480&height=480&minSize=1&url=%2Flibrary%2Fmetadata%2F24%2Fthumb%2F1774440885&format=jpeg (8 live) #40d TLS GZIP Signed-in Token (oscar.p46)
Mar 25, 2026 13:54:11.198 [281472824955104] DEBUG - [Req#40d/PhotoTranscoder] Request for url [/library/metadata/24/thumb/1774440885] (is local: 1 upscaled: 0)
Mar 25, 2026 13:54:11.198 [281472824955104] DEBUG - Content-Length of /config/Library/Application Support/Plex Media Server/Cache/PhotoTranscoder/16/16d508277776ad8acd911e8a220dc8d3c078d221.jpeg is 110500 (of total: 110500).
Mar 25, 2026 13:54:11.198 [281472887980256] DEBUG - Completed: [192.168.97.1:18201] 200 GET /photo/:/transcode?width=480&height=480&minSize=1&url=%2Flibrary%2Fmetadata%2F24%2Fthumb%2F1774440885&format=jpeg (8 live) #40d TLS GZIP 0ms 110500 bytes (pipelined: 12)
Mar 25, 2026 13:54:11.204 [281472827064544] DEBUG - Request: [192.168.97.1:18762 (Subnet)] GET /photo/:/transcode?width=1920&height=1920&minSize=0&url=%2Flibrary%2Fmetadata%2F23%2FsquareArt%2F1774440885&format=jpeg (8 live) #40c TLS GZIP Signed-in Token (oscar.p46)
Mar 25, 2026 13:54:11.204 [281472827064544] DEBUG - [Req#40c/PhotoTranscoder] Request for url [/library/metadata/23/squareArt/1774440885] (is local: 1 upscaled: 0)
Mar 25, 2026 13:54:11.205 [281472827064544] DEBUG - Content-Length of /config/Library/Application Support/Plex Media Server/Cache/PhotoTranscoder/aa/aa1929a490eb3aa0d51e11ad7293ee1a4f1d7249.jpeg is 283852 (of total: 283852).
Mar 25, 2026 13:54:11.205 [281472887980256] DEBUG - Completed: [192.168.97.1:18762] 200 GET /photo/:/transcode?width=1920&height=1920&minSize=0&url=%2Flibrary%2Fmetadata%2F23%2FsquareArt%2F1774440885&format=jpeg (8 live) #40c TLS GZIP 1ms 283852 bytes (pipelined: 3)
Mar 25, 2026 13:54:12.936 [281472824955104] DEBUG - Request: [192.168.97.1:18201 (Subnet)] GET /library/metadata/23?includeExtras=1&includeOnDeck=1&includeRelated=1&includeRelatedCount=20&includeReviews=1&includeExternalMetadata=1&checkFiles=1&includeStations=0&includePopularLeaves=0 (8 live) #40e TLS GZIP Signed-in Token (oscar.p46)
Mar 25, 2026 13:54:12.937 [281472824955104] WARN - [Req#40e] Invalid library metadata ID 23 passed.
Mar 25, 2026 13:54:12.937 [281472890089696] DEBUG - Completed: [192.168.97.1:18201] 404 GET /library/metadata/23?includeExtras=1&includeOnDeck=1&includeRelated=1&includeRelatedCount=20&includeReviews=1&includeExternalMetadata=1&checkFiles=1&includeStations=0&includePopularLeaves=0 (8 live) #40e TLS GZIP 1ms 424 bytes (pipelined: 13)
Mar 25, 2026 13:54:13.546 [281472827064544] DEBUG - Request: [192.168.97.1:18201 (Subnet)] GET /photo/:/transcode?width=360&height=360&minSize=1&url=%2Flibrary%2Fmetadata%2F13%2Fthumb%2F1774435824&format=jpeg (8 live) #410 TLS GZIP Signed-in Token (oscar.p46)
Mar 25, 2026 13:54:13.546 [281472824955104] DEBUG - Request: [192.168.97.1:18762 (Subnet)] GET /photo/:/transcode?width=360&height=360&minSize=1&url=%2Flibrary%2Fmetadata%2F23%2Fthumb%2F1774440885&format=jpeg (8 live) #40f TLS GZIP Signed-in Token (oscar.p46)
Mar 25, 2026 13:54:13.546 [281472824955104] DEBUG - [Req#40f/PhotoTranscoder] Request for url [/library/metadata/23/thumb/1774440885] (is local: 1 upscaled: 0)
Mar 25, 2026 13:54:13.546 [281472812298464] DEBUG - Request: [192.168.97.1:45823 (Subnet)] GET /photo/:/transcode?width=360&height=360&minSize=1&url=%2Flibrary%2Fmetadata%2F24%2Fthumb%2F1774440885&format=jpeg (8 live) #404 TLS GZIP Signed-in Token (oscar.p46)
Mar 25, 2026 13:54:13.546 [281472827064544] DEBUG - [Req#410/PhotoTranscoder] Request for url [/library/metadata/13/thumb/1774435824] (is local: 1 upscaled: 0)
Mar 25, 2026 13:54:13.546 [281472810189024] DEBUG - Request: [192.168.97.1:23940 (Subnet)] GET /photo/:/transcode?width=1280&height=1280&minSize=0&url=%2Flibrary%2Fmetadata%2F23%2FsquareArt%2F1774440885&format=jpeg (8 live) #406 TLS GZIP Signed-in Token (oscar.p46)
Mar 25, 2026 13:54:13.546 [281472812298464] DEBUG - [Req#404/PhotoTranscoder] Request for url [/library/metadata/24/thumb/1774440885] (is local: 1 upscaled: 0)
Mar 25, 2026 13:54:13.546 [281472810189024] DEBUG - [Req#406/PhotoTranscoder] Request for url [/library/metadata/23/squareArt/1774440885] (is local: 1 upscaled: 0)
Mar 25, 2026 13:54:13.547 [281472827064544] DEBUG - Content-Length of /config/Library/Application Support/Plex Media Server/Cache/PhotoTranscoder/34/345cadfda824f76391bdf531f735a573e8beace8.jpeg is 38009 (of total: 38009).
Mar 25, 2026 13:54:13.547 [281472824955104] DEBUG - Content-Length of /config/Library/Application Support/Plex Media Server/Cache/PhotoTranscoder/a4/a4f972f1a3b521b25eb120c3e2ad14fe2d8a4e25.jpeg is 31218 (of total: 31218).
Mar 25, 2026 13:54:13.547 [281472812298464] DEBUG - Content-Length of /config/Library/Application Support/Plex Media Server/Cache/PhotoTranscoder/a4/a4a88133e7ba77c83e51f38ba9a6c68a095119ea.jpeg is 64252 (of total: 64252).
Mar 25, 2026 13:54:13.547 [281472810189024] DEBUG - Content-Length of /config/Library/Application Support/Plex Media Server/Cache/PhotoTranscoder/4b/4bcda3588e0a404257d80f0fbd275c917b6ce650.jpeg is 118920 (of total: 118920).
Mar 25, 2026 13:54:13.547 [281472890089696] DEBUG - Completed: [192.168.97.1:18762] 200 GET /photo/:/transcode?width=360&height=360&minSize=1&url=%2Flibrary%2Fmetadata%2F23%2Fthumb%2F1774440885&format=jpeg (8 live) #40f TLS GZIP 1ms 31218 bytes (pipelined: 4)
Mar 25, 2026 13:54:13.547 [281472890089696] DEBUG - Completed: [192.168.97.1:45823] 200 GET /photo/:/transcode?width=360&height=360&minSize=1&url=%2Flibrary%2Fmetadata%2F24%2Fthumb%2F1774440885&format=jpeg (8 live) #404 TLS GZIP 0ms 64252 bytes (pipelined: 2)
Mar 25, 2026 13:54:13.547 [281472887980256] DEBUG - Completed: [192.168.97.1:18201] 200 GET /photo/:/transcode?width=360&height=360&minSize=1&url=%2Flibrary%2Fmetadata%2F13%2Fthumb%2F1774435824&format=jpeg (8 live) #410 TLS GZIP 1ms 38009 bytes (pipelined: 14)
Mar 25, 2026 13:54:13.547 [281472890089696] DEBUG - Completed: [192.168.97.1:23940] 200 GET /photo/:/transcode?width=1280&height=1280&minSize=0&url=%2Flibrary%2Fmetadata%2F23%2FsquareArt%2F1774440885&format=jpeg (8 live) #406 TLS GZIP 1ms 118920 bytes (pipelined: 2)
Mar 25, 2026 13:54:13.717 [281472810189024] DEBUG - Request: [192.168.97.1:18201 (Subnet)] GET /library/sections/1/prefs (8 live) #413 TLS GZIP Signed-in Token (oscar.p46)
Mar 25, 2026 13:54:13.718 [281472812298464] DEBUG - Request: [192.168.97.1:45823 (Subnet)] GET /library/sections/1/prefs (8 live) #412 TLS GZIP Signed-in Token (oscar.p46)
Mar 25, 2026 13:54:13.718 [281472824955104] DEBUG - Request: [192.168.97.1:18762 (Subnet)] GET /library/metadata/23?includeExtras=1&includeOnDeck=1&includeRelated=1&includeRelatedCount=20&includeReviews=1&includeExternalMetadata=1&checkFiles=1&includeStations=0&includePopularLeaves=0 (8 live) #411 TLS GZIP Signed-in Token (oscar.p46)
Mar 25, 2026 13:54:13.720 [281472827064544] DEBUG - Request: [192.168.97.1:23940 (Subnet)] GET /library/metadata/23?includeExtras=1&includeOnDeck=1&includeRelated=1&includeRelatedCount=20&includeReviews=1&includeExternalMetadata=1&checkFiles=1&includeStations=0&includePopularLeaves=0 (8 live) #414 TLS GZIP Signed-in Token (oscar.p46)
Mar 25, 2026 13:54:13.724 [281472827064544] WARN - [Req#414] Invalid library metadata ID 23 passed.
Mar 25, 2026 13:54:13.724 [281472887980256] DEBUG - Completed: [192.168.97.1:23940] 404 GET /library/metadata/23?includeExtras=1&includeOnDeck=1&includeRelated=1&includeRelatedCount=20&includeReviews=1&includeExternalMetadata=1&checkFiles=1&includeStations=0&includePopularLeaves=0 (8 live) #414 TLS GZIP 4ms 424 bytes (pipelined: 3)
Mar 25, 2026 13:54:13.725 [281472824955104] WARN - [Req#411] Invalid library metadata ID 23 passed.
Mar 25, 2026 13:54:13.726 [281472887980256] DEBUG - Completed: [192.168.97.1:18762] 404 GET /library/metadata/23?includeExtras=1&includeOnDeck=1&includeRelated=1&includeRelatedCount=20&includeReviews=1&includeExternalMetadata=1&checkFiles=1&includeStations=0&includePopularLeaves=0 (8 live) #411 TLS GZIP 7ms 424 bytes (pipelined: 5)
Mar 25, 2026 13:54:13.729 [281472887980256] DEBUG - Completed: [192.168.97.1:18201] 200 GET /library/sections/1/prefs (8 live) #413 TLS GZIP 11ms 3797 bytes (pipelined: 15)
Mar 25, 2026 13:54:13.729 [281472887980256] DEBUG - Completed: [192.168.97.1:45823] 200 GET /library/sections/1/prefs (8 live) #412 TLS GZIP 10ms 3797 bytes (pipelined: 3)
Mar 25, 2026 13:54:18.696 [281472827064544] DEBUG - Request: [192.168.97.1:45823 (Subnet)] PUT /updater/check?download=0 (8 live) #418 TLS GZIP Signed-in Token (oscar.p46)
Mar 25, 2026 13:54:18.697 [281472824955104] DEBUG - Request: [192.168.97.1:18762 (Subnet)] PUT /updater/check?download=0 (8 live) #416 TLS GZIP Signed-in Token (oscar.p46)
Mar 25, 2026 13:54:18.697 [281472810189024] DEBUG - Request: [192.168.97.1:18201 (Subnet)] GET /media/providers (8 live) #417 TLS GZIP Signed-in Token (oscar.p46)
Mar 25, 2026 13:54:18.698 [281472887980256] DEBUG - Completed: [192.168.97.1:18201] 200 GET /media/providers (8 live) #417 TLS GZIP 1ms 4526 bytes (pipelined: 16)
Mar 25, 2026 13:54:18.698 [281472827064544] DEBUG - [Req#418] AutoUpdate: requesting check endpoint: /updater/products/5/check.xml?build=linux-aarch64&channel=16&distribution=debian&version=1.43.0.10492-121068a07, download: NO
Mar 25, 2026 13:54:18.698 [281472827064544] DEBUG - [Req#418] Downloading document https://plex.tv/updater/products/5/check.xml?build=linux-aarch64&channel=16&distribution=debian&version=1.43.0.10492-121068a07
Mar 25, 2026 13:54:18.698 [281472827064544] DEBUG - [Req#418/HCl#3b] HTTP requesting GET https://plex.tv/updater/products/5/check.xml?build=linux-aarch64&channel=16&distribution=debian&version=1.43.0.10492-121068a07
Mar 25, 2026 13:54:19.232 [281472837611744] DEBUG - [HttpClient/HCl#3b] HTTP/1.1 (0.5s) 200 response from GET https://plex.tv/updater/products/5/check.xml?build=linux-aarch64&channel=16&distribution=debian&version=1.43.0.10492-121068a07
Mar 25, 2026 13:54:19.233 [281472827064544] INFO - [Req#418] AutoUpdate: no updates available
Mar 25, 2026 13:54:19.236 [281472890089696] DEBUG - Completed: [192.168.97.1:45823] 200 PUT /updater/check?download=0 (8 live) #418 TLS GZIP 539ms 240 bytes (pipelined: 4)
Mar 25, 2026 13:54:19.236 [281472824955104] DEBUG - [Req#416] AutoUpdate: requesting check endpoint: /updater/products/5/check.xml?build=linux-aarch64&channel=16&distribution=debian&version=1.43.0.10492-121068a07, download: NO
Mar 25, 2026 13:54:19.239 [281472824955104] DEBUG - [Req#416] Downloading document https://plex.tv/updater/products/5/check.xml?build=linux-aarch64&channel=16&distribution=debian&version=1.43.0.10492-121068a07
Mar 25, 2026 13:54:19.239 [281472824955104] DEBUG - [Req#416/HCl#3c] HTTP requesting GET https://plex.tv/updater/products/5/check.xml?build=linux-aarch64&channel=16&distribution=debian&version=1.43.0.10492-121068a07
Mar 25, 2026 13:54:19.259 [281472812298464] DEBUG - Request: [192.168.97.1:18201 (Subnet)] GET /updater/status (8 live) #41a TLS GZIP Signed-in Token (oscar.p46)
Mar 25, 2026 13:54:19.375 [281472837611744] DEBUG - [HttpClient/HCl#3c] HTTP/1.1 (0.1s) 200 response from GET https://plex.tv/updater/products/5/check.xml?build=linux-aarch64&channel=16&distribution=debian&version=1.43.0.10492-121068a07 (reused)
Mar 25, 2026 13:54:19.375 [281472824955104] INFO - [Req#416] AutoUpdate: no updates available
Mar 25, 2026 13:54:19.375 [281472890089696] DEBUG - Completed: [192.168.97.1:18762] 200 PUT /updater/check?download=0 (8 live) #416 TLS GZIP 679ms 240 bytes (pipelined: 6)
Mar 25, 2026 13:54:19.376 [281472890089696] DEBUG - Completed: [192.168.97.1:18201] 200 GET /updater/status (8 live) #41a TLS GZIP 116ms 445 bytes (pipelined: 17)
Mar 25, 2026 13:54:19.461 [281472810189024] DEBUG - Request: [192.168.97.1:18201 (Subnet)] GET /updater/status (8 live) #425 TLS GZIP Signed-in Token (oscar.p46)
Mar 25, 2026 13:54:19.461 [281472887980256] DEBUG - Completed: [192.168.97.1:18201] 200 GET /updater/status (8 live) #425 TLS GZIP 0ms 445 bytes (pipelined: 18)
Mar 25, 2026 13:54:22.614 [281472827064544] DEBUG - Request: [192.168.97.1:18201 (Subnet)] GET /photo/:/transcode?width=1280&height=1280&minSize=0&url=%2Flibrary%2Fmetadata%2F13%2FclearLogo%2F1774435824&format=png (8 live) #426 TLS GZIP Signed-in Token (oscar.p46)
Mar 25, 2026 13:54:22.614 [281472827064544] DEBUG - [Req#426/PhotoTranscoder] Request for url [/library/metadata/13/clearLogo/1774435824] (is local: 1 upscaled: 0)
Mar 25, 2026 13:54:22.615 [281472827064544] DEBUG - Content-Length of /config/Library/Application Support/Plex Media Server/Cache/PhotoTranscoder/90/909968faaf526ebac6ef1ef68fa5f9238df19ce9.png is 67076 (of total: 67076).
Mar 25, 2026 13:54:22.615 [281472890089696] DEBUG - Completed: [192.168.97.1:18201] 200 GET /photo/:/transcode?width=1280&height=1280&minSize=0&url=%2Flibrary%2Fmetadata%2F13%2FclearLogo%2F1774435824&format=png (8 live) #426 TLS GZIP 1ms 67076 bytes (pipelined: 19)
Mar 25, 2026 13:54:22.622 [281472824955104] DEBUG - Request: [192.168.97.1:18762 (Subnet)] GET /library/metadata/13?includeExtras=1&includeOnDeck=1&includeRelated=1&includeRelatedCount=20&includeReviews=1&includeExternalMetadata=1&checkFiles=1&includeStations=0&includePopularLeaves=0 (8 live) #424 TLS GZIP Signed-in Token (oscar.p46)
Mar 25, 2026 13:54:22.623 [281472824955104] WARN - [Req#424] Invalid library metadata ID 13 passed.
Mar 25, 2026 13:54:22.623 [281472887980256] DEBUG - Completed: [192.168.97.1:18762] 404 GET /library/metadata/13?includeExtras=1&includeOnDeck=1&includeRelated=1&includeRelatedCount=20&includeReviews=1&includeExternalMetadata=1&checkFiles=1&includeStations=0&includePopularLeaves=0 (8 live) #424 TLS GZIP 1ms 424 bytes (pipelined: 7)
Mar 25, 2026 13:54:22.643 [281472812298464] DEBUG - Request: [192.168.97.1:18201 (Subnet)] GET /photo/:/transcode?width=1280&height=1280&minSize=0&url=%2Flibrary%2Fmetadata%2F13%2FsquareArt%2F1774435824&format=jpeg (8 live) #427 TLS GZIP Signed-in Token (oscar.p46)
Mar 25, 2026 13:54:22.643 [281472812298464] DEBUG - [Req#427/PhotoTranscoder] Request for url [/library/metadata/13/squareArt/1774435824] (is local: 1 upscaled: 0)
Mar 25, 2026 13:54:22.643 [281472812298464] DEBUG - Content-Length of /config/Library/Application Support/Plex Media Server/Cache/PhotoTranscoder/0d/0d6df943bf0c8826fc2e6fe2f4dffab6508a1520.jpeg is 250231 (of total: 250231).
Mar 25, 2026 13:54:22.644 [281472887980256] DEBUG - Completed: [192.168.97.1:18201] 200 GET /photo/:/transcode?width=1280&height=1280&minSize=0&url=%2Flibrary%2Fmetadata%2F13%2FsquareArt%2F1774435824&format=jpeg (8 live) #427 TLS GZIP 1ms 250231 bytes (pipelined: 20)
Mar 25, 2026 13:54:23.063 [281472810189024] DEBUG - Request: [192.168.97.1:18201 (Subnet)] GET /media/providers (8 live) #429 TLS GZIP Signed-in Token (oscar.p46)
Mar 25, 2026 13:54:23.069 [281472890089696] DEBUG - Completed: [192.168.97.1:18201] 200 GET /media/providers (8 live) #429 TLS GZIP 6ms 4526 bytes (pipelined: 21)
Mar 25, 2026 13:54:23.667 [281472810189024] DEBUG - Request: [192.168.97.1:18201 (Subnet)] GET /library/metadata/13?includeExtras=1&includeOnDeck=1&includeRelated=1&includeRelatedCount=20&includeReviews=1&includeExternalMetadata=1&checkFiles=1&includeStations=0&includePopularLeaves=0 (8 live) #42b TLS GZIP Signed-in Token (oscar.p46)
Mar 25, 2026 13:54:23.668 [281472810189024] WARN - [Req#42b] Invalid library metadata ID 13 passed.
Mar 25, 2026 13:54:23.668 [281472890089696] DEBUG - Completed: [192.168.97.1:18201] 404 GET /library/metadata/13?includeExtras=1&includeOnDeck=1&includeRelated=1&includeRelatedCount=20&includeReviews=1&includeExternalMetadata=1&checkFiles=1&includeStations=0&includePopularLeaves=0 (8 live) #42b TLS GZIP 0ms 424 bytes (pipelined: 22)
Mar 25, 2026 13:54:48.118 [281472810189024] DEBUG - Request: [192.168.97.1:32603 (Subnet)] GET /media/providers (4 live) #402 TLS GZIP Signed-in Token (oscar.p46)
Mar 25, 2026 13:54:48.122 [281472887980256] DEBUG - Completed: [192.168.97.1:32603] 200 GET /media/providers (4 live) #402 TLS GZIP 4ms 4526 bytes (pipelined: 1)
Mar 25, 2026 13:55:11.070 [281472827064544] DEBUG - [Req#407] BPQ: onConsiderProcessing: Idle (true)
Mar 25, 2026 13:55:11.070 [281472827064544] DEBUG - [Req#407] BPQ: [Idle] -> [Processing]
Mar 25, 2026 13:55:11.074 [281472827064544] DEBUG - [Req#407] BPQ: generating queue items from 0 generator(s)
Mar 25, 2026 13:55:11.074 [281472827064544] DEBUG - [Req#407] BPQ: generated 0 item(s) for queue
Mar 25, 2026 13:55:11.075 [281472827064544] DEBUG - [Req#407] BPQ: [Processing] -> [Idle]
Mar 25, 2026 13:55:13.241 [281472810189024] DEBUG - Request: [192.168.97.1:18132 (Subnet)] GET /media/providers (4 live) #432 TLS GZIP Signed-in Token (oscar.p46)
Mar 25, 2026 13:55:13.245 [281472890089696] DEBUG - Completed: [192.168.97.1:18132] 200 GET /media/providers (4 live) #432 TLS GZIP 4ms 4526 bytes (pipelined: 1)
Mar 25, 2026 13:55:38.181 [281472810189024] DEBUG - Request: [192.168.97.1:21803 (Subnet)] GET /media/providers (4 live) #43a TLS GZIP Signed-in Token (oscar.p46)
Mar 25, 2026 13:55:38.183 [281472887980256] DEBUG - Completed: [192.168.97.1:21803] 200 GET /media/providers (4 live) #43a TLS GZIP 2ms 4526 bytes (pipelined: 1)
Mar 25, 2026 13:56:04.135 [281472818626784] INFO - Library section 1 (Películas) will be updated because of a change in "/movies/Little Amélie or the Character of Rain (2025)"
Mar 25, 2026 13:56:04.135 [281472818626784] DEBUG - [Notify] New directory: "/movies/Little Amélie or the Character of Rain (2025)", adding recursively.
Mar 25, 2026 13:56:04.135 [281472818626784] DEBUG - [Notify] Now watching "/movies/Little Amélie or the Character of Rain (2025)"
Mar 25, 2026 13:56:04.146 [281472818626784] INFO - Library section 1 (Películas) will be updated because of a change in "/movies/Little Amélie or the Character of Rain (2025)/Little Amélie or the Character of Rain (2025) Bluray-1080p.mp4"
Mar 25, 2026 13:56:09.140 [281472801751264] DEBUG - Library Updater: Requested that section 1 be updated, force=0, subdir=/movies iTunes=0
Mar 25, 2026 13:56:09.140 [281472801751264] DEBUG - Library Updater: Queueing section 1
Mar 25, 2026 13:56:09.178 [281472835502304] DEBUG - Library Updater: Requested that section 1 be updated, force=0, subdir=/movies/Little Amélie or the Character of Rain (2025) iTunes=0
Mar 25, 2026 13:56:09.179 [281472835502304] DEBUG - Library Updater: Queueing section 1
Mar 25, 2026 13:56:09.183 [281472829173984] DEBUG - Activity: registered new activity 4e403204-7a8b-49f5-b845-7ab526b0725a - "Scanning"
Mar 25, 2026 13:56:09.192 [281472829173984] DEBUG - Scanning section 1
Mar 25, 2026 13:56:09.197 [281472829173984] DEBUG - Activity: updated activity 4e403204-7a8b-49f5-b845-7ab526b0725a - completed 0.0% - Scanning Películas
Mar 25, 2026 13:56:09.198 [281472829173984] DEBUG - Job was already killed, not killing again.
Mar 25, 2026 13:56:09.205 [281472829173984] DEBUG - Asked to cull library timeline before time 1774442169, we're starting with 18 items.
Mar 25, 2026 13:56:09.207 [281472829173984] DEBUG - Library timeline cull complete with 18 items left.
Mar 25, 2026 13:56:09.207 [281472829173984] DEBUG - Scanning Películas using es-ES(Plex Movie) with 0 current media items and 1 section locations in the database.
Mar 25, 2026 13:56:09.207 [281472829173984] DEBUG - Performing a scan with 'Plex Movie' (language: es-ES virtual: 0).
Mar 25, 2026 13:56:09.207 [281472829173984] DEBUG -   * Scanning /movies
Mar 25, 2026 13:56:09.207 [281472829173984] DEBUG - Scanner: Processing directory /movies (parent: no)
Mar 25, 2026 13:56:09.208 [281472829173984] DEBUG - Skipping over directory '', as nothing has changed; removing 0 media items from map.
Mar 25, 2026 13:56:09.208 [281472829173984] DEBUG - Scanner: Processing directory /movies/Little Amélie or the Character of Rain (2025) (parent: yes)
Mar 25, 2026 13:56:09.241 [281472829173984] DEBUG - Directory had 1 files, database had 0 files, can't skip.
Mar 25, 2026 13:56:09.242 [281472829173984] DEBUG - Activity: updated activity 4e403204-7a8b-49f5-b845-7ab526b0725a - completed 99.0% - Scanning Películas
Mar 25, 2026 13:56:09.242 [281472827064544] DEBUG - Native Scanner: Executed Local Metadata stage in 0.00 sec.
Mar 25, 2026 13:56:09.247 [281472810189024] DEBUG - Request: [192.168.97.1:28099 (Subnet)] GET /library/sections (4 live) #43e GZIP Signed-in Token (oscar.p46)
Mar 25, 2026 13:56:09.257 [281472890089696] DEBUG - Completed: [192.168.97.1:28099] 200 GET /library/sections (4 live) #43e GZIP 10ms 867 bytes (pipelined: 1)
Mar 25, 2026 13:56:09.287 [281472818626784] INFO - Library section 1 (Películas) will be updated because of a change in "/movies/Little Amélie or the Character of Rain (2025)/Little Amélie or the Character of Rain (2025) Bluray-1080p.mp4"
Mar 25, 2026 13:56:09.505 [281472827064544] DEBUG - Scanner [Plex Movie]: found agent match for file '/movies/Little Amélie or the Character of Rain (2025)/Little Amélie or the Character of Rain (2025) Bluray-1080p.mp4': 'Little Amelie'
Mar 25, 2026 13:56:09.511 [281472827064544] DEBUG - Native Scanner: Executed Agent Match stage in 0.27 sec.
Mar 25, 2026 13:56:09.513 [281472827064544] DEBUG - Skipping hash check, no size match for 813105152 bytes.
Mar 25, 2026 13:56:09.513 [281472827064544] DEBUG - No match for hash.
Mar 25, 2026 13:56:09.565 [281472827064544] DEBUG - Added new metadata item (Little Amelie) with ID 33
Mar 25, 2026 13:56:09.565 [281472805970144] DEBUG - [LibraryTimeline] Scanner activity on section 1: 1 added, 0 deleted
Mar 25, 2026 13:56:09.572 [281472827064544] DEBUG - Native Scanner: Executed Add to Database stage in 0.06 sec.
Mar 25, 2026 13:56:09.573 [281472799641824] DEBUG - Media Analyzer: Performing on-the-fly analysis on 1 item.
Mar 25, 2026 13:56:09.573 [281472799641824] DEBUG - [JobRunner] Job running: FFMPEG_EXTERNAL_LIBS='/config/Library/Application\ Support/Plex\ Media\ Server/Codecs/74455c4-a119aa85fdef32b7dbfbf8a2-linux-aarch64/' X_PLEX_TOKEN=xxxxxxxxxxxxxxxxxxxxxxxxxxxxxxxxxxxxxxxxxx "/usr/lib/plexmediaserver/Plex Media Scanner" --analyze --log-file-suffix " Analysis" --no-thumbs --item 33
Mar 25, 2026 13:56:09.577 [281472799641824] DEBUG - [JobRunner] Jobs: Starting child process with pid 415
Mar 25, 2026 13:56:09.747 [281472810189024] DEBUG - Request: [192.168.97.1:48958 (Subnet)] GET /media/providers (5 live) #452 GZIP Signed-in Token (oscar.p46)
Mar 25, 2026 13:56:09.747 [281472797532384] DEBUG - Request: [192.168.97.1:28099 (Subnet)] GET /media/providers (5 live) #453 GZIP Signed-in Token (oscar.p46)
Mar 25, 2026 13:56:09.751 [281472890089696] DEBUG - Completed: [192.168.97.1:28099] 200 GET /media/providers (6 live) #453 GZIP 3ms 4623 bytes (pipelined: 2)
Mar 25, 2026 13:56:09.751 [281472887980256] DEBUG - Completed: [192.168.97.1:48958] 200 GET /media/providers (6 live) #452 GZIP 4ms 4495 bytes (pipelined: 1)
Mar 25, 2026 13:56:09.753 [281472797532384] DEBUG - Request: [192.168.97.1:18658 (Subnet)] GET /media/providers (6 live) #45c TLS GZIP Signed-in Token (oscar.p46)
Mar 25, 2026 13:56:09.755 [281472887980256] DEBUG - Completed: [192.168.97.1:18658] 200 GET /media/providers (6 live) #45c TLS GZIP 2ms 4623 bytes (pipelined: 1)
Mar 25, 2026 13:56:09.757 [281472810189024] DEBUG - Request: [192.168.97.0:52374 (Subnet)] GET /media/providers (7 live) #45d TLS GZIP Signed-in Token (oscar.p46)
Mar 25, 2026 13:56:09.762 [281472887980256] DEBUG - Completed: [192.168.97.0:52374] 200 GET /media/providers (7 live) #45d TLS GZIP 5ms 4623 bytes (pipelined: 1)
Mar 25, 2026 13:56:09.775 [281472797532384] DEBUG - Request: [192.168.97.1:48958 (Subnet)] GET /library/sections/1/firstCharacter?sort=titleSort&includeCollections=1&includeExternalMedia=1 (7 live) #460 GZIP Signed-in Token (oscar.p46)
Mar 25, 2026 13:56:09.777 [281472887980256] DEBUG - Completed: [192.168.97.1:48958] 200 GET /library/sections/1/firstCharacter?sort=titleSort&includeCollections=1&includeExternalMedia=1 (7 live) #460 GZIP 1ms 586 bytes (pipelined: 2)
Mar 25, 2026 13:56:10.015 [281472810189024] DEBUG - Request: [127.0.0.1:41818 (Loopback)] GET /:/metadata/notify/changeItemState?librarySectionID=1&metadataItemID=33&metadataType=1&state=-1&parentID=-1&rootID=-1&mediaState=analyzing (8 live) #464 GZIP Signed-in Token (oscar.p46)
Mar 25, 2026 13:56:10.016 [281472887980256] DEBUG - Completed: [127.0.0.1:41818] 200 GET /:/metadata/notify/changeItemState?librarySectionID=1&metadataItemID=33&metadataType=1&state=-1&parentID=-1&rootID=-1&mediaState=analyzing (8 live) #464 GZIP 0ms 195 bytes (pipelined: 1)
Mar 25, 2026 13:56:10.017 [281472810189024] DEBUG - Request: [127.0.0.1:41818 (Loopback)] GET /library/changestamp (9 live) #469 GZIP Signed-in Token (oscar.p46)
Mar 25, 2026 13:56:10.017 [281472890089696] DEBUG - Completed: [127.0.0.1:41818] 200 GET /library/changestamp (9 live) #469 GZIP 0ms 417 bytes (pipelined: 2)
Mar 25, 2026 13:56:10.017 [281472810189024] DEBUG - Request: [127.0.0.1:41820 (Loopback)] GET /:/metadata/notify/changeItemState?librarySectionID=1&metadataItemID=33&metadataType=1&state=-1&parentID=-1&rootID=-1&mediaState=idle (9 live) #468 GZIP Signed-in Token (oscar.p46)
Mar 25, 2026 13:56:10.017 [281472890089696] DEBUG - Completed: [127.0.0.1:41820] 200 GET /:/metadata/notify/changeItemState?librarySectionID=1&metadataItemID=33&metadataType=1&state=-1&parentID=-1&rootID=-1&mediaState=idle (9 live) #468 GZIP 0ms 195 bytes (pipelined: 1)
Mar 25, 2026 13:56:10.022 [281472797532384] DEBUG - Request: [127.0.0.1:41818 (Loopback)] GET /library/changestamp (9 live) #46f GZIP Signed-in Token (oscar.p46)
Mar 25, 2026 13:56:10.022 [281472887980256] DEBUG - Completed: [127.0.0.1:41818] 200 GET /library/changestamp (9 live) #46f GZIP 0ms 417 bytes (pipelined: 3)
Mar 25, 2026 13:56:10.023 [281472900354272] DEBUG - Jobs: '/usr/lib/plexmediaserver/Plex Media Scanner' exit code for process 415 is 0 (success)
Mar 25, 2026 13:56:10.024 [281472799641824] DEBUG - Killing job.
Mar 25, 2026 13:56:10.024 [281472799641824] DEBUG - Signalling job ID 415 with 9
Mar 25, 2026 13:56:10.024 [281472799641824] DEBUG - Media Analyzer: Background analysis completed in 0.5 seconds, removing 1 IDs
Mar 25, 2026 13:56:10.024 [281472827064544] DEBUG - MetadataAgentPostProcessor: adding id 33 to refresh queue (0 items in queue)
Mar 25, 2026 13:56:10.024 [281472827064544] DEBUG - Native Scanner: Executed Media Analysis stage in 0.45 sec.
Mar 25, 2026 13:56:10.024 [281472829173984] DEBUG - Scanner [Plex Movie]: Idle and left with 0 media items.
Mar 25, 2026 13:56:10.024 [281472829173984] DEBUG - Removing 0 media items that were left.
Mar 25, 2026 13:56:10.024 [281472829173984] DEBUG - Removing 0 directories that were left.
Mar 25, 2026 13:56:10.024 [281472829173984] DEBUG - Updating directory '' (ID 4) to time 2026-03-25 13:56:04.
Mar 25, 2026 13:56:10.024 [281472829173984] DEBUG - Updating directory 'Little Amélie or the Character of Rain (2025)' (ID 9) to time 2026-03-25 13:56:04.
Mar 25, 2026 13:56:10.025 [281472829173984] DEBUG - Collections: Found 0 collections tags in section 1.
Mar 25, 2026 13:56:10.025 [281472829173984] DEBUG - Collections: We had 0 collections in the library already.
Mar 25, 2026 13:56:10.025 [281472829173984] DEBUG - Collections: Synced tags in section 1 in 0ms.
Mar 25, 2026 13:56:10.026 [281472829173984] DEBUG - Collections: Refreshed attributes for 0 collections in section 1 in 1ms.
Mar 25, 2026 13:56:10.026 [281472829173984] DEBUG - Collection: Refreshed visibility in section 1 in 0ms.
Mar 25, 2026 13:56:10.026 [281472829173984] DEBUG - Activity: updated activity 4e403204-7a8b-49f5-b845-7ab526b0725a - completed 100.0% - Scanning Películas
Mar 25, 2026 13:56:10.026 [281472829173984] DEBUG - Refreshing section 1 of type: 1
Mar 25, 2026 13:56:10.027 [281472784900320] DEBUG - Refreshing 0 IDs.
Mar 25, 2026 13:56:10.027 [281472829173984] DEBUG - Activity: registered new activity 934dffe2-4326-4618-acf3-98a4db690502 - "Processing subscriptions"
Mar 25, 2026 13:56:10.028 [281472829173984] DEBUG - Activity: Ended activity 4e403204-7a8b-49f5-b845-7ab526b0725a.
Mar 25, 2026 13:56:10.028 [281472795422944] DEBUG - Activity: registered new activity 1bd5a522-9aa6-4eed-90e0-d40b94250b21 - "Updating Metadata"
Mar 25, 2026 13:56:10.028 [281472803860704] DEBUG - Grabber: Cleaning up orphaned grabs.
Mar 25, 2026 13:56:10.029 [281472803860704] DEBUG - Grabber: Cleaned up 0 decrepit directories in 0.0 sec.
Mar 25, 2026 13:56:10.029 [281472803860704] DEBUG - Activity: registered new activity dfeb72bb-92f2-4ebc-a904-6c0996dcf13e - "Processing subscriptions"
Mar 25, 2026 13:56:10.029 [281472803860704] DEBUG - Subscription: Scheduling subscriptions.
Mar 25, 2026 13:56:10.029 [281472803860704] DEBUG - Subscription: Initialized 0 schedulers.
Mar 25, 2026 13:56:10.029 [281472803860704] DEBUG - Subscription: Starting with 0 grabs, scheduled 0 active ones preemptively.
Mar 25, 2026 13:56:10.029 [281472803860704] DEBUG - Subscription: Scheduled all subscriptions in 0 ms.
Mar 25, 2026 13:56:10.029 [281472795422944] DEBUG - Updating media item 63, size=869531648, metadata_item_id=33
Mar 25, 2026 13:56:10.029 [281472795422944] DEBUG - Updating part with ID=63 [/movies/Little Amélie or the Character of Rain (2025)/Little Amélie or the Character of Rain (2025) Bluray-1080p.mp4]
Mar 25, 2026 13:56:10.030 [281472803860704] DEBUG - Activity: Ended activity dfeb72bb-92f2-4ebc-a904-6c0996dcf13e.
Mar 25, 2026 13:56:10.030 [281472795422944] DEBUG - Updating part with ID=63 [/movies/Little Amélie or the Character of Rain (2025)/Little Amélie or the Character of Rain (2025) Bluray-1080p.mp4]
Mar 25, 2026 13:56:10.031 [281472795422944] DEBUG - MetadataAgent [tv.plex.agents.movie]: part hashes for item 33 ('Little Amelie') have changed.
Mar 25, 2026 13:56:10.031 [281472795422944] DEBUG - Activity: updated activity 1bd5a522-9aa6-4eed-90e0-d40b94250b21 - completed 49.0% - Updating Metadata
Mar 25, 2026 13:56:10.032 [281472829173984] DEBUG - Activity: registered new activity 5ec01924-3223-4008-a4de-1cbe5d65bbe3 - "Scanning"
Mar 25, 2026 13:56:10.033 [281472803860704] DEBUG - Subscription: There are 0 active grabs at the end.
Mar 25, 2026 13:56:10.033 [281472803860704] DEBUG - Activity: Ended activity 934dffe2-4326-4618-acf3-98a4db690502.
Mar 25, 2026 13:56:10.033 [281472803860704] DEBUG - Subscription: Refreshed all content in 5 ms.
Mar 25, 2026 13:56:10.033 [281472829173984] DEBUG - Scanning section 1
Mar 25, 2026 13:56:10.033 [281472829173984] DEBUG - Activity: updated activity 5ec01924-3223-4008-a4de-1cbe5d65bbe3 - completed 0.0% - Scanning Películas
Mar 25, 2026 13:56:10.034 [281472829173984] DEBUG - Job was already killed, not killing again.
Mar 25, 2026 13:56:10.034 [281472829173984] DEBUG - Asked to cull library timeline before time 1774442170, we're starting with 19 items.
Mar 25, 2026 13:56:10.034 [281472829173984] DEBUG - Library timeline cull complete with 19 items left.
Mar 25, 2026 13:56:10.034 [281472829173984] DEBUG - Scanning Películas using es-ES(Plex Movie) with 1 current media items and 1 section locations in the database.
Mar 25, 2026 13:56:10.034 [281472829173984] DEBUG - Performing a scan with 'Plex Movie' (language: es-ES virtual: 0).
Mar 25, 2026 13:56:10.034 [281472829173984] DEBUG -   * Scanning /movies/Little Amélie or the Character of Rain (2025)
Mar 25, 2026 13:56:10.034 [281472829173984] DEBUG - Scanner: Processing directory /movies/Little Amélie or the Character of Rain (2025) (parent: yes)
Mar 25, 2026 13:56:10.035 [281472829173984] DEBUG - File '/movies/Little Amélie or the Character of Rain (2025)/Little Amélie or the Character of Rain (2025) Bluray-1080p.mp4' changed size, can't skip.
Mar 25, 2026 13:56:10.035 [281472824955104] DEBUG - Native Scanner: Executed Local Metadata stage in 0.00 sec.
Mar 25, 2026 13:56:10.035 [281472829173984] DEBUG - Activity: updated activity 5ec01924-3223-4008-a4de-1cbe5d65bbe3 - completed 0.0% - Scanning Películas
Mar 25, 2026 13:56:10.035 [281472829173984] DEBUG - Activity: updated activity 5ec01924-3223-4008-a4de-1cbe5d65bbe3 - completed 99.0% - Scanning Películas
Mar 25, 2026 13:56:10.038 [281472824955104] DEBUG - Scanner [Plex Movie]: found existing media id 63
Mar 25, 2026 13:56:10.038 [281472824955104] DEBUG - Native Scanner: Executed Agent Match stage in 0.00 sec.
Mar 25, 2026 13:56:10.038 [281472827064544] DEBUG - Path matched, we're reusing media item 63
Mar 25, 2026 13:56:10.042 [281472810189024] DEBUG - Request: [192.168.97.1:28099 (Subnet)] GET /library/sections (7 live) #461 GZIP Signed-in Token (oscar.p46)
Mar 25, 2026 13:56:10.042 [281472887980256] DEBUG - Completed: [192.168.97.1:28099] 200 GET /library/sections (7 live) #461 GZIP 0ms 867 bytes (pipelined: 3)
Mar 25, 2026 13:56:10.042 [281472827064544] DEBUG - Noting item as needing media analysis, scanning=0, streams=0, missing channels=0, streamability=0, size=1, time=0.
Mar 25, 2026 13:56:10.047 [281472827064544] DEBUG - Turbo analysis on modified item 63 [/movies/Little Amélie or the Character of Rain (2025)/Little Amélie or the Character of Rain (2025) Bluray-1080p.mp4]
Mar 25, 2026 13:56:10.049 [281472827064544] DEBUG - Updating media item 63, size=871694336, metadata_item_id=33
Mar 25, 2026 13:56:10.049 [281472827064544] DEBUG - Updating part with ID=63 [/movies/Little Amélie or the Character of Rain (2025)/Little Amélie or the Character of Rain (2025) Bluray-1080p.mp4]
Mar 25, 2026 13:56:10.049 [281472827064544] DEBUG - Native Scanner: Executed Add to Database stage in 0.01 sec.
Mar 25, 2026 13:56:10.049 [281472827064544] DEBUG - Native Scanner: Executed Media Analysis stage in 0.00 sec.
Mar 25, 2026 13:56:10.049 [281472799641824] DEBUG - Media Analyzer: Performing on-the-fly analysis on 1 item.
Mar 25, 2026 13:56:10.049 [281472799641824] DEBUG - [JobRunner] Job running: FFMPEG_EXTERNAL_LIBS='/config/Library/Application\ Support/Plex\ Media\ Server/Codecs/74455c4-a119aa85fdef32b7dbfbf8a2-linux-aarch64/' X_PLEX_TOKEN=xxxxxxxxxxxxxxxxxxxxxxxxxxxxxxxxxxxxxxxxxx "/usr/lib/plexmediaserver/Plex Media Scanner" --analyze --log-file-suffix " Analysis" --no-thumbs --item 33
Mar 25, 2026 13:56:10.050 [281472799641824] DEBUG - [JobRunner] Jobs: Starting child process with pid 425
Mar 25, 2026 13:56:10.051 [281472829173984] DEBUG - Scanner [Plex Movie]: Idle and left with 0 media items.
Mar 25, 2026 13:56:10.051 [281472829173984] DEBUG - Removing 0 media items that were left.
Mar 25, 2026 13:56:10.051 [281472829173984] DEBUG - Removing 0 directories that were left.
Mar 25, 2026 13:56:10.051 [281472829173984] DEBUG - Updating directory 'Little Amélie or the Character of Rain (2025)' (ID 9) to time 2026-03-25 13:56:04.
Mar 25, 2026 13:56:10.052 [281472829173984] DEBUG - Collections: Found 0 collections tags in section 1.
Mar 25, 2026 13:56:10.052 [281472829173984] DEBUG - Collections: We had 0 collections in the library already.
Mar 25, 2026 13:56:10.052 [281472829173984] DEBUG - Collections: Synced tags in section 1 in 0ms.
Mar 25, 2026 13:56:10.053 [281472829173984] DEBUG - Collections: Refreshed attributes for 0 collections in section 1 in 0ms.
Mar 25, 2026 13:56:10.053 [281472829173984] DEBUG - Collection: Refreshed visibility in section 1 in 0ms.
Mar 25, 2026 13:56:10.053 [281472829173984] DEBUG - Activity: updated activity 5ec01924-3223-4008-a4de-1cbe5d65bbe3 - completed 100.0% - Scanning Películas
Mar 25, 2026 13:56:10.054 [281472829173984] DEBUG - Refreshing section 1 of type: 1
Mar 25, 2026 13:56:10.054 [281472784900320] DEBUG - Refreshing 0 IDs.
Mar 25, 2026 13:56:10.054 [281472829173984] DEBUG - Activity: registered new activity 687230af-608a-4f14-8e0d-a4c7b881cdd8 - "Processing subscriptions"
Mar 25, 2026 13:56:10.055 [281472801751264] DEBUG - Grabber: Cleaning up orphaned grabs.
Mar 25, 2026 13:56:10.055 [281472801751264] DEBUG - Grabber: Cleaned up 0 decrepit directories in 0.0 sec.
Mar 25, 2026 13:56:10.055 [281472801751264] DEBUG - Activity: registered new activity 250f5c20-929a-4435-86b9-d73f4050be88 - "Processing subscriptions"
Mar 25, 2026 13:56:10.055 [281472801751264] DEBUG - Subscription: Scheduling subscriptions.
Mar 25, 2026 13:56:10.056 [281472801751264] DEBUG - Subscription: Initialized 0 schedulers.
Mar 25, 2026 13:56:10.056 [281472801751264] DEBUG - Subscription: Starting with 0 grabs, scheduled 0 active ones preemptively.
Mar 25, 2026 13:56:10.056 [281472801751264] DEBUG - Subscription: Scheduled all subscriptions in 0 ms.
Mar 25, 2026 13:56:10.056 [281472801751264] DEBUG - Activity: Ended activity 250f5c20-929a-4435-86b9-d73f4050be88.
Mar 25, 2026 13:56:10.056 [281472801751264] DEBUG - Subscription: There are 0 active grabs at the end.
Mar 25, 2026 13:56:10.056 [281472801751264] DEBUG - Activity: Ended activity 687230af-608a-4f14-8e0d-a4c7b881cdd8.
Mar 25, 2026 13:56:10.056 [281472801751264] DEBUG - Subscription: Refreshed all content in 1 ms.
Mar 25, 2026 13:56:10.067 [281472829173984] DEBUG - Activity: Ended activity 5ec01924-3223-4008-a4de-1cbe5d65bbe3.
Mar 25, 2026 13:56:10.068 [281472797532384] DEBUG - Request: [192.168.97.1:28099 (Subnet)] GET /library/sections/1/firstCharacter?sort=titleSort&includeCollections=1&includeExternalMedia=1 (7 live) #4b0 GZIP Signed-in Token (oscar.p46)
Mar 25, 2026 13:56:10.070 [281472890089696] DEBUG - Completed: [192.168.97.1:28099] 200 GET /library/sections/1/firstCharacter?sort=titleSort&includeCollections=1&includeExternalMedia=1 (7 live) #4b0 GZIP 1ms 714 bytes (pipelined: 4)
Mar 25, 2026 13:56:10.075 [281472810189024] DEBUG - Request: [192.168.97.1:28099 (Subnet)] GET /library/sections (7 live) #4cd GZIP Signed-in Token (oscar.p46)
Mar 25, 2026 13:56:10.075 [281472887980256] DEBUG - Completed: [192.168.97.1:28099] 200 GET /library/sections (7 live) #4cd GZIP 0ms 863 bytes (pipelined: 5)
Mar 25, 2026 13:56:10.125 [281472795422944] DEBUG - [JobRunner] Job running: FFMPEG_EXTERNAL_LIBS='/config/Library/Application\ Support/Plex\ Media\ Server/Codecs/74455c4-a119aa85fdef32b7dbfbf8a2-linux-aarch64/' X_PLEX_TOKEN=xxxxxxxxxxxxxxxxxxxxxxxxxxxxxxxxxxxxxxxxxx "/usr/lib/plexmediaserver/Plex Media Scanner" --match --type 1 --log-file-suffix " Matcher" --item 33 --content-type=application/json
Mar 25, 2026 13:56:10.127 [281472795422944] DEBUG - [JobRunner] Jobs: Starting child process with pid 429
Mar 25, 2026 13:56:10.225 [281472797532384] DEBUG - Request: [127.0.0.1:41834 (Loopback)] GET /:/metadata/notify/changeItemState?librarySectionID=1&metadataItemID=33&metadataType=1&state=-1&parentID=-1&rootID=-1&mediaState=analyzing (8 live) #46e GZIP Signed-in Token (oscar.p46)
Mar 25, 2026 13:56:10.226 [281472890089696] DEBUG - Completed: [127.0.0.1:41834] 200 GET /:/metadata/notify/changeItemState?librarySectionID=1&metadataItemID=33&metadataType=1&state=-1&parentID=-1&rootID=-1&mediaState=analyzing (8 live) #46e GZIP 0ms 195 bytes (pipelined: 1)
Mar 25, 2026 13:56:10.227 [281472810189024] DEBUG - Request: [127.0.0.1:41834 (Loopback)] GET /:/metadata/notify/changeItemState?librarySectionID=1&metadataItemID=33&metadataType=1&state=-1&parentID=-1&rootID=-1&mediaState=idle (8 live) #4d0 GZIP Signed-in Token (oscar.p46)
Mar 25, 2026 13:56:10.227 [281472890089696] DEBUG - Completed: [127.0.0.1:41834] 200 GET /:/metadata/notify/changeItemState?librarySectionID=1&metadataItemID=33&metadataType=1&state=-1&parentID=-1&rootID=-1&mediaState=idle (8 live) #4d0 GZIP 0ms 195 bytes (pipelined: 2)
Mar 25, 2026 13:56:10.229 [281472900354272] DEBUG - Jobs: '/usr/lib/plexmediaserver/Plex Media Scanner' exit code for process 425 is 0 (success)
Mar 25, 2026 13:56:10.229 [281472799641824] DEBUG - Killing job.
Mar 25, 2026 13:56:10.229 [281472799641824] DEBUG - Signalling job ID 425 with 9
Mar 25, 2026 13:56:10.229 [281472799641824] DEBUG - Media Analyzer: Background analysis completed in 0.2 seconds, removing 1 IDs
Mar 25, 2026 13:56:10.247 [281472795422944] DEBUG - Killing job.
Mar 25, 2026 13:56:10.247 [281472795422944] DEBUG - Signalling job ID 429 with 9
Mar 25, 2026 13:56:10.248 [281472900354272] DEBUG - Jobs: '/usr/lib/plexmediaserver/Plex Media Scanner' exit code for process 429 is 0 (success)
Mar 25, 2026 13:56:10.253 [281472795422944] DEBUG - [HCl#40] HTTP requesting GET https://image.tmdb.org/t/p/original/aT6QQUpKTHtbfHMxe4tDG2B5tGC.jpg
Mar 25, 2026 13:56:10.423 [281472837611744] DEBUG - [HttpClient/HCl#40] HTTP/2.0 (0.2s) 200 response from GET https://image.tmdb.org/t/p/original/aT6QQUpKTHtbfHMxe4tDG2B5tGC.jpg
Mar 25, 2026 13:56:10.423 [281472795422944] DEBUG - [HCl#41] HTTP requesting GET https://metadata-static.plex.tv/a/gracenote/a03dfbb056bf345f2515134d0455b412.jpg
Mar 25, 2026 13:56:10.480 [281472837611744] DEBUG - [HttpClient/HCl#41] HTTP/2.0 (0.1s) 200 response from GET https://metadata-static.plex.tv/a/gracenote/a03dfbb056bf345f2515134d0455b412.jpg
Mar 25, 2026 13:56:10.481 [281472795422944] DEBUG - [HCl#42] HTTP requesting GET https://metadata-static.plex.tv/d/683a142553/d095b9a7864b160e82eafe258a282f15.png
Mar 25, 2026 13:56:10.521 [281472837611744] DEBUG - [HttpClient/HCl#42] HTTP/2.0 (0.0s) 200 response from GET https://metadata-static.plex.tv/d/683a142553/d095b9a7864b160e82eafe258a282f15.png (reused)
Mar 25, 2026 13:56:10.522 [281472795422944] DEBUG - [HCl#43] HTTP requesting GET https://metadata-static.plex.tv/2/gracenote/288018dc2d26b13ed9b3377071dcb52e.jpg
Mar 25, 2026 13:56:10.558 [281472837611744] DEBUG - [HttpClient/HCl#43] HTTP/2.0 (0.0s) 200 response from GET https://metadata-static.plex.tv/2/gracenote/288018dc2d26b13ed9b3377071dcb52e.jpg (reused)
Mar 25, 2026 13:56:10.559 [281472795422944] DEBUG - Loaded metadata for Little Amelie (ID 33) in 311ms
Mar 25, 2026 13:56:10.559 [281472795422944] DEBUG - Doing expensive tags write for 'Little Amelie' because something changed.
Mar 25, 2026 13:56:10.560 [281472795422944] DEBUG - Local media already exists (metadata://posters/tv.plex.agents.movie_6b069e20e07355c015503cd6ac9a40e13ffa54b9)
Mar 25, 2026 13:56:10.560 [281472795422944] DEBUG - Doing expensive tags write for 'Little Amelie' because something changed.
Mar 25, 2026 13:56:10.561 [281472795422944] DEBUG - Local media already exists (metadata://art/tv.plex.agents.movie_baffd6976d4db56e20c4feaf650d739dbc1d8ab4)
Mar 25, 2026 13:56:10.561 [281472795422944] DEBUG - Doing expensive tags write for 'Little Amelie' because something changed.
Mar 25, 2026 13:56:10.562 [281472795422944] DEBUG - Doing expensive tags write for 'Little Amelie' because something changed.
Mar 25, 2026 13:56:10.563 [281472795422944] DEBUG - Doing expensive tags write for 'Little Amelie' because something changed.
Mar 25, 2026 13:56:10.564 [281472795422944] DEBUG - Doing expensive tags write for 'Little Amelie' because something changed.
Mar 25, 2026 13:56:10.588 [281472795422944] DEBUG - Doing expensive tags write for 'Little Amelie' because something changed.
Mar 25, 2026 13:56:10.601 [281472795422944] DEBUG - Doing expensive tags write for 'Little Amelie' because something changed.
Mar 25, 2026 13:56:10.602 [281472795422944] DEBUG - Doing expensive tags write for 'Little Amelie' because something changed.
Mar 25, 2026 13:56:10.604 [281472795422944] DEBUG - Doing expensive tags write for 'Little Amelie' because something changed.
Mar 25, 2026 13:56:10.605 [281472795422944] DEBUG - Local media already exists (metadata://clearLogos/tv.plex.agents.movie_bdf6640961c8f01b4736589fa21ab0323bd0ce76)
Mar 25, 2026 13:56:10.605 [281472795422944] DEBUG - Doing expensive tags write for 'Little Amelie' because something changed.
Mar 25, 2026 13:56:10.605 [281472795422944] DEBUG - Local media already exists (metadata://squareArt/tv.plex.agents.movie_2c5386a10186ba6de2e7270ac63dc00b341db470)
Mar 25, 2026 13:56:10.605 [281472795422944] DEBUG - Doing expensive tags write for 'Little Amelie' because something changed.
Mar 25, 2026 13:56:10.606 [281472795422944] DEBUG - Doing expensive tags write for 'Little Amelie' because something changed.
Mar 25, 2026 13:56:10.606 [281472795422944] DEBUG - Doing expensive tags write for 'Little Amelie' because something changed.
Mar 25, 2026 13:56:10.607 [281472795422944] DEBUG - Doing expensive tags write for 'Little Amelie' because something changed.
Mar 25, 2026 13:56:10.607 [281472795422944] DEBUG - Extras: 0 existing extras.
Mar 25, 2026 13:56:10.607 [281472795422944] DEBUG - Extras: Checked extra 'Amelie Et La Metaphysique Des Tubes (Spanish/Spain Trailer 1)' and found matched: 0 Media matched: 0
Mar 25, 2026 13:56:10.607 [281472795422944] DEBUG - Added new metadata item (Amelie Et La Metaphysique Des Tubes (Spanish/Spain Trailer 1)) with ID 34
Mar 25, 2026 13:56:10.607 [281472795422944] DEBUG - Updating metadata item (save) (Amelie Et La Metaphysique Des Tubes (Spanish/Spain Trailer 1)) with ID 34
Mar 25, 2026 13:56:10.608 [281472795422944] DEBUG - Updating part with ID=64 []
Mar 25, 2026 13:56:10.608 [281472795422944] DEBUG - Updating part with ID=65 []
Mar 25, 2026 13:56:10.608 [281472795422944] DEBUG - Updating part with ID=66 []
Mar 25, 2026 13:56:10.609 [281472795422944] DEBUG - There was a change for metadata item 33 (Little Amelie), saving.
Mar 25, 2026 13:56:10.609 [281472795422944] DEBUG - Updating metadata item (save) (Little Amelie) with ID 33
Mar 25, 2026 13:56:10.610 [281472795422944] DEBUG - Done with metadata update for 33
Mar 25, 2026 13:56:10.610 [281472777449696] DEBUG - [UltraBlurProcessor] Calculated media file path for path [metadata://art/tv.plex.agents.movie_baffd6976d4db56e20c4feaf650d739dbc1d8ab4]: ["/config/Library/Application Support/Plex Media Server/Metadata/Movies/6/76ba34c4dcf9e6cc9841dd4c4ab29c9134dcb86.bundle/Contents/_combined/art/tv.plex.agents.movie_baffd6976d4db56e20c4feaf650d739dbc1d8ab4"]
Mar 25, 2026 13:56:10.611 [281472795422944] DEBUG - Activity: Ended activity 1bd5a522-9aa6-4eed-90e0-d40b94250b21.
Mar 25, 2026 13:56:10.629 [281472777449696] DEBUG - [UltraBlurProcessor] Generated for item 33 in 18 ms.
Mar 25, 2026 13:56:10.630 [281472780681440] DEBUG - Calculated media file path for path [metadata://posters/tv.plex.agents.movie_6b069e20e07355c015503cd6ac9a40e13ffa54b9]: ["/config/Library/Application Support/Plex Media Server/Metadata/Movies/6/76ba34c4dcf9e6cc9841dd4c4ab29c9134dcb86.bundle/Contents/_combined/posters/tv.plex.agents.movie_6b069e20e07355c015503cd6ac9a40e13ffa54b9"]
Mar 25, 2026 13:56:10.640 [281472780681440] DEBUG - Created thumbnail of size 67x100, has pixels: 1
Mar 25, 2026 13:56:10.642 [281472780681440] DEBUG - [BlurHashProcessor] Generated for item 33 thumb in 12 ms (success: 1)
Mar 25, 2026 13:56:10.642 [281472780681440] DEBUG - Calculated media file path for path [metadata://art/tv.plex.agents.movie_baffd6976d4db56e20c4feaf650d739dbc1d8ab4]: ["/config/Library/Application Support/Plex Media Server/Metadata/Movies/6/76ba34c4dcf9e6cc9841dd4c4ab29c9134dcb86.bundle/Contents/_combined/art/tv.plex.agents.movie_baffd6976d4db56e20c4feaf650d739dbc1d8ab4"]
Mar 25, 2026 13:56:10.651 [281472780681440] DEBUG - Created thumbnail of size 100x56, has pixels: 1
Mar 25, 2026 13:56:10.653 [281472780681440] DEBUG - [BlurHashProcessor] Generated for item 33 art in 10 ms (success: 1)
Mar 25, 2026 13:56:10.748 [281472797532384] DEBUG - Request: [192.168.97.1:48958 (Subnet)] GET /media/providers (7 live) #467 GZIP Signed-in Token (oscar.p46)
Mar 25, 2026 13:56:10.748 [281472810189024] DEBUG - Request: [192.168.97.1:28099 (Subnet)] GET /media/providers (7 live) #4ce GZIP Signed-in Token (oscar.p46)
Mar 25, 2026 13:56:10.749 [281472773230816] DEBUG - Request: [192.168.97.1:18658 (Subnet)] GET /media/providers (7 live) #463 TLS GZIP Signed-in Token (oscar.p46)
Mar 25, 2026 13:56:10.750 [281472754770144] DEBUG - Request: [192.168.97.0:52374 (Subnet)] GET /media/providers (7 live) #466 TLS GZIP Signed-in Token (oscar.p46)
Mar 25, 2026 13:56:10.752 [281472887980256] DEBUG - Completed: [192.168.97.1:18658] 200 GET /media/providers (7 live) #463 TLS GZIP 2ms 4620 bytes (pipelined: 2)
Mar 25, 2026 13:56:10.752 [281472887980256] DEBUG - Completed: [192.168.97.0:52374] 200 GET /media/providers (7 live) #466 TLS GZIP 1ms 4620 bytes (pipelined: 2)
Mar 25, 2026 13:56:10.752 [281472887980256] DEBUG - Completed: [192.168.97.1:28099] 200 GET /media/providers (7 live) #4ce GZIP 3ms 4620 bytes (pipelined: 6)
Mar 25, 2026 13:56:10.752 [281472887980256] DEBUG - Completed: [192.168.97.1:48958] 200 GET /media/providers (7 live) #467 GZIP 4ms 4492 bytes (pipelined: 3)
Mar 25, 2026 13:56:10.768 [281472773230816] DEBUG - Request: [192.168.97.1:18658 (Subnet)] GET /library/sections/1/all?type=1&includeCollections=1&includeExternalMedia=1 (7 live) #4f7 TLS Page 0--1 GZIP Signed-in Token (oscar.p46)
Mar 25, 2026 13:56:10.768 [281472773230816] DEBUG - [Req#4f7] Setting container serialization range to [0, -1] (total=-1)
Mar 25, 2026 13:56:10.769 [281472754770144] DEBUG - Request: [192.168.97.1:58263 (Subnet)] GET /library/sections/1/firstCharacter?sort=titleSort&includeCollections=1&includeExternalMedia=1 (8 live) #4cf TLS GZIP Signed-in Token (oscar.p46)
Mar 25, 2026 13:56:10.770 [281472890089696] DEBUG - Completed: [192.168.97.1:18658] 200 GET /library/sections/1/all?type=1&includeCollections=1&includeExternalMedia=1 (8 live) #4f7 TLS GZIP Page 0--1 1ms 799 bytes (pipelined: 3)
Mar 25, 2026 13:56:10.771 [281472890089696] DEBUG - Completed: [192.168.97.1:58263] 200 GET /library/sections/1/firstCharacter?sort=titleSort&includeCollections=1&includeExternalMedia=1 (8 live) #4cf TLS GZIP 1ms 714 bytes (pipelined: 1)
Mar 25, 2026 13:56:12.762 [281472773230816] DEBUG - Request: [192.168.97.1:28099 (Subnet)] GET /library/sections/1/firstCharacter?sort=titleSort&includeCollections=1&includeExternalMedia=1 (8 live) #4f9 GZIP Signed-in Token (oscar.p46)
Mar 25, 2026 13:56:12.763 [281472887980256] DEBUG - Completed: [192.168.97.1:28099] 200 GET /library/sections/1/firstCharacter?sort=titleSort&includeCollections=1&includeExternalMedia=1 (8 live) #4f9 GZIP 0ms 714 bytes (pipelined: 7)
Mar 25, 2026 13:56:15.139 [281472801751264] DEBUG - Library Updater: Requested that section 1 be updated, force=0, subdir=/movies/Little Amélie or the Character of Rain (2025) iTunes=0
Mar 25, 2026 13:56:15.139 [281472801751264] DEBUG - Library Updater: Queueing section 1
Mar 25, 2026 13:56:15.140 [281472829173984] DEBUG - Activity: registered new activity 4fc61727-5ef1-404d-b2b4-19544f4ffb72 - "Scanning"
Mar 25, 2026 13:56:15.142 [281472829173984] DEBUG - Scanning section 1
Mar 25, 2026 13:56:15.142 [281472829173984] DEBUG - Activity: updated activity 4fc61727-5ef1-404d-b2b4-19544f4ffb72 - completed 0.0% - Scanning Películas
Mar 25, 2026 13:56:15.143 [281472829173984] DEBUG - Job was already killed, not killing again.
Mar 25, 2026 13:56:15.144 [281472829173984] DEBUG - Asked to cull library timeline before time 1774442175, we're starting with 20 items.
Mar 25, 2026 13:56:15.144 [281472829173984] DEBUG - Library timeline cull complete with 20 items left.
Mar 25, 2026 13:56:15.144 [281472829173984] DEBUG - Scanning Películas using es-ES(Plex Movie) with 1 current media items and 1 section locations in the database.
Mar 25, 2026 13:56:15.144 [281472829173984] DEBUG - Performing a scan with 'Plex Movie' (language: es-ES virtual: 0).
Mar 25, 2026 13:56:15.144 [281472829173984] DEBUG -   * Scanning /movies/Little Amélie or the Character of Rain (2025)
Mar 25, 2026 13:56:15.147 [281472829173984] DEBUG - Scanner: Processing directory /movies/Little Amélie or the Character of Rain (2025) (parent: yes)
Mar 25, 2026 13:56:15.147 [281472829173984] DEBUG - File '/movies/Little Amélie or the Character of Rain (2025)/Little Amélie or the Character of Rain (2025) Bluray-1080p.mp4' changed size, can't skip.
Mar 25, 2026 13:56:15.156 [281472810189024] DEBUG - Request: [192.168.97.1:28099 (Subnet)] GET /library/sections (8 live) #4fe GZIP Signed-in Token (oscar.p46)
Mar 25, 2026 13:56:15.158 [281472890089696] DEBUG - Completed: [192.168.97.1:28099] 200 GET /library/sections (8 live) #4fe GZIP 2ms 867 bytes (pipelined: 8)
Mar 25, 2026 13:56:15.182 [281472824955104] DEBUG - Native Scanner: Executed Local Metadata stage in 0.00 sec.
Mar 25, 2026 13:56:15.182 [281472829173984] DEBUG - Activity: updated activity 4fc61727-5ef1-404d-b2b4-19544f4ffb72 - completed 0.0% - Scanning Películas
Mar 25, 2026 13:56:15.183 [281472829173984] DEBUG - Activity: updated activity 4fc61727-5ef1-404d-b2b4-19544f4ffb72 - completed 99.0% - Scanning Películas
Mar 25, 2026 13:56:15.188 [281472824955104] DEBUG - Scanner [Plex Movie]: found existing media id 63
Mar 25, 2026 13:56:15.188 [281472824955104] DEBUG - Native Scanner: Executed Agent Match stage in 0.01 sec.
Mar 25, 2026 13:56:15.189 [281472824955104] DEBUG - Path matched, we're reusing media item 63
Mar 25, 2026 13:56:15.189 [281472824955104] DEBUG - Noting item as needing media analysis, scanning=0, streams=0, missing channels=0, streamability=0, size=1, time=1.
Mar 25, 2026 13:56:15.189 [281472824955104] DEBUG - Turbo analysis on modified item 63 [/movies/Little Amélie or the Character of Rain (2025)/Little Amélie or the Character of Rain (2025) Bluray-1080p.mp4]
Mar 25, 2026 13:56:15.190 [281472824955104] DEBUG - Updating media item 63, size=1343881216, metadata_item_id=33
Mar 25, 2026 13:56:15.190 [281472824955104] DEBUG - Updating part with ID=63 [/movies/Little Amélie or the Character of Rain (2025)/Little Amélie or the Character of Rain (2025) Bluray-1080p.mp4]
Mar 25, 2026 13:56:15.192 [281472799641824] DEBUG - Media Analyzer: Performing on-the-fly analysis on 1 item.
Mar 25, 2026 13:56:15.192 [281472824955104] DEBUG - Native Scanner: Executed Add to Database stage in 0.00 sec.
Mar 25, 2026 13:56:15.192 [281472824955104] DEBUG - Native Scanner: Executed Media Analysis stage in 0.00 sec.
Mar 25, 2026 13:56:15.192 [281472829173984] DEBUG - Scanner [Plex Movie]: Idle and left with 0 media items.
Mar 25, 2026 13:56:15.192 [281472829173984] DEBUG - Removing 0 media items that were left.
Mar 25, 2026 13:56:15.192 [281472829173984] DEBUG - Removing 0 directories that were left.
Mar 25, 2026 13:56:15.192 [281472799641824] DEBUG - [JobRunner] Job running: FFMPEG_EXTERNAL_LIBS='/config/Library/Application\ Support/Plex\ Media\ Server/Codecs/74455c4-a119aa85fdef32b7dbfbf8a2-linux-aarch64/' X_PLEX_TOKEN=xxxxxxxxxxxxxxxxxxxxxxxxxxxxxxxxxxxxxxxxxx "/usr/lib/plexmediaserver/Plex Media Scanner" --analyze --log-file-suffix " Analysis" --no-thumbs --item 33
Mar 25, 2026 13:56:15.192 [281472829173984] DEBUG - Updating directory 'Little Amélie or the Character of Rain (2025)' (ID 9) to time 2026-03-25 13:56:04.
Mar 25, 2026 13:56:15.202 [281472799641824] DEBUG - [JobRunner] Jobs: Starting child process with pid 450
Mar 25, 2026 13:56:15.203 [281472829173984] DEBUG - Collections: Found 0 collections tags in section 1.
Mar 25, 2026 13:56:15.203 [281472829173984] DEBUG - Collections: We had 0 collections in the library already.
Mar 25, 2026 13:56:15.203 [281472829173984] DEBUG - Collections: Synced tags in section 1 in 11ms.
Mar 25, 2026 13:56:15.205 [281472829173984] DEBUG - Collections: Refreshed attributes for 0 collections in section 1 in 1ms.
Mar 25, 2026 13:56:15.205 [281472829173984] DEBUG - Collection: Refreshed visibility in section 1 in 0ms.
Mar 25, 2026 13:56:15.205 [281472829173984] DEBUG - Activity: updated activity 4fc61727-5ef1-404d-b2b4-19544f4ffb72 - completed 100.0% - Scanning Películas
Mar 25, 2026 13:56:15.206 [281472829173984] DEBUG - Refreshing section 1 of type: 1
Mar 25, 2026 13:56:15.206 [281472784900320] DEBUG - Refreshing 0 IDs.
Mar 25, 2026 13:56:15.225 [281472829173984] DEBUG - Activity: registered new activity 8a5b394c-59c9-4e70-b760-6fd84c2662a5 - "Processing subscriptions"
Mar 25, 2026 13:56:15.226 [281472829173984] DEBUG - Activity: Ended activity 4fc61727-5ef1-404d-b2b4-19544f4ffb72.
Mar 25, 2026 13:56:15.226 [281472835502304] DEBUG - Grabber: Cleaning up orphaned grabs.
Mar 25, 2026 13:56:15.226 [281472835502304] DEBUG - Grabber: Cleaned up 0 decrepit directories in 0.0 sec.
Mar 25, 2026 13:56:15.226 [281472835502304] DEBUG - Activity: registered new activity b8c2a6b2-e31c-4b71-80cb-e7df2a8e4f32 - "Processing subscriptions"
Mar 25, 2026 13:56:15.226 [281472835502304] DEBUG - Subscription: Scheduling subscriptions.
Mar 25, 2026 13:56:15.227 [281472835502304] DEBUG - Subscription: Initialized 0 schedulers.
Mar 25, 2026 13:56:15.227 [281472835502304] DEBUG - Subscription: Starting with 0 grabs, scheduled 0 active ones preemptively.
Mar 25, 2026 13:56:15.227 [281472835502304] DEBUG - Subscription: Scheduled all subscriptions in 0 ms.
Mar 25, 2026 13:56:15.227 [281472835502304] DEBUG - Activity: Ended activity b8c2a6b2-e31c-4b71-80cb-e7df2a8e4f32.
Mar 25, 2026 13:56:15.227 [281472835502304] DEBUG - Subscription: There are 0 active grabs at the end.
Mar 25, 2026 13:56:15.227 [281472835502304] DEBUG - Activity: Ended activity 8a5b394c-59c9-4e70-b760-6fd84c2662a5.
Mar 25, 2026 13:56:15.227 [281472835502304] DEBUG - Subscription: Refreshed all content in 1 ms.
Mar 25, 2026 13:56:15.232 [281472797532384] DEBUG - Request: [192.168.97.1:28099 (Subnet)] GET /library/sections (8 live) #50b GZIP Signed-in Token (oscar.p46)
Mar 25, 2026 13:56:15.232 [281472887980256] DEBUG - Completed: [192.168.97.1:28099] 200 GET /library/sections (8 live) #50b GZIP 0ms 863 bytes (pipelined: 9)
Mar 25, 2026 13:56:15.309 [281472818626784] INFO - Library section 1 (Películas) will be updated because of a change in "/movies/Little Amélie or the Character of Rain (2025)/Little Amélie or the Character of Rain (2025) Bluray-1080p.mp4"
Mar 25, 2026 13:56:15.392 [281472773230816] DEBUG - Request: [127.0.0.1:36190 (Loopback)] GET /:/metadata/notify/changeItemState?librarySectionID=1&metadataItemID=33&metadataType=1&state=-1&parentID=-1&rootID=-1&mediaState=analyzing (9 live) #4fb GZIP Signed-in Token (oscar.p46)
Mar 25, 2026 13:56:15.392 [281472890089696] DEBUG - Completed: [127.0.0.1:36190] 200 GET /:/metadata/notify/changeItemState?librarySectionID=1&metadataItemID=33&metadataType=1&state=-1&parentID=-1&rootID=-1&mediaState=analyzing (9 live) #4fb GZIP 0ms 195 bytes (pipelined: 1)
Mar 25, 2026 13:56:15.392 [281472754770144] DEBUG - Request: [127.0.0.1:36190 (Loopback)] GET /:/metadata/notify/changeItemState?librarySectionID=1&metadataItemID=33&metadataType=1&state=-1&parentID=-1&rootID=-1&mediaState=idle (9 live) #532 GZIP Signed-in Token (oscar.p46)
Mar 25, 2026 13:56:15.393 [281472890089696] DEBUG - Completed: [127.0.0.1:36190] 200 GET /:/metadata/notify/changeItemState?librarySectionID=1&metadataItemID=33&metadataType=1&state=-1&parentID=-1&rootID=-1&mediaState=idle (9 live) #532 GZIP 0ms 195 bytes (pipelined: 2)
Mar 25, 2026 13:56:15.394 [281472900354272] DEBUG - Jobs: '/usr/lib/plexmediaserver/Plex Media Scanner' exit code for process 450 is 0 (success)
Mar 25, 2026 13:56:15.394 [281472799641824] DEBUG - Killing job.
Mar 25, 2026 13:56:15.394 [281472799641824] DEBUG - Signalling job ID 450 with 9
Mar 25, 2026 13:56:15.394 [281472799641824] DEBUG - Media Analyzer: Background analysis completed in 0.2 seconds, removing 1 IDs
Mar 25, 2026 13:56:15.744 [281472810189024] DEBUG - Request: [192.168.97.1:28099 (Subnet)] GET /media/providers (9 live) #530 GZIP Signed-in Token (oscar.p46)
Mar 25, 2026 13:56:15.747 [281472887980256] DEBUG - Completed: [192.168.97.1:28099] 200 GET /media/providers (9 live) #530 GZIP 2ms 4620 bytes (pipelined: 10)
Mar 25, 2026 13:56:15.747 [281472797532384] DEBUG - Request: [192.168.97.1:48958 (Subnet)] GET /media/providers (9 live) #4fa GZIP Signed-in Token (oscar.p46)
Mar 25, 2026 13:56:15.747 [281472754770144] DEBUG - Request: [192.168.97.1:58263 (Subnet)] GET /media/providers (9 live) #4fd TLS GZIP Signed-in Token (oscar.p46)
Mar 25, 2026 13:56:15.747 [281472773230816] DEBUG - Request: [192.168.97.0:52374 (Subnet)] GET /media/providers (9 live) #4f8 TLS GZIP Signed-in Token (oscar.p46)
Mar 25, 2026 13:56:15.749 [281472890089696] DEBUG - Completed: [192.168.97.1:48958] 200 GET /media/providers (9 live) #4fa GZIP 2ms 4492 bytes (pipelined: 4)
Mar 25, 2026 13:56:15.749 [281472890089696] DEBUG - Completed: [192.168.97.0:52374] 200 GET /media/providers (9 live) #4f8 TLS GZIP 1ms 4620 bytes (pipelined: 3)
Mar 25, 2026 13:56:15.750 [281472890089696] DEBUG - Completed: [192.168.97.1:58263] 200 GET /media/providers (9 live) #4fd TLS GZIP 3ms 4620 bytes (pipelined: 2)
Mar 25, 2026 13:56:17.913 [281472810189024] DEBUG - Request: [192.168.97.3:59184 (Subnet)] GET /identity (10 live) #531 GZIP Signed-in Token (oscar.p46)
Mar 25, 2026 13:56:17.918 [281472890089696] DEBUG - Completed: [192.168.97.3:59184] 200 GET /identity (10 live) #531 GZIP 4ms 425 bytes
Mar 25, 2026 13:56:17.926 [281472754770144] DEBUG - Request: [192.168.97.3:59200 (Subnet)] GET /library/sections (10 live) #544 GZIP Signed-in Token (oscar.p46)
Mar 25, 2026 13:56:17.926 [281472890089696] DEBUG - Completed: [192.168.97.3:59200] 200 GET /library/sections (10 live) #544 GZIP 0ms 706 bytes
Mar 25, 2026 13:56:17.967 [281472773230816] DEBUG - Request: [192.168.97.3:59206 (Subnet)] GET /library/sections/1/refresh?path=%2Fmovies%2FLittle%20Am%C3%A9lie%20or%20the%20Character%20of%20Rain%20%282025%29 (10 live) #546 GZIP Signed-in Token (oscar.p46)
Mar 25, 2026 13:56:17.967 [281472773230816] DEBUG - [Req#546] Library Updater: Requested that section 1 be updated, force=0, subdir=/movies/Little Amélie or the Character of Rain (2025) iTunes=0
Mar 25, 2026 13:56:17.967 [281472773230816] DEBUG - [Req#546] Library Updater: Queueing section 1
Mar 25, 2026 13:56:17.967 [281472887980256] DEBUG - Completed: [192.168.97.3:59206] 200 GET /library/sections/1/refresh?path=%2Fmovies%2FLittle%20Am%C3%A9lie%20or%20the%20Character%20of%20Rain%20%282025%29 (10 live) #546 GZIP 0ms 166 bytes
Mar 25, 2026 13:56:17.968 [281472829173984] DEBUG - Activity: registered new activity a1154f9d-fe48-492a-b04e-f182ac46bde0 - "Scanning"
Mar 25, 2026 13:56:17.968 [281472829173984] DEBUG - Scanning section 1
Mar 25, 2026 13:56:17.968 [281472829173984] DEBUG - Activity: updated activity a1154f9d-fe48-492a-b04e-f182ac46bde0 - completed 0.0% - Scanning Películas
Mar 25, 2026 13:56:17.968 [281472829173984] DEBUG - Job was already killed, not killing again.
Mar 25, 2026 13:56:17.969 [281472829173984] DEBUG - Asked to cull library timeline before time 1774442177, we're starting with 20 items.
Mar 25, 2026 13:56:17.969 [281472829173984] DEBUG - Library timeline cull complete with 20 items left.
Mar 25, 2026 13:56:17.969 [281472829173984] DEBUG - Scanning Películas using es-ES(Plex Movie) with 1 current media items and 1 section locations in the database.
Mar 25, 2026 13:56:17.969 [281472829173984] DEBUG - Performing a scan with 'Plex Movie' (language: es-ES virtual: 0).
Mar 25, 2026 13:56:17.969 [281472829173984] DEBUG -   * Scanning /movies/Little Amélie or the Character of Rain (2025)
Mar 25, 2026 13:56:17.970 [281472829173984] DEBUG - Scanner: Processing directory /movies/Little Amélie or the Character of Rain (2025) (parent: yes)
Mar 25, 2026 13:56:17.971 [281472829173984] DEBUG - File '/movies/Little Amélie or the Character of Rain (2025)/Little Amélie or the Character of Rain (2025) Bluray-1080p.mp4' changed size, can't skip.
Mar 25, 2026 13:56:17.971 [281472829173984] DEBUG - Activity: updated activity a1154f9d-fe48-492a-b04e-f182ac46bde0 - completed 0.0% - Scanning Películas
Mar 25, 2026 13:56:17.971 [281472824955104] DEBUG - Native Scanner: Executed Local Metadata stage in 0.00 sec.
Mar 25, 2026 13:56:17.971 [281472824955104] DEBUG - Scanner [Plex Movie]: found existing media id 63
Mar 25, 2026 13:56:17.971 [281472824955104] DEBUG - Native Scanner: Executed Agent Match stage in 0.00 sec.
Mar 25, 2026 13:56:17.971 [281472824955104] DEBUG - Path matched, we're reusing media item 63
Mar 25, 2026 13:56:17.971 [281472824955104] DEBUG - Noting item as needing media analysis, scanning=0, streams=0, missing channels=0, streamability=0, size=1, time=1.
Mar 25, 2026 13:56:17.971 [281472824955104] DEBUG - Turbo analysis on modified item 63 [/movies/Little Amélie or the Character of Rain (2025)/Little Amélie or the Character of Rain (2025) Bluray-1080p.mp4]
Mar 25, 2026 13:56:17.975 [281472824955104] DEBUG - Updating media item 63, size=1529112190, metadata_item_id=33
Mar 25, 2026 13:56:17.975 [281472824955104] DEBUG - Updating part with ID=63 [/movies/Little Amélie or the Character of Rain (2025)/Little Amélie or the Character of Rain (2025) Bluray-1080p.mp4]
Mar 25, 2026 13:56:17.975 [281472824955104] DEBUG - Native Scanner: Executed Add to Database stage in 0.00 sec.
Mar 25, 2026 13:56:17.975 [281472827064544] DEBUG - Native Scanner: Executed Media Analysis stage in 0.00 sec.
Mar 25, 2026 13:56:17.976 [281472829173984] DEBUG - Activity: updated activity a1154f9d-fe48-492a-b04e-f182ac46bde0 - completed 99.0% - Scanning Películas
Mar 25, 2026 13:56:17.977 [281472829173984] DEBUG - Scanner [Plex Movie]: Idle and left with 0 media items.
Mar 25, 2026 13:56:17.977 [281472829173984] DEBUG - Removing 0 media items that were left.
Mar 25, 2026 13:56:17.977 [281472829173984] DEBUG - Removing 0 directories that were left.
Mar 25, 2026 13:56:17.977 [281472829173984] DEBUG - Updating directory 'Little Amélie or the Character of Rain (2025)' (ID 9) to time 2026-03-25 13:56:04.
Mar 25, 2026 13:56:17.977 [281472829173984] DEBUG - Collections: Found 0 collections tags in section 1.
Mar 25, 2026 13:56:17.983 [281472829173984] DEBUG - Collections: We had 0 collections in the library already.
Mar 25, 2026 13:56:17.983 [281472829173984] DEBUG - Collections: Synced tags in section 1 in 5ms.
Mar 25, 2026 13:56:17.983 [281472799641824] DEBUG - Media Analyzer: Performing on-the-fly analysis on 1 item.
Mar 25, 2026 13:56:17.983 [281472799641824] DEBUG - [JobRunner] Job running: FFMPEG_EXTERNAL_LIBS='/config/Library/Application\ Support/Plex\ Media\ Server/Codecs/74455c4-a119aa85fdef32b7dbfbf8a2-linux-aarch64/' X_PLEX_TOKEN=xxxxxxxxxxxxxxxxxxxxxxxxxxxxxxxxxxxxxxxxxx "/usr/lib/plexmediaserver/Plex Media Scanner" --analyze --log-file-suffix " Analysis" --no-thumbs --item 33
Mar 25, 2026 13:56:17.984 [281472799641824] DEBUG - [JobRunner] Jobs: Starting child process with pid 457
Mar 25, 2026 13:56:17.986 [281472829173984] DEBUG - Collections: Refreshed attributes for 0 collections in section 1 in 2ms.
Mar 25, 2026 13:56:17.986 [281472829173984] DEBUG - Collection: Refreshed visibility in section 1 in 0ms.
Mar 25, 2026 13:56:17.986 [281472829173984] DEBUG - Activity: updated activity a1154f9d-fe48-492a-b04e-f182ac46bde0 - completed 100.0% - Scanning Películas
Mar 25, 2026 13:56:17.987 [281472829173984] DEBUG - Refreshing section 1 of type: 1
Mar 25, 2026 13:56:17.987 [281472784900320] DEBUG - Refreshing 0 IDs.
Mar 25, 2026 13:56:17.987 [281472797532384] DEBUG - Request: [192.168.97.1:28099 (Subnet)] GET /library/sections (9 live) #53d GZIP Signed-in Token (oscar.p46)
Mar 25, 2026 13:56:17.988 [281472829173984] DEBUG - Activity: registered new activity f7938119-3033-49e5-809b-3ca4d26abe01 - "Processing subscriptions"
Mar 25, 2026 13:56:17.988 [281472890089696] DEBUG - Completed: [192.168.97.1:28099] 200 GET /library/sections (9 live) #53d GZIP 3ms 867 bytes (pipelined: 11)
Mar 25, 2026 13:56:17.990 [281472782790880] DEBUG - Grabber: Cleaning up orphaned grabs.
Mar 25, 2026 13:56:17.992 [281472782790880] DEBUG - Grabber: Cleaned up 0 decrepit directories in 0.0 sec.
Mar 25, 2026 13:56:17.993 [281472782790880] DEBUG - Activity: registered new activity 039bed81-af78-4190-8787-9cba7bd9a41c - "Processing subscriptions"
Mar 25, 2026 13:56:17.993 [281472782790880] DEBUG - Subscription: Scheduling subscriptions.
Mar 25, 2026 13:56:17.994 [281472782790880] DEBUG - Subscription: Initialized 0 schedulers.
Mar 25, 2026 13:56:17.994 [281472782790880] DEBUG - Subscription: Starting with 0 grabs, scheduled 0 active ones preemptively.
Mar 25, 2026 13:56:17.994 [281472782790880] DEBUG - Subscription: Scheduled all subscriptions in 0 ms.
Mar 25, 2026 13:56:17.994 [281472782790880] DEBUG - Activity: Ended activity 039bed81-af78-4190-8787-9cba7bd9a41c.
Mar 25, 2026 13:56:17.994 [281472782790880] DEBUG - Subscription: There are 0 active grabs at the end.
Mar 25, 2026 13:56:17.994 [281472829173984] DEBUG - Activity: Ended activity a1154f9d-fe48-492a-b04e-f182ac46bde0.
Mar 25, 2026 13:56:17.995 [281472782790880] DEBUG - Activity: Ended activity f7938119-3033-49e5-809b-3ca4d26abe01.
Mar 25, 2026 13:56:17.995 [281472782790880] DEBUG - Subscription: Refreshed all content in 6 ms.
Mar 25, 2026 13:56:18.000 [281472810189024] DEBUG - Request: [192.168.97.1:28099 (Subnet)] GET /library/sections (9 live) #562 GZIP Signed-in Token (oscar.p46)
Mar 25, 2026 13:56:18.000 [281472887980256] DEBUG - Completed: [192.168.97.1:28099] 200 GET /library/sections (9 live) #562 GZIP 1ms 863 bytes (pipelined: 12)
Mar 25, 2026 13:56:18.102 [281472754770144] DEBUG - Request: [127.0.0.1:36198 (Loopback)] GET /:/metadata/notify/changeItemState?librarySectionID=1&metadataItemID=33&metadataType=1&state=-1&parentID=-1&rootID=-1&mediaState=analyzing (10 live) #548 GZIP Signed-in Token (oscar.p46)
Mar 25, 2026 13:56:18.102 [281472887980256] DEBUG - Completed: [127.0.0.1:36198] 200 GET /:/metadata/notify/changeItemState?librarySectionID=1&metadataItemID=33&metadataType=1&state=-1&parentID=-1&rootID=-1&mediaState=analyzing (10 live) #548 GZIP 0ms 195 bytes (pipelined: 1)
Mar 25, 2026 13:56:18.103 [281472773230816] DEBUG - Request: [127.0.0.1:36198 (Loopback)] GET /:/metadata/notify/changeItemState?librarySectionID=1&metadataItemID=33&metadataType=1&state=-1&parentID=-1&rootID=-1&mediaState=idle (10 live) #57d GZIP Signed-in Token (oscar.p46)
Mar 25, 2026 13:56:18.104 [281472890089696] DEBUG - Completed: [127.0.0.1:36198] 200 GET /:/metadata/notify/changeItemState?librarySectionID=1&metadataItemID=33&metadataType=1&state=-1&parentID=-1&rootID=-1&mediaState=idle (10 live) #57d GZIP 0ms 195 bytes (pipelined: 2)
Mar 25, 2026 13:56:18.104 [281472900354272] DEBUG - Jobs: '/usr/lib/plexmediaserver/Plex Media Scanner' exit code for process 457 is 0 (success)
Mar 25, 2026 13:56:18.104 [281472799641824] DEBUG - Killing job.
Mar 25, 2026 13:56:18.104 [281472799641824] DEBUG - Signalling job ID 457 with 9
Mar 25, 2026 13:56:18.104 [281472799641824] DEBUG - Media Analyzer: Background analysis completed in 0.1 seconds, removing 1 IDs
Mar 25, 2026 13:56:18.747 [281472797532384] DEBUG - Request: [192.168.97.1:48958 (Subnet)] GET /media/providers (9 live) #540 GZIP Signed-in Token (oscar.p46)
Mar 25, 2026 13:56:18.750 [281472887980256] DEBUG - Completed: [192.168.97.1:48958] 200 GET /media/providers (9 live) #540 GZIP 2ms 4492 bytes (pipelined: 5)
Mar 25, 2026 13:56:18.751 [281472810189024] DEBUG - Request: [192.168.97.1:28099 (Subnet)] GET /media/providers (9 live) #57b GZIP Signed-in Token (oscar.p46)
Mar 25, 2026 13:56:18.753 [281472754770144] DEBUG - Request: [192.168.97.1:58263 (Subnet)] GET /media/providers (9 live) #543 TLS GZIP Signed-in Token (oscar.p46)
Mar 25, 2026 13:56:18.754 [281472890089696] DEBUG - Completed: [192.168.97.1:28099] 200 GET /media/providers (9 live) #57b GZIP 3ms 4620 bytes (pipelined: 13)
Mar 25, 2026 13:56:18.755 [281472890089696] DEBUG - Completed: [192.168.97.1:58263] 200 GET /media/providers (9 live) #543 TLS GZIP 2ms 4620 bytes (pipelined: 3)
Mar 25, 2026 13:56:18.755 [281472773230816] DEBUG - Request: [192.168.97.0:52374 (Subnet)] GET /media/providers (9 live) #541 TLS GZIP Signed-in Token (oscar.p46)
Mar 25, 2026 13:56:18.757 [281472887980256] DEBUG - Completed: [192.168.97.0:52374] 200 GET /media/providers (9 live) #541 TLS GZIP 1ms 4620 bytes (pipelined: 4)
Mar 25, 2026 13:56:18.779 [281472797532384] DEBUG - Request: [192.168.97.1:48958 (Subnet)] GET /library/sections/1/firstCharacter?sort=titleSort&includeCollections=1&includeExternalMedia=1 (9 live) #589 GZIP Signed-in Token (oscar.p46)
Mar 25, 2026 13:56:18.781 [281472890089696] DEBUG - Completed: [192.168.97.1:48958] 200 GET /library/sections/1/firstCharacter?sort=titleSort&includeCollections=1&includeExternalMedia=1 (9 live) #589 GZIP 2ms 586 bytes (pipelined: 6)
Mar 25, 2026 13:56:20.772 [281472797532384] DEBUG - Request: [192.168.97.1:28099 (Subnet)] GET /library/sections/1/firstCharacter?sort=titleSort&includeCollections=1&includeExternalMedia=1 (9 live) #58b GZIP Signed-in Token (oscar.p46)
Mar 25, 2026 13:56:20.775 [281472887980256] DEBUG - Completed: [192.168.97.1:28099] 200 GET /library/sections/1/firstCharacter?sort=titleSort&includeCollections=1&includeExternalMedia=1 (9 live) #58b GZIP 2ms 714 bytes (pipelined: 14)
Mar 25, 2026 13:56:22.021 [281472835502304] DEBUG - Library Updater: Requested that section 1 be updated, force=0, subdir=/movies/Little Amélie or the Character of Rain (2025) iTunes=0
Mar 25, 2026 13:56:22.021 [281472835502304] DEBUG - Library Updater: Queueing section 1
Mar 25, 2026 13:56:22.023 [281472829173984] DEBUG - Activity: registered new activity ce631675-378c-4552-8412-d4947d45789f - "Scanning"
Mar 25, 2026 13:56:22.023 [281472829173984] DEBUG - Scanning section 1
Mar 25, 2026 13:56:22.024 [281472829173984] DEBUG - Activity: updated activity ce631675-378c-4552-8412-d4947d45789f - completed 0.0% - Scanning Películas
Mar 25, 2026 13:56:22.024 [281472829173984] DEBUG - Job was already killed, not killing again.
Mar 25, 2026 13:56:22.025 [281472829173984] DEBUG - Asked to cull library timeline before time 1774442182, we're starting with 20 items.
Mar 25, 2026 13:56:22.025 [281472829173984] DEBUG - Library timeline cull complete with 20 items left.
Mar 25, 2026 13:56:22.025 [281472829173984] DEBUG - Scanning Películas using es-ES(Plex Movie) with 1 current media items and 1 section locations in the database.
Mar 25, 2026 13:56:22.025 [281472829173984] DEBUG - Performing a scan with 'Plex Movie' (language: es-ES virtual: 0).
Mar 25, 2026 13:56:22.025 [281472829173984] DEBUG -   * Scanning /movies/Little Amélie or the Character of Rain (2025)
Mar 25, 2026 13:56:22.027 [281472829173984] DEBUG - Scanner: Processing directory /movies/Little Amélie or the Character of Rain (2025) (parent: yes)
Mar 25, 2026 13:56:22.028 [281472829173984] DEBUG - Skipping over directory 'Little Amélie or the Character of Rain (2025)', as nothing has changed; removing 1 media items from map.
Mar 25, 2026 13:56:22.028 [281472829173984] DEBUG - Activity: updated activity ce631675-378c-4552-8412-d4947d45789f - completed 0.0% - Scanning Películas
Mar 25, 2026 13:56:22.029 [281472829173984] DEBUG - Activity: updated activity ce631675-378c-4552-8412-d4947d45789f - completed 99.0% - Scanning Películas
Mar 25, 2026 13:56:22.029 [281472829173984] DEBUG - Scanner [Plex Movie]: Idle and left with 1 media items.
Mar 25, 2026 13:56:22.029 [281472829173984] DEBUG - Removing 0 media items that were left.
Mar 25, 2026 13:56:22.029 [281472829173984] DEBUG - Removing 0 directories that were left.
Mar 25, 2026 13:56:22.029 [281472829173984] DEBUG - Updating directory 'Little Amélie or the Character of Rain (2025)' (ID 9) to time 2026-03-25 13:56:04.
Mar 25, 2026 13:56:22.031 [281472829173984] DEBUG - Collections: Found 0 collections tags in section 1.
Mar 25, 2026 13:56:22.031 [281472829173984] DEBUG - Collections: We had 0 collections in the library already.
Mar 25, 2026 13:56:22.031 [281472829173984] DEBUG - Collections: Synced tags in section 1 in 0ms.
Mar 25, 2026 13:56:22.032 [281472829173984] DEBUG - Collections: Refreshed attributes for 0 collections in section 1 in 1ms.
Mar 25, 2026 13:56:22.033 [281472829173984] DEBUG - Collection: Refreshed visibility in section 1 in 0ms.
Mar 25, 2026 13:56:22.033 [281472829173984] DEBUG - Activity: updated activity ce631675-378c-4552-8412-d4947d45789f - completed 100.0% - Scanning Películas
Mar 25, 2026 13:56:22.033 [281472829173984] DEBUG - Refreshing section 1 of type: 1
Mar 25, 2026 13:56:22.034 [281472784900320] DEBUG - Refreshing 0 IDs.
Mar 25, 2026 13:56:22.036 [281472829173984] DEBUG - Activity: registered new activity f172e0d0-6e87-4d9b-bd95-3989891a3468 - "Processing subscriptions"
Mar 25, 2026 13:56:22.037 [281472829173984] DEBUG - Activity: Ended activity ce631675-378c-4552-8412-d4947d45789f.
Mar 25, 2026 13:56:22.037 [281472803860704] DEBUG - Grabber: Cleaning up orphaned grabs.
Mar 25, 2026 13:56:22.038 [281472810189024] DEBUG - Request: [192.168.97.1:28099 (Subnet)] GET /library/sections (8 live) #591 GZIP Signed-in Token (oscar.p46)
Mar 25, 2026 13:56:22.038 [281472803860704] DEBUG - Grabber: Cleaned up 0 decrepit directories in 0.0 sec.
Mar 25, 2026 13:56:22.038 [281472803860704] DEBUG - Activity: registered new activity b06fd5f6-ef54-419f-87d4-507ded30e2cb - "Processing subscriptions"
Mar 25, 2026 13:56:22.039 [281472803860704] DEBUG - Subscription: Scheduling subscriptions.
Mar 25, 2026 13:56:22.039 [281472887980256] DEBUG - Completed: [192.168.97.1:28099] 200 GET /library/sections (8 live) #591 GZIP 1ms 863 bytes (pipelined: 15)
Mar 25, 2026 13:56:22.039 [281472803860704] DEBUG - Subscription: Initialized 0 schedulers.
Mar 25, 2026 13:56:22.039 [281472803860704] DEBUG - Subscription: Starting with 0 grabs, scheduled 0 active ones preemptively.
Mar 25, 2026 13:56:22.039 [281472803860704] DEBUG - Subscription: Scheduled all subscriptions in 0 ms.
Mar 25, 2026 13:56:22.039 [281472803860704] DEBUG - Activity: Ended activity b06fd5f6-ef54-419f-87d4-507ded30e2cb.
Mar 25, 2026 13:56:22.039 [281472803860704] DEBUG - Subscription: There are 0 active grabs at the end.
Mar 25, 2026 13:56:22.040 [281472803860704] DEBUG - Activity: Ended activity f172e0d0-6e87-4d9b-bd95-3989891a3468.
Mar 25, 2026 13:56:22.040 [281472803860704] DEBUG - Subscription: Refreshed all content in 2 ms.
Mar 25, 2026 13:56:22.077 [281472773230816] DEBUG - Request: [192.168.97.1:28099 (Subnet)] GET /library/sections (8 live) #5c1 GZIP Signed-in Token (oscar.p46)
Mar 25, 2026 13:56:22.077 [281472890089696] DEBUG - Completed: [192.168.97.1:28099] 200 GET /library/sections (8 live) #5c1 GZIP 0ms 863 bytes (pipelined: 16)
Mar 25, 2026 13:56:22.748 [281472754770144] DEBUG - Request: [192.168.97.1:48958 (Subnet)] GET /media/providers (8 live) #590 GZIP Signed-in Token (oscar.p46)
Mar 25, 2026 13:56:22.749 [281472797532384] DEBUG - Request: [192.168.97.1:28099 (Subnet)] GET /media/providers (8 live) #5ca GZIP Signed-in Token (oscar.p46)
Mar 25, 2026 13:56:22.751 [281472890089696] DEBUG - Completed: [192.168.97.1:48958] 200 GET /media/providers (8 live) #590 GZIP 2ms 4492 bytes (pipelined: 7)
Mar 25, 2026 13:56:22.752 [281472810189024] DEBUG - Request: [192.168.97.1:58263 (Subnet)] GET /media/providers (8 live) #58d TLS GZIP Signed-in Token (oscar.p46)
Mar 25, 2026 13:56:22.752 [281472887980256] DEBUG - Completed: [192.168.97.1:28099] 200 GET /media/providers (8 live) #5ca GZIP 3ms 4620 bytes (pipelined: 17)
Mar 25, 2026 13:56:22.753 [281472887980256] DEBUG - Completed: [192.168.97.1:58263] 200 GET /media/providers (8 live) #58d TLS GZIP 1ms 4620 bytes (pipelined: 4)
Mar 25, 2026 13:56:22.754 [281472773230816] DEBUG - Request: [192.168.97.0:52374 (Subnet)] GET /media/providers (8 live) #58f TLS GZIP Signed-in Token (oscar.p46)
Mar 25, 2026 13:56:22.755 [281472887980256] DEBUG - Completed: [192.168.97.0:52374] 200 GET /media/providers (8 live) #58f TLS GZIP 1ms 4620 bytes (pipelined: 5)
Mar 25, 2026 13:56:22.776 [281472754770144] DEBUG - Request: [192.168.97.1:48958 (Subnet)] GET /library/sections/1/firstCharacter?sort=titleSort&includeCollections=1&includeExternalMedia=1 (8 live) #5cc GZIP Signed-in Token (oscar.p46)
Mar 25, 2026 13:56:22.777 [281472890089696] DEBUG - Completed: [192.168.97.1:48958] 200 GET /library/sections/1/firstCharacter?sort=titleSort&includeCollections=1&includeExternalMedia=1 (8 live) #5cc GZIP 1ms 586 bytes (pipelined: 8)
Mar 25, 2026 13:56:24.767 [281472754770144] DEBUG - Request: [192.168.97.1:28099 (Subnet)] GET /library/sections/1/firstCharacter?sort=titleSort&includeCollections=1&includeExternalMedia=1 (8 live) #5ce GZIP Signed-in Token (oscar.p46)
Mar 25, 2026 13:56:24.769 [281472890089696] DEBUG - Completed: [192.168.97.1:28099] 200 GET /library/sections/1/firstCharacter?sort=titleSort&includeCollections=1&includeExternalMedia=1 (8 live) #5ce GZIP 1ms 714 bytes (pipelined: 18)
Mar 25, 2026 13:56:43.799 [281472754770144] DEBUG - Request: [192.168.97.1:37519 (Subnet)] GET /media/providers (5 live) #57c TLS GZIP Signed-in Token (oscar.p46)
Mar 25, 2026 13:56:43.809 [281472890089696] DEBUG - Completed: [192.168.97.1:37519] 200 GET /media/providers (5 live) #57c TLS GZIP 10ms 4526 bytes (pipelined: 1)
Mar 25, 2026 13:56:43.922 [281472754770144] DEBUG - Request: [192.168.97.1:37519 (Subnet)] GET /media/providers (5 live) #5db TLS GZIP Signed-in Token (oscar.p46)
Mar 25, 2026 13:56:43.926 [281472887980256] DEBUG - Completed: [192.168.97.1:37519] 200 GET /media/providers (5 live) #5db TLS GZIP 3ms 4526 bytes (pipelined: 2)
Mar 25, 2026 13:56:44.817 [281472754770144] DEBUG - Request: [192.168.97.1:37519 (Subnet)] GET /hubs/sections/1?count=20&includeLibraryPlaylists=1&includeStations=1&excludeElements=Actor%2CCollection%2CCountry%2CDirector%2CGenre%2CLabel%2CLocation%2CMood%2CPart%2CProducer%2CSimilar%2CPhoto%2CRole%2CVast%2CTopic%2CWriter&excludeFields=file%2Ctagline%2Csummary (4 live) #5dd TLS GZIP Signed-in Token (oscar.p46)
Mar 25, 2026 13:56:44.819 [281472754770144] DEBUG - [Req#5dd] HubCache: Adding '1/movie.inprogress.1/1/hubs/sections/1/enexternal-media,indirect-media/count=20&excludeElements=Actor%2CCollection%2CCountry%2CDirector%2CGenre%2CLabel%2CLocation%2CMood%2CPart%2CProducer%2CSimilar%2CPhoto%2CRole%2CVast%2CTopic%2CWriter&excludeFields=file%2Ctagline%2Csummary&includeLibraryPlaylists=1&includeStations=1' to the cache (1/movie.inprogress.1/1/hubs/sections/1/enexternal-media,indirect-media/count=20&excludeElements=Actor%2CCollection%2CCountry%2CDirector%2CGenre%2CLabel%2CLocation%2CMood%2CPart%2CProducer%2CSimilar%2CPhoto%2CRole%2CVast%2CTopic%2CWriter&excludeFields=file%2Ctagline%2Csummary&includeLibraryPlaylists=1&includeStations=1).
Mar 25, 2026 13:56:44.821 [281472754770144] DEBUG - [Req#5dd] HubCache: Computed '1/movie.inprogress.1/1/hubs/sections/1/enexternal-media,indirect-media/count=20&excludeElements=Actor%2CCollection%2CCountry%2CDirector%2CGenre%2CLabel%2CLocation%2CMood%2CPart%2CProducer%2CSimilar%2CPhoto%2CRole%2CVast%2CTopic%2CWriter&excludeFields=file%2Ctagline%2Csummary&includeLibraryPlaylists=1&includeStations=1' in 2 ms.
Mar 25, 2026 13:56:44.821 [281472754770144] DEBUG - [Req#5dd] HubCache: 2 hubs cached, 78.3% hit ratio.
Mar 25, 2026 13:56:44.822 [281472754770144] DEBUG - [Req#5dd] HubCache: Adding '1/movie.recentlyreleased.1/1/hubs/sections/1/enexternal-media,indirect-media/count=20&excludeElements=Actor%2CCollection%2CCountry%2CDirector%2CGenre%2CLabel%2CLocation%2CMood%2CPart%2CProducer%2CSimilar%2CPhoto%2CRole%2CVast%2CTopic%2CWriter&excludeFields=file%2Ctagline%2Csummary&includeLibraryPlaylists=1&includeStations=1' to the cache (1/movie.recentlyreleased.1/1/hubs/sections/1/enexternal-media,indirect-media/count=20&excludeElements=Actor%2CCollection%2CCountry%2CDirector%2CGenre%2CLabel%2CLocation%2CMood%2CPart%2CProducer%2CSimilar%2CPhoto%2CRole%2CVast%2CTopic%2CWriter&excludeFields=file%2Ctagline%2Csummary&includeLibraryPlaylists=1&includeStations=1).
Mar 25, 2026 13:56:44.825 [281472754770144] DEBUG - [Req#5dd] HubCache: Computed '1/movie.recentlyreleased.1/1/hubs/sections/1/enexternal-media,indirect-media/count=20&excludeElements=Actor%2CCollection%2CCountry%2CDirector%2CGenre%2CLabel%2CLocation%2CMood%2CPart%2CProducer%2CSimilar%2CPhoto%2CRole%2CVast%2CTopic%2CWriter&excludeFields=file%2Ctagline%2Csummary&includeLibraryPlaylists=1&includeStations=1' in 3 ms.
Mar 25, 2026 13:56:44.825 [281472754770144] DEBUG - [Req#5dd] HubCache: Adding '1/movie.recentlyadded.1/1/hubs/sections/1/enexternal-media,indirect-media/count=20&excludeElements=Actor%2CCollection%2CCountry%2CDirector%2CGenre%2CLabel%2CLocation%2CMood%2CPart%2CProducer%2CSimilar%2CPhoto%2CRole%2CVast%2CTopic%2CWriter&excludeFields=file%2Ctagline%2Csummary&includeLibraryPlaylists=1&includeStations=1' to the cache (1/movie.recentlyadded.1/1/hubs/sections/1/enexternal-media,indirect-media/count=20&excludeElements=Actor%2CCollection%2CCountry%2CDirector%2CGenre%2CLabel%2CLocation%2CMood%2CPart%2CProducer%2CSimilar%2CPhoto%2CRole%2CVast%2CTopic%2CWriter&excludeFields=file%2Ctagline%2Csummary&includeLibraryPlaylists=1&includeStations=1).
Mar 25, 2026 13:56:44.827 [281472754770144] DEBUG - [Req#5dd] HubCache: Computed '1/movie.recentlyadded.1/1/hubs/sections/1/enexternal-media,indirect-media/count=20&excludeElements=Actor%2CCollection%2CCountry%2CDirector%2CGenre%2CLabel%2CLocation%2CMood%2CPart%2CProducer%2CSimilar%2CPhoto%2CRole%2CVast%2CTopic%2CWriter&excludeFields=file%2Ctagline%2Csummary&includeLibraryPlaylists=1&includeStations=1' in 1 ms.
Mar 25, 2026 13:56:44.827 [281472754770144] DEBUG - [Req#5dd] HubCache: Retrieving '1/recent.library.playlists.1/1/hubs/sections/1/enexternal-media,indirect-media/count=20&excludeElements=Actor%2CCollection%2CCountry%2CDirector%2CGenre%2CLabel%2CLocation%2CMood%2CPart%2CProducer%2CSimilar%2CPhoto%2CRole%2CVast%2CTopic%2CWriter&excludeFields=file%2Ctagline%2Csummary&includeLibraryPlaylists=1&includeStations=1' from the cache.
Mar 25, 2026 13:56:44.827 [281472754770144] DEBUG - [Req#5dd] HubCache: Adding '1/movie.genre.1/1/hubs/sections/1/enexternal-media,indirect-media/count=20&excludeElements=Actor%2CCollection%2CCountry%2CDirector%2CGenre%2CLabel%2CLocation%2CMood%2CPart%2CProducer%2CSimilar%2CPhoto%2CRole%2CVast%2CTopic%2CWriter&excludeFields=file%2Ctagline%2Csummary&includeLibraryPlaylists=1&includeStations=1' to the cache (1/movie.genre.1/1/hubs/sections/1/enexternal-media,indirect-media/count=20&excludeElements=Actor%2CCollection%2CCountry%2CDirector%2CGenre%2CLabel%2CLocation%2CMood%2CPart%2CProducer%2CSimilar%2CPhoto%2CRole%2CVast%2CTopic%2CWriter&excludeFields=file%2Ctagline%2Csummary&includeLibraryPlaylists=1&includeStations=1).
Mar 25, 2026 13:56:44.830 [281472754770144] DEBUG - [Req#5dd] HubCache: Computed '1/movie.genre.1/1/hubs/sections/1/enexternal-media,indirect-media/count=20&excludeElements=Actor%2CCollection%2CCountry%2CDirector%2CGenre%2CLabel%2CLocation%2CMood%2CPart%2CProducer%2CSimilar%2CPhoto%2CRole%2CVast%2CTopic%2CWriter&excludeFields=file%2Ctagline%2Csummary&includeLibraryPlaylists=1&includeStations=1' in 3 ms.
Mar 25, 2026 13:56:44.831 [281472754770144] DEBUG - [Req#5dd] HubCache: Adding '1/movie.by.actor.or.director.1/1/hubs/sections/1/enexternal-media,indirect-media/count=20&excludeElements=Actor%2CCollection%2CCountry%2CDirector%2CGenre%2CLabel%2CLocation%2CMood%2CPart%2CProducer%2CSimilar%2CPhoto%2CRole%2CVast%2CTopic%2CWriter&excludeFields=file%2Ctagline%2Csummary&includeLibraryPlaylists=1&includeStations=1' to the cache (1/movie.by.actor.or.director.1/1/hubs/sections/1/enexternal-media,indirect-media/count=20&excludeElements=Actor%2CCollection%2CCountry%2CDirector%2CGenre%2CLabel%2CLocation%2CMood%2CPart%2CProducer%2CSimilar%2CPhoto%2CRole%2CVast%2CTopic%2CWriter&excludeFields=file%2Ctagline%2Csummary&includeLibraryPlaylists=1&includeStations=1).
Mar 25, 2026 13:56:44.833 [281472754770144] DEBUG - [Req#5dd] HubCache: Computed '1/movie.by.actor.or.director.1/1/hubs/sections/1/enexternal-media,indirect-media/count=20&excludeElements=Actor%2CCollection%2CCountry%2CDirector%2CGenre%2CLabel%2CLocation%2CMood%2CPart%2CProducer%2CSimilar%2CPhoto%2CRole%2CVast%2CTopic%2CWriter&excludeFields=file%2Ctagline%2Csummary&includeLibraryPlaylists=1&includeStations=1' in 2 ms.
Mar 25, 2026 13:56:44.833 [281472754770144] DEBUG - [Req#5dd] HubCache: Adding '1/movie.topunwatched.1/1/hubs/sections/1/enexternal-media,indirect-media/count=20&excludeElements=Actor%2CCollection%2CCountry%2CDirector%2CGenre%2CLabel%2CLocation%2CMood%2CPart%2CProducer%2CSimilar%2CPhoto%2CRole%2CVast%2CTopic%2CWriter&excludeFields=file%2Ctagline%2Csummary&includeLibraryPlaylists=1&includeStations=1' to the cache (1/movie.topunwatched.1/1/hubs/sections/1/enexternal-media,indirect-media/count=20&excludeElements=Actor%2CCollection%2CCountry%2CDirector%2CGenre%2CLabel%2CLocation%2CMood%2CPart%2CProducer%2CSimilar%2CPhoto%2CRole%2CVast%2CTopic%2CWriter&excludeFields=file%2Ctagline%2Csummary&includeLibraryPlaylists=1&includeStations=1).
Mar 25, 2026 13:56:44.834 [281472754770144] DEBUG - [Req#5dd] HubCache: Computed '1/movie.topunwatched.1/1/hubs/sections/1/enexternal-media,indirect-media/count=20&excludeElements=Actor%2CCollection%2CCountry%2CDirector%2CGenre%2CLabel%2CLocation%2CMood%2CPart%2CProducer%2CSimilar%2CPhoto%2CRole%2CVast%2CTopic%2CWriter&excludeFields=file%2Ctagline%2Csummary&includeLibraryPlaylists=1&includeStations=1' in 1 ms.
Mar 25, 2026 13:56:44.835 [281472754770144] DEBUG - [Req#5dd] HubCache: Adding '1/movie.curated.1/1/hubs/sections/1/enexternal-media,indirect-media/count=20&excludeElements=Actor%2CCollection%2CCountry%2CDirector%2CGenre%2CLabel%2CLocation%2CMood%2CPart%2CProducer%2CSimilar%2CPhoto%2CRole%2CVast%2CTopic%2CWriter&excludeFields=file%2Ctagline%2Csummary&includeLibraryPlaylists=1&includeStations=1' to the cache (1/movie.curated.1/1/hubs/sections/1/enexternal-media,indirect-media/count=20&excludeElements=Actor%2CCollection%2CCountry%2CDirector%2CGenre%2CLabel%2CLocation%2CMood%2CPart%2CProducer%2CSimilar%2CPhoto%2CRole%2CVast%2CTopic%2CWriter&excludeFields=file%2Ctagline%2Csummary&includeLibraryPlaylists=1&includeStations=1).
Mar 25, 2026 13:56:44.835 [281472754770144] DEBUG - [Req#5dd] HubCache: Adding '1/movie.recentlyviewed.1/1/hubs/sections/1/enexternal-media,indirect-media/count=20&excludeElements=Actor%2CCollection%2CCountry%2CDirector%2CGenre%2CLabel%2CLocation%2CMood%2CPart%2CProducer%2CSimilar%2CPhoto%2CRole%2CVast%2CTopic%2CWriter&excludeFields=file%2Ctagline%2Csummary&includeLibraryPlaylists=1&includeStations=1' to the cache (1/movie.recentlyviewed.1/1/hubs/sections/1/enexternal-media,indirect-media/count=20&excludeElements=Actor%2CCollection%2CCountry%2CDirector%2CGenre%2CLabel%2CLocation%2CMood%2CPart%2CProducer%2CSimilar%2CPhoto%2CRole%2CVast%2CTopic%2CWriter&excludeFields=file%2Ctagline%2Csummary&includeLibraryPlaylists=1&includeStations=1).
Mar 25, 2026 13:56:44.836 [281472754770144] DEBUG - [Req#5dd] HubCache: Computed '1/movie.recentlyviewed.1/1/hubs/sections/1/enexternal-media,indirect-media/count=20&excludeElements=Actor%2CCollection%2CCountry%2CDirector%2CGenre%2CLabel%2CLocation%2CMood%2CPart%2CProducer%2CSimilar%2CPhoto%2CRole%2CVast%2CTopic%2CWriter&excludeFields=file%2Ctagline%2Csummary&includeLibraryPlaylists=1&includeStations=1' in 0 ms.
Mar 25, 2026 13:56:44.841 [281472887980256] DEBUG - Completed: [192.168.97.1:37519] 200 GET /hubs/sections/1?count=20&includeLibraryPlaylists=1&includeStations=1&excludeElements=Actor%2CCollection%2CCountry%2CDirector%2CGenre%2CLabel%2CLocation%2CMood%2CPart%2CProducer%2CSimilar%2CPhoto%2CRole%2CVast%2CTopic%2CWriter&excludeFields=file%2Ctagline%2Csummary (4 live) #5dd TLS GZIP 24ms 1479 bytes (pipelined: 3)
Mar 25, 2026 13:56:44.969 [281472754770144] DEBUG - Request: [192.168.97.1:37519 (Subnet)] GET /photo/:/transcode?width=360&height=360&minSize=1&url=%2Flibrary%2Fmetadata%2F33%2Fthumb%2F1774443370&format=jpeg (4 live) #5ed TLS GZIP Signed-in Token (oscar.p46)
Mar 25, 2026 13:56:44.978 [281472754770144] DEBUG - [Req#5ed/PhotoTranscoder] Request for url [/library/metadata/33/thumb/1774443370] (is local: 1 upscaled: 0)
Mar 25, 2026 13:56:44.991 [281472754770144] DEBUG - [Req#5ed/PhotoTranscoder/Req#5ee] Calculated media file path for path [metadata://posters/tv.plex.agents.movie_6b069e20e07355c015503cd6ac9a40e13ffa54b9]: ["/config/Library/Application Support/Plex Media Server/Metadata/Movies/6/76ba34c4dcf9e6cc9841dd4c4ab29c9134dcb86.bundle/Contents/_combined/posters/tv.plex.agents.movie_6b069e20e07355c015503cd6ac9a40e13ffa54b9"]
Mar 25, 2026 13:56:44.991 [281472754770144] DEBUG - [Req#5ed/PhotoTranscoder] Calling back into ourselves for photo to transcode, optimizing the process (status: -1)
Mar 25, 2026 13:56:44.995 [281472754770144] DEBUG - [Req#5ed/PhotoTranscoder] Photo cache obtained 679966 bytes from /library/metadata/33/thumb/1774443370
Mar 25, 2026 13:56:45.034 [281472754770144] DEBUG - [Req#5ed/PhotoTranscoder] Created thumbnail of size 360x540, has pixels: 1
Mar 25, 2026 13:56:45.045 [281472887980256] DEBUG - Completed: [192.168.97.1:37519] 200 GET /photo/:/transcode?width=360&height=360&minSize=1&url=%2Flibrary%2Fmetadata%2F33%2Fthumb%2F1774443370&format=jpeg (4 live) #5ed TLS GZIP 76ms 48999 bytes (pipelined: 4)
Mar 25, 2026 13:56:46.239 [281472754770144] DEBUG - Request: [192.168.97.1:37519 (Subnet)] GET /photo/:/transcode?width=1280&height=1280&minSize=0&url=%2Flibrary%2Fmetadata%2F33%2FclearLogo%2F1774443370&format=png (4 live) #5f0 TLS GZIP Signed-in Token (oscar.p46)
Mar 25, 2026 13:56:46.239 [281472754770144] DEBUG - [Req#5f0/PhotoTranscoder] Request for url [/library/metadata/33/clearLogo/1774443370] (is local: 1 upscaled: 0)
Mar 25, 2026 13:56:46.249 [281472754770144] DEBUG - [Req#5f0/PhotoTranscoder/Req#5f1] Calculated media file path for path [metadata://clearLogos/tv.plex.agents.movie_bdf6640961c8f01b4736589fa21ab0323bd0ce76]: ["/config/Library/Application Support/Plex Media Server/Metadata/Movies/6/76ba34c4dcf9e6cc9841dd4c4ab29c9134dcb86.bundle/Contents/_combined/clearLogos/tv.plex.agents.movie_bdf6640961c8f01b4736589fa21ab0323bd0ce76"]
Mar 25, 2026 13:56:46.249 [281472754770144] DEBUG - [Req#5f0/PhotoTranscoder] Calling back into ourselves for photo to transcode, optimizing the process (status: -1)
Mar 25, 2026 13:56:46.250 [281472754770144] DEBUG - [Req#5f0/PhotoTranscoder] Photo cache obtained 60543 bytes from /library/metadata/33/clearLogo/1774443370
Mar 25, 2026 13:56:46.258 [281472825753824] DEBUG - Request: [192.168.97.1:32199 (Subnet)] GET /library/metadata/33?includeExtras=1&includeOnDeck=1&includeRelated=1&includeRelatedCount=20&includeReviews=1&includeExternalMetadata=1&checkFiles=1&includeStations=0&includePopularLeaves=0 (5 live) #5d9 TLS GZIP Signed-in Token (oscar.p46)
Mar 25, 2026 13:56:46.258 [281472754770144] DEBUG - [Req#5f0/PhotoTranscoder] Created thumbnail of size 1090x300, has pixels: 1
Mar 25, 2026 13:56:46.267 [281472825753824] DEBUG - We're going to try to auto-select an audio stream for account 1.
Mar 25, 2026 13:56:46.267 [281472825753824] DEBUG - Selecting best audio stream for part ID 63 (language: )
Mar 25, 2026 13:56:46.267 [281472825753824] DEBUG - We're going to try to auto-select a subtitle for account 1.
Mar 25, 2026 13:56:46.267 [281472825753824] DEBUG - Audio Stream: 538, Subtitle Stream: -1
Mar 25, 2026 13:56:46.278 [281472810987744] DEBUG - Request: [192.168.97.1:27946 (Subnet)] GET /photo/:/transcode?width=1280&height=1280&minSize=0&url=%2Flibrary%2Fmetadata%2F33%2FsquareArt%2F1774443370&format=jpeg (6 live) #5f2 TLS GZIP Signed-in Token (oscar.p46)
Mar 25, 2026 13:56:46.278 [281472810987744] DEBUG - [Req#5f2/PhotoTranscoder] Request for url [/library/metadata/33/squareArt/1774443370] (is local: 1 upscaled: 0)
Mar 25, 2026 13:56:46.280 [281472890089696] DEBUG - Completed: [192.168.97.1:32199] 200 GET /library/metadata/33?includeExtras=1&includeOnDeck=1&includeRelated=1&includeRelatedCount=20&includeReviews=1&includeExternalMetadata=1&checkFiles=1&includeStations=0&includePopularLeaves=0 (6 live) #5d9 TLS GZIP 21ms 6122 bytes (pipelined: 1)
Mar 25, 2026 13:56:46.282 [281472810987744] DEBUG - [Req#5f2/PhotoTranscoder/Req#5fb] Calculated media file path for path [metadata://squareArt/tv.plex.agents.movie_2c5386a10186ba6de2e7270ac63dc00b341db470]: ["/config/Library/Application Support/Plex Media Server/Metadata/Movies/6/76ba34c4dcf9e6cc9841dd4c4ab29c9134dcb86.bundle/Contents/_combined/squareArt/tv.plex.agents.movie_2c5386a10186ba6de2e7270ac63dc00b341db470"]
Mar 25, 2026 13:56:46.282 [281472810987744] DEBUG - [Req#5f2/PhotoTranscoder] Calling back into ourselves for photo to transcode, optimizing the process (status: -1)
Mar 25, 2026 13:56:46.284 [281472810987744] DEBUG - [Req#5f2/PhotoTranscoder] Photo cache obtained 396410 bytes from /library/metadata/33/squareArt/1774443370
Mar 25, 2026 13:56:46.304 [281472890089696] DEBUG - Completed: [192.168.97.1:37519] 200 GET /photo/:/transcode?width=1280&height=1280&minSize=0&url=%2Flibrary%2Fmetadata%2F33%2FclearLogo%2F1774443370&format=png (6 live) #5f0 TLS GZIP 64ms 79802 bytes (pipelined: 5)
Mar 25, 2026 13:56:46.324 [281472825753824] DEBUG - Request: [192.168.97.1:37519 (Subnet)] GET /library/sections/1/prefs (6 live) #5fe TLS GZIP Signed-in Token (oscar.p46)
Mar 25, 2026 13:56:46.328 [281472890089696] DEBUG - Completed: [192.168.97.1:37519] 200 GET /library/sections/1/prefs (6 live) #5fe TLS GZIP 3ms 3797 bytes (pipelined: 6)
Mar 25, 2026 13:56:46.341 [281472810987744] DEBUG - [Req#5f2/PhotoTranscoder] Created thumbnail of size 1280x1280, has pixels: 1
Mar 25, 2026 13:56:46.385 [281472890089696] DEBUG - Completed: [192.168.97.1:27946] 200 GET /photo/:/transcode?width=1280&height=1280&minSize=0&url=%2Flibrary%2Fmetadata%2F33%2FsquareArt%2F1774443370&format=jpeg (6 live) #5f2 TLS GZIP 107ms 202954 bytes (pipelined: 1)
Mar 25, 2026 13:56:47.597 [281472754770144] DEBUG - Request: [192.168.97.1:37519 (Subnet)] POST /playQueues?includeChapters=1&continuous=1&uri=server%3A%2F%2Fe54df6383d25ebd337b0eedd659aa30a8163aa07%2Fcom.plexapp.plugins.library%2Flibrary%2Fmetadata%2F33&type=video&own=1&repeat=0&shuffle=0&includeMarkers=1&includeGeolocation=1&includeExternalMedia=1&extrasPrefixCount=-1 (6 live) #5ff TLS GZIP Signed-in Token (oscar.p46)
Mar 25, 2026 13:56:47.598 [281472754770144] DEBUG - [Req#5ff] PlayQueue: Converted 'server://e54df6383d25ebd337b0eedd659aa30a8163aa07/com.plexapp.plugins.library/library/metadata/33' to 'library://x/item/%2Flibrary%2Fmetadata%2F33'
Mar 25, 2026 13:56:47.599 [281472825753824] DEBUG - Request: [192.168.97.1:32199 (Subnet)] GET /photo/:/transcode?width=1920&height=1920&minSize=0&url=%2Flibrary%2Fmetadata%2F33%2FclearLogo%2F1774443370&format=png (6 live) #5fc TLS GZIP Signed-in Token (oscar.p46)
Mar 25, 2026 13:56:47.599 [281472825753824] DEBUG - [Req#5fc/PhotoTranscoder] Request for url [/library/metadata/33/clearLogo/1774443370] (is local: 1 upscaled: 0)
Mar 25, 2026 13:56:47.604 [281472825753824] DEBUG - [Req#5fc/PhotoTranscoder/Req#601] Calculated media file path for path [metadata://clearLogos/tv.plex.agents.movie_bdf6640961c8f01b4736589fa21ab0323bd0ce76]: ["/config/Library/Application Support/Plex Media Server/Metadata/Movies/6/76ba34c4dcf9e6cc9841dd4c4ab29c9134dcb86.bundle/Contents/_combined/clearLogos/tv.plex.agents.movie_bdf6640961c8f01b4736589fa21ab0323bd0ce76"]
Mar 25, 2026 13:56:47.605 [281472754770144] DEBUG - [Req#5ff] PlayQueue: Start index: 0 End index: 0 Count: 1
Mar 25, 2026 13:56:47.605 [281472825753824] DEBUG - [Req#5fc/PhotoTranscoder] Calling back into ourselves for photo to transcode, optimizing the process (status: -1)
Mar 25, 2026 13:56:47.605 [281472754770144] DEBUG - [Req#5ff] PlayQueue: Added 1 items in 0.0 sec.
Mar 25, 2026 13:56:47.605 [281472825753824] DEBUG - [Req#5fc/PhotoTranscoder] Photo cache obtained 60543 bytes from /library/metadata/33/clearLogo/1774443370
Mar 25, 2026 13:56:47.613 [281472754770144] DEBUG - We're going to try to auto-select an audio stream for account 1.
Mar 25, 2026 13:56:47.613 [281472754770144] DEBUG - Selecting best audio stream for part ID 63 (language: )
Mar 25, 2026 13:56:47.613 [281472754770144] DEBUG - We're going to try to auto-select a subtitle for account 1.
Mar 25, 2026 13:56:47.613 [281472754770144] DEBUG - Audio Stream: 538, Subtitle Stream: -1
Mar 25, 2026 13:56:47.614 [281472887980256] DEBUG - Completed: [192.168.97.1:37519] 200 POST /playQueues?includeChapters=1&continuous=1&uri=server%3A%2F%2Fe54df6383d25ebd337b0eedd659aa30a8163aa07%2Fcom.plexapp.plugins.library%2Flibrary%2Fmetadata%2F33&type=video&own=1&repeat=0&shuffle=0&includeMarkers=1&includeGeolocation=1&includeExternalMedia=1&extrasPrefixCount=-1 (6 live) #5ff TLS GZIP 17ms 3494 bytes (pipelined: 7)
Mar 25, 2026 13:56:47.615 [281472825753824] DEBUG - [Req#5fc/PhotoTranscoder] Created thumbnail of size 1090x300, has pixels: 1
Mar 25, 2026 13:56:47.662 [281472887980256] DEBUG - Completed: [192.168.97.1:32199] 200 GET /photo/:/transcode?width=1920&height=1920&minSize=0&url=%2Flibrary%2Fmetadata%2F33%2FclearLogo%2F1774443370&format=png (6 live) #5fc TLS GZIP 63ms 79802 bytes (pipelined: 2)
Mar 25, 2026 13:56:47.787 [281472810987744] DEBUG - Request: [192.168.97.1:32199 (Subnet)] GET /photo/:/transcode?width=1920&height=1920&minSize=0&url=%2Flibrary%2Fmetadata%2F33%2FsquareArt%2F1774443370&format=jpeg (6 live) #606 TLS GZIP Signed-in Token (oscar.p46)
Mar 25, 2026 13:56:47.787 [281472754770144] DEBUG - Request: [192.168.97.1:37519 (Subnet)] GET /photo/:/transcode?width=480&height=480&minSize=1&url=%2Flibrary%2Fmetadata%2F33%2Fthumb%2F1774443370&format=jpeg (6 live) #605 TLS GZIP Signed-in Token (oscar.p46)
Mar 25, 2026 13:56:47.787 [281472754770144] DEBUG - [Req#605/PhotoTranscoder] Request for url [/library/metadata/33/thumb/1774443370] (is local: 1 upscaled: 0)
Mar 25, 2026 13:56:47.787 [281472810987744] DEBUG - [Req#606/PhotoTranscoder] Request for url [/library/metadata/33/squareArt/1774443370] (is local: 1 upscaled: 0)
Mar 25, 2026 13:56:47.795 [281472754770144] DEBUG - [Req#605/PhotoTranscoder/Req#607] Calculated media file path for path [metadata://posters/tv.plex.agents.movie_6b069e20e07355c015503cd6ac9a40e13ffa54b9]: ["/config/Library/Application Support/Plex Media Server/Metadata/Movies/6/76ba34c4dcf9e6cc9841dd4c4ab29c9134dcb86.bundle/Contents/_combined/posters/tv.plex.agents.movie_6b069e20e07355c015503cd6ac9a40e13ffa54b9"]
Mar 25, 2026 13:56:47.795 [281472754770144] DEBUG - [Req#605/PhotoTranscoder] Calling back into ourselves for photo to transcode, optimizing the process (status: -1)
Mar 25, 2026 13:56:47.796 [281472810987744] DEBUG - [Req#606/PhotoTranscoder/Req#608] Calculated media file path for path [metadata://squareArt/tv.plex.agents.movie_2c5386a10186ba6de2e7270ac63dc00b341db470]: ["/config/Library/Application Support/Plex Media Server/Metadata/Movies/6/76ba34c4dcf9e6cc9841dd4c4ab29c9134dcb86.bundle/Contents/_combined/squareArt/tv.plex.agents.movie_2c5386a10186ba6de2e7270ac63dc00b341db470"]
Mar 25, 2026 13:56:47.796 [281472810987744] DEBUG - [Req#606/PhotoTranscoder] Calling back into ourselves for photo to transcode, optimizing the process (status: -1)
Mar 25, 2026 13:56:47.796 [281472810987744] DEBUG - [Req#606/PhotoTranscoder] Photo cache obtained 396410 bytes from /library/metadata/33/squareArt/1774443370
Mar 25, 2026 13:56:47.797 [281472754770144] DEBUG - [Req#605/PhotoTranscoder] Photo cache obtained 679966 bytes from /library/metadata/33/thumb/1774443370
Mar 25, 2026 13:56:47.802 [281472825753824] DEBUG - Request: [192.168.97.1:27946 (Subnet)] GET /library/metadata/33?checkFiles=1&includeChapters=1&includeMarkers=1 (6 live) #600 TLS GZIP Signed-in Token (oscar.p46)
Mar 25, 2026 13:56:47.808 [281472825753824] DEBUG - We're going to try to auto-select an audio stream for account 1.
Mar 25, 2026 13:56:47.808 [281472825753824] DEBUG - Selecting best audio stream for part ID 63 (language: )
Mar 25, 2026 13:56:47.808 [281472825753824] DEBUG - We're going to try to auto-select a subtitle for account 1.
Mar 25, 2026 13:56:47.808 [281472825753824] DEBUG - Audio Stream: 538, Subtitle Stream: -1
Mar 25, 2026 13:56:47.809 [281472887980256] DEBUG - Completed: [192.168.97.1:27946] 200 GET /library/metadata/33?checkFiles=1&includeChapters=1&includeMarkers=1 (6 live) #600 TLS GZIP 7ms 3474 bytes (pipelined: 2)
Mar 25, 2026 13:56:47.838 [281472754770144] DEBUG - [Req#605/PhotoTranscoder] Created thumbnail of size 480x720, has pixels: 1
Mar 25, 2026 13:56:47.843 [281472810987744] DEBUG - [Req#606/PhotoTranscoder] Created thumbnail of size 1400x1400, has pixels: 1
Mar 25, 2026 13:56:47.852 [281472825753824] DEBUG - Request: [192.168.97.1:27946 (Subnet)] GET /video/:/transcode/universal/decision?directPlay=1&directStream=1&directStreamAudio=1&protocol=hls&fastSeek=1&path=%2Flibrary%2Fmetadata%2F33&session=7fc96115-32f4-4462-ac37-f71d7c158563&mediaIndex=0&partIndex=0&mediaBufferSize=50000&hasMDE=1&subtitleSize=0&videoQuality=100&videoResolution=&audioBoost=100&autoAdjustSubtitle=1&boostDialog=0&normalizeLoudness=0&subtitles=none&location=lan (6 live) #60b TLS GZIP Signed-in Token (oscar.p46)
Mar 25, 2026 13:56:47.852 [281472825753824] DEBUG - [Req#60b/Transcode] Found session GUID of 7fc96115-32f4-4462-ac37-f71d7c158563 in session start.
Mar 25, 2026 13:56:47.852 [281472825753824] DEBUG - [Req#60b/Transcode] TranscodeUniversalRequest: adapting profile with augmentation data: add-transcode-target(type=videoProfile&context=all&protocol=hls&container=mkv&videoCodec=h264,png,apng,bmp,mjpeg,thp,gif,vp8,vp9,dirac,ffv1,ffvhuff,huffyuv,rawvideo,ayuv,r210,v210,v210x,v308,v408,v410,y41p,yuv4,ansi,h263,mpeg1video,mpeg2video,mpeg4,hevc,av1,vc1&audioCodec=ape,aac,aac_latm,alac,dca,vorbis,opus,pcm,pcm_alaw,pcm_mulaw,pcm_bluray,pcm_dvd,mp1,mp2,ac3,eac3,mp3&subtitleCodec=ass,dvb_subtitle,eia_608,jacosub,microdvd,mov_text,mpl2,pgs,pjs,realtext,sami,srt,ssa,stl,subviewer,subviewer1,text,vobsub,vplayer,xsub)+add-limitation(scope=videoAudioCodec&scopeName=aac&type=upperBound&name=audio.channels&value=10)+add-limitation(scope=videoTranscodeTarget&scopeName=h264&scopeType=videoCodec&context=all&protocol=hls&type=upperBound&name=video.bitDepth&value=10)+add-limitation(scope=videoTranscodeTarget&scopeName=h264&scopeType=videoCodec&context=all&protocol=hls&type=upperBound&name=video.width&value=3840)+add-limitation(scope=videoTranscodeTarget&scopeName=h264&scopeType=videoCodec&context=all&protocol=hls&type=upperBound&name=video.height&value=2160)+add-limitation(scope=videoTranscodeTarget&scopeName=hevc&scopeType=videoCodec&context=all&protocol=hls&type=upperBound&name=video.width&value=3840)+add-limitation(scope=videoTranscodeTarget&scopeName=hevc&scopeType=videoCodec&context=all&protocol=hls&type=upperBound&name=video.height&value=2160)+add-limitation(scope=videoTranscodeTarget&scopeName=av1&scopeType=videoCodec&context=all&protocol=hls&type=upperBound&name=video.width&value=3840)+add-limitation(scope=videoTranscodeTarget&scopeName=av1&scopeType=videoCodec&context=all&protocol=hls&type=upperBound&name=video.height&value=2160)+add-transcode-target-settings(type=videoProfile&context=all&protocol=hls&CopyMatroskaAttachments=true)
Mar 25, 2026 13:56:47.852 [281472825753824] DEBUG - [Req#60b/Transcode] TranscodeUniversalRequest: using augmented profile Generic
Mar 25, 2026 13:56:47.853 [281472825753824] DEBUG - [Req#60b/Transcode] Downloading document http://127.0.0.1:32400/library/metadata/33?includeBandwidths=1&offset=-1&X-Plex-Incomplete-Segments=1&X-Plex-Session-Identifier=tlmplf0gg79k4hp7m8xnc4zk
Mar 25, 2026 13:56:47.855 [281472825753824] DEBUG - [Req#60b/Transcode] We're going to try to auto-select an audio stream for account 1.
Mar 25, 2026 13:56:47.855 [281472825753824] DEBUG - [Req#60b/Transcode] Selecting best audio stream for part ID 63 (language: )
Mar 25, 2026 13:56:47.855 [281472825753824] DEBUG - [Req#60b/Transcode] We're going to try to auto-select a subtitle for account 1.
Mar 25, 2026 13:56:47.855 [281472825753824] DEBUG - [Req#60b/Transcode] Audio Stream: 538, Subtitle Stream: -1
Mar 25, 2026 13:56:47.856 [281472890089696] DEBUG - Completed: [192.168.97.1:37519] 200 GET /photo/:/transcode?width=480&height=480&minSize=1&url=%2Flibrary%2Fmetadata%2F33%2Fthumb%2F1774443370&format=jpeg (6 live) #605 TLS GZIP 68ms 76171 bytes (pipelined: 8)
Mar 25, 2026 13:56:47.856 [281472825753824] DEBUG - [Req#60b/Transcode] Streaming Resource: Added session 0xffff83249de8:tlmplf0gg79k4hp7m8xnc4zk
Mar 25, 2026 13:56:47.856 [281472825753824] DEBUG - [Req#60b/Transcode] Streaming Resource: Reached Decision id=33 codes=(MDE=1000,Direct play OK.) media=(id=63 part=(id=63 decision=direct play protocol=hls streams=(Video=(id=537 decision= width=1920 height=1036) Audio=(id=538 decision= channels=0 rate=0))))
Mar 25, 2026 13:56:47.856 [281472890089696] DEBUG - Completed: [192.168.97.1:27946] 200 GET /video/:/transcode/universal/decision?directPlay=1&directStream=1&directStreamAudio=1&protocol=hls&fastSeek=1&path=%2Flibrary%2Fmetadata%2F33&session=7fc96115-32f4-4462-ac37-f71d7c158563&mediaIndex=0&partIndex=0&mediaBufferSize=50000&hasMDE=1&subtitleSize=0&videoQuality=100&videoResolution=&audioBoost=100&autoAdjustSubtitle=1&boostDialog=0&normalizeLoudness=0&subtitles=none&location=lan (6 live) #60b TLS GZIP 4ms 3220 bytes (pipelined: 3)
Mar 25, 2026 13:56:47.897 [281472890089696] DEBUG - Completed: [192.168.97.1:32199] 200 GET /photo/:/transcode?width=1920&height=1920&minSize=0&url=%2Flibrary%2Fmetadata%2F33%2FsquareArt%2F1774443370&format=jpeg (6 live) #606 TLS GZIP 110ms 232143 bytes (pipelined: 3)
Mar 25, 2026 13:56:47.920 [281472754770144] DEBUG - Request: [192.168.97.1:37519 (Subnet)] GET /library/metadata/33/thumb/1774443370 (6 live) #60e TLS GZIP Signed-in Token (oscar.p46)
Mar 25, 2026 13:56:47.921 [281472825753824] DEBUG - Request: [192.168.97.1:27946 (Subnet)] GET /:/timeline?key=%2Flibrary%2Fmetadata%2F33&ratingKey=33&playQueueItemID=79&duration=4633333&time=0&playbackTime=154532&hasMDE=1&context=library.recommended%3Ahub.movie.recentlyreleased&row=0&col=0&state=buffering (6 live) #60f TLS GZIP Signed-in Token (oscar.p46)
Mar 25, 2026 13:56:47.922 [281472825753824] DEBUG - [Req#60f] Client [tlmplf0gg79k4hp7m8xnc4zk] reporting timeline state buffering, progress of 0/4633333ms for guid=, playbackTime=154532ms ratingKey=33 url=, key=/library/metadata/33, containerKey=, metadataId=33, source=
Mar 25, 2026 13:56:47.922 [281472754770144] DEBUG - [Req#60e] Calculated media file path for path [metadata://posters/tv.plex.agents.movie_6b069e20e07355c015503cd6ac9a40e13ffa54b9]: ["/config/Library/Application Support/Plex Media Server/Metadata/Movies/6/76ba34c4dcf9e6cc9841dd4c4ab29c9134dcb86.bundle/Contents/_combined/posters/tv.plex.agents.movie_6b069e20e07355c015503cd6ac9a40e13ffa54b9"]
Mar 25, 2026 13:56:47.922 [281472754770144] DEBUG - Content-Length of /config/Library/Application Support/Plex Media Server/Metadata/Movies/6/76ba34c4dcf9e6cc9841dd4c4ab29c9134dcb86.bundle/Contents/_combined/posters/tv.plex.agents.movie_6b069e20e07355c015503cd6ac9a40e13ffa54b9 is 679966 (of total: 679966).
Mar 25, 2026 13:56:47.924 [281472890089696] DEBUG - Completed: [192.168.97.1:37519] 200 GET /library/metadata/33/thumb/1774443370 (7 live) #60e TLS GZIP 3ms 679966 bytes (pipelined: 9)
Mar 25, 2026 13:56:47.924 [281472825753824] DEBUG - [Req#60f] We're going to try to auto-select an audio stream for account 1.
Mar 25, 2026 13:56:47.924 [281472825753824] DEBUG - [Req#60f] Selecting best audio stream for part ID 63 (language: )
Mar 25, 2026 13:56:47.924 [281472825753824] DEBUG - [Req#60f] We're going to try to auto-select a subtitle for account 1.
Mar 25, 2026 13:56:47.924 [281472825753824] DEBUG - [Req#60f] Audio Stream: 538, Subtitle Stream: -1
Mar 25, 2026 13:56:47.925 [281472825753824] DEBUG - [Req#60f] [Now] User is oscar.p46 (ID: 1)
Mar 25, 2026 13:56:47.925 [281472825753824] DEBUG - [Req#60f] [Now] Device is iOS (iPhone).
Mar 25, 2026 13:56:47.925 [281472825753824] DEBUG - [Req#60f] [Now] Profile is iOS
Mar 25, 2026 13:56:47.925 [281472825753824] DEBUG - [Req#60f] [Now] Updated play state for /library/metadata/33.
Mar 25, 2026 13:56:47.925 [281472825753824] DEBUG - [Req#60f] Statistics: (tlmplf0gg79k4hp7m8xnc4zk) Reporting active playback in state 2 of type 1 (scrobble: 0) for account 1
Mar 25, 2026 13:56:47.926 [281472890089696] DEBUG - Completed: [192.168.97.1:27946] 200 GET /:/timeline?key=%2Flibrary%2Fmetadata%2F33&ratingKey=33&playQueueItemID=79&duration=4633333&time=0&playbackTime=154532&hasMDE=1&context=library.recommended%3Ahub.movie.recentlyreleased&row=0&col=0&state=buffering (7 live) #60f TLS GZIP 4ms 476 bytes (pipelined: 4)
Mar 25, 2026 13:56:47.930 [281472810987744] DEBUG - Request: [192.168.97.1:50009 (Subnet)] GET /status/sessions (8 live) #612 GZIP Signed-in Token (oscar.p46)
Mar 25, 2026 13:56:47.930 [281472810987744] DEBUG - [Req#612] [Now] Adding 1 sessions.
Mar 25, 2026 13:56:47.930 [281472887980256] DEBUG - Completed: [192.168.97.1:50009] 200 GET /status/sessions (8 live) #612 GZIP 0ms 478 bytes (pipelined: 1)
Mar 25, 2026 13:56:47.975 [281472754770144] DEBUG - Request: [192.168.97.1:20766 (Subnet)] GET /library/parts/63/1774443284/file.mp4 (8 live) #5f4 TLS Signed-in Token (oscar.p46) (range: bytes=0-) 
Mar 25, 2026 13:56:47.975 [281472754770144] DEBUG - Content-Length of /movies/Little Amélie or the Character of Rain (2025)/Little Amélie or the Character of Rain (2025) Bluray-1080p.mp4 is 1529112190 (of total: 1529112190).
Mar 25, 2026 13:56:48.835 [281472825753824] DEBUG - Request: [192.168.97.1:37519 (Subnet)] GET /:/timeline?key=%2Flibrary%2Fmetadata%2F33&ratingKey=33&playQueueItemID=79&duration=4633333&time=0&playbackTime=155393&hasMDE=1&context=library.recommended%3Ahub.movie.recentlyreleased&row=0&col=0&state=paused (8 live) #614 TLS GZIP Signed-in Token (oscar.p46)
Mar 25, 2026 13:56:48.836 [281472825753824] DEBUG - [Req#614] Client [tlmplf0gg79k4hp7m8xnc4zk] reporting timeline state paused, progress of 0/4633333ms for guid=, playbackTime=155393ms ratingKey=33 url=, key=/library/metadata/33, containerKey=, metadataId=33, source=
Mar 25, 2026 13:56:48.836 [281472825753824] DEBUG - [Req#614] [Now] User is oscar.p46 (ID: 1)
Mar 25, 2026 13:56:48.837 [281472825753824] DEBUG - [Req#614] [Now] Device is iOS (iPhone).
Mar 25, 2026 13:56:48.838 [281472825753824] DEBUG - [Req#614] [Now] Profile is iOS
Mar 25, 2026 13:56:48.838 [281472825753824] DEBUG - [Req#614] [Now] Updated play state for /library/metadata/33.
Mar 25, 2026 13:56:48.838 [281472825753824] DEBUG - [Req#614] Statistics: (tlmplf0gg79k4hp7m8xnc4zk) Reporting active playback in state 1 of type 1 (scrobble: 0) for account 1
Mar 25, 2026 13:56:48.841 [281472890089696] DEBUG - Completed: [192.168.97.1:37519] 200 GET /:/timeline?key=%2Flibrary%2Fmetadata%2F33&ratingKey=33&playQueueItemID=79&duration=4633333&time=0&playbackTime=155393&hasMDE=1&context=library.recommended%3Ahub.movie.recentlyreleased&row=0&col=0&state=paused (8 live) #614 TLS GZIP 6ms 476 bytes (pipelined: 10)
Mar 25, 2026 13:56:48.846 [281472810987744] DEBUG - Request: [192.168.97.1:50009 (Subnet)] GET /status/sessions (8 live) #61c GZIP Signed-in Token (oscar.p46)
Mar 25, 2026 13:56:48.846 [281472810987744] DEBUG - [Req#61c] [Now] Adding 1 sessions.
Mar 25, 2026 13:56:48.847 [281472887980256] DEBUG - Completed: [192.168.97.1:50009] 200 GET /status/sessions (8 live) #61c GZIP 0ms 478 bytes (pipelined: 2)
Mar 25, 2026 13:56:49.010 [281472810987744] DEBUG - Request: [192.168.97.1:32199 (Subnet)] GET /:/timeline?key=%2Flibrary%2Fmetadata%2F33&ratingKey=33&playQueueItemID=79&duration=4633333&time=0&playbackTime=155624&hasMDE=1&context=library.recommended%3Ahub.movie.recentlyreleased&row=0&col=0&state=buffering (8 live) #610 TLS GZIP Signed-in Token (oscar.p46)
Mar 25, 2026 13:56:49.010 [281472754770144] DEBUG - Request: [192.168.97.1:37519 (Subnet)] GET /:/timeline?key=%2Flibrary%2Fmetadata%2F33&ratingKey=33&playQueueItemID=79&duration=4633333&time=0&playbackTime=155623&hasMDE=1&context=library.recommended%3Ahub.movie.recentlyreleased&row=0&col=0&state=buffering (8 live) #621 TLS GZIP Signed-in Token (oscar.p46)
Mar 25, 2026 13:56:49.011 [281472825753824] DEBUG - Request: [192.168.97.1:27946 (Subnet)] GET /:/timeline?key=%2Flibrary%2Fmetadata%2F33&ratingKey=33&playQueueItemID=79&duration=4633333&time=0&playbackTime=155625&hasMDE=1&context=library.recommended%3Ahub.movie.recentlyreleased&row=0&col=0&state=buffering (8 live) #61a TLS GZIP Signed-in Token (oscar.p46)
Mar 25, 2026 13:56:49.013 [281472810987744] DEBUG - [Req#610] Client [tlmplf0gg79k4hp7m8xnc4zk] reporting timeline state buffering, progress of 0/4633333ms for guid=, playbackTime=155624ms ratingKey=33 url=, key=/library/metadata/33, containerKey=, metadataId=33, source=
Mar 25, 2026 13:56:49.013 [281472825753824] DEBUG - [Req#61a] Client [tlmplf0gg79k4hp7m8xnc4zk] reporting timeline state buffering, progress of 0/4633333ms for guid=, playbackTime=155625ms ratingKey=33 url=, key=/library/metadata/33, containerKey=, metadataId=33, source=
Mar 25, 2026 13:56:49.013 [281472825753824] DEBUG - [Req#61a] [Now] User is oscar.p46 (ID: 1)
Mar 25, 2026 13:56:49.013 [281472825753824] DEBUG - [Req#61a] [Now] Device is iOS (iPhone).
Mar 25, 2026 13:56:49.014 [281472754770144] DEBUG - [Req#621] Client [tlmplf0gg79k4hp7m8xnc4zk] reporting timeline state buffering, progress of 0/4633333ms for guid=, playbackTime=155623ms ratingKey=33 url=, key=/library/metadata/33, containerKey=, metadataId=33, source=
Mar 25, 2026 13:56:49.014 [281472825753824] DEBUG - [Req#61a] [Now] Profile is iOS
Mar 25, 2026 13:56:49.014 [281472825753824] DEBUG - [Req#61a] [Now] Updated play state for /library/metadata/33.
Mar 25, 2026 13:56:49.015 [281472825753824] DEBUG - [Req#61a] Statistics: (tlmplf0gg79k4hp7m8xnc4zk) Reporting active playback in state 2 of type 1 (scrobble: 0) for account 1
Mar 25, 2026 13:56:49.016 [281472810987744] DEBUG - [Req#610] [Now] User is oscar.p46 (ID: 1)
Mar 25, 2026 13:56:49.016 [281472810987744] DEBUG - [Req#610] [Now] Device is iOS (iPhone).
Mar 25, 2026 13:56:49.018 [281472887980256] DEBUG - Completed: [192.168.97.1:27946] 200 GET /:/timeline?key=%2Flibrary%2Fmetadata%2F33&ratingKey=33&playQueueItemID=79&duration=4633333&time=0&playbackTime=155625&hasMDE=1&context=library.recommended%3Ahub.movie.recentlyreleased&row=0&col=0&state=buffering (8 live) #61a TLS GZIP 6ms 476 bytes (pipelined: 5)
Mar 25, 2026 13:56:49.018 [281472810987744] DEBUG - [Req#610] [Now] Profile is iOS
Mar 25, 2026 13:56:49.018 [281472810987744] DEBUG - [Req#610] [Now] Updated play state for /library/metadata/33.
Mar 25, 2026 13:56:49.018 [281472810987744] DEBUG - [Req#610] Statistics: (tlmplf0gg79k4hp7m8xnc4zk) Reporting active playback in state 2 of type 1 (scrobble: 0) for account 1
Mar 25, 2026 13:56:49.019 [281472754770144] DEBUG - [Req#621] [Now] User is oscar.p46 (ID: 1)
Mar 25, 2026 13:56:49.019 [281472754770144] DEBUG - [Req#621] [Now] Device is iOS (iPhone).
Mar 25, 2026 13:56:49.019 [281472754770144] DEBUG - [Req#621] [Now] Profile is iOS
Mar 25, 2026 13:56:49.019 [281472754770144] DEBUG - [Req#621] [Now] Updated play state for /library/metadata/33.
Mar 25, 2026 13:56:49.019 [281472754770144] DEBUG - [Req#621] Statistics: (tlmplf0gg79k4hp7m8xnc4zk) Reporting active playback in state 2 of type 1 (scrobble: 0) for account 1
Mar 25, 2026 13:56:49.021 [281472890089696] DEBUG - Completed: [192.168.97.1:32199] 200 GET /:/timeline?key=%2Flibrary%2Fmetadata%2F33&ratingKey=33&playQueueItemID=79&duration=4633333&time=0&playbackTime=155624&hasMDE=1&context=library.recommended%3Ahub.movie.recentlyreleased&row=0&col=0&state=buffering (8 live) #610 TLS GZIP 11ms 476 bytes (pipelined: 4)
Mar 25, 2026 13:56:49.023 [281472825753824] DEBUG - Request: [192.168.97.1:50009 (Subnet)] GET /status/sessions (8 live) #622 GZIP Signed-in Token (oscar.p46)
Mar 25, 2026 13:56:49.023 [281472825753824] DEBUG - [Req#622] [Now] Adding 1 sessions.
Mar 25, 2026 13:56:49.023 [281472887980256] DEBUG - Completed: [192.168.97.1:50009] 200 GET /status/sessions (8 live) #622 GZIP 0ms 478 bytes (pipelined: 3)
Mar 25, 2026 13:56:49.024 [281472887980256] DEBUG - Completed: [192.168.97.1:37519] 200 GET /:/timeline?key=%2Flibrary%2Fmetadata%2F33&ratingKey=33&playQueueItemID=79&duration=4633333&time=0&playbackTime=155623&hasMDE=1&context=library.recommended%3Ahub.movie.recentlyreleased&row=0&col=0&state=buffering (8 live) #621 TLS GZIP 13ms 476 bytes (pipelined: 11)
Mar 25, 2026 13:56:49.176 [281472810987744] DEBUG - Request: [192.168.97.1:37519 (Subnet)] GET /:/timeline?key=%2Flibrary%2Fmetadata%2F33&ratingKey=33&playQueueItemID=79&duration=4633333&time=0&playbackTime=155748&hasMDE=1&context=library.recommended%3Ahub.movie.recentlyreleased&row=0&col=0&state=playing (8 live) #632 TLS GZIP Signed-in Token (oscar.p46)
Mar 25, 2026 13:56:49.177 [281472810987744] DEBUG - [Req#632] Client [tlmplf0gg79k4hp7m8xnc4zk] reporting timeline state playing, progress of 0/4633333ms for guid=, playbackTime=155748ms ratingKey=33 url=, key=/library/metadata/33, containerKey=, metadataId=33, source=
Mar 25, 2026 13:56:49.185 [281472810987744] DEBUG - [Req#632] [Now] User is oscar.p46 (ID: 1)
Mar 25, 2026 13:56:49.185 [281472810987744] DEBUG - [Req#632] [Now] Device is iOS (iPhone).
Mar 25, 2026 13:56:49.186 [281472810987744] DEBUG - [Req#632] [Now] Profile is iOS
Mar 25, 2026 13:56:49.186 [281472810987744] DEBUG - [Req#632] [Now] Updated play state for /library/metadata/33.
Mar 25, 2026 13:56:49.186 [281472810987744] DEBUG - [Req#632] Statistics: (tlmplf0gg79k4hp7m8xnc4zk) Reporting active playback in state 0 of type 1 (scrobble: 0) for account 1
Mar 25, 2026 13:56:49.189 [281472890089696] DEBUG - Completed: [192.168.97.1:37519] 200 GET /:/timeline?key=%2Flibrary%2Fmetadata%2F33&ratingKey=33&playQueueItemID=79&duration=4633333&time=0&playbackTime=155748&hasMDE=1&context=library.recommended%3Ahub.movie.recentlyreleased&row=0&col=0&state=playing (8 live) #632 TLS GZIP 13ms 476 bytes (pipelined: 12)
Mar 25, 2026 13:56:49.192 [281472825753824] DEBUG - Request: [192.168.97.1:50009 (Subnet)] GET /status/sessions (8 live) #631 GZIP Signed-in Token (oscar.p46)
Mar 25, 2026 13:56:49.192 [281472825753824] DEBUG - [Req#631] [Now] Adding 1 sessions.
Mar 25, 2026 13:56:49.193 [281472890089696] DEBUG - Completed: [192.168.97.1:50009] 200 GET /status/sessions (8 live) #631 GZIP 1ms 3483 bytes (pipelined: 4)
Mar 25, 2026 13:56:50.914 [281472754770144] DEBUG - Request: [192.168.97.1:37519 (Subnet)] GET /hubs/metadata/33/postplay (8 live) #637 TLS GZIP Signed-in Token (oscar.p46)
Mar 25, 2026 13:56:50.919 [281472887980256] DEBUG - Completed: [192.168.97.1:37519] 200 GET /hubs/metadata/33/postplay (8 live) #637 TLS GZIP 4ms 450 bytes (pipelined: 13)
Mar 25, 2026 13:56:58.802 [281472754770144] DEBUG - Request: [192.168.97.1:37519 (Subnet)] GET /:/timeline?key=%2Flibrary%2Fmetadata%2F33&ratingKey=33&playQueueItemID=79&duration=4633333&time=8752&playbackTime=165413&hasMDE=1&context=library.recommended%3Ahub.movie.recentlyreleased&row=0&col=0&state=playing (8 live) #639 TLS GZIP Signed-in Token (oscar.p46)
Mar 25, 2026 13:56:58.804 [281472754770144] DEBUG - [Req#639] Client [tlmplf0gg79k4hp7m8xnc4zk] reporting timeline state playing, progress of 8752/4633333ms for guid=, playbackTime=165413ms ratingKey=33 url=, key=/library/metadata/33, containerKey=, metadataId=33, source=
Mar 25, 2026 13:56:58.805 [281472754770144] DEBUG - [Req#639] [Now] User is oscar.p46 (ID: 1)
Mar 25, 2026 13:56:58.805 [281472754770144] DEBUG - [Req#639] [Now] Device is iOS (iPhone).
Mar 25, 2026 13:56:58.806 [281472754770144] DEBUG - [Req#639] [Now] Profile is iOS
Mar 25, 2026 13:56:58.806 [281472754770144] DEBUG - [Req#639] [Now] Updated play state for /library/metadata/33.
Mar 25, 2026 13:56:58.806 [281472754770144] DEBUG - [Req#639] Statistics: (tlmplf0gg79k4hp7m8xnc4zk) Reporting active playback in state 0 of type 1 (scrobble: 0) for account 1
Mar 25, 2026 13:56:58.810 [281472887980256] DEBUG - Completed: [192.168.97.1:37519] 200 GET /:/timeline?key=%2Flibrary%2Fmetadata%2F33&ratingKey=33&playQueueItemID=79&duration=4633333&time=8752&playbackTime=165413&hasMDE=1&context=library.recommended%3Ahub.movie.recentlyreleased&row=0&col=0&state=playing (8 live) #639 TLS GZIP 8ms 476 bytes (pipelined: 14)
Mar 25, 2026 13:57:08.813 [281472754770144] DEBUG - Request: [192.168.97.1:37519 (Subnet)] GET /:/timeline?key=%2Flibrary%2Fmetadata%2F33&ratingKey=33&playQueueItemID=79&duration=4633333&time=18757&playbackTime=175424&hasMDE=1&context=library.recommended%3Ahub.movie.recentlyreleased&row=0&col=0&state=playing (8 live) #63e TLS GZIP Signed-in Token (oscar.p46)
Mar 25, 2026 13:57:08.815 [281472754770144] DEBUG - [Req#63e] Client [tlmplf0gg79k4hp7m8xnc4zk] reporting timeline state playing, progress of 18757/4633333ms for guid=, playbackTime=175424ms ratingKey=33 url=, key=/library/metadata/33, containerKey=, metadataId=33, source=
Mar 25, 2026 13:57:08.815 [281472754770144] DEBUG - [Req#63e] [Now] User is oscar.p46 (ID: 1)
Mar 25, 2026 13:57:08.815 [281472754770144] DEBUG - [Req#63e] [Now] Device is iOS (iPhone).
Mar 25, 2026 13:57:08.816 [281472754770144] DEBUG - [Req#63e] [Now] Profile is iOS
Mar 25, 2026 13:57:08.816 [281472754770144] DEBUG - [Req#63e] [Now] Updated play state for /library/metadata/33.
Mar 25, 2026 13:57:08.817 [281472754770144] DEBUG - [Req#63e] Statistics: (tlmplf0gg79k4hp7m8xnc4zk) Reporting active playback in state 0 of type 1 (scrobble: 0) for account 1
Mar 25, 2026 13:57:08.820 [281472890089696] DEBUG - Completed: [192.168.97.1:37519] 200 GET /:/timeline?key=%2Flibrary%2Fmetadata%2F33&ratingKey=33&playQueueItemID=79&duration=4633333&time=18757&playbackTime=175424&hasMDE=1&context=library.recommended%3Ahub.movie.recentlyreleased&row=0&col=0&state=playing (8 live) #63e TLS GZIP 6ms 476 bytes (pipelined: 15)
Mar 25, 2026 13:57:08.874 [281472754770144] DEBUG - Request: [192.168.97.1:37519 (Subnet)] GET /media/providers (8 live) #643 TLS GZIP Signed-in Token (oscar.p46)
Mar 25, 2026 13:57:08.877 [281472890089696] DEBUG - Completed: [192.168.97.1:37519] 200 GET /media/providers (8 live) #643 TLS GZIP 4ms 4526 bytes (pipelined: 16)
Mar 25, 2026 13:57:10.029 [281472780681440] DEBUG - BPQ: deferring onLibraryChanged callback, only 23 seconds since last library change
Mar 25, 2026 13:57:18.828 [281472754770144] DEBUG - Request: [192.168.97.1:37519 (Subnet)] GET /:/timeline?key=%2Flibrary%2Fmetadata%2F33&ratingKey=33&playQueueItemID=79&duration=4633333&time=28891&playbackTime=185441&hasMDE=1&context=library.recommended%3Ahub.movie.recentlyreleased&row=0&col=0&state=playing (5 live) #645 TLS GZIP Signed-in Token (oscar.p46)
Mar 25, 2026 13:57:18.829 [281472754770144] DEBUG - [Req#645] Client [tlmplf0gg79k4hp7m8xnc4zk] reporting timeline state playing, progress of 28891/4633333ms for guid=, playbackTime=185441ms ratingKey=33 url=, key=/library/metadata/33, containerKey=, metadataId=33, source=
Mar 25, 2026 13:57:18.829 [281472754770144] DEBUG - [Req#645] [Now] User is oscar.p46 (ID: 1)
Mar 25, 2026 13:57:18.829 [281472754770144] DEBUG - [Req#645] [Now] Device is iOS (iPhone).
Mar 25, 2026 13:57:18.830 [281472754770144] DEBUG - [Req#645] [Now] Profile is iOS
Mar 25, 2026 13:57:18.830 [281472754770144] DEBUG - [Req#645] [Now] Updated play state for /library/metadata/33.
Mar 25, 2026 13:57:18.831 [281472754770144] DEBUG - [Req#645] Statistics: (tlmplf0gg79k4hp7m8xnc4zk) Reporting active playback in state 0 of type 1 (scrobble: 0) for account 1
Mar 25, 2026 13:57:18.836 [281472890089696] DEBUG - Completed: [192.168.97.1:37519] 200 GET /:/timeline?key=%2Flibrary%2Fmetadata%2F33&ratingKey=33&playQueueItemID=79&duration=4633333&time=28891&playbackTime=185441&hasMDE=1&context=library.recommended%3Ahub.movie.recentlyreleased&row=0&col=0&state=playing (5 live) #645 TLS GZIP 8ms 476 bytes (pipelined: 17)
Mar 25, 2026 13:57:26.972 [281472754770144] DEBUG - Request: [192.168.97.1:37519 (Subnet)] GET /media/providers (5 live) #64d TLS GZIP Signed-in Token (oscar.p46)
Mar 25, 2026 13:57:26.988 [281472890089696] DEBUG - Completed: [192.168.97.1:37519] 200 GET /media/providers (5 live) #64d TLS GZIP 29ms 4526 bytes (pipelined: 18)
Mar 25, 2026 13:57:27.326 [281472754770144] DEBUG - Request: [192.168.97.1:37519 (Subnet)] GET /media/providers (5 live) #64f TLS GZIP Signed-in Token (oscar.p46)
Mar 25, 2026 13:57:27.330 [281472887980256] DEBUG - Completed: [192.168.97.1:37519] 200 GET /media/providers (5 live) #64f TLS GZIP 3ms 4526 bytes (pipelined: 19)
Mar 25, 2026 13:57:28.862 [281472754770144] DEBUG - Request: [192.168.97.1:37519 (Subnet)] GET /:/timeline?key=%2Flibrary%2Fmetadata%2F33&ratingKey=33&playQueueItemID=79&duration=4633333&time=38747&playbackTime=195474&hasMDE=1&context=library.recommended%3Ahub.movie.recentlyreleased&row=0&col=0&state=playing (5 live) #651 TLS GZIP Signed-in Token (oscar.p46)
Mar 25, 2026 13:57:28.882 [281472754770144] DEBUG - [Req#651] Client [tlmplf0gg79k4hp7m8xnc4zk] reporting timeline state playing, progress of 38747/4633333ms for guid=, playbackTime=195474ms ratingKey=33 url=, key=/library/metadata/33, containerKey=, metadataId=33, source=
Mar 25, 2026 13:57:28.882 [281472754770144] DEBUG - [Req#651] [Now] User is oscar.p46 (ID: 1)
Mar 25, 2026 13:57:28.882 [281472754770144] DEBUG - [Req#651] [Now] Device is iOS (iPhone).
Mar 25, 2026 13:57:28.883 [281472754770144] DEBUG - [Req#651] [Now] Profile is iOS
Mar 25, 2026 13:57:28.883 [281472754770144] DEBUG - [Req#651] [Now] Updated play state for /library/metadata/33.
Mar 25, 2026 13:57:28.883 [281472754770144] DEBUG - [Req#651] Statistics: (tlmplf0gg79k4hp7m8xnc4zk) Reporting active playback in state 0 of type 1 (scrobble: 0) for account 1
Mar 25, 2026 13:57:28.886 [281472890089696] DEBUG - Completed: [192.168.97.1:37519] 200 GET /:/timeline?key=%2Flibrary%2Fmetadata%2F33&ratingKey=33&playQueueItemID=79&duration=4633333&time=38747&playbackTime=195474&hasMDE=1&context=library.recommended%3Ahub.movie.recentlyreleased&row=0&col=0&state=playing (5 live) #651 TLS GZIP 24ms 476 bytes (pipelined: 20)
Mar 25, 2026 13:57:29.620 [281472754770144] DEBUG - Request: [192.168.97.1:37519 (Subnet)] GET /:/timeline?key=%2Flibrary%2Fmetadata%2F33&ratingKey=33&playQueueItemID=79&duration=4633333&time=99000&playbackTime=196217&hasMDE=1&context=library.recommended%3Ahub.movie.recentlyreleased&row=0&col=0&state=buffering (5 live) #656 TLS GZIP Signed-in Token (oscar.p46)
Mar 25, 2026 13:57:29.621 [281472754770144] DEBUG - [Req#656] Client [tlmplf0gg79k4hp7m8xnc4zk] reporting timeline state buffering, progress of 99000/4633333ms for guid=, playbackTime=196217ms ratingKey=33 url=, key=/library/metadata/33, containerKey=, metadataId=33, source=
Mar 25, 2026 13:57:29.626 [281472754770144] DEBUG - [Req#656] Play progress on 33 'Little Amelie' - got played 99000 ms by account 1!
Mar 25, 2026 13:57:29.626 [281472754770144] DEBUG - [Req#656] [Now] User is oscar.p46 (ID: 1)
Mar 25, 2026 13:57:29.626 [281472754770144] DEBUG - [Req#656] [Now] Device is iOS (iPhone).
Mar 25, 2026 13:57:29.626 [281472827064544] DEBUG - [Req#656] HubCache: Expiring '1/movie.by.actor.or.director.1/1/hubs/sections/1/enexternal-media,indirect-media/count=20&excludeElements=Actor%2CCollection%2CCountry%2CDirector%2CGenre%2CLabel%2CLocation%2CMood%2CPart%2CProducer%2CSimilar%2CPhoto%2CRole%2CVast%2CTopic%2CWriter&excludeFields=file%2Ctagline%2Csummary&includeLibraryPlaylists=1&includeStations=1' because event plex.event.play.session.state.update referenced an item the hub contained
Mar 25, 2026 13:57:29.626 [281472827064544] DEBUG - [Req#656] HubCache: Expiring '1/movie.genre.1/1/hubs/sections/1/enexternal-media,indirect-media/count=20&excludeElements=Actor%2CCollection%2CCountry%2CDirector%2CGenre%2CLabel%2CLocation%2CMood%2CPart%2CProducer%2CSimilar%2CPhoto%2CRole%2CVast%2CTopic%2CWriter&excludeFields=file%2Ctagline%2Csummary&includeLibraryPlaylists=1&includeStations=1' because event plex.event.play.session.state.update referenced an item the hub contained
Mar 25, 2026 13:57:29.626 [281472827064544] DEBUG - [Req#656] HubCache: Expiring '1/movie.inprogress.1/1/hubs/sections/1/enexternal-media,indirect-media/count=20&excludeElements=Actor%2CCollection%2CCountry%2CDirector%2CGenre%2CLabel%2CLocation%2CMood%2CPart%2CProducer%2CSimilar%2CPhoto%2CRole%2CVast%2CTopic%2CWriter&excludeFields=file%2Ctagline%2Csummary&includeLibraryPlaylists=1&includeStations=1' because of event plex.event.play.session.state.update.
Mar 25, 2026 13:57:29.626 [281472827064544] DEBUG - [Req#656] HubCache: Expiring '1/movie.recentlyadded.1/1/hubs/sections/1/enexternal-media,indirect-media/count=20&excludeElements=Actor%2CCollection%2CCountry%2CDirector%2CGenre%2CLabel%2CLocation%2CMood%2CPart%2CProducer%2CSimilar%2CPhoto%2CRole%2CVast%2CTopic%2CWriter&excludeFields=file%2Ctagline%2Csummary&includeLibraryPlaylists=1&includeStations=1' because event plex.event.play.session.state.update referenced an item the hub contained
Mar 25, 2026 13:57:29.626 [281472827064544] DEBUG - [Req#656] HubCache: Expiring '1/movie.recentlyreleased.1/1/hubs/sections/1/enexternal-media,indirect-media/count=20&excludeElements=Actor%2CCollection%2CCountry%2CDirector%2CGenre%2CLabel%2CLocation%2CMood%2CPart%2CProducer%2CSimilar%2CPhoto%2CRole%2CVast%2CTopic%2CWriter&excludeFields=file%2Ctagline%2Csummary&includeLibraryPlaylists=1&includeStations=1' because event plex.event.play.session.state.update referenced an item the hub contained
Mar 25, 2026 13:57:29.626 [281472827064544] DEBUG - [Req#656] HubCache: Expiring '1/movie.recentlyviewed.1/1/hubs/sections/1/enexternal-media,indirect-media/count=20&excludeElements=Actor%2CCollection%2CCountry%2CDirector%2CGenre%2CLabel%2CLocation%2CMood%2CPart%2CProducer%2CSimilar%2CPhoto%2CRole%2CVast%2CTopic%2CWriter&excludeFields=file%2Ctagline%2Csummary&includeLibraryPlaylists=1&includeStations=1' because of event plex.event.play.session.state.update.
Mar 25, 2026 13:57:29.626 [281472827064544] DEBUG - [Req#656] HubCache: Expiring '1/movie.topunwatched.1/1/hubs/sections/1/enexternal-media,indirect-media/count=20&excludeElements=Actor%2CCollection%2CCountry%2CDirector%2CGenre%2CLabel%2CLocation%2CMood%2CPart%2CProducer%2CSimilar%2CPhoto%2CRole%2CVast%2CTopic%2CWriter&excludeFields=file%2Ctagline%2Csummary&includeLibraryPlaylists=1&includeStations=1' because event plex.event.play.session.state.update referenced an item the hub contained
Mar 25, 2026 13:57:29.628 [281472754770144] DEBUG - [Req#656] [Now] Profile is iOS
Mar 25, 2026 13:57:29.628 [281472754770144] DEBUG - [Req#656] [Now] Updated play state for /library/metadata/33.
Mar 25, 2026 13:57:29.628 [281472754770144] DEBUG - [Req#656] Statistics: (tlmplf0gg79k4hp7m8xnc4zk) Reporting active playback in state 2 of type 1 (scrobble: 0) for account 1
Mar 25, 2026 13:57:29.630 [281472887980256] DEBUG - Completed: [192.168.97.1:37519] 200 GET /:/timeline?key=%2Flibrary%2Fmetadata%2F33&ratingKey=33&playQueueItemID=79&duration=4633333&time=99000&playbackTime=196217&hasMDE=1&context=library.recommended%3Ahub.movie.recentlyreleased&row=0&col=0&state=buffering (6 live) #656 TLS GZIP 10ms 501 bytes (pipelined: 21)
Mar 25, 2026 13:57:29.662 [281472754770144] DEBUG - Request: [192.168.97.1:59286 (Subnet)] GET /library/parts/63/1774443284/file.mp4 (6 live) #61b TLS Signed-in Token (oscar.p46) (range: bytes=27033256-) 
Mar 25, 2026 13:57:29.664 [281472754770144] DEBUG - Content-Length of /movies/Little Amélie or the Character of Rain (2025)/Little Amélie or the Character of Rain (2025) Bluray-1080p.mp4 is 1502078934 (of total: 1529112190).
Mar 25, 2026 13:57:29.670 [281472887980256] DEBUG - Failed to stream media, client probably disconnected after 30998528 bytes: 104 - Connection reset by peer
Mar 25, 2026 13:57:29.670 [281472887980256] DEBUG - Completed after connection close: [192.168.97.1:20766] 206 GET /library/parts/63/1774443284/file.mp4 (6 live) #5f4 TLS 41695ms 30998528 bytes (range: bytes=0-) 
Mar 25, 2026 13:57:29.819 [281472754770144] DEBUG - Request: [192.168.97.1:37519 (Subnet)] GET /:/timeline?key=%2Flibrary%2Fmetadata%2F33&ratingKey=33&playQueueItemID=79&duration=4633333&time=99000&playbackTime=196429&hasMDE=1&context=library.recommended%3Ahub.movie.recentlyreleased&row=0&col=0&state=playing (5 live) #65c TLS GZIP Signed-in Token (oscar.p46)
Mar 25, 2026 13:57:29.820 [281472754770144] DEBUG - [Req#65c] Client [tlmplf0gg79k4hp7m8xnc4zk] reporting timeline state playing, progress of 99000/4633333ms for guid=, playbackTime=196429ms ratingKey=33 url=, key=/library/metadata/33, containerKey=, metadataId=33, source=
Mar 25, 2026 13:57:29.820 [281472754770144] DEBUG - [Req#65c] Play progress on 33 'Little Amelie' - got played 99000 ms by account 1!
Mar 25, 2026 13:57:29.820 [281472754770144] DEBUG - [Req#65c] [Now] User is oscar.p46 (ID: 1)
Mar 25, 2026 13:57:29.820 [281472754770144] DEBUG - [Req#65c] [Now] Device is iOS (iPhone).
Mar 25, 2026 13:57:29.821 [281472754770144] DEBUG - [Req#65c] [Now] Profile is iOS
Mar 25, 2026 13:57:29.821 [281472754770144] DEBUG - [Req#65c] [Now] Updated play state for /library/metadata/33.
Mar 25, 2026 13:57:29.821 [281472754770144] DEBUG - [Req#65c] Statistics: (tlmplf0gg79k4hp7m8xnc4zk) Reporting active playback in state 0 of type 1 (scrobble: 0) for account 1
Mar 25, 2026 13:57:29.824 [281472887980256] DEBUG - Completed: [192.168.97.1:37519] 200 GET /:/timeline?key=%2Flibrary%2Fmetadata%2F33&ratingKey=33&playQueueItemID=79&duration=4633333&time=99000&playbackTime=196429&hasMDE=1&context=library.recommended%3Ahub.movie.recentlyreleased&row=0&col=0&state=playing (5 live) #65c TLS GZIP 4ms 501 bytes (pipelined: 22)
Mar 25, 2026 13:57:38.969 [281472754770144] DEBUG - Request: [192.168.97.1:37519 (Subnet)] GET /:/timeline?key=%2Flibrary%2Fmetadata%2F33&ratingKey=33&playQueueItemID=79&duration=4633333&time=115248&playbackTime=205500&hasMDE=1&context=library.recommended%3Ahub.movie.recentlyreleased&row=0&col=0&state=playing (5 live) #662 TLS GZIP Signed-in Token (oscar.p46)
Mar 25, 2026 13:57:38.970 [281472754770144] DEBUG - [Req#662] Client [tlmplf0gg79k4hp7m8xnc4zk] reporting timeline state playing, progress of 115248/4633333ms for guid=, playbackTime=205500ms ratingKey=33 url=, key=/library/metadata/33, containerKey=, metadataId=33, source=
Mar 25, 2026 13:57:38.971 [281472754770144] DEBUG - [Req#662] Play progress on 33 'Little Amelie' - got played 115248 ms by account 1!
Mar 25, 2026 13:57:38.971 [281472754770144] DEBUG - [Req#662] [Now] User is oscar.p46 (ID: 1)
Mar 25, 2026 13:57:38.971 [281472754770144] DEBUG - [Req#662] [Now] Device is iOS (iPhone).
Mar 25, 2026 13:57:38.971 [281472754770144] DEBUG - [Req#662] [Now] Profile is iOS
Mar 25, 2026 13:57:38.971 [281472754770144] DEBUG - [Req#662] [Now] Updated play state for /library/metadata/33.
Mar 25, 2026 13:57:38.972 [281472754770144] DEBUG - [Req#662] Statistics: (tlmplf0gg79k4hp7m8xnc4zk) Reporting active playback in state 0 of type 1 (scrobble: 0) for account 1
Mar 25, 2026 13:57:38.974 [281472890089696] DEBUG - Completed: [192.168.97.1:37519] 200 GET /:/timeline?key=%2Flibrary%2Fmetadata%2F33&ratingKey=33&playQueueItemID=79&duration=4633333&time=115248&playbackTime=205500&hasMDE=1&context=library.recommended%3Ahub.movie.recentlyreleased&row=0&col=0&state=playing (5 live) #662 TLS GZIP 4ms 502 bytes (pipelined: 23)
Mar 25, 2026 13:57:47.035 [281472824955104] DEBUG - BPQ: onConsiderProcessing: Idle (true)
Mar 25, 2026 13:57:47.035 [281472824955104] DEBUG - BPQ: [Idle] -> [Processing]
Mar 25, 2026 13:57:47.037 [281472824955104] DEBUG - BPQ: generating queue items from 0 generator(s)
Mar 25, 2026 13:57:47.037 [281472824955104] DEBUG - BPQ: generated 0 item(s) for queue
Mar 25, 2026 13:57:47.037 [281472824955104] DEBUG - BPQ: [Processing] -> [Idle]
Mar 25, 2026 13:57:47.038 [281472824955104] DEBUG - BPQ: garbageCollect - version - forced - -1
Mar 25, 2026 13:57:47.038 [281472824955104] DEBUG - Versions: garbage collecting
Mar 25, 2026 13:57:47.039 [281472824955104] DEBUG - Versions: garbage collected in 0.0 seconds
Mar 25, 2026 13:57:48.936 [281472754770144] DEBUG - Request: [192.168.97.1:37519 (Subnet)] GET /:/timeline?key=%2Flibrary%2Fmetadata%2F33&ratingKey=33&playQueueItemID=79&duration=4633333&time=125253&playbackTime=215518&hasMDE=1&context=library.recommended%3Ahub.movie.recentlyreleased&row=0&col=0&state=playing (5 live) #667 TLS GZIP Signed-in Token (oscar.p46)
Mar 25, 2026 13:57:48.937 [281472754770144] DEBUG - [Req#667] Client [tlmplf0gg79k4hp7m8xnc4zk] reporting timeline state playing, progress of 125253/4633333ms for guid=, playbackTime=215518ms ratingKey=33 url=, key=/library/metadata/33, containerKey=, metadataId=33, source=
Mar 25, 2026 13:57:48.940 [281472754770144] DEBUG - [Req#667] Play progress on 33 'Little Amelie' - got played 125253 ms by account 1!
Mar 25, 2026 13:57:48.940 [281472754770144] DEBUG - [Req#667] [Now] User is oscar.p46 (ID: 1)
Mar 25, 2026 13:57:48.940 [281472754770144] DEBUG - [Req#667] [Now] Device is iOS (iPhone).
Mar 25, 2026 13:57:48.941 [281472754770144] DEBUG - [Req#667] [Now] Profile is iOS
Mar 25, 2026 13:57:48.941 [281472754770144] DEBUG - [Req#667] [Now] Updated play state for /library/metadata/33.
Mar 25, 2026 13:57:48.941 [281472754770144] DEBUG - [Req#667] Statistics: (tlmplf0gg79k4hp7m8xnc4zk) Reporting active playback in state 0 of type 1 (scrobble: 0) for account 1
Mar 25, 2026 13:57:48.943 [281472887980256] DEBUG - Completed: [192.168.97.1:37519] 200 GET /:/timeline?key=%2Flibrary%2Fmetadata%2F33&ratingKey=33&playQueueItemID=79&duration=4633333&time=125253&playbackTime=215518&hasMDE=1&context=library.recommended%3Ahub.movie.recentlyreleased&row=0&col=0&state=playing (5 live) #667 TLS GZIP 7ms 502 bytes (pipelined: 24)
Mar 25, 2026 13:57:51.160 [281472754770144] DEBUG - Request: [192.168.97.1:37519 (Subnet)] GET /:/timeline?key=%2Flibrary%2Fmetadata%2F33&ratingKey=33&playQueueItemID=79&duration=4633333&time=128239&playbackTime=217774&hasMDE=1&context=library.recommended%3Ahub.movie.recentlyreleased&row=0&col=0&state=stopped (5 live) #670 TLS GZIP Signed-in Token (oscar.p46)
Mar 25, 2026 13:57:51.161 [281472754770144] DEBUG - [Req#670] Client [tlmplf0gg79k4hp7m8xnc4zk] reporting timeline state stopped, progress of 128239/4633333ms for guid=, playbackTime=217774ms ratingKey=33 url=, key=/library/metadata/33, containerKey=, metadataId=33, source=
Mar 25, 2026 13:57:51.162 [281472754770144] DEBUG - [Req#670] Play progress on 33 'Little Amelie' - got played 128239 ms by account 1!
Mar 25, 2026 13:57:51.168 [281472887980256] DEBUG - Failed to stream media, client probably disconnected after 25804800 bytes: 32 - Broken pipe
Mar 25, 2026 13:57:51.168 [281472887980256] DEBUG - Completed after connection close: [192.168.97.1:59286] 206 GET /library/parts/63/1774443284/file.mp4 (5 live) #61b TLS 21505ms 25804800 bytes (range: bytes=27033256-) 
Mar 25, 2026 13:57:51.170 [281472754770144] DEBUG - [Req#670] [Now] User is oscar.p46 (ID: 1)
Mar 25, 2026 13:57:51.170 [281472754770144] DEBUG - [Req#670] [Now] Device is iOS (iPhone).
Mar 25, 2026 13:57:51.171 [281472754770144] DEBUG - [Req#670] [Now] Profile is iOS
Mar 25, 2026 13:57:51.171 [281472754770144] DEBUG - [Req#670] [Now] Updated play state for /library/metadata/33.
Mar 25, 2026 13:57:51.172 [281472754770144] DEBUG - [Req#670] Statistics: (tlmplf0gg79k4hp7m8xnc4zk) Reporting active playback in state 3 of type 1 (scrobble: 0) for account 1
Mar 25, 2026 13:57:51.174 [281472754770144] DEBUG - [Req#670] Streaming Resource: Terminated session 0xffff83249de8:tlmplf0gg79k4hp7m8xnc4zk with reason Client stopped playback.
Mar 25, 2026 13:57:51.174 [281472754770144] DEBUG - [Req#670] Streaming Resource: Removing session 0xffff83249de8:tlmplf0gg79k4hp7m8xnc4zk
Mar 25, 2026 13:57:51.174 [281472887980256] DEBUG - Completed: [192.168.97.1:37519] 200 GET /:/timeline?key=%2Flibrary%2Fmetadata%2F33&ratingKey=33&playQueueItemID=79&duration=4633333&time=128239&playbackTime=217774&hasMDE=1&context=library.recommended%3Ahub.movie.recentlyreleased&row=0&col=0&state=stopped (4 live) #670 TLS GZIP 14ms 503 bytes (pipelined: 25)
Mar 25, 2026 13:57:51.559 [281472754770144] DEBUG - Request: [192.168.97.1:37519 (Subnet)] GET /library/sections/1/prefs (4 live) #678 TLS GZIP Signed-in Token (oscar.p46)
Mar 25, 2026 13:57:51.573 [281472887980256] DEBUG - Completed: [192.168.97.1:37519] 200 GET /library/sections/1/prefs (7 live) #678 TLS GZIP 14ms 3797 bytes (pipelined: 26)
Mar 25, 2026 13:57:51.591 [281472754770144] DEBUG - Request: [192.168.97.1:65395 (Subnet)] GET /library/metadata/33?includeExtras=1&includeOnDeck=1&includeRelated=1&includeRelatedCount=20&includeReviews=1&includeExternalMetadata=1&checkFiles=1&includeStations=0&includePopularLeaves=0 (7 live) #657 TLS GZIP Signed-in Token (oscar.p46)
Mar 25, 2026 13:57:51.594 [281472803860704] DEBUG - Request: [192.168.97.1:63746 (Subnet)] GET /library/sections/1/prefs (7 live) #679 TLS GZIP Signed-in Token (oscar.p46)
Mar 25, 2026 13:57:51.597 [281472801751264] DEBUG - Request: [192.168.97.1:64004 (Subnet)] GET /library/metadata/33?includeExtras=1&includeOnDeck=1&includeRelated=1&includeRelatedCount=20&includeReviews=1&includeExternalMetadata=1&checkFiles=1&includeStations=0&includePopularLeaves=0 (7 live) #67a TLS GZIP Signed-in Token (oscar.p46)
Mar 25, 2026 13:57:51.602 [281472754770144] DEBUG - We're going to try to auto-select an audio stream for account 1.
Mar 25, 2026 13:57:51.602 [281472754770144] DEBUG - Selecting best audio stream for part ID 63 (language: )
Mar 25, 2026 13:57:51.602 [281472754770144] DEBUG - We're going to try to auto-select a subtitle for account 1.
Mar 25, 2026 13:57:51.602 [281472754770144] DEBUG - Audio Stream: 538, Subtitle Stream: -1
Mar 25, 2026 13:57:51.605 [281472887980256] DEBUG - Completed: [192.168.97.1:63746] 200 GET /library/sections/1/prefs (7 live) #679 TLS GZIP 10ms 3797 bytes (pipelined: 1)
Mar 25, 2026 13:57:51.610 [281472801751264] DEBUG - We're going to try to auto-select an audio stream for account 1.
Mar 25, 2026 13:57:51.610 [281472801751264] DEBUG - Selecting best audio stream for part ID 63 (language: )
Mar 25, 2026 13:57:51.610 [281472801751264] DEBUG - We're going to try to auto-select a subtitle for account 1.
Mar 25, 2026 13:57:51.610 [281472801751264] DEBUG - Audio Stream: 538, Subtitle Stream: -1
Mar 25, 2026 13:57:51.623 [281472887980256] DEBUG - Completed: [192.168.97.1:65395] 200 GET /library/metadata/33?includeExtras=1&includeOnDeck=1&includeRelated=1&includeRelatedCount=20&includeReviews=1&includeExternalMetadata=1&checkFiles=1&includeStations=0&includePopularLeaves=0 (7 live) #657 TLS GZIP 31ms 6146 bytes (pipelined: 1)
Mar 25, 2026 13:57:51.625 [281472887980256] DEBUG - Completed: [192.168.97.1:64004] 200 GET /library/metadata/33?includeExtras=1&includeOnDeck=1&includeRelated=1&includeRelatedCount=20&includeReviews=1&includeExternalMetadata=1&checkFiles=1&includeStations=0&includePopularLeaves=0 (7 live) #67a TLS GZIP 28ms 6146 bytes (pipelined: 1)
Mar 25, 2026 13:57:52.348 [281472803860704] DEBUG - Request: [192.168.97.1:37519 (Subnet)] GET /media/providers (7 live) #67c TLS GZIP Signed-in Token (oscar.p46)
Mar 25, 2026 13:57:52.352 [281472887980256] DEBUG - Completed: [192.168.97.1:37519] 200 GET /media/providers (7 live) #67c TLS GZIP 4ms 4526 bytes (pipelined: 27)
Mar 25, 2026 13:57:56.958 [281472803860704] DEBUG - Request: [192.168.97.1:37519 (Subnet)] GET /hubs/sections/1?count=20&includeLibraryPlaylists=1&includeStations=1&excludeElements=Actor%2CCollection%2CCountry%2CDirector%2CGenre%2CLabel%2CLocation%2CMood%2CPart%2CProducer%2CSimilar%2CPhoto%2CRole%2CVast%2CTopic%2CWriter&excludeFields=file%2Ctagline%2Csummary (7 live) #68d TLS GZIP Signed-in Token (oscar.p46)
Mar 25, 2026 13:57:56.959 [281472803860704] DEBUG - [Req#68d] HubCache: Adding '1/movie.inprogress.1/1/hubs/sections/1/enexternal-media,indirect-media/count=20&excludeElements=Actor%2CCollection%2CCountry%2CDirector%2CGenre%2CLabel%2CLocation%2CMood%2CPart%2CProducer%2CSimilar%2CPhoto%2CRole%2CVast%2CTopic%2CWriter&excludeFields=file%2Ctagline%2Csummary&includeLibraryPlaylists=1&includeStations=1' to the cache (1/movie.inprogress.1/1/hubs/sections/1/enexternal-media,indirect-media/count=20&excludeElements=Actor%2CCollection%2CCountry%2CDirector%2CGenre%2CLabel%2CLocation%2CMood%2CPart%2CProducer%2CSimilar%2CPhoto%2CRole%2CVast%2CTopic%2CWriter&excludeFields=file%2Ctagline%2Csummary&includeLibraryPlaylists=1&includeStations=1).
Mar 25, 2026 13:57:56.961 [281472803860704] DEBUG - [Req#68d] HubCache: Computed '1/movie.inprogress.1/1/hubs/sections/1/enexternal-media,indirect-media/count=20&excludeElements=Actor%2CCollection%2CCountry%2CDirector%2CGenre%2CLabel%2CLocation%2CMood%2CPart%2CProducer%2CSimilar%2CPhoto%2CRole%2CVast%2CTopic%2CWriter&excludeFields=file%2Ctagline%2Csummary&includeLibraryPlaylists=1&includeStations=1' in 2 ms.
Mar 25, 2026 13:57:56.961 [281472803860704] DEBUG - [Req#68d] HubCache: 3 hubs cached, 67.3% hit ratio.
Mar 25, 2026 13:57:56.961 [281472803860704] DEBUG - [Req#68d] HubCache: Adding '1/movie.recentlyreleased.1/1/hubs/sections/1/enexternal-media,indirect-media/count=20&excludeElements=Actor%2CCollection%2CCountry%2CDirector%2CGenre%2CLabel%2CLocation%2CMood%2CPart%2CProducer%2CSimilar%2CPhoto%2CRole%2CVast%2CTopic%2CWriter&excludeFields=file%2Ctagline%2Csummary&includeLibraryPlaylists=1&includeStations=1' to the cache (1/movie.recentlyreleased.1/1/hubs/sections/1/enexternal-media,indirect-media/count=20&excludeElements=Actor%2CCollection%2CCountry%2CDirector%2CGenre%2CLabel%2CLocation%2CMood%2CPart%2CProducer%2CSimilar%2CPhoto%2CRole%2CVast%2CTopic%2CWriter&excludeFields=file%2Ctagline%2Csummary&includeLibraryPlaylists=1&includeStations=1).
Mar 25, 2026 13:57:56.963 [281472803860704] DEBUG - [Req#68d] HubCache: Computed '1/movie.recentlyreleased.1/1/hubs/sections/1/enexternal-media,indirect-media/count=20&excludeElements=Actor%2CCollection%2CCountry%2CDirector%2CGenre%2CLabel%2CLocation%2CMood%2CPart%2CProducer%2CSimilar%2CPhoto%2CRole%2CVast%2CTopic%2CWriter&excludeFields=file%2Ctagline%2Csummary&includeLibraryPlaylists=1&includeStations=1' in 1 ms.
Mar 25, 2026 13:57:56.963 [281472803860704] DEBUG - [Req#68d] HubCache: Adding '1/movie.recentlyadded.1/1/hubs/sections/1/enexternal-media,indirect-media/count=20&excludeElements=Actor%2CCollection%2CCountry%2CDirector%2CGenre%2CLabel%2CLocation%2CMood%2CPart%2CProducer%2CSimilar%2CPhoto%2CRole%2CVast%2CTopic%2CWriter&excludeFields=file%2Ctagline%2Csummary&includeLibraryPlaylists=1&includeStations=1' to the cache (1/movie.recentlyadded.1/1/hubs/sections/1/enexternal-media,indirect-media/count=20&excludeElements=Actor%2CCollection%2CCountry%2CDirector%2CGenre%2CLabel%2CLocation%2CMood%2CPart%2CProducer%2CSimilar%2CPhoto%2CRole%2CVast%2CTopic%2CWriter&excludeFields=file%2Ctagline%2Csummary&includeLibraryPlaylists=1&includeStations=1).
Mar 25, 2026 13:57:56.965 [281472803860704] DEBUG - [Req#68d] HubCache: Computed '1/movie.recentlyadded.1/1/hubs/sections/1/enexternal-media,indirect-media/count=20&excludeElements=Actor%2CCollection%2CCountry%2CDirector%2CGenre%2CLabel%2CLocation%2CMood%2CPart%2CProducer%2CSimilar%2CPhoto%2CRole%2CVast%2CTopic%2CWriter&excludeFields=file%2Ctagline%2Csummary&includeLibraryPlaylists=1&includeStations=1' in 1 ms.
Mar 25, 2026 13:57:56.965 [281472803860704] DEBUG - [Req#68d] HubCache: Retrieving '1/recent.library.playlists.1/1/hubs/sections/1/enexternal-media,indirect-media/count=20&excludeElements=Actor%2CCollection%2CCountry%2CDirector%2CGenre%2CLabel%2CLocation%2CMood%2CPart%2CProducer%2CSimilar%2CPhoto%2CRole%2CVast%2CTopic%2CWriter&excludeFields=file%2Ctagline%2Csummary&includeLibraryPlaylists=1&includeStations=1' from the cache.
Mar 25, 2026 13:57:56.965 [281472803860704] DEBUG - [Req#68d] HubCache: Adding '1/movie.genre.1/1/hubs/sections/1/enexternal-media,indirect-media/count=20&excludeElements=Actor%2CCollection%2CCountry%2CDirector%2CGenre%2CLabel%2CLocation%2CMood%2CPart%2CProducer%2CSimilar%2CPhoto%2CRole%2CVast%2CTopic%2CWriter&excludeFields=file%2Ctagline%2Csummary&includeLibraryPlaylists=1&includeStations=1' to the cache (1/movie.genre.1/1/hubs/sections/1/enexternal-media,indirect-media/count=20&excludeElements=Actor%2CCollection%2CCountry%2CDirector%2CGenre%2CLabel%2CLocation%2CMood%2CPart%2CProducer%2CSimilar%2CPhoto%2CRole%2CVast%2CTopic%2CWriter&excludeFields=file%2Ctagline%2Csummary&includeLibraryPlaylists=1&includeStations=1).
Mar 25, 2026 13:57:56.967 [281472803860704] DEBUG - [Req#68d] HubCache: Computed '1/movie.genre.1/1/hubs/sections/1/enexternal-media,indirect-media/count=20&excludeElements=Actor%2CCollection%2CCountry%2CDirector%2CGenre%2CLabel%2CLocation%2CMood%2CPart%2CProducer%2CSimilar%2CPhoto%2CRole%2CVast%2CTopic%2CWriter&excludeFields=file%2Ctagline%2Csummary&includeLibraryPlaylists=1&includeStations=1' in 1 ms.
Mar 25, 2026 13:57:56.967 [281472803860704] DEBUG - [Req#68d] HubCache: Adding '1/movie.by.actor.or.director.1/1/hubs/sections/1/enexternal-media,indirect-media/count=20&excludeElements=Actor%2CCollection%2CCountry%2CDirector%2CGenre%2CLabel%2CLocation%2CMood%2CPart%2CProducer%2CSimilar%2CPhoto%2CRole%2CVast%2CTopic%2CWriter&excludeFields=file%2Ctagline%2Csummary&includeLibraryPlaylists=1&includeStations=1' to the cache (1/movie.by.actor.or.director.1/1/hubs/sections/1/enexternal-media,indirect-media/count=20&excludeElements=Actor%2CCollection%2CCountry%2CDirector%2CGenre%2CLabel%2CLocation%2CMood%2CPart%2CProducer%2CSimilar%2CPhoto%2CRole%2CVast%2CTopic%2CWriter&excludeFields=file%2Ctagline%2Csummary&includeLibraryPlaylists=1&includeStations=1).
Mar 25, 2026 13:57:56.970 [281472803860704] DEBUG - [Req#68d] HubCache: Computed '1/movie.by.actor.or.director.1/1/hubs/sections/1/enexternal-media,indirect-media/count=20&excludeElements=Actor%2CCollection%2CCountry%2CDirector%2CGenre%2CLabel%2CLocation%2CMood%2CPart%2CProducer%2CSimilar%2CPhoto%2CRole%2CVast%2CTopic%2CWriter&excludeFields=file%2Ctagline%2Csummary&includeLibraryPlaylists=1&includeStations=1' in 3 ms.
Mar 25, 2026 13:57:56.970 [281472803860704] DEBUG - [Req#68d] HubCache: Adding '1/movie.topunwatched.1/1/hubs/sections/1/enexternal-media,indirect-media/count=20&excludeElements=Actor%2CCollection%2CCountry%2CDirector%2CGenre%2CLabel%2CLocation%2CMood%2CPart%2CProducer%2CSimilar%2CPhoto%2CRole%2CVast%2CTopic%2CWriter&excludeFields=file%2Ctagline%2Csummary&includeLibraryPlaylists=1&includeStations=1' to the cache (1/movie.topunwatched.1/1/hubs/sections/1/enexternal-media,indirect-media/count=20&excludeElements=Actor%2CCollection%2CCountry%2CDirector%2CGenre%2CLabel%2CLocation%2CMood%2CPart%2CProducer%2CSimilar%2CPhoto%2CRole%2CVast%2CTopic%2CWriter&excludeFields=file%2Ctagline%2Csummary&includeLibraryPlaylists=1&includeStations=1).
Mar 25, 2026 13:57:56.972 [281472803860704] DEBUG - [Req#68d] HubCache: Computed '1/movie.topunwatched.1/1/hubs/sections/1/enexternal-media,indirect-media/count=20&excludeElements=Actor%2CCollection%2CCountry%2CDirector%2CGenre%2CLabel%2CLocation%2CMood%2CPart%2CProducer%2CSimilar%2CPhoto%2CRole%2CVast%2CTopic%2CWriter&excludeFields=file%2Ctagline%2Csummary&includeLibraryPlaylists=1&includeStations=1' in 1 ms.
Mar 25, 2026 13:57:56.972 [281472803860704] DEBUG - [Req#68d] HubCache: Retrieving '1/movie.curated.1/1/hubs/sections/1/enexternal-media,indirect-media/count=20&excludeElements=Actor%2CCollection%2CCountry%2CDirector%2CGenre%2CLabel%2CLocation%2CMood%2CPart%2CProducer%2CSimilar%2CPhoto%2CRole%2CVast%2CTopic%2CWriter&excludeFields=file%2Ctagline%2Csummary&includeLibraryPlaylists=1&includeStations=1' from the cache.
Mar 25, 2026 13:57:56.972 [281472803860704] DEBUG - [Req#68d] HubCache: Adding '1/movie.recentlyviewed.1/1/hubs/sections/1/enexternal-media,indirect-media/count=20&excludeElements=Actor%2CCollection%2CCountry%2CDirector%2CGenre%2CLabel%2CLocation%2CMood%2CPart%2CProducer%2CSimilar%2CPhoto%2CRole%2CVast%2CTopic%2CWriter&excludeFields=file%2Ctagline%2Csummary&includeLibraryPlaylists=1&includeStations=1' to the cache (1/movie.recentlyviewed.1/1/hubs/sections/1/enexternal-media,indirect-media/count=20&excludeElements=Actor%2CCollection%2CCountry%2CDirector%2CGenre%2CLabel%2CLocation%2CMood%2CPart%2CProducer%2CSimilar%2CPhoto%2CRole%2CVast%2CTopic%2CWriter&excludeFields=file%2Ctagline%2Csummary&includeLibraryPlaylists=1&includeStations=1).
Mar 25, 2026 13:57:56.973 [281472803860704] DEBUG - [Req#68d] HubCache: Computed '1/movie.recentlyviewed.1/1/hubs/sections/1/enexternal-media,indirect-media/count=20&excludeElements=Actor%2CCollection%2CCountry%2CDirector%2CGenre%2CLabel%2CLocation%2CMood%2CPart%2CProducer%2CSimilar%2CPhoto%2CRole%2CVast%2CTopic%2CWriter&excludeFields=file%2Ctagline%2Csummary&includeLibraryPlaylists=1&includeStations=1' in 1 ms.
Mar 25, 2026 13:57:56.974 [281472887980256] DEBUG - Completed: [192.168.97.1:37519] 200 GET /hubs/sections/1?count=20&includeLibraryPlaylists=1&includeStations=1&excludeElements=Actor%2CCollection%2CCountry%2CDirector%2CGenre%2CLabel%2CLocation%2CMood%2CPart%2CProducer%2CSimilar%2CPhoto%2CRole%2CVast%2CTopic%2CWriter&excludeFields=file%2Ctagline%2Csummary (7 live) #68d TLS GZIP 16ms 1450 bytes (pipelined: 28)
Mar 25, 2026 14:00:01.427 [281472805970144] DEBUG - Statistics: Flushing 5 expired bandwidth entries, 1 expired media entries.
Mar 25, 2026 14:19:32.016 [281472805970144] DEBUG - PublicAddressManager: Obtaining public address and mapping port.
Mar 25, 2026 14:19:32.016 [281472805970144] DEBUG - NAT: UPnP, attempting port mapping.
Mar 25, 2026 14:19:32.018 [281472750551264] DEBUG - PublicAddressManager: Obtaining public IP.
Mar 25, 2026 14:19:32.022 [281472750551264] DEBUG - [HCl#48] HTTP requesting GET https://v4.plex.tv/pms/:/ip
Mar 25, 2026 14:19:32.552 [281472837611744] DEBUG - [HttpClient/HCl#48] HTTP/1.1 (0.5s) 200 response from GET https://v4.plex.tv/pms/:/ip
Mar 25, 2026 14:19:32.555 [281472750551264] DEBUG - PublicAddressManager: Got public IP from v4.plex.tv: 79.117.226.16
Mar 25, 2026 14:19:44.062 [281472805970144] DEBUG - NAT: UPnP, didn't find usable IGD.
Mar 25, 2026 14:19:44.062 [281472805970144] DEBUG - NAT: PMP, attempting mapping.
Mar 25, 2026 14:19:44.323 [281472805970144] WARN - NAT: PMP, got an error: Not Supported by gateway.
Mar 25, 2026 14:19:44.323 [281472805970144] DEBUG - NAT: UPnP, attempting port mapping.
Mar 25, 2026 14:19:44.589 [281472750551264] DEBUG - NAT: UPnP, getPublicIP didn't find usable IGD.
Mar 25, 2026 14:19:44.841 [281472750551264] WARN - NAT: PMP, got an error: Not Supported by gateway.
Mar 25, 2026 14:19:44.842 [281472750551264] DEBUG - MyPlex: sendMapping resetting state - previous mapping state: 'Mapped - Not Published (Not Reachable)'.
Mar 25, 2026 14:19:44.842 [281472750551264] DEBUG - MyPlex: mapping state set to 'Unknown'.
Mar 25, 2026 14:19:44.851 [281472750551264] DEBUG - MyPlex: Sending Server Info to myPlex (user=oscar.pelagio@icloud.com, ip=79.117.226.16, port=0)
Mar 25, 2026 14:19:44.851 [281472750551264] DEBUG - [HCl#49] HTTP requesting POST https://plex.tv/servers.xml?auth_token=xxxxxxxxxxxxxxxxxxxx
Mar 25, 2026 14:19:45.258 [281472837611744] DEBUG - [HttpClient/HCl#49] HTTP/1.1 (0.4s) 422 response from POST https://plex.tv/servers.xml?auth_token=xxxxxxxxxxxxxxxxxxxx
Mar 25, 2026 14:19:45.258 [281472750551264] DEBUG - MyPlex: Published Mapping State response was 422
Mar 25, 2026 14:19:45.258 [281472750551264] DEBUG - MyPlex: Got response for e54df6383d25ebd337b0eedd659aa30a8163aa07 ~ registered :0
Mar 25, 2026 14:19:45.258 [281472750551264] DEBUG - MyPlex: updating mapped state - current state: 'Mapped - Not Published (Not Reachable)'
Mar 25, 2026 14:19:45.258 [281472750551264] DEBUG - MyPlex: mapping state set to 'Mapped - Publishing'.
Mar 25, 2026 14:19:45.258 [281472750551264] DEBUG - MyPlex: async reachability check - current mapped state: 'Mapped - Publishing'.
Mar 25, 2026 14:19:45.258 [281472750551264] DEBUG - MyPlex: Requesting reachability check.
Mar 25, 2026 14:19:45.259 [281472750551264] DEBUG - [HCl#4a] HTTP requesting PUT https://plex.tv/api/servers/e54df6383d25ebd337b0eedd659aa30a8163aa07/connectivity?X-Plex-Token=xxxxxxxxxxxxxxxxxxxx&asyncIdentifier=dc5a8204-53d8-41b6-b9df-f775de32839c
Mar 25, 2026 14:19:45.386 [281472837611744] DEBUG - [HttpClient/HCl#4a] HTTP/1.1 (0.1s) 200 response from PUT https://plex.tv/api/servers/e54df6383d25ebd337b0eedd659aa30a8163aa07/connectivity?X-Plex-Token=xxxxxxxxxxxxxxxxxxxx&asyncIdentifier=dc5a8204-53d8-41b6-b9df-f775de32839c (reused)
Mar 25, 2026 14:19:45.388 [281472750551264] DEBUG - MyPlex: Last published value didn't change, we're done.
Mar 25, 2026 14:19:45.510 [281472890089696] DEBUG - [EventSourceClient/pubsub/172.104.133.220:443] EventSource: Got event [data] '<Message address="" port="0" asyncIdentifier="dc5a8204-53d8-41b6-b9df-f775de32839c" connectivity="0" command="notifyConnectivity"/>'
Mar 25, 2026 14:19:45.511 [281472890089696] DEBUG - [EventSourceClient/pubsub/172.104.133.220:443] PubSub: Got notified of reachability for async identifier dc5a8204-53d8-41b6-b9df-f775de32839c: 0 for :0 (responded in 124 ms)
Mar 25, 2026 14:19:45.511 [281472890089696] DEBUG - [EventSourceClient/pubsub/172.104.133.220:443] MyPlex: reachability check - current mapping state: 'Mapped - Publishing'.
Mar 25, 2026 14:19:45.511 [281472890089696] DEBUG - [EventSourceClient/pubsub/172.104.133.220:443] MyPlex: mapping state set to 'Mapped - Not Published (Not Reachable)'.
Mar 25, 2026 14:19:45.519 [281472803860704] DEBUG - Request: [192.168.97.1:43933 (Subnet)] GET /myplex/account (4 live) #67b GZIP Signed-in Token (oscar.p46)
Mar 25, 2026 14:19:45.533 [281472887980256] DEBUG - Completed: [192.168.97.1:43933] 200 GET /myplex/account (4 live) #67b GZIP 14ms 3365 bytes (pipelined: 1)
Mar 25, 2026 14:19:56.367 [281472805970144] DEBUG - NAT: UPnP, didn't find usable IGD.
Mar 25, 2026 14:19:56.367 [281472805970144] DEBUG - PublicAddressManager: Mapping failed.
Mar 25, 2026 14:19:56.371 [281472805970144] DEBUG - MyPlex: mapping state set to 'Mapped - Not Published'.
Mar 25, 2026 14:19:56.371 [281472805970144] DEBUG - MyPlex: sendMapping resetting state - previous mapping state: 'Mapped - Not Published'.
Mar 25, 2026 14:19:56.371 [281472805970144] DEBUG - MyPlex: mapping state set to 'Unknown'.
Mar 25, 2026 14:19:56.374 [281472805970144] DEBUG - MyPlex: Sending Server Info to myPlex (user=oscar.pelagio@icloud.com, ip=79.117.226.16, port=0)
Mar 25, 2026 14:19:56.374 [281472805970144] DEBUG - [HCl#4b] HTTP requesting POST https://plex.tv/servers.xml?auth_token=xxxxxxxxxxxxxxxxxxxx
Mar 25, 2026 14:19:56.756 [281472837611744] DEBUG - [HttpClient/HCl#4b] HTTP/1.1 (0.4s) 422 response from POST https://plex.tv/servers.xml?auth_token=xxxxxxxxxxxxxxxxxxxx
Mar 25, 2026 14:19:56.757 [281472805970144] DEBUG - MyPlex: Published Mapping State response was 422
Mar 25, 2026 14:19:56.757 [281472805970144] DEBUG - MyPlex: Got response for e54df6383d25ebd337b0eedd659aa30a8163aa07 ~ registered :0
Mar 25, 2026 14:19:56.757 [281472805970144] DEBUG - MyPlex: updating mapped state - current state: 'Mapped - Not Published'
Mar 25, 2026 14:19:56.757 [281472805970144] DEBUG - MyPlex: mapping state set to 'Mapped - Publishing'.
Mar 25, 2026 14:19:56.757 [281472805970144] DEBUG - MyPlex: async reachability check - current mapped state: 'Mapped - Publishing'.
Mar 25, 2026 14:19:56.757 [281472805970144] DEBUG - MyPlex: requesting connectivity refresh too soon after the last request, skipping.
Mar 25, 2026 14:19:56.760 [281472805970144] DEBUG - MyPlex: Last published value didn't change, we're done.
Mar 25, 2026 14:24:43.330 [281472805970144] DEBUG - [ViewStateSync] Starting
Mar 25, 2026 14:24:43.337 [281472805970144] DEBUG - [ViewStateSync] Fetching user tokens
Mar 25, 2026 14:24:43.339 [281472805970144] DEBUG - [ViewStateSync/HCl#4c] HTTP requesting GET https://plex.tv/api/v2/server/users/services?auth_token=xxxxxxxxxxxxxxxxxxxx
Mar 25, 2026 14:24:43.877 [281472837611744] DEBUG - [HttpClient/HCl#4c] HTTP/1.1 (0.5s) 200 response from GET https://plex.tv/api/v2/server/users/services?auth_token=xxxxxxxxxxxxxxxxxxxx
Mar 25, 2026 14:24:43.891 [281472827064544] DEBUG - [ViewStateSync] Got token for user 1 (oscar.p46)
Mar 25, 2026 14:24:43.891 [281472827064544] DEBUG - [ViewStateSync/HCl#4d] HTTP requesting GET https://plex.tv/api/v2/server/users/738467780/view_state_sync
Mar 25, 2026 14:24:44.027 [281472837611744] DEBUG - [HttpClient/HCl#4d] HTTP/1.1 (0.1s) 200 response from GET https://plex.tv/api/v2/server/users/738467780/view_state_sync (reused)
Mar 25, 2026 14:24:44.028 [281472827064544] DEBUG - [ViewStateSync] Starting for user 1
Mar 25, 2026 14:24:44.028 [281472827064544] DEBUG - [ViewStateSync] Sending state
Mar 25, 2026 14:24:44.030 [281472827064544] DEBUG - [ViewStateSync] Sending state
Mar 25, 2026 14:24:44.030 [281472827064544] DEBUG - [ViewStateSync] All state sent
Mar 25, 2026 14:24:44.031 [281472827064544] DEBUG - [ViewStateSync] Getting state
Mar 25, 2026 14:24:44.032 [281472827064544] DEBUG - [ViewStateSync/HCl#4e] HTTP requesting GET https://scrobbles.plex.tv/state/738467780?count=100
Mar 25, 2026 14:24:44.139 [281472837611744] DEBUG - [HttpClient/HCl#4e] HTTP/2.0 (0.1s) 200 response from GET https://scrobbles.plex.tv/state/738467780?count=100
Mar 25, 2026 14:24:44.139 [281472827064544] DEBUG - [ViewStateSync] Reading 0 states
Mar 25, 2026 14:24:44.139 [281472827064544] DEBUG - [ViewStateSync] Done getting states
Mar 25, 2026 14:24:44.141 [281472827064544] DEBUG - [ViewStateSync] Finished
Mar 25, 2026 14:34:32.266 [281472887980256] DEBUG - CERT: incomplete TLS handshake from [::ffff:192.168.97.1]:29361: stream truncated
Mar 25, 2026 14:34:32.321 [281472803860704] DEBUG - Request: [192.168.97.1:38286 (Subnet)] GET /media/providers (5 live) #6c8 TLS GZIP Signed-in Token (oscar.p46)
Mar 25, 2026 14:34:32.360 [281472887980256] DEBUG - Completed: [192.168.97.1:38286] 200 GET /media/providers (5 live) #6c8 TLS GZIP 39ms 4526 bytes (pipelined: 1)
Mar 25, 2026 14:34:36.677 [281472803860704] DEBUG - Request: [192.168.97.1:38286 (Subnet)] GET /hubs/sections/1?count=20&includeLibraryPlaylists=1&includeStations=1&excludeElements=Actor%2CCollection%2CCountry%2CDirector%2CGenre%2CLabel%2CLocation%2CMood%2CPart%2CProducer%2CSimilar%2CPhoto%2CRole%2CVast%2CTopic%2CWriter&excludeFields=file%2Ctagline%2Csummary (5 live) #6cb TLS GZIP Signed-in Token (oscar.p46)
Mar 25, 2026 14:34:36.677 [281472803860704] DEBUG - [Req#6cb] HubCache: Retrieving '1/movie.inprogress.1/1/hubs/sections/1/enexternal-media,indirect-media/count=20&excludeElements=Actor%2CCollection%2CCountry%2CDirector%2CGenre%2CLabel%2CLocation%2CMood%2CPart%2CProducer%2CSimilar%2CPhoto%2CRole%2CVast%2CTopic%2CWriter&excludeFields=file%2Ctagline%2Csummary&includeLibraryPlaylists=1&includeStations=1' from the cache.
Mar 25, 2026 14:34:36.678 [281472803860704] DEBUG - [Req#6cb] HubCache: 9 hubs cached, 62.5% hit ratio.
Mar 25, 2026 14:34:36.678 [281472803860704] DEBUG - [Req#6cb] HubCache: Retrieving '1/movie.recentlyreleased.1/1/hubs/sections/1/enexternal-media,indirect-media/count=20&excludeElements=Actor%2CCollection%2CCountry%2CDirector%2CGenre%2CLabel%2CLocation%2CMood%2CPart%2CProducer%2CSimilar%2CPhoto%2CRole%2CVast%2CTopic%2CWriter&excludeFields=file%2Ctagline%2Csummary&includeLibraryPlaylists=1&includeStations=1' from the cache.
Mar 25, 2026 14:34:36.678 [281472803860704] DEBUG - [Req#6cb] HubCache: Retrieving '1/movie.recentlyadded.1/1/hubs/sections/1/enexternal-media,indirect-media/count=20&excludeElements=Actor%2CCollection%2CCountry%2CDirector%2CGenre%2CLabel%2CLocation%2CMood%2CPart%2CProducer%2CSimilar%2CPhoto%2CRole%2CVast%2CTopic%2CWriter&excludeFields=file%2Ctagline%2Csummary&includeLibraryPlaylists=1&includeStations=1' from the cache.
Mar 25, 2026 14:34:36.678 [281472803860704] DEBUG - [Req#6cb] HubCache: Retrieving '1/recent.library.playlists.1/1/hubs/sections/1/enexternal-media,indirect-media/count=20&excludeElements=Actor%2CCollection%2CCountry%2CDirector%2CGenre%2CLabel%2CLocation%2CMood%2CPart%2CProducer%2CSimilar%2CPhoto%2CRole%2CVast%2CTopic%2CWriter&excludeFields=file%2Ctagline%2Csummary&includeLibraryPlaylists=1&includeStations=1' from the cache.
Mar 25, 2026 14:34:36.678 [281472803860704] DEBUG - [Req#6cb] HubCache: Retrieving '1/movie.genre.1/1/hubs/sections/1/enexternal-media,indirect-media/count=20&excludeElements=Actor%2CCollection%2CCountry%2CDirector%2CGenre%2CLabel%2CLocation%2CMood%2CPart%2CProducer%2CSimilar%2CPhoto%2CRole%2CVast%2CTopic%2CWriter&excludeFields=file%2Ctagline%2Csummary&includeLibraryPlaylists=1&includeStations=1' from the cache.
Mar 25, 2026 14:34:36.678 [281472803860704] DEBUG - [Req#6cb] HubCache: Retrieving '1/movie.by.actor.or.director.1/1/hubs/sections/1/enexternal-media,indirect-media/count=20&excludeElements=Actor%2CCollection%2CCountry%2CDirector%2CGenre%2CLabel%2CLocation%2CMood%2CPart%2CProducer%2CSimilar%2CPhoto%2CRole%2CVast%2CTopic%2CWriter&excludeFields=file%2Ctagline%2Csummary&includeLibraryPlaylists=1&includeStations=1' from the cache.
Mar 25, 2026 14:34:36.678 [281472803860704] DEBUG - [Req#6cb] HubCache: Retrieving '1/movie.topunwatched.1/1/hubs/sections/1/enexternal-media,indirect-media/count=20&excludeElements=Actor%2CCollection%2CCountry%2CDirector%2CGenre%2CLabel%2CLocation%2CMood%2CPart%2CProducer%2CSimilar%2CPhoto%2CRole%2CVast%2CTopic%2CWriter&excludeFields=file%2Ctagline%2Csummary&includeLibraryPlaylists=1&includeStations=1' from the cache.
Mar 25, 2026 14:34:36.678 [281472803860704] DEBUG - [Req#6cb] HubCache: Retrieving '1/movie.curated.1/1/hubs/sections/1/enexternal-media,indirect-media/count=20&excludeElements=Actor%2CCollection%2CCountry%2CDirector%2CGenre%2CLabel%2CLocation%2CMood%2CPart%2CProducer%2CSimilar%2CPhoto%2CRole%2CVast%2CTopic%2CWriter&excludeFields=file%2Ctagline%2Csummary&includeLibraryPlaylists=1&includeStations=1' from the cache.
Mar 25, 2026 14:34:36.678 [281472803860704] DEBUG - [Req#6cb] HubCache: Retrieving '1/movie.recentlyviewed.1/1/hubs/sections/1/enexternal-media,indirect-media/count=20&excludeElements=Actor%2CCollection%2CCountry%2CDirector%2CGenre%2CLabel%2CLocation%2CMood%2CPart%2CProducer%2CSimilar%2CPhoto%2CRole%2CVast%2CTopic%2CWriter&excludeFields=file%2Ctagline%2Csummary&includeLibraryPlaylists=1&includeStations=1' from the cache.
Mar 25, 2026 14:34:36.679 [281472890089696] DEBUG - Completed: [192.168.97.1:38286] 200 GET /hubs/sections/1?count=20&includeLibraryPlaylists=1&includeStations=1&excludeElements=Actor%2CCollection%2CCountry%2CDirector%2CGenre%2CLabel%2CLocation%2CMood%2CPart%2CProducer%2CSimilar%2CPhoto%2CRole%2CVast%2CTopic%2CWriter&excludeFields=file%2Ctagline%2Csummary (5 live) #6cb TLS GZIP 1ms 1450 bytes (pipelined: 2)
Mar 25, 2026 14:34:37.387 [281472803860704] DEBUG - Request: [192.168.97.1:38286 (Subnet)] GET /library/metadata/33?includeExtras=1&includeOnDeck=1&includeRelated=1&includeRelatedCount=20&includeReviews=1&includeExternalMetadata=1&checkFiles=1&includeStations=0&includePopularLeaves=0 (5 live) #6cc TLS GZIP Signed-in Token (oscar.p46)
Mar 25, 2026 14:34:37.401 [281472803860704] DEBUG - We're going to try to auto-select an audio stream for account 1.
Mar 25, 2026 14:34:37.401 [281472803860704] DEBUG - Selecting best audio stream for part ID 63 (language: )
Mar 25, 2026 14:34:37.401 [281472803860704] DEBUG - We're going to try to auto-select a subtitle for account 1.
Mar 25, 2026 14:34:37.401 [281472803860704] DEBUG - Audio Stream: 538, Subtitle Stream: -1
Mar 25, 2026 14:34:37.414 [281472887980256] DEBUG - Completed: [192.168.97.1:38286] 200 GET /library/metadata/33?includeExtras=1&includeOnDeck=1&includeRelated=1&includeRelatedCount=20&includeReviews=1&includeExternalMetadata=1&checkFiles=1&includeStations=0&includePopularLeaves=0 (5 live) #6cc TLS GZIP 26ms 6146 bytes (pipelined: 3)
Mar 25, 2026 14:34:37.448 [281472803860704] DEBUG - Request: [192.168.97.1:38286 (Subnet)] GET /library/sections/1/prefs (5 live) #6d3 TLS GZIP Signed-in Token (oscar.p46)
Mar 25, 2026 14:34:37.455 [281472890089696] DEBUG - Completed: [192.168.97.1:38286] 200 GET /library/sections/1/prefs (5 live) #6d3 TLS GZIP 7ms 3797 bytes (pipelined: 4)
Mar 25, 2026 14:34:38.504 [281472803860704] DEBUG - Request: [192.168.97.1:38286 (Subnet)] POST /playQueues?includeChapters=1&continuous=1&uri=server%3A%2F%2Fe54df6383d25ebd337b0eedd659aa30a8163aa07%2Fcom.plexapp.plugins.library%2Flibrary%2Fmetadata%2F33&type=video&own=1&repeat=0&shuffle=0&includeMarkers=1&includeGeolocation=1&includeExternalMedia=1 (5 live) #6d4 TLS GZIP Signed-in Token (oscar.p46)
Mar 25, 2026 14:34:38.504 [281472803860704] DEBUG - [Req#6d4] PlayQueue: Converted 'server://e54df6383d25ebd337b0eedd659aa30a8163aa07/com.plexapp.plugins.library/library/metadata/33' to 'library://x/item/%2Flibrary%2Fmetadata%2F33'
Mar 25, 2026 14:34:38.505 [281472803860704] DEBUG - [Req#6d4] PlayQueue: Start index: 0 End index: 0 Count: 1
Mar 25, 2026 14:34:38.505 [281472803860704] DEBUG - [Req#6d4] PlayQueue: Added 1 items in 0.0 sec.
Mar 25, 2026 14:34:38.508 [281472803860704] DEBUG - We're going to try to auto-select an audio stream for account 1.
Mar 25, 2026 14:34:38.509 [281472803860704] DEBUG - Selecting best audio stream for part ID 63 (language: )
Mar 25, 2026 14:34:38.509 [281472803860704] DEBUG - We're going to try to auto-select a subtitle for account 1.
Mar 25, 2026 14:34:38.509 [281472803860704] DEBUG - Audio Stream: 538, Subtitle Stream: -1
Mar 25, 2026 14:34:38.509 [281472890089696] DEBUG - Completed: [192.168.97.1:38286] 200 POST /playQueues?includeChapters=1&continuous=1&uri=server%3A%2F%2Fe54df6383d25ebd337b0eedd659aa30a8163aa07%2Fcom.plexapp.plugins.library%2Flibrary%2Fmetadata%2F33&type=video&own=1&repeat=0&shuffle=0&includeMarkers=1&includeGeolocation=1&includeExternalMedia=1 (5 live) #6d4 TLS GZIP 5ms 3518 bytes (pipelined: 5)
Mar 25, 2026 14:34:38.761 [281472803860704] DEBUG - Request: [192.168.97.1:38286 (Subnet)] GET /library/metadata/33?checkFiles=1&includeChapters=1&includeMarkers=1 (5 live) #6d7 TLS GZIP Signed-in Token (oscar.p46)
Mar 25, 2026 14:34:38.768 [281472803860704] DEBUG - We're going to try to auto-select an audio stream for account 1.
Mar 25, 2026 14:34:38.768 [281472803860704] DEBUG - Selecting best audio stream for part ID 63 (language: )
Mar 25, 2026 14:34:38.768 [281472803860704] DEBUG - We're going to try to auto-select a subtitle for account 1.
Mar 25, 2026 14:34:38.768 [281472803860704] DEBUG - Audio Stream: 538, Subtitle Stream: -1
Mar 25, 2026 14:34:38.770 [281472887980256] DEBUG - Completed: [192.168.97.1:38286] 200 GET /library/metadata/33?checkFiles=1&includeChapters=1&includeMarkers=1 (5 live) #6d7 TLS GZIP 9ms 3495 bytes (pipelined: 6)
Mar 25, 2026 14:34:38.787 [281472803860704] DEBUG - Request: [192.168.97.1:38286 (Subnet)] GET /video/:/transcode/universal/decision?directPlay=1&directStream=1&directStreamAudio=1&protocol=hls&fastSeek=1&path=%2Flibrary%2Fmetadata%2F33&session=94a6df27-9547-4269-b145-9077d77aa9bf&mediaIndex=0&partIndex=0&mediaBufferSize=50000&hasMDE=1&subtitleSize=0&videoQuality=100&videoResolution=&audioBoost=100&autoAdjustSubtitle=1&boostDialog=0&normalizeLoudness=0&subtitles=none&location=lan (5 live) #6d8 TLS GZIP Signed-in Token (oscar.p46)
Mar 25, 2026 14:34:38.787 [281472803860704] DEBUG - [Req#6d8/Transcode] Found session GUID of 94a6df27-9547-4269-b145-9077d77aa9bf in session start.
Mar 25, 2026 14:34:38.789 [281472803860704] DEBUG - [Req#6d8/Transcode] TranscodeUniversalRequest: adapting profile with augmentation data: add-transcode-target(type=videoProfile&context=all&protocol=hls&container=mkv&videoCodec=h264,png,apng,bmp,mjpeg,thp,gif,vp8,vp9,dirac,ffv1,ffvhuff,huffyuv,rawvideo,ayuv,r210,v210,v210x,v308,v408,v410,y41p,yuv4,ansi,h263,mpeg1video,mpeg2video,mpeg4,hevc,av1,vc1&audioCodec=ape,aac,aac_latm,alac,dca,vorbis,opus,pcm,pcm_alaw,pcm_mulaw,pcm_bluray,pcm_dvd,mp1,mp2,ac3,eac3,mp3&subtitleCodec=ass,dvb_subtitle,eia_608,jacosub,microdvd,mov_text,mpl2,pgs,pjs,realtext,sami,srt,ssa,stl,subviewer,subviewer1,text,vobsub,vplayer,xsub)+add-limitation(scope=videoAudioCodec&scopeName=aac&type=upperBound&name=audio.channels&value=10)+add-limitation(scope=videoTranscodeTarget&scopeName=h264&scopeType=videoCodec&context=all&protocol=hls&type=upperBound&name=video.bitDepth&value=10)+add-limitation(scope=videoTranscodeTarget&scopeName=h264&scopeType=videoCodec&context=all&protocol=hls&type=upperBound&name=video.width&value=3840)+add-limitation(scope=videoTranscodeTarget&scopeName=h264&scopeType=videoCodec&context=all&protocol=hls&type=upperBound&name=video.height&value=2160)+add-limitation(scope=videoTranscodeTarget&scopeName=hevc&scopeType=videoCodec&context=all&protocol=hls&type=upperBound&name=video.width&value=3840)+add-limitation(scope=videoTranscodeTarget&scopeName=hevc&scopeType=videoCodec&context=all&protocol=hls&type=upperBound&name=video.height&value=2160)+add-limitation(scope=videoTranscodeTarget&scopeName=av1&scopeType=videoCodec&context=all&protocol=hls&type=upperBound&name=video.width&value=3840)+add-limitation(scope=videoTranscodeTarget&scopeName=av1&scopeType=videoCodec&context=all&protocol=hls&type=upperBound&name=video.height&value=2160)+add-transcode-target-settings(type=videoProfile&context=all&protocol=hls&CopyMatroskaAttachments=true)
Mar 25, 2026 14:34:38.789 [281472803860704] DEBUG - [Req#6d8/Transcode] TranscodeUniversalRequest: using augmented profile Generic
Mar 25, 2026 14:34:38.789 [281472803860704] DEBUG - [Req#6d8/Transcode] Downloading document http://127.0.0.1:32400/library/metadata/33?includeBandwidths=1&offset=-1&X-Plex-Incomplete-Segments=1&X-Plex-Session-Identifier=tlmplf0gg79k4hp7m8xnc4zk
Mar 25, 2026 14:34:38.794 [281472803860704] DEBUG - [Req#6d8/Transcode] We're going to try to auto-select an audio stream for account 1.
Mar 25, 2026 14:34:38.794 [281472803860704] DEBUG - [Req#6d8/Transcode] Selecting best audio stream for part ID 63 (language: )
Mar 25, 2026 14:34:38.794 [281472803860704] DEBUG - [Req#6d8/Transcode] We're going to try to auto-select a subtitle for account 1.
Mar 25, 2026 14:34:38.794 [281472803860704] DEBUG - [Req#6d8/Transcode] Audio Stream: 538, Subtitle Stream: -1
Mar 25, 2026 14:34:38.796 [281472803860704] DEBUG - [Req#6d8/Transcode] Streaming Resource: Added session 0xffff7f6a6028:tlmplf0gg79k4hp7m8xnc4zk
Mar 25, 2026 14:34:38.796 [281472803860704] DEBUG - [Req#6d8/Transcode] Streaming Resource: Reached Decision id=33 codes=(MDE=1000,Direct play OK.) media=(id=63 part=(id=63 decision=direct play protocol=hls streams=(Video=(id=537 decision= width=1920 height=1036) Audio=(id=538 decision= channels=0 rate=0))))
Mar 25, 2026 14:34:38.798 [281472890089696] DEBUG - Completed: [192.168.97.1:38286] 200 GET /video/:/transcode/universal/decision?directPlay=1&directStream=1&directStreamAudio=1&protocol=hls&fastSeek=1&path=%2Flibrary%2Fmetadata%2F33&session=94a6df27-9547-4269-b145-9077d77aa9bf&mediaIndex=0&partIndex=0&mediaBufferSize=50000&hasMDE=1&subtitleSize=0&videoQuality=100&videoResolution=&audioBoost=100&autoAdjustSubtitle=1&boostDialog=0&normalizeLoudness=0&subtitles=none&location=lan (5 live) #6d8 TLS GZIP 10ms 3243 bytes (pipelined: 7)
Mar 25, 2026 14:34:38.877 [281472803860704] DEBUG - Request: [192.168.97.1:38286 (Subnet)] GET /:/timeline?key=%2Flibrary%2Fmetadata%2F33&ratingKey=33&playQueueItemID=80&duration=4633333&time=0&playbackTime=413&hasMDE=1&context=library.recommended%3Ahub.movie.inprogress&row=0&col=0&state=buffering (5 live) #6db TLS GZIP Signed-in Token (oscar.p46)
Mar 25, 2026 14:34:38.879 [281472803860704] DEBUG - [Req#6db] Client [tlmplf0gg79k4hp7m8xnc4zk] reporting timeline state buffering, progress of 0/4633333ms for guid=, playbackTime=413ms ratingKey=33 url=, key=/library/metadata/33, containerKey=, metadataId=33, source=
Mar 25, 2026 14:34:38.887 [281472803860704] DEBUG - [Req#6db] We're going to try to auto-select an audio stream for account 1.
Mar 25, 2026 14:34:38.887 [281472803860704] DEBUG - [Req#6db] Selecting best audio stream for part ID 63 (language: )
Mar 25, 2026 14:34:38.887 [281472803860704] DEBUG - [Req#6db] We're going to try to auto-select a subtitle for account 1.
Mar 25, 2026 14:34:38.887 [281472803860704] DEBUG - [Req#6db] Audio Stream: 538, Subtitle Stream: -1
Mar 25, 2026 14:34:38.889 [281472803860704] DEBUG - [Req#6db] [Now] User is oscar.p46 (ID: 1)
Mar 25, 2026 14:34:38.890 [281472803860704] DEBUG - [Req#6db] [Now] Device is iOS (iPhone).
Mar 25, 2026 14:34:38.891 [281472803860704] DEBUG - [Req#6db] [Now] Profile is iOS
Mar 25, 2026 14:34:38.891 [281472803860704] DEBUG - [Req#6db] [Now] Updated play state for /library/metadata/33.
Mar 25, 2026 14:34:38.891 [281472803860704] DEBUG - [Req#6db] Statistics: (tlmplf0gg79k4hp7m8xnc4zk) Reporting active playback in state 2 of type 1 (scrobble: 0) for account 1
Mar 25, 2026 14:34:38.894 [281472887980256] DEBUG - Completed: [192.168.97.1:38286] 200 GET /:/timeline?key=%2Flibrary%2Fmetadata%2F33&ratingKey=33&playQueueItemID=80&duration=4633333&time=0&playbackTime=413&hasMDE=1&context=library.recommended%3Ahub.movie.inprogress&row=0&col=0&state=buffering (7 live) #6db TLS GZIP 16ms 502 bytes (pipelined: 8)
Mar 25, 2026 14:34:38.901 [281472803860704] DEBUG - Request: [192.168.97.1:29917 (Subnet)] GET /status/sessions (8 live) #6e4 GZIP Signed-in Token (oscar.p46)
Mar 25, 2026 14:34:38.902 [281472803860704] DEBUG - [Req#6e4] [Now] Adding 1 sessions.
Mar 25, 2026 14:34:38.902 [281472890089696] DEBUG - Completed: [192.168.97.1:29917] 200 GET /status/sessions (8 live) #6e4 GZIP 0ms 478 bytes (pipelined: 1)
Mar 25, 2026 14:34:38.910 [281472803860704] DEBUG - Request: [192.168.97.1:36029 (Subnet)] GET /library/metadata/33/thumb/1774443370 (8 live) #6df TLS GZIP Signed-in Token (oscar.p46)
Mar 25, 2026 14:34:38.913 [281472812298464] DEBUG - Request: [192.168.97.1:30129 (Subnet)] GET /library/parts/63/1774443284/file.mp4 (8 live) #6c9 TLS Signed-in Token (oscar.p46) (range: bytes=0-) 
Mar 25, 2026 14:34:38.915 [281472803860704] DEBUG - [Req#6df] Calculated media file path for path [metadata://posters/tv.plex.agents.movie_6b069e20e07355c015503cd6ac9a40e13ffa54b9]: ["/config/Library/Application Support/Plex Media Server/Metadata/Movies/6/76ba34c4dcf9e6cc9841dd4c4ab29c9134dcb86.bundle/Contents/_combined/posters/tv.plex.agents.movie_6b069e20e07355c015503cd6ac9a40e13ffa54b9"]
Mar 25, 2026 14:34:38.915 [281472803860704] DEBUG - Content-Length of /config/Library/Application Support/Plex Media Server/Metadata/Movies/6/76ba34c4dcf9e6cc9841dd4c4ab29c9134dcb86.bundle/Contents/_combined/posters/tv.plex.agents.movie_6b069e20e07355c015503cd6ac9a40e13ffa54b9 is 679966 (of total: 679966).
Mar 25, 2026 14:34:38.916 [281472812298464] DEBUG - Content-Length of /movies/Little Amélie or the Character of Rain (2025)/Little Amélie or the Character of Rain (2025) Bluray-1080p.mp4 is 1529112190 (of total: 1529112190).
Mar 25, 2026 14:34:38.920 [281472887980256] DEBUG - Completed: [192.168.97.1:36029] 200 GET /library/metadata/33/thumb/1774443370 (8 live) #6df TLS GZIP 9ms 679966 bytes (pipelined: 1)
Mar 25, 2026 14:34:39.810 [281472803860704] DEBUG - Request: [192.168.97.1:38286 (Subnet)] GET /:/timeline?key=%2Flibrary%2Fmetadata%2F33&ratingKey=33&playQueueItemID=80&duration=4633333&time=0&playbackTime=1265&hasMDE=1&context=library.recommended%3Ahub.movie.inprogress&row=0&col=0&state=paused (8 live) #6e5 TLS GZIP Signed-in Token (oscar.p46)
Mar 25, 2026 14:34:39.811 [281472812298464] DEBUG - Request: [192.168.97.1:36029 (Subnet)] GET /:/timeline?key=%2Flibrary%2Fmetadata%2F33&ratingKey=33&playQueueItemID=80&duration=4633333&time=0&playbackTime=1310&hasMDE=1&context=library.recommended%3Ahub.movie.inprogress&row=0&col=0&state=buffering (8 live) #6e8 TLS GZIP Signed-in Token (oscar.p46)
Mar 25, 2026 14:34:39.811 [281472803860704] DEBUG - [Req#6e5] Client [tlmplf0gg79k4hp7m8xnc4zk] reporting timeline state paused, progress of 0/4633333ms for guid=, playbackTime=1265ms ratingKey=33 url=, key=/library/metadata/33, containerKey=, metadataId=33, source=
Mar 25, 2026 14:34:39.813 [281472812298464] DEBUG - [Req#6e8] Client [tlmplf0gg79k4hp7m8xnc4zk] reporting timeline state buffering, progress of 0/4633333ms for guid=, playbackTime=1310ms ratingKey=33 url=, key=/library/metadata/33, containerKey=, metadataId=33, source=
Mar 25, 2026 14:34:39.813 [281472812298464] DEBUG - [Req#6e8] [Now] User is oscar.p46 (ID: 1)
Mar 25, 2026 14:34:39.814 [281472812298464] DEBUG - [Req#6e8] [Now] Device is iOS (iPhone).
Mar 25, 2026 14:34:39.815 [281472812298464] DEBUG - [Req#6e8] [Now] Profile is iOS
Mar 25, 2026 14:34:39.815 [281472812298464] DEBUG - [Req#6e8] [Now] Updated play state for /library/metadata/33.
Mar 25, 2026 14:34:39.816 [281472812298464] DEBUG - [Req#6e8] Statistics: (tlmplf0gg79k4hp7m8xnc4zk) Reporting active playback in state 2 of type 1 (scrobble: 0) for account 1
Mar 25, 2026 14:34:39.825 [281472887980256] DEBUG - Completed: [192.168.97.1:36029] 200 GET /:/timeline?key=%2Flibrary%2Fmetadata%2F33&ratingKey=33&playQueueItemID=80&duration=4633333&time=0&playbackTime=1310&hasMDE=1&context=library.recommended%3Ahub.movie.inprogress&row=0&col=0&state=buffering (11 live) #6e8 TLS GZIP 14ms 502 bytes (pipelined: 2)
Mar 25, 2026 14:34:39.825 [281472812298464] DEBUG - Request: [192.168.97.1:29917 (Subnet)] GET /status/sessions (11 live) #6e7 GZIP Signed-in Token (oscar.p46)
Mar 25, 2026 14:34:39.825 [281472812298464] DEBUG - [Req#6e7] [Now] Adding 1 sessions.
Mar 25, 2026 14:34:39.826 [281472887980256] DEBUG - Completed: [192.168.97.1:29917] 200 GET /status/sessions (11 live) #6e7 GZIP 0ms 478 bytes (pipelined: 2)
Mar 25, 2026 14:34:39.826 [281472803860704] DEBUG - [Req#6e5] [Now] User is oscar.p46 (ID: 1)
Mar 25, 2026 14:34:39.826 [281472803860704] DEBUG - [Req#6e5] [Now] Device is iOS (iPhone).
Mar 25, 2026 14:34:39.827 [281472803860704] DEBUG - [Req#6e5] [Now] Profile is iOS
Mar 25, 2026 14:34:39.827 [281472803860704] DEBUG - [Req#6e5] [Now] Updated play state for /library/metadata/33.
Mar 25, 2026 14:34:39.827 [281472803860704] DEBUG - [Req#6e5] Statistics: (tlmplf0gg79k4hp7m8xnc4zk) Reporting active playback in state 2 of type 1 (scrobble: 0) for account 1
Mar 25, 2026 14:34:39.829 [281472890089696] DEBUG - Completed: [192.168.97.1:38286] 200 GET /:/timeline?key=%2Flibrary%2Fmetadata%2F33&ratingKey=33&playQueueItemID=80&duration=4633333&time=0&playbackTime=1265&hasMDE=1&context=library.recommended%3Ahub.movie.inprogress&row=0&col=0&state=paused (11 live) #6e5 TLS GZIP 18ms 502 bytes (pipelined: 9)
Mar 25, 2026 14:34:39.832 [281472812298464] DEBUG - Request: [192.168.97.1:64801 (Subnet)] GET /library/parts/63/1774443284/file.mp4 (11 live) #6e6 TLS Signed-in Token (oscar.p46) (range: bytes=34784388-) 
Mar 25, 2026 14:34:39.833 [281472812298464] DEBUG - Content-Length of /movies/Little Amélie or the Character of Rain (2025)/Little Amélie or the Character of Rain (2025) Bluray-1080p.mp4 is 1494327802 (of total: 1529112190).
Mar 25, 2026 14:34:39.833 [281472803860704] DEBUG - Request: [192.168.97.1:51559 (Subnet)] GET /:/timeline?key=%2Flibrary%2Fmetadata%2F33&ratingKey=33&playQueueItemID=80&duration=4633333&time=0&playbackTime=1311&hasMDE=1&context=library.recommended%3Ahub.movie.inprogress&row=0&col=0&state=buffering (11 live) #6ea TLS GZIP Signed-in Token (oscar.p46)
Mar 25, 2026 14:34:39.834 [281472803860704] DEBUG - [Req#6ea] Client [tlmplf0gg79k4hp7m8xnc4zk] reporting timeline state buffering, progress of 0/4633333ms for guid=, playbackTime=1311ms ratingKey=33 url=, key=/library/metadata/33, containerKey=, metadataId=33, source=
Mar 25, 2026 14:34:39.835 [281472803860704] DEBUG - [Req#6ea] [Now] User is oscar.p46 (ID: 1)
Mar 25, 2026 14:34:39.835 [281472803860704] DEBUG - [Req#6ea] [Now] Device is iOS (iPhone).
Mar 25, 2026 14:34:39.835 [281472803860704] DEBUG - [Req#6ea] [Now] Profile is iOS
Mar 25, 2026 14:34:39.835 [281472803860704] DEBUG - [Req#6ea] [Now] Updated play state for /library/metadata/33.
Mar 25, 2026 14:34:39.835 [281472803860704] DEBUG - [Req#6ea] Statistics: (tlmplf0gg79k4hp7m8xnc4zk) Reporting active playback in state 2 of type 1 (scrobble: 0) for account 1
Mar 25, 2026 14:34:39.838 [281472887980256] DEBUG - Completed: [192.168.97.1:51559] 200 GET /:/timeline?key=%2Flibrary%2Fmetadata%2F33&ratingKey=33&playQueueItemID=80&duration=4633333&time=0&playbackTime=1311&hasMDE=1&context=library.recommended%3Ahub.movie.inprogress&row=0&col=0&state=buffering (11 live) #6ea TLS GZIP 4ms 502 bytes (pipelined: 1)
Mar 25, 2026 14:34:39.838 [281472890089696] DEBUG - Failed to stream media, client probably disconnected after 13189120 bytes: 32 - Broken pipe
Mar 25, 2026 14:34:39.838 [281472890089696] DEBUG - Completed after connection close: [192.168.97.1:30129] 206 GET /library/parts/63/1774443284/file.mp4 (11 live) #6c9 TLS 924ms 13189120 bytes (range: bytes=0-) 
Mar 25, 2026 14:34:39.838 [281472812298464] DEBUG - Request: [192.168.97.1:29422 (Subnet)] GET /:/timeline?key=%2Flibrary%2Fmetadata%2F33&ratingKey=33&playQueueItemID=80&duration=4633333&time=0&playbackTime=1311&hasMDE=1&context=library.recommended%3Ahub.movie.inprogress&row=0&col=0&state=buffering (10 live) #6ed TLS GZIP Signed-in Token (oscar.p46)
Mar 25, 2026 14:34:39.839 [281472812298464] DEBUG - [Req#6ed] Client [tlmplf0gg79k4hp7m8xnc4zk] reporting timeline state buffering, progress of 0/4633333ms for guid=, playbackTime=1311ms ratingKey=33 url=, key=/library/metadata/33, containerKey=, metadataId=33, source=
Mar 25, 2026 14:34:39.839 [281472812298464] DEBUG - [Req#6ed] [Now] User is oscar.p46 (ID: 1)
Mar 25, 2026 14:34:39.839 [281472812298464] DEBUG - [Req#6ed] [Now] Device is iOS (iPhone).
Mar 25, 2026 14:34:39.840 [281472812298464] DEBUG - [Req#6ed] [Now] Profile is iOS
Mar 25, 2026 14:34:39.840 [281472812298464] DEBUG - [Req#6ed] [Now] Updated play state for /library/metadata/33.
Mar 25, 2026 14:34:39.840 [281472812298464] DEBUG - [Req#6ed] Statistics: (tlmplf0gg79k4hp7m8xnc4zk) Reporting active playback in state 2 of type 1 (scrobble: 0) for account 1
Mar 25, 2026 14:34:39.842 [281472890089696] DEBUG - Completed: [192.168.97.1:29422] 200 GET /:/timeline?key=%2Flibrary%2Fmetadata%2F33&ratingKey=33&playQueueItemID=80&duration=4633333&time=0&playbackTime=1311&hasMDE=1&context=library.recommended%3Ahub.movie.inprogress&row=0&col=0&state=buffering (10 live) #6ed TLS GZIP 3ms 502 bytes (pipelined: 1)
Mar 25, 2026 14:34:39.862 [281472803860704] DEBUG - Request: [192.168.97.1:29917 (Subnet)] GET /status/sessions (10 live) #6f1 GZIP Signed-in Token (oscar.p46)
Mar 25, 2026 14:34:39.862 [281472803860704] DEBUG - [Req#6f1] [Now] Adding 1 sessions.
Mar 25, 2026 14:34:39.862 [281472890089696] DEBUG - Completed: [192.168.97.1:29917] 200 GET /status/sessions (10 live) #6f1 GZIP 0ms 478 bytes (pipelined: 3)
Mar 25, 2026 14:34:39.880 [281472812298464] DEBUG - Request: [192.168.97.1:38286 (Subnet)] GET /hubs/metadata/33/postplay (10 live) #6f6 TLS GZIP Signed-in Token (oscar.p46)
Mar 25, 2026 14:34:39.884 [281472887980256] DEBUG - Completed: [192.168.97.1:38286] 200 GET /hubs/metadata/33/postplay (10 live) #6f6 TLS GZIP 4ms 450 bytes (pipelined: 10)
Mar 25, 2026 14:34:40.049 [281472803860704] DEBUG - Request: [192.168.97.1:38286 (Subnet)] GET /:/timeline?key=%2Flibrary%2Fmetadata%2F33&ratingKey=33&playQueueItemID=80&duration=4633333&time=128000&playbackTime=1581&hasMDE=1&context=library.recommended%3Ahub.movie.inprogress&row=0&col=0&state=playing (10 live) #703 TLS GZIP Signed-in Token (oscar.p46)
Mar 25, 2026 14:34:40.050 [281472803860704] DEBUG - [Req#703] Client [tlmplf0gg79k4hp7m8xnc4zk] reporting timeline state playing, progress of 128000/4633333ms for guid=, playbackTime=1581ms ratingKey=33 url=, key=/library/metadata/33, containerKey=, metadataId=33, source=
Mar 25, 2026 14:34:40.051 [281472803860704] DEBUG - [Req#703] Play progress on 33 'Little Amelie' - got played 128000 ms by account 1!
Mar 25, 2026 14:34:40.051 [281472793313504] DEBUG - [Req#703] HubCache: Expiring '1/movie.by.actor.or.director.1/1/hubs/sections/1/enexternal-media,indirect-media/count=20&excludeElements=Actor%2CCollection%2CCountry%2CDirector%2CGenre%2CLabel%2CLocation%2CMood%2CPart%2CProducer%2CSimilar%2CPhoto%2CRole%2CVast%2CTopic%2CWriter&excludeFields=file%2Ctagline%2Csummary&includeLibraryPlaylists=1&includeStations=1' because event plex.event.play.session.state.update referenced an item the hub contained
Mar 25, 2026 14:34:40.051 [281472793313504] DEBUG - [Req#703] HubCache: Expiring '1/movie.genre.1/1/hubs/sections/1/enexternal-media,indirect-media/count=20&excludeElements=Actor%2CCollection%2CCountry%2CDirector%2CGenre%2CLabel%2CLocation%2CMood%2CPart%2CProducer%2CSimilar%2CPhoto%2CRole%2CVast%2CTopic%2CWriter&excludeFields=file%2Ctagline%2Csummary&includeLibraryPlaylists=1&includeStations=1' because event plex.event.play.session.state.update referenced an item the hub contained
Mar 25, 2026 14:34:40.051 [281472793313504] DEBUG - [Req#703] HubCache: Expiring '1/movie.inprogress.1/1/hubs/sections/1/enexternal-media,indirect-media/count=20&excludeElements=Actor%2CCollection%2CCountry%2CDirector%2CGenre%2CLabel%2CLocation%2CMood%2CPart%2CProducer%2CSimilar%2CPhoto%2CRole%2CVast%2CTopic%2CWriter&excludeFields=file%2Ctagline%2Csummary&includeLibraryPlaylists=1&includeStations=1' because event plex.event.play.session.state.update referenced an item the hub contained
Mar 25, 2026 14:34:40.052 [281472793313504] DEBUG - [Req#703] HubCache: Expiring '1/movie.recentlyadded.1/1/hubs/sections/1/enexternal-media,indirect-media/count=20&excludeElements=Actor%2CCollection%2CCountry%2CDirector%2CGenre%2CLabel%2CLocation%2CMood%2CPart%2CProducer%2CSimilar%2CPhoto%2CRole%2CVast%2CTopic%2CWriter&excludeFields=file%2Ctagline%2Csummary&includeLibraryPlaylists=1&includeStations=1' because event plex.event.play.session.state.update referenced an item the hub contained
Mar 25, 2026 14:34:40.052 [281472793313504] DEBUG - [Req#703] HubCache: Expiring '1/movie.recentlyreleased.1/1/hubs/sections/1/enexternal-media,indirect-media/count=20&excludeElements=Actor%2CCollection%2CCountry%2CDirector%2CGenre%2CLabel%2CLocation%2CMood%2CPart%2CProducer%2CSimilar%2CPhoto%2CRole%2CVast%2CTopic%2CWriter&excludeFields=file%2Ctagline%2Csummary&includeLibraryPlaylists=1&includeStations=1' because event plex.event.play.session.state.update referenced an item the hub contained
Mar 25, 2026 14:34:40.052 [281472793313504] DEBUG - [Req#703] HubCache: Expiring '1/movie.recentlyviewed.1/1/hubs/sections/1/enexternal-media,indirect-media/count=20&excludeElements=Actor%2CCollection%2CCountry%2CDirector%2CGenre%2CLabel%2CLocation%2CMood%2CPart%2CProducer%2CSimilar%2CPhoto%2CRole%2CVast%2CTopic%2CWriter&excludeFields=file%2Ctagline%2Csummary&includeLibraryPlaylists=1&includeStations=1' because of event plex.event.play.session.state.update.
Mar 25, 2026 14:34:40.052 [281472793313504] DEBUG - [Req#703] HubCache: Expiring '1/movie.topunwatched.1/1/hubs/sections/1/enexternal-media,indirect-media/count=20&excludeElements=Actor%2CCollection%2CCountry%2CDirector%2CGenre%2CLabel%2CLocation%2CMood%2CPart%2CProducer%2CSimilar%2CPhoto%2CRole%2CVast%2CTopic%2CWriter&excludeFields=file%2Ctagline%2Csummary&includeLibraryPlaylists=1&includeStations=1' because event plex.event.play.session.state.update referenced an item the hub contained
Mar 25, 2026 14:34:40.057 [281472803860704] DEBUG - [Req#703] [Now] User is oscar.p46 (ID: 1)
Mar 25, 2026 14:34:40.057 [281472803860704] DEBUG - [Req#703] [Now] Device is iOS (iPhone).
Mar 25, 2026 14:34:40.057 [281472803860704] DEBUG - [Req#703] [Now] Profile is iOS
Mar 25, 2026 14:34:40.057 [281472803860704] DEBUG - [Req#703] [Now] Updated play state for /library/metadata/33.
Mar 25, 2026 14:34:40.058 [281472803860704] DEBUG - [Req#703] Statistics: (tlmplf0gg79k4hp7m8xnc4zk) Reporting active playback in state 0 of type 1 (scrobble: 0) for account 1
Mar 25, 2026 14:34:40.059 [281472890089696] DEBUG - Completed: [192.168.97.1:38286] 200 GET /:/timeline?key=%2Flibrary%2Fmetadata%2F33&ratingKey=33&playQueueItemID=80&duration=4633333&time=128000&playbackTime=1581&hasMDE=1&context=library.recommended%3Ahub.movie.inprogress&row=0&col=0&state=playing (10 live) #703 TLS GZIP 9ms 501 bytes (pipelined: 11)
Mar 25, 2026 14:34:40.062 [281472812298464] DEBUG - Request: [192.168.97.1:29917 (Subnet)] GET /status/sessions (10 live) #702 GZIP Signed-in Token (oscar.p46)
Mar 25, 2026 14:34:40.062 [281472812298464] DEBUG - [Req#702] [Now] Adding 1 sessions.
Mar 25, 2026 14:34:40.063 [281472890089696] DEBUG - Completed: [192.168.97.1:29917] 200 GET /status/sessions (10 live) #702 GZIP 1ms 3497 bytes (pipelined: 4)
Mar 25, 2026 14:34:49.778 [281472812298464] DEBUG - Request: [192.168.97.1:38286 (Subnet)] GET /:/timeline?key=%2Flibrary%2Fmetadata%2F33&ratingKey=33&playQueueItemID=80&duration=4633333&time=134555&playbackTime=11308&hasMDE=1&context=library.recommended%3Ahub.movie.inprogress&row=0&col=0&state=playing (10 live) #708 TLS GZIP Signed-in Token (oscar.p46)
Mar 25, 2026 14:34:49.780 [281472812298464] DEBUG - [Req#708] Client [tlmplf0gg79k4hp7m8xnc4zk] reporting timeline state playing, progress of 134555/4633333ms for guid=, playbackTime=11308ms ratingKey=33 url=, key=/library/metadata/33, containerKey=, metadataId=33, source=
Mar 25, 2026 14:34:49.781 [281472812298464] DEBUG - [Req#708] Play progress on 33 'Little Amelie' - got played 134555 ms by account 1!
Mar 25, 2026 14:34:49.781 [281472812298464] DEBUG - [Req#708] [Now] User is oscar.p46 (ID: 1)
Mar 25, 2026 14:34:49.781 [281472812298464] DEBUG - [Req#708] [Now] Device is iOS (iPhone).
Mar 25, 2026 14:34:49.782 [281472812298464] DEBUG - [Req#708] [Now] Profile is iOS
Mar 25, 2026 14:34:49.782 [281472812298464] DEBUG - [Req#708] [Now] Updated play state for /library/metadata/33.
Mar 25, 2026 14:34:49.782 [281472812298464] DEBUG - [Req#708] Statistics: (tlmplf0gg79k4hp7m8xnc4zk) Reporting active playback in state 0 of type 1 (scrobble: 0) for account 1
Mar 25, 2026 14:34:49.785 [281472890089696] DEBUG - Completed: [192.168.97.1:38286] 200 GET /:/timeline?key=%2Flibrary%2Fmetadata%2F33&ratingKey=33&playQueueItemID=80&duration=4633333&time=134555&playbackTime=11308&hasMDE=1&context=library.recommended%3Ahub.movie.inprogress&row=0&col=0&state=playing (10 live) #708 TLS GZIP 7ms 502 bytes (pipelined: 12)
Mar 25, 2026 14:34:50.381 [281472812298464] DEBUG - Request: [192.168.97.1:38286 (Subnet)] GET /:/timeline?key=%2Flibrary%2Fmetadata%2F33&ratingKey=33&playQueueItemID=80&duration=4633333&time=135535&playbackTime=11909&hasMDE=1&context=library.recommended%3Ahub.movie.inprogress&row=0&col=0&state=stopped (10 live) #70e TLS GZIP Signed-in Token (oscar.p46)
Mar 25, 2026 14:34:50.382 [281472812298464] DEBUG - [Req#70e] Client [tlmplf0gg79k4hp7m8xnc4zk] reporting timeline state stopped, progress of 135535/4633333ms for guid=, playbackTime=11909ms ratingKey=33 url=, key=/library/metadata/33, containerKey=, metadataId=33, source=
Mar 25, 2026 14:34:50.385 [281472812298464] DEBUG - [Req#70e] Play progress on 33 'Little Amelie' - got played 135535 ms by account 1!
Mar 25, 2026 14:34:50.392 [281472812298464] DEBUG - [Req#70e] [Now] User is oscar.p46 (ID: 1)
Mar 25, 2026 14:34:50.392 [281472812298464] DEBUG - [Req#70e] [Now] Device is iOS (iPhone).
Mar 25, 2026 14:34:50.393 [281472812298464] DEBUG - [Req#70e] [Now] Profile is iOS
Mar 25, 2026 14:34:50.393 [281472812298464] DEBUG - [Req#70e] [Now] Updated play state for /library/metadata/33.
Mar 25, 2026 14:34:50.393 [281472812298464] DEBUG - [Req#70e] Statistics: (tlmplf0gg79k4hp7m8xnc4zk) Reporting active playback in state 3 of type 1 (scrobble: 0) for account 1
Mar 25, 2026 14:34:50.395 [281472812298464] DEBUG - [Req#70e] Streaming Resource: Terminated session 0xffff7f6a6028:tlmplf0gg79k4hp7m8xnc4zk with reason Client stopped playback.
Mar 25, 2026 14:34:50.395 [281472812298464] DEBUG - [Req#70e] Streaming Resource: Removing session 0xffff7f6a6028:tlmplf0gg79k4hp7m8xnc4zk
Mar 25, 2026 14:34:50.396 [281472890089696] DEBUG - Completed: [192.168.97.1:38286] 200 GET /:/timeline?key=%2Flibrary%2Fmetadata%2F33&ratingKey=33&playQueueItemID=80&duration=4633333&time=135535&playbackTime=11909&hasMDE=1&context=library.recommended%3Ahub.movie.inprogress&row=0&col=0&state=stopped (10 live) #70e TLS GZIP 15ms 501 bytes (pipelined: 13)
Mar 25, 2026 14:34:50.396 [281472887980256] DEBUG - Failed to stream media, client probably disconnected after 17743872 bytes: 32 - Broken pipe
Mar 25, 2026 14:34:50.396 [281472887980256] DEBUG - Completed after connection close: [192.168.97.1:64801] 206 GET /library/parts/63/1774443284/file.mp4 (10 live) #6e6 TLS 10563ms 17743872 bytes (range: bytes=34784388-) 
Mar 25, 2026 14:34:50.822 [281472812298464] DEBUG - Request: [192.168.97.1:51559 (Subnet)] GET /library/sections/1/prefs (9 live) #6fb TLS GZIP Signed-in Token (oscar.p46)
Mar 25, 2026 14:34:50.823 [281472827064544] DEBUG - Request: [192.168.97.1:36029 (Subnet)] GET /library/metadata/33?includeExtras=1&includeOnDeck=1&includeRelated=1&includeRelatedCount=20&includeReviews=1&includeExternalMetadata=1&checkFiles=1&includeStations=0&includePopularLeaves=0 (9 live) #6f0 TLS GZIP Signed-in Token (oscar.p46)
Mar 25, 2026 14:34:50.823 [281472824955104] DEBUG - Request: [192.168.97.1:38286 (Subnet)] GET /library/sections/1/prefs (9 live) #715 TLS GZIP Signed-in Token (oscar.p46)
Mar 25, 2026 14:34:50.824 [281472810189024] DEBUG - Request: [192.168.97.1:29422 (Subnet)] GET /library/metadata/33?includeExtras=1&includeOnDeck=1&includeRelated=1&includeRelatedCount=20&includeReviews=1&includeExternalMetadata=1&checkFiles=1&includeStations=0&includePopularLeaves=0 (9 live) #701 TLS GZIP Signed-in Token (oscar.p46)
Mar 25, 2026 14:34:50.840 [281472890089696] DEBUG - Completed: [192.168.97.1:38286] 200 GET /library/sections/1/prefs (9 live) #715 TLS GZIP 17ms 3797 bytes (pipelined: 14)
Mar 25, 2026 14:34:50.841 [281472810189024] DEBUG - We're going to try to auto-select an audio stream for account 1.
Mar 25, 2026 14:34:50.841 [281472810189024] DEBUG - Selecting best audio stream for part ID 63 (language: )
Mar 25, 2026 14:34:50.841 [281472810189024] DEBUG - We're going to try to auto-select a subtitle for account 1.
Mar 25, 2026 14:34:50.841 [281472810189024] DEBUG - Audio Stream: 538, Subtitle Stream: -1
Mar 25, 2026 14:34:50.843 [281472890089696] DEBUG - Completed: [192.168.97.1:51559] 200 GET /library/sections/1/prefs (9 live) #6fb TLS GZIP 21ms 3797 bytes (pipelined: 2)
Mar 25, 2026 14:34:50.844 [281472827064544] DEBUG - We're going to try to auto-select an audio stream for account 1.
Mar 25, 2026 14:34:50.844 [281472827064544] DEBUG - Selecting best audio stream for part ID 63 (language: )
Mar 25, 2026 14:34:50.844 [281472827064544] DEBUG - We're going to try to auto-select a subtitle for account 1.
Mar 25, 2026 14:34:50.844 [281472827064544] DEBUG - Audio Stream: 538, Subtitle Stream: -1
Mar 25, 2026 14:34:50.859 [281472890089696] DEBUG - Completed: [192.168.97.1:29422] 200 GET /library/metadata/33?includeExtras=1&includeOnDeck=1&includeRelated=1&includeRelatedCount=20&includeReviews=1&includeExternalMetadata=1&checkFiles=1&includeStations=0&includePopularLeaves=0 (9 live) #701 TLS GZIP 36ms 6148 bytes (pipelined: 2)
Mar 25, 2026 14:34:50.861 [281472890089696] DEBUG - Completed: [192.168.97.1:36029] 200 GET /library/metadata/33?includeExtras=1&includeOnDeck=1&includeRelated=1&includeRelatedCount=20&includeReviews=1&includeExternalMetadata=1&checkFiles=1&includeStations=0&includePopularLeaves=0 (9 live) #6f0 TLS GZIP 39ms 6148 bytes (pipelined: 3)
Mar 25, 2026 14:34:57.308 [281472812298464] DEBUG - Request: [192.168.97.1:38286 (Subnet)] GET /media/providers (8 live) #717 TLS GZIP Signed-in Token (oscar.p46)
Mar 25, 2026 14:34:57.312 [281472890089696] DEBUG - Completed: [192.168.97.1:38286] 200 GET /media/providers (8 live) #717 TLS GZIP 4ms 4526 bytes (pipelined: 15)
Mar 25, 2026 14:35:02.361 [281472812298464] DEBUG - Request: [192.168.97.1:38286 (Subnet)] GET /library/search?query=Hamnet&searchTypes=availabilityPlatforms%2Ccategories%2Clivetv%2Cmovies%2CotherVideos%2Cpeople%2Ctvod%2Ctv&limit=100 (8 live) #729 TLS GZIP Signed-in Token (oscar.p46)
Mar 25, 2026 14:35:02.402 [281472887980256] DEBUG - Completed: [192.168.97.1:38286] 200 GET /library/search?query=Hamnet&searchTypes=availabilityPlatforms%2Ccategories%2Clivetv%2Cmovies%2CotherVideos%2Cpeople%2Ctvod%2Ctv&limit=100 (8 live) #729 TLS GZIP 41ms 395 bytes (pipelined: 16)
Mar 25, 2026 14:35:38.515 [281472835502304] DEBUG - [Req#6d4] BPQ: onConsiderProcessing: Idle (true)
Mar 25, 2026 14:35:38.515 [281472835502304] DEBUG - [Req#6d4] BPQ: [Idle] -> [Processing]
Mar 25, 2026 14:35:38.518 [281472835502304] DEBUG - [Req#6d4] BPQ: generating queue items from 0 generator(s)
Mar 25, 2026 14:35:38.518 [281472835502304] DEBUG - [Req#6d4] BPQ: generated 0 item(s) for queue
Mar 25, 2026 14:35:38.521 [281472835502304] DEBUG - [Req#6d4] BPQ: [Processing] -> [Idle]
Mar 25, 2026 14:56:12.070 [281472812298464] DEBUG - Request: [192.168.97.1:65316 (Subnet)] GET /media/providers (4 live) #6ef TLS GZIP Signed-in Token (oscar.p46)
Mar 25, 2026 14:56:12.090 [281472827064544] DEBUG - Request: [192.168.97.1:63442 (Subnet)] GET /media/providers (5 live) #736 TLS GZIP Signed-in Token (oscar.p46)
Mar 25, 2026 14:56:12.091 [281472887980256] DEBUG - Completed: [192.168.97.1:65316] 200 GET /media/providers (5 live) #6ef TLS GZIP 21ms 4526 bytes (pipelined: 1)
Mar 25, 2026 14:56:12.091 [281472887980256] DEBUG - Completed: [192.168.97.1:63442] 200 GET /media/providers (5 live) #736 TLS GZIP 1ms 4526 bytes (pipelined: 1)
Mar 25, 2026 14:56:16.793 [281472827064544] DEBUG - Request: [192.168.97.1:63442 (Subnet)] GET /hubs/sections/1?count=20&includeLibraryPlaylists=1&includeStations=1&excludeElements=Actor%2CCollection%2CCountry%2CDirector%2CGenre%2CLabel%2CLocation%2CMood%2CPart%2CProducer%2CSimilar%2CPhoto%2CRole%2CVast%2CTopic%2CWriter&excludeFields=file%2Ctagline%2Csummary (4 live) #73c TLS GZIP Signed-in Token (oscar.p46)
Mar 25, 2026 14:56:16.796 [281472827064544] DEBUG - [Req#73c] HubCache: Adding '1/movie.inprogress.1/1/hubs/sections/1/enexternal-media,indirect-media/count=20&excludeElements=Actor%2CCollection%2CCountry%2CDirector%2CGenre%2CLabel%2CLocation%2CMood%2CPart%2CProducer%2CSimilar%2CPhoto%2CRole%2CVast%2CTopic%2CWriter&excludeFields=file%2Ctagline%2Csummary&includeLibraryPlaylists=1&includeStations=1' to the cache (1/movie.inprogress.1/1/hubs/sections/1/enexternal-media,indirect-media/count=20&excludeElements=Actor%2CCollection%2CCountry%2CDirector%2CGenre%2CLabel%2CLocation%2CMood%2CPart%2CProducer%2CSimilar%2CPhoto%2CRole%2CVast%2CTopic%2CWriter&excludeFields=file%2Ctagline%2Csummary&includeLibraryPlaylists=1&includeStations=1).
Mar 25, 2026 14:56:16.802 [281472827064544] DEBUG - [Req#73c] HubCache: Computed '1/movie.inprogress.1/1/hubs/sections/1/enexternal-media,indirect-media/count=20&excludeElements=Actor%2CCollection%2CCountry%2CDirector%2CGenre%2CLabel%2CLocation%2CMood%2CPart%2CProducer%2CSimilar%2CPhoto%2CRole%2CVast%2CTopic%2CWriter&excludeFields=file%2Ctagline%2Csummary&includeLibraryPlaylists=1&includeStations=1' in 6 ms.
Mar 25, 2026 14:56:16.802 [281472827064544] DEBUG - [Req#73c] HubCache: 3 hubs cached, 65.8% hit ratio.
Mar 25, 2026 14:56:16.803 [281472827064544] DEBUG - [Req#73c] HubCache: Adding '1/movie.recentlyreleased.1/1/hubs/sections/1/enexternal-media,indirect-media/count=20&excludeElements=Actor%2CCollection%2CCountry%2CDirector%2CGenre%2CLabel%2CLocation%2CMood%2CPart%2CProducer%2CSimilar%2CPhoto%2CRole%2CVast%2CTopic%2CWriter&excludeFields=file%2Ctagline%2Csummary&includeLibraryPlaylists=1&includeStations=1' to the cache (1/movie.recentlyreleased.1/1/hubs/sections/1/enexternal-media,indirect-media/count=20&excludeElements=Actor%2CCollection%2CCountry%2CDirector%2CGenre%2CLabel%2CLocation%2CMood%2CPart%2CProducer%2CSimilar%2CPhoto%2CRole%2CVast%2CTopic%2CWriter&excludeFields=file%2Ctagline%2Csummary&includeLibraryPlaylists=1&includeStations=1).
Mar 25, 2026 14:56:16.805 [281472827064544] DEBUG - [Req#73c] HubCache: Computed '1/movie.recentlyreleased.1/1/hubs/sections/1/enexternal-media,indirect-media/count=20&excludeElements=Actor%2CCollection%2CCountry%2CDirector%2CGenre%2CLabel%2CLocation%2CMood%2CPart%2CProducer%2CSimilar%2CPhoto%2CRole%2CVast%2CTopic%2CWriter&excludeFields=file%2Ctagline%2Csummary&includeLibraryPlaylists=1&includeStations=1' in 2 ms.
Mar 25, 2026 14:56:16.805 [281472827064544] DEBUG - [Req#73c] HubCache: Adding '1/movie.recentlyadded.1/1/hubs/sections/1/enexternal-media,indirect-media/count=20&excludeElements=Actor%2CCollection%2CCountry%2CDirector%2CGenre%2CLabel%2CLocation%2CMood%2CPart%2CProducer%2CSimilar%2CPhoto%2CRole%2CVast%2CTopic%2CWriter&excludeFields=file%2Ctagline%2Csummary&includeLibraryPlaylists=1&includeStations=1' to the cache (1/movie.recentlyadded.1/1/hubs/sections/1/enexternal-media,indirect-media/count=20&excludeElements=Actor%2CCollection%2CCountry%2CDirector%2CGenre%2CLabel%2CLocation%2CMood%2CPart%2CProducer%2CSimilar%2CPhoto%2CRole%2CVast%2CTopic%2CWriter&excludeFields=file%2Ctagline%2Csummary&includeLibraryPlaylists=1&includeStations=1).
Mar 25, 2026 14:56:16.808 [281472827064544] DEBUG - [Req#73c] HubCache: Computed '1/movie.recentlyadded.1/1/hubs/sections/1/enexternal-media,indirect-media/count=20&excludeElements=Actor%2CCollection%2CCountry%2CDirector%2CGenre%2CLabel%2CLocation%2CMood%2CPart%2CProducer%2CSimilar%2CPhoto%2CRole%2CVast%2CTopic%2CWriter&excludeFields=file%2Ctagline%2Csummary&includeLibraryPlaylists=1&includeStations=1' in 2 ms.
Mar 25, 2026 14:56:16.808 [281472827064544] DEBUG - [Req#73c] HubCache: Retrieving '1/recent.library.playlists.1/1/hubs/sections/1/enexternal-media,indirect-media/count=20&excludeElements=Actor%2CCollection%2CCountry%2CDirector%2CGenre%2CLabel%2CLocation%2CMood%2CPart%2CProducer%2CSimilar%2CPhoto%2CRole%2CVast%2CTopic%2CWriter&excludeFields=file%2Ctagline%2Csummary&includeLibraryPlaylists=1&includeStations=1' from the cache.
Mar 25, 2026 14:56:16.808 [281472827064544] DEBUG - [Req#73c] HubCache: Adding '1/movie.genre.1/1/hubs/sections/1/enexternal-media,indirect-media/count=20&excludeElements=Actor%2CCollection%2CCountry%2CDirector%2CGenre%2CLabel%2CLocation%2CMood%2CPart%2CProducer%2CSimilar%2CPhoto%2CRole%2CVast%2CTopic%2CWriter&excludeFields=file%2Ctagline%2Csummary&includeLibraryPlaylists=1&includeStations=1' to the cache (1/movie.genre.1/1/hubs/sections/1/enexternal-media,indirect-media/count=20&excludeElements=Actor%2CCollection%2CCountry%2CDirector%2CGenre%2CLabel%2CLocation%2CMood%2CPart%2CProducer%2CSimilar%2CPhoto%2CRole%2CVast%2CTopic%2CWriter&excludeFields=file%2Ctagline%2Csummary&includeLibraryPlaylists=1&includeStations=1).
Mar 25, 2026 14:56:16.811 [281472827064544] DEBUG - [Req#73c] HubCache: Computed '1/movie.genre.1/1/hubs/sections/1/enexternal-media,indirect-media/count=20&excludeElements=Actor%2CCollection%2CCountry%2CDirector%2CGenre%2CLabel%2CLocation%2CMood%2CPart%2CProducer%2CSimilar%2CPhoto%2CRole%2CVast%2CTopic%2CWriter&excludeFields=file%2Ctagline%2Csummary&includeLibraryPlaylists=1&includeStations=1' in 2 ms.
Mar 25, 2026 14:56:16.811 [281472827064544] DEBUG - [Req#73c] HubCache: Adding '1/movie.by.actor.or.director.1/1/hubs/sections/1/enexternal-media,indirect-media/count=20&excludeElements=Actor%2CCollection%2CCountry%2CDirector%2CGenre%2CLabel%2CLocation%2CMood%2CPart%2CProducer%2CSimilar%2CPhoto%2CRole%2CVast%2CTopic%2CWriter&excludeFields=file%2Ctagline%2Csummary&includeLibraryPlaylists=1&includeStations=1' to the cache (1/movie.by.actor.or.director.1/1/hubs/sections/1/enexternal-media,indirect-media/count=20&excludeElements=Actor%2CCollection%2CCountry%2CDirector%2CGenre%2CLabel%2CLocation%2CMood%2CPart%2CProducer%2CSimilar%2CPhoto%2CRole%2CVast%2CTopic%2CWriter&excludeFields=file%2Ctagline%2Csummary&includeLibraryPlaylists=1&includeStations=1).
Mar 25, 2026 14:56:16.813 [281472827064544] DEBUG - [Req#73c] HubCache: Computed '1/movie.by.actor.or.director.1/1/hubs/sections/1/enexternal-media,indirect-media/count=20&excludeElements=Actor%2CCollection%2CCountry%2CDirector%2CGenre%2CLabel%2CLocation%2CMood%2CPart%2CProducer%2CSimilar%2CPhoto%2CRole%2CVast%2CTopic%2CWriter&excludeFields=file%2Ctagline%2Csummary&includeLibraryPlaylists=1&includeStations=1' in 2 ms.
Mar 25, 2026 14:56:16.813 [281472827064544] DEBUG - [Req#73c] HubCache: Adding '1/movie.topunwatched.1/1/hubs/sections/1/enexternal-media,indirect-media/count=20&excludeElements=Actor%2CCollection%2CCountry%2CDirector%2CGenre%2CLabel%2CLocation%2CMood%2CPart%2CProducer%2CSimilar%2CPhoto%2CRole%2CVast%2CTopic%2CWriter&excludeFields=file%2Ctagline%2Csummary&includeLibraryPlaylists=1&includeStations=1' to the cache (1/movie.topunwatched.1/1/hubs/sections/1/enexternal-media,indirect-media/count=20&excludeElements=Actor%2CCollection%2CCountry%2CDirector%2CGenre%2CLabel%2CLocation%2CMood%2CPart%2CProducer%2CSimilar%2CPhoto%2CRole%2CVast%2CTopic%2CWriter&excludeFields=file%2Ctagline%2Csummary&includeLibraryPlaylists=1&includeStations=1).
Mar 25, 2026 14:56:16.815 [281472827064544] DEBUG - [Req#73c] HubCache: Computed '1/movie.topunwatched.1/1/hubs/sections/1/enexternal-media,indirect-media/count=20&excludeElements=Actor%2CCollection%2CCountry%2CDirector%2CGenre%2CLabel%2CLocation%2CMood%2CPart%2CProducer%2CSimilar%2CPhoto%2CRole%2CVast%2CTopic%2CWriter&excludeFields=file%2Ctagline%2Csummary&includeLibraryPlaylists=1&includeStations=1' in 1 ms.
Mar 25, 2026 14:56:16.815 [281472827064544] DEBUG - [Req#73c] HubCache: Retrieving '1/movie.curated.1/1/hubs/sections/1/enexternal-media,indirect-media/count=20&excludeElements=Actor%2CCollection%2CCountry%2CDirector%2CGenre%2CLabel%2CLocation%2CMood%2CPart%2CProducer%2CSimilar%2CPhoto%2CRole%2CVast%2CTopic%2CWriter&excludeFields=file%2Ctagline%2Csummary&includeLibraryPlaylists=1&includeStations=1' from the cache.
Mar 25, 2026 14:56:16.815 [281472827064544] DEBUG - [Req#73c] HubCache: Adding '1/movie.recentlyviewed.1/1/hubs/sections/1/enexternal-media,indirect-media/count=20&excludeElements=Actor%2CCollection%2CCountry%2CDirector%2CGenre%2CLabel%2CLocation%2CMood%2CPart%2CProducer%2CSimilar%2CPhoto%2CRole%2CVast%2CTopic%2CWriter&excludeFields=file%2Ctagline%2Csummary&includeLibraryPlaylists=1&includeStations=1' to the cache (1/movie.recentlyviewed.1/1/hubs/sections/1/enexternal-media,indirect-media/count=20&excludeElements=Actor%2CCollection%2CCountry%2CDirector%2CGenre%2CLabel%2CLocation%2CMood%2CPart%2CProducer%2CSimilar%2CPhoto%2CRole%2CVast%2CTopic%2CWriter&excludeFields=file%2Ctagline%2Csummary&includeLibraryPlaylists=1&includeStations=1).
Mar 25, 2026 14:56:16.818 [281472827064544] DEBUG - [Req#73c] HubCache: Computed '1/movie.recentlyviewed.1/1/hubs/sections/1/enexternal-media,indirect-media/count=20&excludeElements=Actor%2CCollection%2CCountry%2CDirector%2CGenre%2CLabel%2CLocation%2CMood%2CPart%2CProducer%2CSimilar%2CPhoto%2CRole%2CVast%2CTopic%2CWriter&excludeFields=file%2Ctagline%2Csummary&includeLibraryPlaylists=1&includeStations=1' in 2 ms.
Mar 25, 2026 14:56:16.820 [281472890089696] DEBUG - Completed: [192.168.97.1:63442] 200 GET /hubs/sections/1?count=20&includeLibraryPlaylists=1&includeStations=1&excludeElements=Actor%2CCollection%2CCountry%2CDirector%2CGenre%2CLabel%2CLocation%2CMood%2CPart%2CProducer%2CSimilar%2CPhoto%2CRole%2CVast%2CTopic%2CWriter&excludeFields=file%2Ctagline%2Csummary (4 live) #73c TLS GZIP 26ms 1454 bytes (pipelined: 2)
Mar 25, 2026 14:56:16.912 [281472812298464] DEBUG - Request: [192.168.97.1:63442 (Subnet)] GET /photo/:/transcode?width=360&height=360&minSize=1&url=%2Flibrary%2Fmetadata%2F33%2Fthumb%2F1774443370&format=jpeg (4 live) #74b TLS GZIP Signed-in Token (oscar.p46)
Mar 25, 2026 14:56:16.913 [281472812298464] DEBUG - [Req#74b/PhotoTranscoder] Request for url [/library/metadata/33/thumb/1774443370] (is local: 1 upscaled: 0)
Mar 25, 2026 14:56:16.914 [281472812298464] DEBUG - Content-Length of /config/Library/Application Support/Plex Media Server/Cache/PhotoTranscoder/96/9626090d6523d6ffc09396e6f71d49d6a6917cc9.jpeg is 48667 (of total: 48667).
Mar 25, 2026 14:56:16.917 [281472890089696] DEBUG - Completed: [192.168.97.1:63442] 200 GET /photo/:/transcode?width=360&height=360&minSize=1&url=%2Flibrary%2Fmetadata%2F33%2Fthumb%2F1774443370&format=jpeg (4 live) #74b TLS GZIP 4ms 48667 bytes (pipelined: 3)
Mar 25, 2026 14:56:17.626 [281472827064544] DEBUG - Request: [192.168.97.1:63442 (Subnet)] GET /hubs/sections/1?count=20&includeLibraryPlaylists=1&includeStations=1&excludeElements=Actor%2CCollection%2CCountry%2CDirector%2CGenre%2CLabel%2CLocation%2CMood%2CPart%2CProducer%2CSimilar%2CPhoto%2CRole%2CVast%2CTopic%2CWriter&excludeFields=file%2Ctagline%2Csummary (4 live) #74c TLS GZIP Signed-in Token (oscar.p46)
Mar 25, 2026 14:56:17.627 [281472827064544] DEBUG - [Req#74c] HubCache: Retrieving '1/movie.inprogress.1/1/hubs/sections/1/enexternal-media,indirect-media/count=20&excludeElements=Actor%2CCollection%2CCountry%2CDirector%2CGenre%2CLabel%2CLocation%2CMood%2CPart%2CProducer%2CSimilar%2CPhoto%2CRole%2CVast%2CTopic%2CWriter&excludeFields=file%2Ctagline%2Csummary&includeLibraryPlaylists=1&includeStations=1' from the cache.
Mar 25, 2026 14:56:17.627 [281472827064544] DEBUG - [Req#74c] HubCache: Retrieving '1/movie.recentlyreleased.1/1/hubs/sections/1/enexternal-media,indirect-media/count=20&excludeElements=Actor%2CCollection%2CCountry%2CDirector%2CGenre%2CLabel%2CLocation%2CMood%2CPart%2CProducer%2CSimilar%2CPhoto%2CRole%2CVast%2CTopic%2CWriter&excludeFields=file%2Ctagline%2Csummary&includeLibraryPlaylists=1&includeStations=1' from the cache.
Mar 25, 2026 14:56:17.627 [281472827064544] DEBUG - [Req#74c] HubCache: Retrieving '1/movie.recentlyadded.1/1/hubs/sections/1/enexternal-media,indirect-media/count=20&excludeElements=Actor%2CCollection%2CCountry%2CDirector%2CGenre%2CLabel%2CLocation%2CMood%2CPart%2CProducer%2CSimilar%2CPhoto%2CRole%2CVast%2CTopic%2CWriter&excludeFields=file%2Ctagline%2Csummary&includeLibraryPlaylists=1&includeStations=1' from the cache.
Mar 25, 2026 14:56:17.627 [281472827064544] DEBUG - [Req#74c] HubCache: Retrieving '1/recent.library.playlists.1/1/hubs/sections/1/enexternal-media,indirect-media/count=20&excludeElements=Actor%2CCollection%2CCountry%2CDirector%2CGenre%2CLabel%2CLocation%2CMood%2CPart%2CProducer%2CSimilar%2CPhoto%2CRole%2CVast%2CTopic%2CWriter&excludeFields=file%2Ctagline%2Csummary&includeLibraryPlaylists=1&includeStations=1' from the cache.
Mar 25, 2026 14:56:17.628 [281472827064544] DEBUG - [Req#74c] HubCache: Retrieving '1/movie.genre.1/1/hubs/sections/1/enexternal-media,indirect-media/count=20&excludeElements=Actor%2CCollection%2CCountry%2CDirector%2CGenre%2CLabel%2CLocation%2CMood%2CPart%2CProducer%2CSimilar%2CPhoto%2CRole%2CVast%2CTopic%2CWriter&excludeFields=file%2Ctagline%2Csummary&includeLibraryPlaylists=1&includeStations=1' from the cache.
Mar 25, 2026 14:56:17.628 [281472827064544] DEBUG - [Req#74c] HubCache: Retrieving '1/movie.by.actor.or.director.1/1/hubs/sections/1/enexternal-media,indirect-media/count=20&excludeElements=Actor%2CCollection%2CCountry%2CDirector%2CGenre%2CLabel%2CLocation%2CMood%2CPart%2CProducer%2CSimilar%2CPhoto%2CRole%2CVast%2CTopic%2CWriter&excludeFields=file%2Ctagline%2Csummary&includeLibraryPlaylists=1&includeStations=1' from the cache.
Mar 25, 2026 14:56:17.628 [281472827064544] DEBUG - [Req#74c] HubCache: Retrieving '1/movie.topunwatched.1/1/hubs/sections/1/enexternal-media,indirect-media/count=20&excludeElements=Actor%2CCollection%2CCountry%2CDirector%2CGenre%2CLabel%2CLocation%2CMood%2CPart%2CProducer%2CSimilar%2CPhoto%2CRole%2CVast%2CTopic%2CWriter&excludeFields=file%2Ctagline%2Csummary&includeLibraryPlaylists=1&includeStations=1' from the cache.
Mar 25, 2026 14:56:17.628 [281472827064544] DEBUG - [Req#74c] HubCache: Retrieving '1/movie.curated.1/1/hubs/sections/1/enexternal-media,indirect-media/count=20&excludeElements=Actor%2CCollection%2CCountry%2CDirector%2CGenre%2CLabel%2CLocation%2CMood%2CPart%2CProducer%2CSimilar%2CPhoto%2CRole%2CVast%2CTopic%2CWriter&excludeFields=file%2Ctagline%2Csummary&includeLibraryPlaylists=1&includeStations=1' from the cache.
Mar 25, 2026 14:56:17.628 [281472827064544] DEBUG - [Req#74c] HubCache: Retrieving '1/movie.recentlyviewed.1/1/hubs/sections/1/enexternal-media,indirect-media/count=20&excludeElements=Actor%2CCollection%2CCountry%2CDirector%2CGenre%2CLabel%2CLocation%2CMood%2CPart%2CProducer%2CSimilar%2CPhoto%2CRole%2CVast%2CTopic%2CWriter&excludeFields=file%2Ctagline%2Csummary&includeLibraryPlaylists=1&includeStations=1' from the cache.
Mar 25, 2026 14:56:17.629 [281472890089696] DEBUG - Completed: [192.168.97.1:63442] 200 GET /hubs/sections/1?count=20&includeLibraryPlaylists=1&includeStations=1&excludeElements=Actor%2CCollection%2CCountry%2CDirector%2CGenre%2CLabel%2CLocation%2CMood%2CPart%2CProducer%2CSimilar%2CPhoto%2CRole%2CVast%2CTopic%2CWriter&excludeFields=file%2Ctagline%2Csummary (4 live) #74c TLS GZIP 3ms 1454 bytes (pipelined: 4)
Mar 25, 2026 14:56:24.066 [281472827064544] DEBUG - Request: [192.168.97.1:63442 (Subnet)] GET /library/search?query=Hamnet&searchTypes=availabilityPlatforms%2Ccategories%2Clivetv%2Cmovies%2CotherVideos%2Cpeople%2Ctvod%2Ctv&limit=100 (4 live) #74d TLS GZIP Signed-in Token (oscar.p46)
Mar 25, 2026 14:56:24.111 [281472890089696] DEBUG - Completed: [192.168.97.1:63442] 200 GET /library/search?query=Hamnet&searchTypes=availabilityPlatforms%2Ccategories%2Clivetv%2Cmovies%2CotherVideos%2Cpeople%2Ctvod%2Ctv&limit=100 (4 live) #74d TLS GZIP 45ms 395 bytes (pipelined: 5)
Mar 25, 2026 14:57:47.342 [281472748441824] DEBUG - [ViewStateSync] Starting
Mar 25, 2026 14:57:47.345 [281472748441824] DEBUG - [ViewStateSync] Got token for user 1 (oscar.p46)
Mar 25, 2026 14:57:47.346 [281472748441824] DEBUG - [ViewStateSync/HCl#53] HTTP requesting GET https://plex.tv/api/v2/server/users/738467780/view_state_sync
Mar 25, 2026 14:57:47.883 [281472837611744] DEBUG - [HttpClient/HCl#53] HTTP/1.1 (0.5s) 200 response from GET https://plex.tv/api/v2/server/users/738467780/view_state_sync
Mar 25, 2026 14:57:47.884 [281472835502304] DEBUG - [ViewStateSync] Starting for user 1
Mar 25, 2026 14:57:47.884 [281472835502304] DEBUG - [ViewStateSync] Sending state
Mar 25, 2026 14:57:47.886 [281472835502304] DEBUG - [ViewStateSync] Sending state
Mar 25, 2026 14:57:47.886 [281472835502304] DEBUG - [ViewStateSync] All state sent
Mar 25, 2026 14:57:47.887 [281472835502304] DEBUG - [ViewStateSync] Getting state
Mar 25, 2026 14:57:47.887 [281472835502304] DEBUG - [ViewStateSync/HCl#54] HTTP requesting GET https://scrobbles.plex.tv/state/738467780?count=100
Mar 25, 2026 14:57:47.988 [281472837611744] DEBUG - [HttpClient/HCl#54] HTTP/2.0 (0.1s) 200 response from GET https://scrobbles.plex.tv/state/738467780?count=100
Mar 25, 2026 14:57:47.989 [281472835502304] DEBUG - [ViewStateSync] Reading 0 states
Mar 25, 2026 14:57:47.989 [281472835502304] DEBUG - [ViewStateSync] Done getting states
Mar 25, 2026 14:57:47.989 [281472835502304] DEBUG - [ViewStateSync] Finished
Mar 25, 2026 15:00:02.609 [281472777449696] DEBUG - Statistics: Flushing 3 expired bandwidth entries, 1 expired media entries.
Mar 25, 2026 15:19:32.092 [281472754770144] DEBUG - PublicAddressManager: Obtaining public address and mapping port.
Mar 25, 2026 15:19:32.093 [281472754770144] DEBUG - NAT: UPnP, attempting port mapping.
Mar 25, 2026 15:19:32.095 [281472748441824] DEBUG - PublicAddressManager: Obtaining public IP.
Mar 25, 2026 15:19:32.096 [281472748441824] DEBUG - [HCl#55] HTTP requesting GET https://v4.plex.tv/pms/:/ip
Mar 25, 2026 15:19:32.609 [281472837611744] DEBUG - [HttpClient/HCl#55] HTTP/1.1 (0.5s) 200 response from GET https://v4.plex.tv/pms/:/ip
Mar 25, 2026 15:19:32.611 [281472748441824] DEBUG - PublicAddressManager: Got public IP from v4.plex.tv: 79.117.226.16
Mar 25, 2026 15:19:44.115 [281472754770144] DEBUG - NAT: UPnP, didn't find usable IGD.
Mar 25, 2026 15:19:44.115 [281472754770144] DEBUG - NAT: PMP, attempting mapping.
Mar 25, 2026 15:19:44.376 [281472754770144] WARN - NAT: PMP, got an error: Not Supported by gateway.
Mar 25, 2026 15:19:44.376 [281472754770144] DEBUG - NAT: UPnP, attempting port mapping.
Mar 25, 2026 15:19:44.658 [281472748441824] DEBUG - NAT: UPnP, getPublicIP didn't find usable IGD.
Mar 25, 2026 15:19:44.914 [281472748441824] WARN - NAT: PMP, got an error: Not Supported by gateway.
Mar 25, 2026 15:19:44.915 [281472748441824] DEBUG - MyPlex: sendMapping resetting state - previous mapping state: 'Mapped - Publishing'.
Mar 25, 2026 15:19:44.915 [281472748441824] DEBUG - MyPlex: mapping state set to 'Unknown'.
Mar 25, 2026 15:19:44.922 [281472748441824] DEBUG - MyPlex: Sending Server Info to myPlex (user=oscar.pelagio@icloud.com, ip=79.117.226.16, port=0)
Mar 25, 2026 15:19:44.922 [281472748441824] DEBUG - [HCl#56] HTTP requesting POST https://plex.tv/servers.xml?auth_token=xxxxxxxxxxxxxxxxxxxx
Mar 25, 2026 15:19:45.358 [281472837611744] DEBUG - [HttpClient/HCl#56] HTTP/1.1 (0.4s) 422 response from POST https://plex.tv/servers.xml?auth_token=xxxxxxxxxxxxxxxxxxxx
Mar 25, 2026 15:19:45.359 [281472748441824] DEBUG - MyPlex: Published Mapping State response was 422
Mar 25, 2026 15:19:45.359 [281472748441824] DEBUG - MyPlex: Got response for e54df6383d25ebd337b0eedd659aa30a8163aa07 ~ registered :0
Mar 25, 2026 15:19:45.359 [281472748441824] DEBUG - MyPlex: updating mapped state - current state: 'Mapped - Publishing'
Mar 25, 2026 15:19:45.359 [281472748441824] DEBUG - MyPlex: mapping state set to 'Mapped - Publishing'.
Mar 25, 2026 15:19:45.359 [281472748441824] DEBUG - MyPlex: async reachability check - current mapped state: 'Mapped - Publishing'.
Mar 25, 2026 15:19:45.359 [281472748441824] DEBUG - MyPlex: Requesting reachability check.
Mar 25, 2026 15:19:45.359 [281472748441824] DEBUG - [HCl#57] HTTP requesting PUT https://plex.tv/api/servers/e54df6383d25ebd337b0eedd659aa30a8163aa07/connectivity?X-Plex-Token=xxxxxxxxxxxxxxxxxxxx&asyncIdentifier=6fd613bf-6780-4a96-b447-feab72db58e7
Mar 25, 2026 15:19:45.497 [281472837611744] DEBUG - [HttpClient/HCl#57] HTTP/1.1 (0.1s) 200 response from PUT https://plex.tv/api/servers/e54df6383d25ebd337b0eedd659aa30a8163aa07/connectivity?X-Plex-Token=xxxxxxxxxxxxxxxxxxxx&asyncIdentifier=6fd613bf-6780-4a96-b447-feab72db58e7 (reused)
Mar 25, 2026 15:19:45.498 [281472748441824] DEBUG - MyPlex: Last published value didn't change, we're done.
Mar 25, 2026 15:19:45.597 [281472890089696] DEBUG - [EventSourceClient/pubsub/172.104.133.220:443] EventSource: Got event [data] '<Message address="" port="0" asyncIdentifier="6fd613bf-6780-4a96-b447-feab72db58e7" connectivity="0" command="notifyConnectivity"/>'
Mar 25, 2026 15:19:45.597 [281472890089696] DEBUG - [EventSourceClient/pubsub/172.104.133.220:443] PubSub: Got notified of reachability for async identifier 6fd613bf-6780-4a96-b447-feab72db58e7: 0 for :0 (responded in 100 ms)
Mar 25, 2026 15:19:45.598 [281472890089696] DEBUG - [EventSourceClient/pubsub/172.104.133.220:443] MyPlex: reachability check - current mapping state: 'Mapped - Publishing'.
Mar 25, 2026 15:19:45.598 [281472890089696] DEBUG - [EventSourceClient/pubsub/172.104.133.220:443] MyPlex: mapping state set to 'Mapped - Not Published (Not Reachable)'.
Mar 25, 2026 15:19:45.604 [281472827064544] DEBUG - Request: [192.168.97.1:46956 (Subnet)] GET /myplex/account (4 live) #737 GZIP Signed-in Token (oscar.p46)
Mar 25, 2026 15:19:45.612 [281472887980256] DEBUG - Completed: [192.168.97.1:46956] 200 GET /myplex/account (4 live) #737 GZIP 8ms 3365 bytes (pipelined: 1)
Mar 25, 2026 15:19:56.417 [281472754770144] DEBUG - NAT: UPnP, didn't find usable IGD.
Mar 25, 2026 15:19:56.417 [281472754770144] DEBUG - PublicAddressManager: Mapping failed.
Mar 25, 2026 15:19:56.420 [281472754770144] DEBUG - MyPlex: mapping state set to 'Mapped - Not Published'.
Mar 25, 2026 15:19:56.420 [281472754770144] DEBUG - MyPlex: sendMapping resetting state - previous mapping state: 'Mapped - Not Published'.
Mar 25, 2026 15:19:56.420 [281472754770144] DEBUG - MyPlex: mapping state set to 'Unknown'.
Mar 25, 2026 15:19:56.422 [281472754770144] DEBUG - MyPlex: Sending Server Info to myPlex (user=oscar.pelagio@icloud.com, ip=79.117.226.16, port=0)
Mar 25, 2026 15:19:56.422 [281472754770144] DEBUG - [HCl#58] HTTP requesting POST https://plex.tv/servers.xml?auth_token=xxxxxxxxxxxxxxxxxxxx
Mar 25, 2026 15:19:56.865 [281472837611744] DEBUG - [HttpClient/HCl#58] HTTP/1.1 (0.4s) 422 response from POST https://plex.tv/servers.xml?auth_token=xxxxxxxxxxxxxxxxxxxx
Mar 25, 2026 15:19:56.866 [281472754770144] DEBUG - MyPlex: Published Mapping State response was 422
Mar 25, 2026 15:19:56.866 [281472754770144] DEBUG - MyPlex: Got response for e54df6383d25ebd337b0eedd659aa30a8163aa07 ~ registered :0
Mar 25, 2026 15:19:56.866 [281472754770144] DEBUG - MyPlex: updating mapped state - current state: 'Mapped - Not Published'
Mar 25, 2026 15:19:56.866 [281472754770144] DEBUG - MyPlex: mapping state set to 'Mapped - Publishing'.
Mar 25, 2026 15:19:56.866 [281472754770144] DEBUG - MyPlex: async reachability check - current mapped state: 'Mapped - Publishing'.
Mar 25, 2026 15:19:56.866 [281472754770144] DEBUG - MyPlex: requesting connectivity refresh too soon after the last request, skipping.
Mar 25, 2026 15:19:56.869 [281472754770144] DEBUG - MyPlex: Last published value didn't change, we're done.
Mar 25, 2026 15:24:59.351 [281472748441824] DEBUG - [ViewStateSync] Starting
Mar 25, 2026 15:24:59.354 [281472748441824] DEBUG - [ViewStateSync] Fetching user tokens
Mar 25, 2026 15:24:59.356 [281472748441824] DEBUG - [ViewStateSync/HCl#59] HTTP requesting GET https://plex.tv/api/v2/server/users/services?auth_token=xxxxxxxxxxxxxxxxxxxx
Mar 25, 2026 15:24:59.855 [281472837611744] DEBUG - [HttpClient/HCl#59] HTTP/1.1 (0.5s) 200 response from GET https://plex.tv/api/v2/server/users/services?auth_token=xxxxxxxxxxxxxxxxxxxx
Mar 25, 2026 15:24:59.865 [281472835502304] DEBUG - [ViewStateSync] Got token for user 1 (oscar.p46)
Mar 25, 2026 15:24:59.865 [281472835502304] DEBUG - [ViewStateSync/HCl#5a] HTTP requesting GET https://plex.tv/api/v2/server/users/738467780/view_state_sync
Mar 25, 2026 15:24:59.987 [281472837611744] DEBUG - [HttpClient/HCl#5a] HTTP/1.1 (0.1s) 200 response from GET https://plex.tv/api/v2/server/users/738467780/view_state_sync (reused)
Mar 25, 2026 15:24:59.988 [281472835502304] DEBUG - [ViewStateSync] Starting for user 1
Mar 25, 2026 15:24:59.988 [281472835502304] DEBUG - [ViewStateSync] Sending state
Mar 25, 2026 15:24:59.989 [281472835502304] DEBUG - [ViewStateSync] All state sent
Mar 25, 2026 15:24:59.990 [281472835502304] DEBUG - [ViewStateSync] Getting state
Mar 25, 2026 15:24:59.991 [281472835502304] DEBUG - [ViewStateSync/HCl#5b] HTTP requesting GET https://scrobbles.plex.tv/state/738467780?count=100
Mar 25, 2026 15:25:00.113 [281472837611744] DEBUG - [HttpClient/HCl#5b] HTTP/2.0 (0.1s) 200 response from GET https://scrobbles.plex.tv/state/738467780?count=100
Mar 25, 2026 15:25:00.113 [281472835502304] DEBUG - [ViewStateSync] Reading 0 states
Mar 25, 2026 15:25:00.113 [281472835502304] DEBUG - [ViewStateSync] Done getting states
Mar 25, 2026 15:25:00.114 [281472835502304] DEBUG - [ViewStateSync] Finished
Mar 25, 2026 15:59:08.373 [281472812298464] DEBUG - [ViewStateSync] Starting
Mar 25, 2026 15:59:08.395 [281472812298464] DEBUG - [ViewStateSync] Got token for user 1 (oscar.p46)
Mar 25, 2026 15:59:08.398 [281472812298464] DEBUG - [ViewStateSync/HCl#5c] HTTP requesting GET https://plex.tv/api/v2/server/users/738467780/view_state_sync
Mar 25, 2026 15:59:08.959 [281472837611744] DEBUG - [HttpClient/HCl#5c] HTTP/1.1 (0.6s) 200 response from GET https://plex.tv/api/v2/server/users/738467780/view_state_sync
Mar 25, 2026 15:59:08.960 [281472810189024] DEBUG - [ViewStateSync] Starting for user 1
Mar 25, 2026 15:59:08.960 [281472810189024] DEBUG - [ViewStateSync] Sending state
Mar 25, 2026 15:59:08.962 [281472810189024] DEBUG - [ViewStateSync] All state sent
Mar 25, 2026 15:59:08.963 [281472810189024] DEBUG - [ViewStateSync] Getting state
Mar 25, 2026 15:59:08.964 [281472810189024] DEBUG - [ViewStateSync/HCl#5d] HTTP requesting GET https://scrobbles.plex.tv/state/738467780?count=100
Mar 25, 2026 15:59:09.169 [281472837611744] DEBUG - [HttpClient/HCl#5d] HTTP/2.0 (0.2s) 200 response from GET https://scrobbles.plex.tv/state/738467780?count=100
Mar 25, 2026 15:59:09.169 [281472810189024] DEBUG - [ViewStateSync] Reading 0 states
Mar 25, 2026 15:59:09.169 [281472810189024] DEBUG - [ViewStateSync] Done getting states
Mar 25, 2026 15:59:09.170 [281472810189024] DEBUG - [ViewStateSync] Finished
Mar 25, 2026 16:00:03.681 [281472812298464] DEBUG - Statistics: Flushing 2 expired bandwidth entries, 0 expired media entries.
Mar 25, 2026 16:19:32.252 [281472835502304] DEBUG - PublicAddressManager: Obtaining public address and mapping port.
Mar 25, 2026 16:19:32.255 [281472835502304] DEBUG - NAT: UPnP, attempting port mapping.
Mar 25, 2026 16:19:32.256 [281472824955104] DEBUG - PublicAddressManager: Obtaining public IP.
Mar 25, 2026 16:19:32.258 [281472824955104] DEBUG - [HCl#5e] HTTP requesting GET https://v4.plex.tv/pms/:/ip
Mar 25, 2026 16:19:32.778 [281472837611744] DEBUG - [HttpClient/HCl#5e] HTTP/1.1 (0.5s) 200 response from GET https://v4.plex.tv/pms/:/ip
Mar 25, 2026 16:19:32.780 [281472824955104] DEBUG - PublicAddressManager: Got public IP from v4.plex.tv: 79.117.226.16
Mar 25, 2026 16:19:44.285 [281472835502304] DEBUG - NAT: UPnP, didn't find usable IGD.
Mar 25, 2026 16:19:44.285 [281472835502304] DEBUG - NAT: PMP, attempting mapping.
Mar 25, 2026 16:19:44.543 [281472835502304] WARN - NAT: PMP, got an error: Not Supported by gateway.
Mar 25, 2026 16:19:44.543 [281472835502304] DEBUG - NAT: UPnP, attempting port mapping.
Mar 25, 2026 16:19:44.806 [281472824955104] DEBUG - NAT: UPnP, getPublicIP didn't find usable IGD.
Mar 25, 2026 16:19:45.062 [281472824955104] WARN - NAT: PMP, got an error: Not Supported by gateway.
Mar 25, 2026 16:19:45.063 [281472824955104] DEBUG - MyPlex: sendMapping resetting state - previous mapping state: 'Mapped - Publishing'.
Mar 25, 2026 16:19:45.063 [281472824955104] DEBUG - MyPlex: mapping state set to 'Unknown'.
Mar 25, 2026 16:19:45.071 [281472824955104] DEBUG - MyPlex: Sending Server Info to myPlex (user=oscar.pelagio@icloud.com, ip=79.117.226.16, port=0)
Mar 25, 2026 16:19:45.072 [281472824955104] DEBUG - [HCl#5f] HTTP requesting POST https://plex.tv/servers.xml?auth_token=xxxxxxxxxxxxxxxxxxxx
Mar 25, 2026 16:19:45.519 [281472837611744] DEBUG - [HttpClient/HCl#5f] HTTP/1.1 (0.4s) 422 response from POST https://plex.tv/servers.xml?auth_token=xxxxxxxxxxxxxxxxxxxx
Mar 25, 2026 16:19:45.519 [281472824955104] DEBUG - MyPlex: Published Mapping State response was 422
Mar 25, 2026 16:19:45.519 [281472824955104] DEBUG - MyPlex: Got response for e54df6383d25ebd337b0eedd659aa30a8163aa07 ~ registered :0
Mar 25, 2026 16:19:45.519 [281472824955104] DEBUG - MyPlex: updating mapped state - current state: 'Mapped - Publishing'
Mar 25, 2026 16:19:45.519 [281472824955104] DEBUG - MyPlex: mapping state set to 'Mapped - Publishing'.
Mar 25, 2026 16:19:45.519 [281472824955104] DEBUG - MyPlex: async reachability check - current mapped state: 'Mapped - Publishing'.
Mar 25, 2026 16:19:45.519 [281472824955104] DEBUG - MyPlex: Requesting reachability check.
Mar 25, 2026 16:19:45.520 [281472824955104] DEBUG - [HCl#60] HTTP requesting PUT https://plex.tv/api/servers/e54df6383d25ebd337b0eedd659aa30a8163aa07/connectivity?X-Plex-Token=xxxxxxxxxxxxxxxxxxxx&asyncIdentifier=5b5289cf-244f-4b9c-b03c-af23ded2724c
Mar 25, 2026 16:19:45.655 [281472837611744] DEBUG - [HttpClient/HCl#60] HTTP/1.1 (0.1s) 200 response from PUT https://plex.tv/api/servers/e54df6383d25ebd337b0eedd659aa30a8163aa07/connectivity?X-Plex-Token=xxxxxxxxxxxxxxxxxxxx&asyncIdentifier=5b5289cf-244f-4b9c-b03c-af23ded2724c (reused)
Mar 25, 2026 16:19:45.657 [281472824955104] DEBUG - MyPlex: Last published value didn't change, we're done.
Mar 25, 2026 16:19:45.757 [281472887980256] DEBUG - [EventSourceClient/pubsub/172.104.133.220:443] EventSource: Got event [data] '<Message address="" port="0" asyncIdentifier="5b5289cf-244f-4b9c-b03c-af23ded2724c" connectivity="0" command="notifyConnectivity"/>'
Mar 25, 2026 16:19:45.758 [281472887980256] DEBUG - [EventSourceClient/pubsub/172.104.133.220:443] PubSub: Got notified of reachability for async identifier 5b5289cf-244f-4b9c-b03c-af23ded2724c: 0 for :0 (responded in 102 ms)
Mar 25, 2026 16:19:45.760 [281472887980256] DEBUG - [EventSourceClient/pubsub/172.104.133.220:443] MyPlex: reachability check - current mapping state: 'Mapped - Publishing'.
Mar 25, 2026 16:19:45.760 [281472887980256] DEBUG - [EventSourceClient/pubsub/172.104.133.220:443] MyPlex: mapping state set to 'Mapped - Not Published (Not Reachable)'.
Mar 25, 2026 16:19:45.766 [281472827064544] DEBUG - Request: [192.168.97.1:40165 (Subnet)] GET /myplex/account (4 live) #760 GZIP Signed-in Token (oscar.p46)
Mar 25, 2026 16:19:45.777 [281472890089696] DEBUG - Completed: [192.168.97.1:40165] 200 GET /myplex/account (4 live) #760 GZIP 10ms 3365 bytes (pipelined: 1)
Mar 25, 2026 16:19:56.584 [281472835502304] DEBUG - NAT: UPnP, didn't find usable IGD.
Mar 25, 2026 16:19:56.584 [281472835502304] DEBUG - PublicAddressManager: Mapping failed.
Mar 25, 2026 16:19:56.590 [281472835502304] DEBUG - MyPlex: mapping state set to 'Mapped - Not Published'.
Mar 25, 2026 16:19:56.590 [281472835502304] DEBUG - MyPlex: sendMapping resetting state - previous mapping state: 'Mapped - Not Published'.
Mar 25, 2026 16:19:56.590 [281472835502304] DEBUG - MyPlex: mapping state set to 'Unknown'.
Mar 25, 2026 16:19:56.593 [281472835502304] DEBUG - MyPlex: Sending Server Info to myPlex (user=oscar.pelagio@icloud.com, ip=79.117.226.16, port=0)
Mar 25, 2026 16:19:56.593 [281472835502304] DEBUG - [HCl#61] HTTP requesting POST https://plex.tv/servers.xml?auth_token=xxxxxxxxxxxxxxxxxxxx
Mar 25, 2026 16:19:56.949 [281472837611744] DEBUG - [HttpClient/HCl#61] HTTP/1.1 (0.4s) 422 response from POST https://plex.tv/servers.xml?auth_token=xxxxxxxxxxxxxxxxxxxx
Mar 25, 2026 16:19:56.949 [281472835502304] DEBUG - MyPlex: Published Mapping State response was 422
Mar 25, 2026 16:19:56.949 [281472835502304] DEBUG - MyPlex: Got response for e54df6383d25ebd337b0eedd659aa30a8163aa07 ~ registered :0
Mar 25, 2026 16:19:56.949 [281472835502304] DEBUG - MyPlex: updating mapped state - current state: 'Mapped - Not Published'
Mar 25, 2026 16:19:56.949 [281472835502304] DEBUG - MyPlex: mapping state set to 'Mapped - Publishing'.
Mar 25, 2026 16:19:56.949 [281472835502304] DEBUG - MyPlex: async reachability check - current mapped state: 'Mapped - Publishing'.
Mar 25, 2026 16:19:56.949 [281472835502304] DEBUG - MyPlex: requesting connectivity refresh too soon after the last request, skipping.
Mar 25, 2026 16:19:56.953 [281472835502304] DEBUG - MyPlex: Last published value didn't change, we're done.
Mar 25, 2026 16:32:15.375 [281472810189024] DEBUG - [ViewStateSync] Starting
Mar 25, 2026 16:32:15.378 [281472810189024] DEBUG - [ViewStateSync] Fetching user tokens
Mar 25, 2026 16:32:15.380 [281472810189024] DEBUG - [ViewStateSync/HCl#62] HTTP requesting GET https://plex.tv/api/v2/server/users/services?auth_token=xxxxxxxxxxxxxxxxxxxx
Mar 25, 2026 16:32:16.384 [281472837611744] DEBUG - [HttpClient/HCl#62] HTTP/1.1 (1.0s) 200 response from GET https://plex.tv/api/v2/server/users/services?auth_token=xxxxxxxxxxxxxxxxxxxx
Mar 25, 2026 16:32:16.393 [281472805970144] DEBUG - [ViewStateSync] Got token for user 1 (oscar.p46)
Mar 25, 2026 16:32:16.394 [281472805970144] DEBUG - [ViewStateSync/HCl#63] HTTP requesting GET https://plex.tv/api/v2/server/users/738467780/view_state_sync
Mar 25, 2026 16:32:17.068 [281472837611744] DEBUG - [HttpClient/HCl#63] HTTP/1.1 (0.7s) 200 response from GET https://plex.tv/api/v2/server/users/738467780/view_state_sync (reused)
Mar 25, 2026 16:32:17.069 [281472805970144] DEBUG - [ViewStateSync] Starting for user 1
Mar 25, 2026 16:32:17.069 [281472805970144] DEBUG - [ViewStateSync] Sending state
Mar 25, 2026 16:32:17.071 [281472805970144] DEBUG - [ViewStateSync] All state sent
Mar 25, 2026 16:32:17.072 [281472805970144] DEBUG - [ViewStateSync] Getting state
Mar 25, 2026 16:32:17.072 [281472805970144] DEBUG - [ViewStateSync/HCl#64] HTTP requesting GET https://scrobbles.plex.tv/state/738467780?count=100
Mar 25, 2026 16:32:17.187 [281472837611744] DEBUG - [HttpClient/HCl#64] HTTP/2.0 (0.1s) 200 response from GET https://scrobbles.plex.tv/state/738467780?count=100
Mar 25, 2026 16:32:17.187 [281472805970144] DEBUG - [ViewStateSync] Reading 0 states
Mar 25, 2026 16:32:17.187 [281472805970144] DEBUG - [ViewStateSync] Done getting states
Mar 25, 2026 16:32:17.188 [281472805970144] DEBUG - [ViewStateSync] Finished
Mar 25, 2026 17:00:04.810 [281472810189024] DEBUG - Statistics: Flushing 2 expired bandwidth entries, 0 expired media entries.
Mar 25, 2026 17:01:45.381 [281472812298464] DEBUG - [ViewStateSync] Starting
Mar 25, 2026 17:01:45.386 [281472812298464] DEBUG - [ViewStateSync] Got token for user 1 (oscar.p46)
Mar 25, 2026 17:01:45.388 [281472812298464] DEBUG - [ViewStateSync/HCl#65] HTTP requesting GET https://plex.tv/api/v2/server/users/738467780/view_state_sync
Mar 25, 2026 17:01:45.911 [281472837611744] DEBUG - [HttpClient/HCl#65] HTTP/1.1 (0.5s) 200 response from GET https://plex.tv/api/v2/server/users/738467780/view_state_sync
Mar 25, 2026 17:01:45.912 [281472810189024] DEBUG - [ViewStateSync] Starting for user 1
Mar 25, 2026 17:01:45.912 [281472810189024] DEBUG - [ViewStateSync] Sending state
Mar 25, 2026 17:01:45.913 [281472810189024] DEBUG - [ViewStateSync] All state sent
Mar 25, 2026 17:01:45.914 [281472810189024] DEBUG - [ViewStateSync] Getting state
Mar 25, 2026 17:01:45.914 [281472810189024] DEBUG - [ViewStateSync/HCl#66] HTTP requesting GET https://scrobbles.plex.tv/state/738467780?count=100
Mar 25, 2026 17:01:46.023 [281472837611744] DEBUG - [HttpClient/HCl#66] HTTP/2.0 (0.1s) 200 response from GET https://scrobbles.plex.tv/state/738467780?count=100
Mar 25, 2026 17:01:46.023 [281472810189024] DEBUG - [ViewStateSync] Reading 0 states
Mar 25, 2026 17:01:46.023 [281472810189024] DEBUG - [ViewStateSync] Done getting states
Mar 25, 2026 17:01:46.023 [281472810189024] DEBUG - [ViewStateSync] Finished
Mar 25, 2026 17:13:16.377 [281472890089696] DEBUG - [EventSourceClient/pubsub/172.104.133.220:443] EventSource: Got event [data] '<Message host="139.162.158.15" port="443" command="startRelay"/>'
Mar 25, 2026 17:13:16.381 [281472890089696] DEBUG - [EventSourceClient/pubsub/172.104.133.220:443] Relay: reused an existing key for https://downloads.plex.tv/relay/relay_v1.pub
Mar 25, 2026 17:13:16.384 [281472890089696] DEBUG - [EventSourceClient/pubsub/172.104.133.220:443] Relay: starting relay.
Mar 25, 2026 17:13:16.384 [281472890089696] DEBUG - [EventSourceClient/pubsub/172.104.133.220:443/JobRunner] Job running: PLEXTOKEN=xxxxxxxxxxxxxxxxxxxx "/usr/lib/plexmediaserver/Plex Relay" -p 443 -N -R 0:127.0.0.1:32401 -o StrictHostKeyChecking=yes -o "UserKnownHostsFile=/config/Library/Application Support/Plex Media Server/Cache/relayHostKey.txt" -o LogLevel=VERBOSE -o PreferredAuthentications=password -o PubkeyAuthentication=no -l oscar.p46 -F /dev/null 139.162.158.15
Mar 25, 2026 17:13:16.387 [281472890089696] DEBUG - [EventSourceClient/pubsub/172.104.133.220:443/JobRunner] Jobs: Starting child process with pid 573
Mar 25, 2026 17:13:17.019 [281472827064544] DEBUG - [Req#787] [PlexRelay] Authenticated to 139.162.158.15 ([139.162.158.15]:443).
Mar 25, 2026 17:13:17.424 [281472827064544] INFO - [Req#7a0] [PlexRelay] Allocated port 1789 for remote forward to 127.0.0.1:32401
Mar 25, 2026 17:13:17.662 [281472827064544] DEBUG - Request: [127.0.0.1:43736 (WAN)] GET /media/providers (4 live) #5e TLS GZIP Signed-in Token (oscar.p46)
Mar 25, 2026 17:13:17.694 [281472887980256] DEBUG - Completed: [127.0.0.1:43736] 200 GET /media/providers (4 live) #5e TLS GZIP 32ms 4551 bytes (pipelined: 1)
Mar 25, 2026 17:13:17.923 [281472827064544] DEBUG - Request: [127.0.0.1:43736 (WAN)] GET /media/providers (4 live) #7a8 TLS GZIP Signed-in Token (oscar.p46)
Mar 25, 2026 17:13:17.927 [281472890089696] DEBUG - Completed: [127.0.0.1:43736] 200 GET /media/providers (4 live) #7a8 TLS GZIP 3ms 4551 bytes (pipelined: 2)
Mar 25, 2026 17:13:22.824 [281472827064544] DEBUG - Request: [127.0.0.1:56914 (WAN)] GET /media/providers (4 live) #7a6 TLS GZIP Signed-in Token (oscar.p46)
Mar 25, 2026 17:13:22.828 [281472887980256] DEBUG - Completed: [127.0.0.1:56914] 200 GET /media/providers (4 live) #7a6 TLS GZIP 4ms 4572 bytes (pipelined: 1)
Mar 25, 2026 17:16:12.264 [281472890089696] DEBUG - CERT: incomplete TLS handshake from 127.0.0.1:39556: stream truncated
Mar 25, 2026 17:19:32.357 [281472824955104] DEBUG - PublicAddressManager: Obtaining public address and mapping port.
Mar 25, 2026 17:19:32.358 [281472824955104] DEBUG - PublicAddressManager: Obtaining public IP.
Mar 25, 2026 17:19:32.358 [281472812298464] DEBUG - NAT: UPnP, attempting port mapping.
Mar 25, 2026 17:19:32.360 [281472824955104] DEBUG - [HCl#67] HTTP requesting GET https://v4.plex.tv/pms/:/ip
Mar 25, 2026 17:19:32.823 [281472837611744] DEBUG - [HttpClient/HCl#67] HTTP/1.1 (0.5s) 200 response from GET https://v4.plex.tv/pms/:/ip
Mar 25, 2026 17:19:32.825 [281472824955104] DEBUG - PublicAddressManager: Got public IP from v4.plex.tv: 79.117.226.16
Mar 25, 2026 17:19:44.383 [281472812298464] DEBUG - NAT: UPnP, didn't find usable IGD.
Mar 25, 2026 17:19:44.383 [281472812298464] DEBUG - NAT: PMP, attempting mapping.
Mar 25, 2026 17:19:44.644 [281472812298464] WARN - NAT: PMP, got an error: Not Supported by gateway.
Mar 25, 2026 17:19:44.644 [281472812298464] DEBUG - NAT: UPnP, attempting port mapping.
Mar 25, 2026 17:19:44.848 [281472824955104] DEBUG - NAT: UPnP, getPublicIP didn't find usable IGD.
Mar 25, 2026 17:19:45.109 [281472824955104] WARN - NAT: PMP, got an error: Not Supported by gateway.
Mar 25, 2026 17:19:45.110 [281472824955104] DEBUG - MyPlex: sendMapping resetting state - previous mapping state: 'Mapped - Publishing'.
Mar 25, 2026 17:19:45.110 [281472824955104] DEBUG - MyPlex: mapping state set to 'Unknown'.
Mar 25, 2026 17:19:45.115 [281472824955104] DEBUG - MyPlex: Sending Server Info to myPlex (user=oscar.pelagio@icloud.com, ip=79.117.226.16, port=0)
Mar 25, 2026 17:19:45.116 [281472824955104] DEBUG - [HCl#68] HTTP requesting POST https://plex.tv/servers.xml?auth_token=xxxxxxxxxxxxxxxxxxxx
Mar 25, 2026 17:19:45.537 [281472837611744] DEBUG - [HttpClient/HCl#68] HTTP/1.1 (0.4s) 422 response from POST https://plex.tv/servers.xml?auth_token=xxxxxxxxxxxxxxxxxxxx
Mar 25, 2026 17:19:45.537 [281472824955104] DEBUG - MyPlex: Published Mapping State response was 422
Mar 25, 2026 17:19:45.537 [281472824955104] DEBUG - MyPlex: Got response for e54df6383d25ebd337b0eedd659aa30a8163aa07 ~ registered :0
Mar 25, 2026 17:19:45.537 [281472824955104] DEBUG - MyPlex: updating mapped state - current state: 'Mapped - Publishing'
Mar 25, 2026 17:19:45.537 [281472824955104] DEBUG - MyPlex: mapping state set to 'Mapped - Publishing'.
Mar 25, 2026 17:19:45.537 [281472824955104] DEBUG - MyPlex: async reachability check - current mapped state: 'Mapped - Publishing'.
Mar 25, 2026 17:19:45.537 [281472824955104] DEBUG - MyPlex: Requesting reachability check.
Mar 25, 2026 17:19:45.538 [281472824955104] DEBUG - [HCl#69] HTTP requesting PUT https://plex.tv/api/servers/e54df6383d25ebd337b0eedd659aa30a8163aa07/connectivity?X-Plex-Token=xxxxxxxxxxxxxxxxxxxx&asyncIdentifier=121de650-e962-49d6-8c0b-99f4cc4bd5f5
Mar 25, 2026 17:19:45.670 [281472837611744] DEBUG - [HttpClient/HCl#69] HTTP/1.1 (0.1s) 200 response from PUT https://plex.tv/api/servers/e54df6383d25ebd337b0eedd659aa30a8163aa07/connectivity?X-Plex-Token=xxxxxxxxxxxxxxxxxxxx&asyncIdentifier=121de650-e962-49d6-8c0b-99f4cc4bd5f5 (reused)
Mar 25, 2026 17:19:45.672 [281472824955104] DEBUG - MyPlex: Last published value didn't change, we're done.
Mar 25, 2026 17:19:45.774 [281472887980256] DEBUG - [EventSourceClient/pubsub/172.104.133.220:443] EventSource: Got event [data] '<Message address="" port="0" asyncIdentifier="121de650-e962-49d6-8c0b-99f4cc4bd5f5" connectivity="0" command="notifyConnectivity"/>'
Mar 25, 2026 17:19:45.775 [281472887980256] DEBUG - [EventSourceClient/pubsub/172.104.133.220:443] PubSub: Got notified of reachability for async identifier 121de650-e962-49d6-8c0b-99f4cc4bd5f5: 0 for :0 (responded in 104 ms)
Mar 25, 2026 17:19:45.775 [281472887980256] DEBUG - [EventSourceClient/pubsub/172.104.133.220:443] MyPlex: reachability check - current mapping state: 'Mapped - Publishing'.
Mar 25, 2026 17:19:45.775 [281472887980256] DEBUG - [EventSourceClient/pubsub/172.104.133.220:443] MyPlex: mapping state set to 'Mapped - Not Published (Not Reachable)'.
Mar 25, 2026 17:19:45.782 [281472827064544] DEBUG - Request: [192.168.97.1:28061 (Subnet)] GET /myplex/account (4 live) #7a3 GZIP Signed-in Token (oscar.p46)
Mar 25, 2026 17:19:45.790 [281472890089696] DEBUG - Completed: [192.168.97.1:28061] 200 GET /myplex/account (4 live) #7a3 GZIP 8ms 3365 bytes (pipelined: 1)
Mar 25, 2026 17:19:56.689 [281472812298464] DEBUG - NAT: UPnP, didn't find usable IGD.
Mar 25, 2026 17:19:56.689 [281472812298464] DEBUG - PublicAddressManager: Mapping failed.
Mar 25, 2026 17:19:56.695 [281472812298464] DEBUG - MyPlex: mapping state set to 'Mapped - Not Published'.
Mar 25, 2026 17:19:56.695 [281472812298464] DEBUG - MyPlex: sendMapping resetting state - previous mapping state: 'Mapped - Not Published'.
Mar 25, 2026 17:19:56.695 [281472812298464] DEBUG - MyPlex: mapping state set to 'Unknown'.
Mar 25, 2026 17:19:56.698 [281472812298464] DEBUG - MyPlex: Sending Server Info to myPlex (user=oscar.pelagio@icloud.com, ip=79.117.226.16, port=0)
Mar 25, 2026 17:19:56.699 [281472812298464] DEBUG - [HCl#6a] HTTP requesting POST https://plex.tv/servers.xml?auth_token=xxxxxxxxxxxxxxxxxxxx
Mar 25, 2026 17:19:57.095 [281472837611744] DEBUG - [HttpClient/HCl#6a] HTTP/1.1 (0.4s) 422 response from POST https://plex.tv/servers.xml?auth_token=xxxxxxxxxxxxxxxxxxxx
Mar 25, 2026 17:19:57.095 [281472812298464] DEBUG - MyPlex: Published Mapping State response was 422
Mar 25, 2026 17:19:57.095 [281472812298464] DEBUG - MyPlex: Got response for e54df6383d25ebd337b0eedd659aa30a8163aa07 ~ registered :0
Mar 25, 2026 17:19:57.095 [281472812298464] DEBUG - MyPlex: updating mapped state - current state: 'Mapped - Not Published'
Mar 25, 2026 17:19:57.095 [281472812298464] DEBUG - MyPlex: mapping state set to 'Mapped - Publishing'.
Mar 25, 2026 17:19:57.095 [281472812298464] DEBUG - MyPlex: async reachability check - current mapped state: 'Mapped - Publishing'.
Mar 25, 2026 17:19:57.095 [281472812298464] DEBUG - MyPlex: requesting connectivity refresh too soon after the last request, skipping.
Mar 25, 2026 17:19:57.099 [281472812298464] DEBUG - MyPlex: Last published value didn't change, we're done.
Mar 25, 2026 17:21:13.005 [281472827064544] DEBUG - [Req#7c0] [PlexRelay] Transferred: sent 26812, received 11316 bytes, in 476.0 seconds
Mar 25, 2026 17:21:13.007 [281472827064544] DEBUG - [Req#7d9] [PlexRelay] Bytes per second: sent 56.3, received 23.8
Mar 25, 2026 17:21:13.009 [281472900354272] DEBUG - Jobs: '/usr/lib/plexmediaserver/Plex Relay' exit code for process 573 is 255 (failure)
Mar 25, 2026 17:23:16.426 [281472824955104] DEBUG - [EventSourceClient/pubsub/172.104.133.220:443] Relay: cleaning up inactive relay connection to 139.162.158.15
Mar 25, 2026 17:29:54.377 [281472824955104] DEBUG - [ViewStateSync] Starting
Mar 25, 2026 17:29:54.382 [281472824955104] DEBUG - [ViewStateSync] Fetching user tokens
Mar 25, 2026 17:29:54.384 [281472824955104] DEBUG - [ViewStateSync/HCl#6b] HTTP requesting GET https://plex.tv/api/v2/server/users/services?auth_token=xxxxxxxxxxxxxxxxxxxx
Mar 25, 2026 17:29:54.890 [281472837611744] DEBUG - [HttpClient/HCl#6b] HTTP/1.1 (0.5s) 200 response from GET https://plex.tv/api/v2/server/users/services?auth_token=xxxxxxxxxxxxxxxxxxxx
Mar 25, 2026 17:29:54.901 [281472812298464] DEBUG - [ViewStateSync] Got token for user 1 (oscar.p46)
Mar 25, 2026 17:29:54.901 [281472812298464] DEBUG - [ViewStateSync/HCl#6c] HTTP requesting GET https://plex.tv/api/v2/server/users/738467780/view_state_sync
Mar 25, 2026 17:29:55.037 [281472837611744] DEBUG - [HttpClient/HCl#6c] HTTP/1.1 (0.1s) 200 response from GET https://plex.tv/api/v2/server/users/738467780/view_state_sync (reused)
Mar 25, 2026 17:29:55.038 [281472812298464] DEBUG - [ViewStateSync] Starting for user 1
Mar 25, 2026 17:29:55.038 [281472812298464] DEBUG - [ViewStateSync] Sending state
Mar 25, 2026 17:29:55.039 [281472812298464] DEBUG - [ViewStateSync] All state sent
Mar 25, 2026 17:29:55.040 [281472812298464] DEBUG - [ViewStateSync] Getting state
Mar 25, 2026 17:29:55.040 [281472812298464] DEBUG - [ViewStateSync/HCl#6d] HTTP requesting GET https://scrobbles.plex.tv/state/738467780?count=100
Mar 25, 2026 17:29:55.138 [281472837611744] DEBUG - [HttpClient/HCl#6d] HTTP/2.0 (0.1s) 200 response from GET https://scrobbles.plex.tv/state/738467780?count=100
Mar 25, 2026 17:29:55.139 [281472812298464] DEBUG - [ViewStateSync] Reading 0 states
Mar 25, 2026 17:29:55.139 [281472812298464] DEBUG - [ViewStateSync] Done getting states
Mar 25, 2026 17:29:55.139 [281472812298464] DEBUG - [ViewStateSync] Finished
Mar 25, 2026 17:57:37.398 [281472824955104] DEBUG - [ViewStateSync] Starting
Mar 25, 2026 17:57:37.405 [281472824955104] DEBUG - [ViewStateSync] Got token for user 1 (oscar.p46)
Mar 25, 2026 17:57:37.407 [281472824955104] DEBUG - [ViewStateSync/HCl#6e] HTTP requesting GET https://plex.tv/api/v2/server/users/738467780/view_state_sync
Mar 25, 2026 17:57:37.915 [281472837611744] DEBUG - [HttpClient/HCl#6e] HTTP/1.1 (0.5s) 200 response from GET https://plex.tv/api/v2/server/users/738467780/view_state_sync
Mar 25, 2026 17:57:37.917 [281472812298464] DEBUG - [ViewStateSync] Starting for user 1
Mar 25, 2026 17:57:37.917 [281472812298464] DEBUG - [ViewStateSync] Sending state
Mar 25, 2026 17:57:37.918 [281472812298464] DEBUG - [ViewStateSync] All state sent
Mar 25, 2026 17:57:37.919 [281472812298464] DEBUG - [ViewStateSync] Getting state
Mar 25, 2026 17:57:37.919 [281472812298464] DEBUG - [ViewStateSync/HCl#6f] HTTP requesting GET https://scrobbles.plex.tv/state/738467780?count=100
Mar 25, 2026 17:57:38.036 [281472837611744] DEBUG - [HttpClient/HCl#6f] HTTP/2.0 (0.1s) 200 response from GET https://scrobbles.plex.tv/state/738467780?count=100
Mar 25, 2026 17:57:38.037 [281472812298464] DEBUG - [ViewStateSync] Reading 0 states
Mar 25, 2026 17:57:38.037 [281472812298464] DEBUG - [ViewStateSync] Done getting states
Mar 25, 2026 17:57:38.037 [281472812298464] DEBUG - [ViewStateSync] Finished
Mar 25, 2026 18:00:05.982 [281472835502304] DEBUG - Statistics: Flushing 2 expired bandwidth entries, 0 expired media entries.
Mar 25, 2026 18:02:09.684 [281472890089696] DEBUG - Request: didn't get any data from [::ffff:192.168.97.1]:60754: End of file
Mar 25, 2026 18:02:09.785 [281472827064544] DEBUG - Request: [192.168.97.1:31007 (Subnet)] GET /media/providers (5 live) #7df TLS GZIP Signed-in Token (oscar.p46)
Mar 25, 2026 18:02:09.804 [281472887980256] DEBUG - Completed: [192.168.97.1:31007] 200 GET /media/providers (5 live) #7df TLS GZIP 19ms 4526 bytes (pipelined: 1)
Mar 25, 2026 18:02:12.202 [281472827064544] DEBUG - Request: [192.168.97.1:31007 (Subnet)] GET /media/providers (5 live) #7e2 TLS GZIP Signed-in Token (oscar.p46)
Mar 25, 2026 18:02:12.206 [281472890089696] DEBUG - Completed: [192.168.97.1:31007] 200 GET /media/providers (5 live) #7e2 TLS GZIP 3ms 4526 bytes (pipelined: 2)
Mar 25, 2026 18:02:12.215 [281472827064544] DEBUG - Request: [192.168.97.1:31007 (Subnet)] PUT /updater/check?download=0 (5 live) #7e4 TLS GZIP Signed-in Token (oscar.p46)
Mar 25, 2026 18:02:12.219 [281472827064544] DEBUG - [Req#7e4] AutoUpdate: requesting check endpoint: /updater/products/5/check.xml?build=linux-aarch64&channel=16&distribution=debian&version=1.43.0.10492-121068a07, download: NO
Mar 25, 2026 18:02:12.220 [281472827064544] DEBUG - [Req#7e4] Downloading document https://plex.tv/updater/products/5/check.xml?build=linux-aarch64&channel=16&distribution=debian&version=1.43.0.10492-121068a07
Mar 25, 2026 18:02:12.220 [281472827064544] DEBUG - [Req#7e4/HCl#70] HTTP requesting GET https://plex.tv/updater/products/5/check.xml?build=linux-aarch64&channel=16&distribution=debian&version=1.43.0.10492-121068a07
Mar 25, 2026 18:02:12.237 [281472805970144] DEBUG - Request: [192.168.97.1:30457 (Subnet)] PUT /updater/check?download=0 (6 live) #7e0 TLS GZIP Signed-in Token (oscar.p46)
Mar 25, 2026 18:02:12.741 [281472837611744] DEBUG - [HttpClient/HCl#70] HTTP/1.1 (0.5s) 200 response from GET https://plex.tv/updater/products/5/check.xml?build=linux-aarch64&channel=16&distribution=debian&version=1.43.0.10492-121068a07
Mar 25, 2026 18:02:12.742 [281472827064544] INFO - [Req#7e4] AutoUpdate: no updates available
Mar 25, 2026 18:02:12.742 [281472805970144] DEBUG - [Req#7e0] AutoUpdate: requesting check endpoint: /updater/products/5/check.xml?build=linux-aarch64&channel=16&distribution=debian&version=1.43.0.10492-121068a07, download: NO
Mar 25, 2026 18:02:12.743 [281472805970144] DEBUG - [Req#7e0] Downloading document https://plex.tv/updater/products/5/check.xml?build=linux-aarch64&channel=16&distribution=debian&version=1.43.0.10492-121068a07
Mar 25, 2026 18:02:12.743 [281472805970144] DEBUG - [Req#7e0/HCl#71] HTTP requesting GET https://plex.tv/updater/products/5/check.xml?build=linux-aarch64&channel=16&distribution=debian&version=1.43.0.10492-121068a07
Mar 25, 2026 18:02:12.743 [281472890089696] DEBUG - Completed: [192.168.97.1:31007] 200 PUT /updater/check?download=0 (6 live) #7e4 TLS GZIP 527ms 240 bytes (pipelined: 3)
Mar 25, 2026 18:02:12.766 [281472827064544] DEBUG - Request: [192.168.97.1:31007 (Subnet)] GET /updater/status (6 live) #7ea TLS GZIP Signed-in Token (oscar.p46)
Mar 25, 2026 18:02:12.871 [281472837611744] DEBUG - [HttpClient/HCl#71] HTTP/1.1 (0.1s) 200 response from GET https://plex.tv/updater/products/5/check.xml?build=linux-aarch64&channel=16&distribution=debian&version=1.43.0.10492-121068a07 (reused)
Mar 25, 2026 18:02:12.871 [281472805970144] INFO - [Req#7e0] AutoUpdate: no updates available
Mar 25, 2026 18:02:12.872 [281472890089696] DEBUG - Completed: [192.168.97.1:30457] 200 PUT /updater/check?download=0 (6 live) #7e0 TLS GZIP 635ms 240 bytes (pipelined: 1)
Mar 25, 2026 18:02:12.872 [281472890089696] DEBUG - Completed: [192.168.97.1:31007] 200 GET /updater/status (6 live) #7ea TLS GZIP 106ms 445 bytes (pipelined: 4)
Mar 25, 2026 18:02:12.903 [281472805970144] DEBUG - Request: [192.168.97.1:31007 (Subnet)] GET /updater/status (6 live) #7f0 TLS GZIP Signed-in Token (oscar.p46)
Mar 25, 2026 18:02:12.903 [281472887980256] DEBUG - Completed: [192.168.97.1:31007] 200 GET /updater/status (6 live) #7f0 TLS GZIP 0ms 445 bytes (pipelined: 5)
Mar 25, 2026 18:02:26.264 [281472805970144] DEBUG - Request: [192.168.97.1:31007 (Subnet)] GET /hubs/sections/1?count=20&includeLibraryPlaylists=1&includeStations=1&excludeElements=Actor%2CCollection%2CCountry%2CDirector%2CGenre%2CLabel%2CLocation%2CMood%2CPart%2CProducer%2CSimilar%2CPhoto%2CRole%2CVast%2CTopic%2CWriter&excludeFields=file%2Ctagline%2Csummary (6 live) #7f1 TLS GZIP Signed-in Token (oscar.p46)
Mar 25, 2026 18:02:26.266 [281472805970144] DEBUG - [Req#7f1] HubCache: Retrieving '1/movie.inprogress.1/1/hubs/sections/1/enexternal-media,indirect-media/count=20&excludeElements=Actor%2CCollection%2CCountry%2CDirector%2CGenre%2CLabel%2CLocation%2CMood%2CPart%2CProducer%2CSimilar%2CPhoto%2CRole%2CVast%2CTopic%2CWriter&excludeFields=file%2Ctagline%2Csummary&includeLibraryPlaylists=1&includeStations=1' from the cache.
Mar 25, 2026 18:02:26.266 [281472805970144] DEBUG - [Req#7f1] HubCache: 9 hubs cached, 65.9% hit ratio.
Mar 25, 2026 18:02:26.266 [281472805970144] DEBUG - [Req#7f1] HubCache: Retrieving '1/movie.recentlyreleased.1/1/hubs/sections/1/enexternal-media,indirect-media/count=20&excludeElements=Actor%2CCollection%2CCountry%2CDirector%2CGenre%2CLabel%2CLocation%2CMood%2CPart%2CProducer%2CSimilar%2CPhoto%2CRole%2CVast%2CTopic%2CWriter&excludeFields=file%2Ctagline%2Csummary&includeLibraryPlaylists=1&includeStations=1' from the cache.
Mar 25, 2026 18:02:26.266 [281472805970144] DEBUG - [Req#7f1] HubCache: Retrieving '1/movie.recentlyadded.1/1/hubs/sections/1/enexternal-media,indirect-media/count=20&excludeElements=Actor%2CCollection%2CCountry%2CDirector%2CGenre%2CLabel%2CLocation%2CMood%2CPart%2CProducer%2CSimilar%2CPhoto%2CRole%2CVast%2CTopic%2CWriter&excludeFields=file%2Ctagline%2Csummary&includeLibraryPlaylists=1&includeStations=1' from the cache.
Mar 25, 2026 18:02:26.266 [281472805970144] DEBUG - [Req#7f1] HubCache: Retrieving '1/recent.library.playlists.1/1/hubs/sections/1/enexternal-media,indirect-media/count=20&excludeElements=Actor%2CCollection%2CCountry%2CDirector%2CGenre%2CLabel%2CLocation%2CMood%2CPart%2CProducer%2CSimilar%2CPhoto%2CRole%2CVast%2CTopic%2CWriter&excludeFields=file%2Ctagline%2Csummary&includeLibraryPlaylists=1&includeStations=1' from the cache.
Mar 25, 2026 18:02:26.266 [281472805970144] DEBUG - [Req#7f1] HubCache: Retrieving '1/movie.genre.1/1/hubs/sections/1/enexternal-media,indirect-media/count=20&excludeElements=Actor%2CCollection%2CCountry%2CDirector%2CGenre%2CLabel%2CLocation%2CMood%2CPart%2CProducer%2CSimilar%2CPhoto%2CRole%2CVast%2CTopic%2CWriter&excludeFields=file%2Ctagline%2Csummary&includeLibraryPlaylists=1&includeStations=1' from the cache.
Mar 25, 2026 18:02:26.267 [281472805970144] DEBUG - [Req#7f1] HubCache: Retrieving '1/movie.by.actor.or.director.1/1/hubs/sections/1/enexternal-media,indirect-media/count=20&excludeElements=Actor%2CCollection%2CCountry%2CDirector%2CGenre%2CLabel%2CLocation%2CMood%2CPart%2CProducer%2CSimilar%2CPhoto%2CRole%2CVast%2CTopic%2CWriter&excludeFields=file%2Ctagline%2Csummary&includeLibraryPlaylists=1&includeStations=1' from the cache.
Mar 25, 2026 18:02:26.267 [281472805970144] DEBUG - [Req#7f1] HubCache: Retrieving '1/movie.topunwatched.1/1/hubs/sections/1/enexternal-media,indirect-media/count=20&excludeElements=Actor%2CCollection%2CCountry%2CDirector%2CGenre%2CLabel%2CLocation%2CMood%2CPart%2CProducer%2CSimilar%2CPhoto%2CRole%2CVast%2CTopic%2CWriter&excludeFields=file%2Ctagline%2Csummary&includeLibraryPlaylists=1&includeStations=1' from the cache.
Mar 25, 2026 18:02:26.267 [281472805970144] DEBUG - [Req#7f1] HubCache: Retrieving '1/movie.curated.1/1/hubs/sections/1/enexternal-media,indirect-media/count=20&excludeElements=Actor%2CCollection%2CCountry%2CDirector%2CGenre%2CLabel%2CLocation%2CMood%2CPart%2CProducer%2CSimilar%2CPhoto%2CRole%2CVast%2CTopic%2CWriter&excludeFields=file%2Ctagline%2Csummary&includeLibraryPlaylists=1&includeStations=1' from the cache.
Mar 25, 2026 18:02:26.269 [281472805970144] DEBUG - [Req#7f1] HubCache: Retrieving '1/movie.recentlyviewed.1/1/hubs/sections/1/enexternal-media,indirect-media/count=20&excludeElements=Actor%2CCollection%2CCountry%2CDirector%2CGenre%2CLabel%2CLocation%2CMood%2CPart%2CProducer%2CSimilar%2CPhoto%2CRole%2CVast%2CTopic%2CWriter&excludeFields=file%2Ctagline%2Csummary&includeLibraryPlaylists=1&includeStations=1' from the cache.
Mar 25, 2026 18:02:26.274 [281472890089696] DEBUG - Completed: [192.168.97.1:31007] 200 GET /hubs/sections/1?count=20&includeLibraryPlaylists=1&includeStations=1&excludeElements=Actor%2CCollection%2CCountry%2CDirector%2CGenre%2CLabel%2CLocation%2CMood%2CPart%2CProducer%2CSimilar%2CPhoto%2CRole%2CVast%2CTopic%2CWriter&excludeFields=file%2Ctagline%2Csummary (6 live) #7f1 TLS GZIP 9ms 1454 bytes (pipelined: 6)
Mar 25, 2026 18:02:27.208 [281472805970144] DEBUG - Request: [192.168.97.1:31007 (Subnet)] GET /hubs/sections/1?count=20&includeLibraryPlaylists=1&includeStations=1&excludeElements=Actor%2CCollection%2CCountry%2CDirector%2CGenre%2CLabel%2CLocation%2CMood%2CPart%2CProducer%2CSimilar%2CPhoto%2CRole%2CVast%2CTopic%2CWriter&excludeFields=file%2Ctagline%2Csummary (6 live) #7f2 TLS GZIP Signed-in Token (oscar.p46)
Mar 25, 2026 18:02:27.209 [281472805970144] DEBUG - [Req#7f2] HubCache: Retrieving '1/movie.inprogress.1/1/hubs/sections/1/enexternal-media,indirect-media/count=20&excludeElements=Actor%2CCollection%2CCountry%2CDirector%2CGenre%2CLabel%2CLocation%2CMood%2CPart%2CProducer%2CSimilar%2CPhoto%2CRole%2CVast%2CTopic%2CWriter&excludeFields=file%2Ctagline%2Csummary&includeLibraryPlaylists=1&includeStations=1' from the cache.
Mar 25, 2026 18:02:27.209 [281472805970144] DEBUG - [Req#7f2] HubCache: Retrieving '1/movie.recentlyreleased.1/1/hubs/sections/1/enexternal-media,indirect-media/count=20&excludeElements=Actor%2CCollection%2CCountry%2CDirector%2CGenre%2CLabel%2CLocation%2CMood%2CPart%2CProducer%2CSimilar%2CPhoto%2CRole%2CVast%2CTopic%2CWriter&excludeFields=file%2Ctagline%2Csummary&includeLibraryPlaylists=1&includeStations=1' from the cache.
Mar 25, 2026 18:02:27.210 [281472805970144] DEBUG - [Req#7f2] HubCache: Retrieving '1/movie.recentlyadded.1/1/hubs/sections/1/enexternal-media,indirect-media/count=20&excludeElements=Actor%2CCollection%2CCountry%2CDirector%2CGenre%2CLabel%2CLocation%2CMood%2CPart%2CProducer%2CSimilar%2CPhoto%2CRole%2CVast%2CTopic%2CWriter&excludeFields=file%2Ctagline%2Csummary&includeLibraryPlaylists=1&includeStations=1' from the cache.
Mar 25, 2026 18:02:27.210 [281472805970144] DEBUG - [Req#7f2] HubCache: Retrieving '1/recent.library.playlists.1/1/hubs/sections/1/enexternal-media,indirect-media/count=20&excludeElements=Actor%2CCollection%2CCountry%2CDirector%2CGenre%2CLabel%2CLocation%2CMood%2CPart%2CProducer%2CSimilar%2CPhoto%2CRole%2CVast%2CTopic%2CWriter&excludeFields=file%2Ctagline%2Csummary&includeLibraryPlaylists=1&includeStations=1' from the cache.
Mar 25, 2026 18:02:27.210 [281472805970144] DEBUG - [Req#7f2] HubCache: Retrieving '1/movie.genre.1/1/hubs/sections/1/enexternal-media,indirect-media/count=20&excludeElements=Actor%2CCollection%2CCountry%2CDirector%2CGenre%2CLabel%2CLocation%2CMood%2CPart%2CProducer%2CSimilar%2CPhoto%2CRole%2CVast%2CTopic%2CWriter&excludeFields=file%2Ctagline%2Csummary&includeLibraryPlaylists=1&includeStations=1' from the cache.
Mar 25, 2026 18:02:27.210 [281472805970144] DEBUG - [Req#7f2] HubCache: Retrieving '1/movie.by.actor.or.director.1/1/hubs/sections/1/enexternal-media,indirect-media/count=20&excludeElements=Actor%2CCollection%2CCountry%2CDirector%2CGenre%2CLabel%2CLocation%2CMood%2CPart%2CProducer%2CSimilar%2CPhoto%2CRole%2CVast%2CTopic%2CWriter&excludeFields=file%2Ctagline%2Csummary&includeLibraryPlaylists=1&includeStations=1' from the cache.
Mar 25, 2026 18:02:27.210 [281472805970144] DEBUG - [Req#7f2] HubCache: Retrieving '1/movie.topunwatched.1/1/hubs/sections/1/enexternal-media,indirect-media/count=20&excludeElements=Actor%2CCollection%2CCountry%2CDirector%2CGenre%2CLabel%2CLocation%2CMood%2CPart%2CProducer%2CSimilar%2CPhoto%2CRole%2CVast%2CTopic%2CWriter&excludeFields=file%2Ctagline%2Csummary&includeLibraryPlaylists=1&includeStations=1' from the cache.
Mar 25, 2026 18:02:27.210 [281472805970144] DEBUG - [Req#7f2] HubCache: Retrieving '1/movie.curated.1/1/hubs/sections/1/enexternal-media,indirect-media/count=20&excludeElements=Actor%2CCollection%2CCountry%2CDirector%2CGenre%2CLabel%2CLocation%2CMood%2CPart%2CProducer%2CSimilar%2CPhoto%2CRole%2CVast%2CTopic%2CWriter&excludeFields=file%2Ctagline%2Csummary&includeLibraryPlaylists=1&includeStations=1' from the cache.
Mar 25, 2026 18:02:27.210 [281472805970144] DEBUG - [Req#7f2] HubCache: Retrieving '1/movie.recentlyviewed.1/1/hubs/sections/1/enexternal-media,indirect-media/count=20&excludeElements=Actor%2CCollection%2CCountry%2CDirector%2CGenre%2CLabel%2CLocation%2CMood%2CPart%2CProducer%2CSimilar%2CPhoto%2CRole%2CVast%2CTopic%2CWriter&excludeFields=file%2Ctagline%2Csummary&includeLibraryPlaylists=1&includeStations=1' from the cache.
Mar 25, 2026 18:02:27.211 [281472890089696] DEBUG - Completed: [192.168.97.1:31007] 200 GET /hubs/sections/1?count=20&includeLibraryPlaylists=1&includeStations=1&excludeElements=Actor%2CCollection%2CCountry%2CDirector%2CGenre%2CLabel%2CLocation%2CMood%2CPart%2CProducer%2CSimilar%2CPhoto%2CRole%2CVast%2CTopic%2CWriter&excludeFields=file%2Ctagline%2Csummary (6 live) #7f2 TLS GZIP 3ms 1454 bytes (pipelined: 7)
Mar 25, 2026 18:02:31.026 [281472805970144] DEBUG - Request: [192.168.97.1:31007 (Subnet)] GET /hubs/sections/2?count=20&includeLibraryPlaylists=1&includeStations=1&excludeElements=Actor%2CCollection%2CCountry%2CDirector%2CGenre%2CLabel%2CLocation%2CMood%2CPart%2CProducer%2CSimilar%2CPhoto%2CRole%2CVast%2CTopic%2CWriter&excludeFields=file%2Ctagline%2Csummary (5 live) #7f3 TLS GZIP Signed-in Token (oscar.p46)
Mar 25, 2026 18:02:31.027 [281472805970144] DEBUG - [Req#7f3] HubCache: Adding '1/tv.inprogress.2/1/hubs/sections/2/enexternal-media,indirect-media/count=20&excludeElements=Actor%2CCollection%2CCountry%2CDirector%2CGenre%2CLabel%2CLocation%2CMood%2CPart%2CProducer%2CSimilar%2CPhoto%2CRole%2CVast%2CTopic%2CWriter&excludeFields=file%2Ctagline%2Csummary&includeLibraryPlaylists=1&includeStations=1' to the cache (1/tv.inprogress.2/1/hubs/sections/2/enexternal-media,indirect-media/count=20&excludeElements=Actor%2CCollection%2CCountry%2CDirector%2CGenre%2CLabel%2CLocation%2CMood%2CPart%2CProducer%2CSimilar%2CPhoto%2CRole%2CVast%2CTopic%2CWriter&excludeFields=file%2Ctagline%2Csummary&includeLibraryPlaylists=1&includeStations=1).
Mar 25, 2026 18:02:31.038 [281472805970144] DEBUG - [Req#7f3] HubCache: Computed '1/tv.inprogress.2/1/hubs/sections/2/enexternal-media,indirect-media/count=20&excludeElements=Actor%2CCollection%2CCountry%2CDirector%2CGenre%2CLabel%2CLocation%2CMood%2CPart%2CProducer%2CSimilar%2CPhoto%2CRole%2CVast%2CTopic%2CWriter&excludeFields=file%2Ctagline%2Csummary&includeLibraryPlaylists=1&includeStations=1' in 11 ms.
Mar 25, 2026 18:02:31.038 [281472805970144] DEBUG - [Req#7f3] HubCache: Adding '1/tv.recentlyaired.2/1/hubs/sections/2/enexternal-media,indirect-media/count=20&excludeElements=Actor%2CCollection%2CCountry%2CDirector%2CGenre%2CLabel%2CLocation%2CMood%2CPart%2CProducer%2CSimilar%2CPhoto%2CRole%2CVast%2CTopic%2CWriter&excludeFields=file%2Ctagline%2Csummary&includeLibraryPlaylists=1&includeStations=1' to the cache (1/tv.recentlyaired.2/1/hubs/sections/2/enexternal-media,indirect-media/count=20&excludeElements=Actor%2CCollection%2CCountry%2CDirector%2CGenre%2CLabel%2CLocation%2CMood%2CPart%2CProducer%2CSimilar%2CPhoto%2CRole%2CVast%2CTopic%2CWriter&excludeFields=file%2Ctagline%2Csummary&includeLibraryPlaylists=1&includeStations=1).
Mar 25, 2026 18:02:31.049 [281472805970144] DEBUG - [Req#7f3] HubCache: Computed '1/tv.recentlyaired.2/1/hubs/sections/2/enexternal-media,indirect-media/count=20&excludeElements=Actor%2CCollection%2CCountry%2CDirector%2CGenre%2CLabel%2CLocation%2CMood%2CPart%2CProducer%2CSimilar%2CPhoto%2CRole%2CVast%2CTopic%2CWriter&excludeFields=file%2Ctagline%2Csummary&includeLibraryPlaylists=1&includeStations=1' in 10 ms.
Mar 25, 2026 18:02:31.049 [281472805970144] DEBUG - [Req#7f3] HubCache: Adding '1/tv.recentlyadded.2/1/hubs/sections/2/enexternal-media,indirect-media/count=20&excludeElements=Actor%2CCollection%2CCountry%2CDirector%2CGenre%2CLabel%2CLocation%2CMood%2CPart%2CProducer%2CSimilar%2CPhoto%2CRole%2CVast%2CTopic%2CWriter&excludeFields=file%2Ctagline%2Csummary&includeLibraryPlaylists=1&includeStations=1' to the cache (1/tv.recentlyadded.2/1/hubs/sections/2/enexternal-media,indirect-media/count=20&excludeElements=Actor%2CCollection%2CCountry%2CDirector%2CGenre%2CLabel%2CLocation%2CMood%2CPart%2CProducer%2CSimilar%2CPhoto%2CRole%2CVast%2CTopic%2CWriter&excludeFields=file%2Ctagline%2Csummary&includeLibraryPlaylists=1&includeStations=1).
Mar 25, 2026 18:02:31.053 [281472805970144] DEBUG - [Req#7f3] HubCache: Computed '1/tv.recentlyadded.2/1/hubs/sections/2/enexternal-media,indirect-media/count=20&excludeElements=Actor%2CCollection%2CCountry%2CDirector%2CGenre%2CLabel%2CLocation%2CMood%2CPart%2CProducer%2CSimilar%2CPhoto%2CRole%2CVast%2CTopic%2CWriter&excludeFields=file%2Ctagline%2Csummary&includeLibraryPlaylists=1&includeStations=1' in 4 ms.
Mar 25, 2026 18:02:31.053 [281472805970144] DEBUG - [Req#7f3] HubCache: Adding '1/recent.library.playlists.2/1/hubs/sections/2/enexternal-media,indirect-media/count=20&excludeElements=Actor%2CCollection%2CCountry%2CDirector%2CGenre%2CLabel%2CLocation%2CMood%2CPart%2CProducer%2CSimilar%2CPhoto%2CRole%2CVast%2CTopic%2CWriter&excludeFields=file%2Ctagline%2Csummary&includeLibraryPlaylists=1&includeStations=1&limit=200&sort=addedAt%3Adesc&type=4%2C10' to the cache (1/recent.library.playlists.2/1/hubs/sections/2/enexternal-media,indirect-media/count=20&excludeElements=Actor%2CCollection%2CCountry%2CDirector%2CGenre%2CLabel%2CLocation%2CMood%2CPart%2CProducer%2CSimilar%2CPhoto%2CRole%2CVast%2CTopic%2CWriter&excludeFields=file%2Ctagline%2Csummary&includeLibraryPlaylists=1&includeStations=1&limit=200&sort=addedAt%3Adesc&type=4%2C10).
Mar 25, 2026 18:02:31.055 [281472805970144] DEBUG - [Req#7f3] HubCache: Computed '1/recent.library.playlists.2/1/hubs/sections/2/enexternal-media,indirect-media/count=20&excludeElements=Actor%2CCollection%2CCountry%2CDirector%2CGenre%2CLabel%2CLocation%2CMood%2CPart%2CProducer%2CSimilar%2CPhoto%2CRole%2CVast%2CTopic%2CWriter&excludeFields=file%2Ctagline%2Csummary&includeLibraryPlaylists=1&includeStations=1&limit=200&sort=addedAt%3Adesc&type=4%2C10' in 1 ms.
Mar 25, 2026 18:02:31.055 [281472805970144] DEBUG - [Req#7f3] HubCache: Adding '1/tv.startwatching.2/1/hubs/sections/2/enexternal-media,indirect-media/count=20&excludeElements=Actor%2CCollection%2CCountry%2CDirector%2CGenre%2CLabel%2CLocation%2CMood%2CPart%2CProducer%2CSimilar%2CPhoto%2CRole%2CVast%2CTopic%2CWriter&excludeFields=file%2Ctagline%2Csummary&includeLibraryPlaylists=1&includeStations=1&limit=200&sort=addedAt%3Adesc&type=4%2C10' to the cache (1/tv.startwatching.2/1/hubs/sections/2/enexternal-media,indirect-media/count=20&excludeElements=Actor%2CCollection%2CCountry%2CDirector%2CGenre%2CLabel%2CLocation%2CMood%2CPart%2CProducer%2CSimilar%2CPhoto%2CRole%2CVast%2CTopic%2CWriter&excludeFields=file%2Ctagline%2Csummary&includeLibraryPlaylists=1&includeStations=1&limit=200&sort=addedAt%3Adesc&type=4%2C10).
Mar 25, 2026 18:02:31.056 [281472805970144] DEBUG - [Req#7f3] HubCache: Computed '1/tv.startwatching.2/1/hubs/sections/2/enexternal-media,indirect-media/count=20&excludeElements=Actor%2CCollection%2CCountry%2CDirector%2CGenre%2CLabel%2CLocation%2CMood%2CPart%2CProducer%2CSimilar%2CPhoto%2CRole%2CVast%2CTopic%2CWriter&excludeFields=file%2Ctagline%2Csummary&includeLibraryPlaylists=1&includeStations=1&limit=200&sort=addedAt%3Adesc&type=4%2C10' in 1 ms.
Mar 25, 2026 18:02:31.056 [281472805970144] DEBUG - [Req#7f3] HubCache: Adding '1/tv.rediscover.2/1/hubs/sections/2/enexternal-media,indirect-media/count=20&excludeElements=Actor%2CCollection%2CCountry%2CDirector%2CGenre%2CLabel%2CLocation%2CMood%2CPart%2CProducer%2CSimilar%2CPhoto%2CRole%2CVast%2CTopic%2CWriter&excludeFields=file%2Ctagline%2Csummary&includeLibraryPlaylists=1&includeStations=1&limit=200&sort=addedAt%3Adesc&type=4%2C10' to the cache (1/tv.rediscover.2/1/hubs/sections/2/enexternal-media,indirect-media/count=20&excludeElements=Actor%2CCollection%2CCountry%2CDirector%2CGenre%2CLabel%2CLocation%2CMood%2CPart%2CProducer%2CSimilar%2CPhoto%2CRole%2CVast%2CTopic%2CWriter&excludeFields=file%2Ctagline%2Csummary&includeLibraryPlaylists=1&includeStations=1&limit=200&sort=addedAt%3Adesc&type=4%2C10).
Mar 25, 2026 18:02:31.057 [281472805970144] DEBUG - [Req#7f3] HubCache: Computed '1/tv.rediscover.2/1/hubs/sections/2/enexternal-media,indirect-media/count=20&excludeElements=Actor%2CCollection%2CCountry%2CDirector%2CGenre%2CLabel%2CLocation%2CMood%2CPart%2CProducer%2CSimilar%2CPhoto%2CRole%2CVast%2CTopic%2CWriter&excludeFields=file%2Ctagline%2Csummary&includeLibraryPlaylists=1&includeStations=1&limit=200&sort=addedAt%3Adesc&type=4%2C10' in 1 ms.
Mar 25, 2026 18:02:31.057 [281472805970144] DEBUG - [Req#7f3] HubCache: Adding '1/tv.morefromnetwork.2/1/hubs/sections/2/enexternal-media,indirect-media/count=20&excludeElements=Actor%2CCollection%2CCountry%2CDirector%2CGenre%2CLabel%2CLocation%2CMood%2CPart%2CProducer%2CSimilar%2CPhoto%2CRole%2CVast%2CTopic%2CWriter&excludeFields=file%2Ctagline%2Csummary&includeLibraryPlaylists=1&includeStations=1&limit=200&sort=addedAt%3Adesc&type=4%2C10' to the cache (1/tv.morefromnetwork.2/1/hubs/sections/2/enexternal-media,indirect-media/count=20&excludeElements=Actor%2CCollection%2CCountry%2CDirector%2CGenre%2CLabel%2CLocation%2CMood%2CPart%2CProducer%2CSimilar%2CPhoto%2CRole%2CVast%2CTopic%2CWriter&excludeFields=file%2Ctagline%2Csummary&includeLibraryPlaylists=1&includeStations=1&limit=200&sort=addedAt%3Adesc&type=4%2C10).
Mar 25, 2026 18:02:31.057 [281472805970144] DEBUG - [Req#7f3] HubCache: Adding '1/tv.moreingenre.2/1/hubs/sections/2/enexternal-media,indirect-media/count=20&excludeElements=Actor%2CCollection%2CCountry%2CDirector%2CGenre%2CLabel%2CLocation%2CMood%2CPart%2CProducer%2CSimilar%2CPhoto%2CRole%2CVast%2CTopic%2CWriter&excludeFields=file%2Ctagline%2Csummary&includeLibraryPlaylists=1&includeStations=1&limit=200&sort=addedAt%3Adesc&type=4%2C10' to the cache (1/tv.moreingenre.2/1/hubs/sections/2/enexternal-media,indirect-media/count=20&excludeElements=Actor%2CCollection%2CCountry%2CDirector%2CGenre%2CLabel%2CLocation%2CMood%2CPart%2CProducer%2CSimilar%2CPhoto%2CRole%2CVast%2CTopic%2CWriter&excludeFields=file%2Ctagline%2Csummary&includeLibraryPlaylists=1&includeStations=1&limit=200&sort=addedAt%3Adesc&type=4%2C10).
Mar 25, 2026 18:02:31.058 [281472805970144] DEBUG - [Req#7f3] HubCache: Adding '1/tv.toprated.2/1/hubs/sections/2/enexternal-media,indirect-media/count=20&excludeElements=Actor%2CCollection%2CCountry%2CDirector%2CGenre%2CLabel%2CLocation%2CMood%2CPart%2CProducer%2CSimilar%2CPhoto%2CRole%2CVast%2CTopic%2CWriter&excludeFields=file%2Ctagline%2Csummary&includeLibraryPlaylists=1&includeStations=1&limit=200&sort=addedAt%3Adesc&type=4%2C10' to the cache (1/tv.toprated.2/1/hubs/sections/2/enexternal-media,indirect-media/count=20&excludeElements=Actor%2CCollection%2CCountry%2CDirector%2CGenre%2CLabel%2CLocation%2CMood%2CPart%2CProducer%2CSimilar%2CPhoto%2CRole%2CVast%2CTopic%2CWriter&excludeFields=file%2Ctagline%2Csummary&includeLibraryPlaylists=1&includeStations=1&limit=200&sort=addedAt%3Adesc&type=4%2C10).
Mar 25, 2026 18:02:31.059 [281472805970144] DEBUG - [Req#7f3] HubCache: Computed '1/tv.toprated.2/1/hubs/sections/2/enexternal-media,indirect-media/count=20&excludeElements=Actor%2CCollection%2CCountry%2CDirector%2CGenre%2CLabel%2CLocation%2CMood%2CPart%2CProducer%2CSimilar%2CPhoto%2CRole%2CVast%2CTopic%2CWriter&excludeFields=file%2Ctagline%2Csummary&includeLibraryPlaylists=1&includeStations=1&limit=200&sort=addedAt%3Adesc&type=4%2C10' in 1 ms.
Mar 25, 2026 18:02:31.059 [281472805970144] DEBUG - [Req#7f3] HubCache: Adding '1/tv.recentlyviewed.2/1/hubs/sections/2/enexternal-media,indirect-media/count=20&excludeElements=Actor%2CCollection%2CCountry%2CDirector%2CGenre%2CLabel%2CLocation%2CMood%2CPart%2CProducer%2CSimilar%2CPhoto%2CRole%2CVast%2CTopic%2CWriter&excludeFields=file%2Ctagline%2Csummary&includeLibraryPlaylists=1&includeStations=1&limit=200&sort=addedAt%3Adesc&type=4%2C10' to the cache (1/tv.recentlyviewed.2/1/hubs/sections/2/enexternal-media,indirect-media/count=20&excludeElements=Actor%2CCollection%2CCountry%2CDirector%2CGenre%2CLabel%2CLocation%2CMood%2CPart%2CProducer%2CSimilar%2CPhoto%2CRole%2CVast%2CTopic%2CWriter&excludeFields=file%2Ctagline%2Csummary&includeLibraryPlaylists=1&includeStations=1&limit=200&sort=addedAt%3Adesc&type=4%2C10).
Mar 25, 2026 18:02:31.060 [281472805970144] DEBUG - [Req#7f3] HubCache: Computed '1/tv.recentlyviewed.2/1/hubs/sections/2/enexternal-media,indirect-media/count=20&excludeElements=Actor%2CCollection%2CCountry%2CDirector%2CGenre%2CLabel%2CLocation%2CMood%2CPart%2CProducer%2CSimilar%2CPhoto%2CRole%2CVast%2CTopic%2CWriter&excludeFields=file%2Ctagline%2Csummary&includeLibraryPlaylists=1&includeStations=1&limit=200&sort=addedAt%3Adesc&type=4%2C10' in 1 ms.
Mar 25, 2026 18:02:31.062 [281472805970144] DEBUG - MetadataCounterCache: rebuilding full counter cache for totals
Mar 25, 2026 18:02:31.062 [281472805970144] DEBUG - MetadataCounterCache: rebuilding full counter cache for views
Mar 25, 2026 18:02:31.064 [281472890089696] DEBUG - Completed: [192.168.97.1:31007] 200 GET /hubs/sections/2?count=20&includeLibraryPlaylists=1&includeStations=1&excludeElements=Actor%2CCollection%2CCountry%2CDirector%2CGenre%2CLabel%2CLocation%2CMood%2CPart%2CProducer%2CSimilar%2CPhoto%2CRole%2CVast%2CTopic%2CWriter&excludeFields=file%2Ctagline%2Csummary (5 live) #7f3 TLS GZIP 37ms 3243 bytes (pipelined: 8)
Mar 25, 2026 18:02:31.147 [281472805970144] DEBUG - Request: [192.168.97.1:31007 (Subnet)] GET /photo/:/transcode?width=360&height=360&minSize=1&url=%2Flibrary%2Fmetadata%2F1%2Fthumb%2F1774430348&format=jpeg (5 live) #803 TLS GZIP Signed-in Token (oscar.p46)
Mar 25, 2026 18:02:31.147 [281472827064544] DEBUG - Request: [192.168.97.1:30457 (Subnet)] GET /photo/:/transcode?width=360&height=360&minSize=1&url=%2Flibrary%2Fmetadata%2F1%2Fthumb%2F1774430345&format=jpeg (5 live) #7ef TLS GZIP Signed-in Token (oscar.p46)
Mar 25, 2026 18:02:31.147 [281472805970144] DEBUG - [Req#803/PhotoTranscoder] Request for url [/library/metadata/1/thumb/1774430348] (is local: 1 upscaled: 0)
Mar 25, 2026 18:02:31.147 [281472827064544] DEBUG - [Req#7ef/PhotoTranscoder] Request for url [/library/metadata/1/thumb/1774430345] (is local: 1 upscaled: 0)
Mar 25, 2026 18:02:31.148 [281472805970144] DEBUG - Content-Length of /config/Library/Application Support/Plex Media Server/Cache/PhotoTranscoder/5f/5f506162e035c2cb8cafc2f25745bc5fa3a27c41.jpeg is 26595 (of total: 26595).
Mar 25, 2026 18:02:31.148 [281472827064544] DEBUG - Content-Length of /config/Library/Application Support/Plex Media Server/Cache/PhotoTranscoder/33/330c54df1935425bc1747a19d1125cef6bc6bd61.jpeg is 26595 (of total: 26595).
Mar 25, 2026 18:02:31.150 [281472890089696] DEBUG - Completed: [192.168.97.1:30457] 200 GET /photo/:/transcode?width=360&height=360&minSize=1&url=%2Flibrary%2Fmetadata%2F1%2Fthumb%2F1774430345&format=jpeg (5 live) #7ef TLS GZIP 3ms 26595 bytes (pipelined: 2)
Mar 25, 2026 18:02:31.151 [281472890089696] DEBUG - Completed: [192.168.97.1:31007] 200 GET /photo/:/transcode?width=360&height=360&minSize=1&url=%2Flibrary%2Fmetadata%2F1%2Fthumb%2F1774430348&format=jpeg (5 live) #803 TLS GZIP 3ms 26595 bytes (pipelined: 9)
Mar 25, 2026 18:02:31.171 [281472827064544] DEBUG - Request: [192.168.97.1:40266 (Subnet)] GET /photo/:/transcode?width=360&height=360&minSize=1&url=%2Flibrary%2Fmetadata%2F2%2Fthumb%2F1774430348&format=jpeg (6 live) #7e5 TLS GZIP Signed-in Token (oscar.p46)
Mar 25, 2026 18:02:31.171 [281472827064544] DEBUG - [Req#7e5/PhotoTranscoder] Request for url [/library/metadata/2/thumb/1774430348] (is local: 1 upscaled: 0)
Mar 25, 2026 18:02:31.172 [281472827064544] DEBUG - Content-Length of /config/Library/Application Support/Plex Media Server/Cache/PhotoTranscoder/48/48f4f4da37acb273e075c625a8f618d8d491e390.jpeg is 26595 (of total: 26595).
Mar 25, 2026 18:02:31.173 [281472887980256] DEBUG - Completed: [192.168.97.1:40266] 200 GET /photo/:/transcode?width=360&height=360&minSize=1&url=%2Flibrary%2Fmetadata%2F2%2Fthumb%2F1774430348&format=jpeg (6 live) #7e5 TLS GZIP 1ms 26595 bytes (pipelined: 1)
Mar 25, 2026 18:02:34.016 [281472805970144] DEBUG - Request: [192.168.97.1:31007 (Subnet)] GET /hubs/sections/1?count=20&includeLibraryPlaylists=1&includeStations=1&excludeElements=Actor%2CCollection%2CCountry%2CDirector%2CGenre%2CLabel%2CLocation%2CMood%2CPart%2CProducer%2CSimilar%2CPhoto%2CRole%2CVast%2CTopic%2CWriter&excludeFields=file%2Ctagline%2Csummary (6 live) #805 TLS GZIP Signed-in Token (oscar.p46)
Mar 25, 2026 18:02:34.017 [281472805970144] DEBUG - [Req#805] HubCache: Retrieving '1/movie.inprogress.1/1/hubs/sections/1/enexternal-media,indirect-media/count=20&excludeElements=Actor%2CCollection%2CCountry%2CDirector%2CGenre%2CLabel%2CLocation%2CMood%2CPart%2CProducer%2CSimilar%2CPhoto%2CRole%2CVast%2CTopic%2CWriter&excludeFields=file%2Ctagline%2Csummary&includeLibraryPlaylists=1&includeStations=1' from the cache.
Mar 25, 2026 18:02:34.017 [281472805970144] DEBUG - [Req#805] HubCache: Retrieving '1/movie.recentlyreleased.1/1/hubs/sections/1/enexternal-media,indirect-media/count=20&excludeElements=Actor%2CCollection%2CCountry%2CDirector%2CGenre%2CLabel%2CLocation%2CMood%2CPart%2CProducer%2CSimilar%2CPhoto%2CRole%2CVast%2CTopic%2CWriter&excludeFields=file%2Ctagline%2Csummary&includeLibraryPlaylists=1&includeStations=1' from the cache.
Mar 25, 2026 18:02:34.017 [281472805970144] DEBUG - [Req#805] HubCache: Retrieving '1/movie.recentlyadded.1/1/hubs/sections/1/enexternal-media,indirect-media/count=20&excludeElements=Actor%2CCollection%2CCountry%2CDirector%2CGenre%2CLabel%2CLocation%2CMood%2CPart%2CProducer%2CSimilar%2CPhoto%2CRole%2CVast%2CTopic%2CWriter&excludeFields=file%2Ctagline%2Csummary&includeLibraryPlaylists=1&includeStations=1' from the cache.
Mar 25, 2026 18:02:34.017 [281472805970144] DEBUG - [Req#805] HubCache: Retrieving '1/recent.library.playlists.1/1/hubs/sections/1/enexternal-media,indirect-media/count=20&excludeElements=Actor%2CCollection%2CCountry%2CDirector%2CGenre%2CLabel%2CLocation%2CMood%2CPart%2CProducer%2CSimilar%2CPhoto%2CRole%2CVast%2CTopic%2CWriter&excludeFields=file%2Ctagline%2Csummary&includeLibraryPlaylists=1&includeStations=1' from the cache.
Mar 25, 2026 18:02:34.017 [281472805970144] DEBUG - [Req#805] HubCache: Retrieving '1/movie.genre.1/1/hubs/sections/1/enexternal-media,indirect-media/count=20&excludeElements=Actor%2CCollection%2CCountry%2CDirector%2CGenre%2CLabel%2CLocation%2CMood%2CPart%2CProducer%2CSimilar%2CPhoto%2CRole%2CVast%2CTopic%2CWriter&excludeFields=file%2Ctagline%2Csummary&includeLibraryPlaylists=1&includeStations=1' from the cache.
Mar 25, 2026 18:02:34.017 [281472805970144] DEBUG - [Req#805] HubCache: Retrieving '1/movie.by.actor.or.director.1/1/hubs/sections/1/enexternal-media,indirect-media/count=20&excludeElements=Actor%2CCollection%2CCountry%2CDirector%2CGenre%2CLabel%2CLocation%2CMood%2CPart%2CProducer%2CSimilar%2CPhoto%2CRole%2CVast%2CTopic%2CWriter&excludeFields=file%2Ctagline%2Csummary&includeLibraryPlaylists=1&includeStations=1' from the cache.
Mar 25, 2026 18:02:34.017 [281472805970144] DEBUG - [Req#805] HubCache: Retrieving '1/movie.topunwatched.1/1/hubs/sections/1/enexternal-media,indirect-media/count=20&excludeElements=Actor%2CCollection%2CCountry%2CDirector%2CGenre%2CLabel%2CLocation%2CMood%2CPart%2CProducer%2CSimilar%2CPhoto%2CRole%2CVast%2CTopic%2CWriter&excludeFields=file%2Ctagline%2Csummary&includeLibraryPlaylists=1&includeStations=1' from the cache.
Mar 25, 2026 18:02:34.018 [281472805970144] DEBUG - [Req#805] HubCache: Retrieving '1/movie.curated.1/1/hubs/sections/1/enexternal-media,indirect-media/count=20&excludeElements=Actor%2CCollection%2CCountry%2CDirector%2CGenre%2CLabel%2CLocation%2CMood%2CPart%2CProducer%2CSimilar%2CPhoto%2CRole%2CVast%2CTopic%2CWriter&excludeFields=file%2Ctagline%2Csummary&includeLibraryPlaylists=1&includeStations=1' from the cache.
Mar 25, 2026 18:02:34.018 [281472805970144] DEBUG - [Req#805] HubCache: Retrieving '1/movie.recentlyviewed.1/1/hubs/sections/1/enexternal-media,indirect-media/count=20&excludeElements=Actor%2CCollection%2CCountry%2CDirector%2CGenre%2CLabel%2CLocation%2CMood%2CPart%2CProducer%2CSimilar%2CPhoto%2CRole%2CVast%2CTopic%2CWriter&excludeFields=file%2Ctagline%2Csummary&includeLibraryPlaylists=1&includeStations=1' from the cache.
Mar 25, 2026 18:02:34.020 [281472887980256] DEBUG - Completed: [192.168.97.1:31007] 200 GET /hubs/sections/1?count=20&includeLibraryPlaylists=1&includeStations=1&excludeElements=Actor%2CCollection%2CCountry%2CDirector%2CGenre%2CLabel%2CLocation%2CMood%2CPart%2CProducer%2CSimilar%2CPhoto%2CRole%2CVast%2CTopic%2CWriter&excludeFields=file%2Ctagline%2Csummary (6 live) #805 TLS GZIP 4ms 1454 bytes (pipelined: 10)
Mar 25, 2026 18:02:34.720 [281472805970144] DEBUG - Request: [192.168.97.1:31007 (Subnet)] GET /media/providers (6 live) #808 TLS GZIP Signed-in Token (oscar.p46)
Mar 25, 2026 18:02:34.724 [281472890089696] DEBUG - Completed: [192.168.97.1:31007] 200 GET /media/providers (6 live) #808 TLS GZIP 3ms 4526 bytes (pipelined: 11)
Mar 25, 2026 18:02:37.568 [281472805970144] DEBUG - Request: [192.168.97.1:31007 (Subnet)] GET /photo/:/transcode?width=1280&height=1280&minSize=0&url=%2Flibrary%2Fmetadata%2F33%2FclearLogo%2F1774443370&format=png (6 live) #80a TLS GZIP Signed-in Token (oscar.p46)
Mar 25, 2026 18:02:37.568 [281472805970144] DEBUG - [Req#80a/PhotoTranscoder] Request for url [/library/metadata/33/clearLogo/1774443370] (is local: 1 upscaled: 0)
Mar 25, 2026 18:02:37.569 [281472805970144] DEBUG - Content-Length of /config/Library/Application Support/Plex Media Server/Cache/PhotoTranscoder/09/09366efccf760753c4c8a31b6feff4613ddedf8f.png is 80150 (of total: 80150).
Mar 25, 2026 18:02:37.569 [281472827064544] DEBUG - Request: [192.168.97.1:30457 (Subnet)] GET /library/metadata/33?includeExtras=1&includeOnDeck=1&includeRelated=1&includeRelatedCount=20&includeReviews=1&includeExternalMetadata=1&checkFiles=1&includeStations=0&includePopularLeaves=0 (6 live) #804 TLS GZIP Signed-in Token (oscar.p46)
Mar 25, 2026 18:02:37.572 [281472890089696] DEBUG - Completed: [192.168.97.1:31007] 200 GET /photo/:/transcode?width=1280&height=1280&minSize=0&url=%2Flibrary%2Fmetadata%2F33%2FclearLogo%2F1774443370&format=png (6 live) #80a TLS GZIP 4ms 80150 bytes (pipelined: 12)
Mar 25, 2026 18:02:37.584 [281472827064544] DEBUG - We're going to try to auto-select an audio stream for account 1.
Mar 25, 2026 18:02:37.584 [281472827064544] DEBUG - Selecting best audio stream for part ID 63 (language: )
Mar 25, 2026 18:02:37.584 [281472827064544] DEBUG - We're going to try to auto-select a subtitle for account 1.
Mar 25, 2026 18:02:37.584 [281472827064544] DEBUG - Audio Stream: 538, Subtitle Stream: -1
Mar 25, 2026 18:02:37.594 [281472805970144] DEBUG - Request: [192.168.97.1:31007 (Subnet)] GET /photo/:/transcode?width=1280&height=1280&minSize=0&url=%2Flibrary%2Fmetadata%2F33%2FsquareArt%2F1774443370&format=jpeg (6 live) #80b TLS GZIP Signed-in Token (oscar.p46)
Mar 25, 2026 18:02:37.594 [281472805970144] DEBUG - [Req#80b/PhotoTranscoder] Request for url [/library/metadata/33/squareArt/1774443370] (is local: 1 upscaled: 0)
Mar 25, 2026 18:02:37.594 [281472805970144] DEBUG - Content-Length of /config/Library/Application Support/Plex Media Server/Cache/PhotoTranscoder/cb/cbd29953a96282840842ebaa9aa3b34eda882fbd.jpeg is 205464 (of total: 205464).
Mar 25, 2026 18:02:37.599 [281472890089696] DEBUG - Completed: [192.168.97.1:31007] 200 GET /photo/:/transcode?width=1280&height=1280&minSize=0&url=%2Flibrary%2Fmetadata%2F33%2FsquareArt%2F1774443370&format=jpeg (6 live) #80b TLS GZIP 5ms 205464 bytes (pipelined: 13)
Mar 25, 2026 18:02:37.600 [281472890089696] DEBUG - Completed: [192.168.97.1:30457] 200 GET /library/metadata/33?includeExtras=1&includeOnDeck=1&includeRelated=1&includeRelatedCount=20&includeReviews=1&includeExternalMetadata=1&checkFiles=1&includeStations=0&includePopularLeaves=0 (6 live) #804 TLS GZIP 31ms 6148 bytes (pipelined: 3)
Mar 25, 2026 18:02:37.736 [281472805970144] DEBUG - Request: [192.168.97.1:31007 (Subnet)] GET /library/sections/1/prefs (6 live) #812 TLS GZIP Signed-in Token (oscar.p46)
Mar 25, 2026 18:02:37.753 [281472890089696] DEBUG - Completed: [192.168.97.1:31007] 200 GET /library/sections/1/prefs (6 live) #812 TLS GZIP 17ms 3797 bytes (pipelined: 14)
Mar 25, 2026 18:02:43.981 [281472805970144] DEBUG - Request: [192.168.97.1:31007 (Subnet)] POST /playQueues?includeChapters=1&continuous=1&uri=server%3A%2F%2Fe54df6383d25ebd337b0eedd659aa30a8163aa07%2Fcom.plexapp.plugins.library%2Flibrary%2Fmetadata%2F33&type=video&own=1&repeat=0&shuffle=0&includeMarkers=1&includeGeolocation=1&includeExternalMedia=1 (6 live) #814 TLS GZIP Signed-in Token (oscar.p46)
Mar 25, 2026 18:02:43.981 [281472827064544] DEBUG - Request: [192.168.97.1:30457 (Subnet)] GET /photo/:/transcode?width=1920&height=1920&minSize=0&url=%2Flibrary%2Fmetadata%2F33%2FclearLogo%2F1774443370&format=png (6 live) #813 TLS GZIP Signed-in Token (oscar.p46)
Mar 25, 2026 18:02:43.981 [281472827064544] DEBUG - [Req#813/PhotoTranscoder] Request for url [/library/metadata/33/clearLogo/1774443370] (is local: 1 upscaled: 0)
Mar 25, 2026 18:02:43.982 [281472805970144] DEBUG - [Req#814] PlayQueue: Converted 'server://e54df6383d25ebd337b0eedd659aa30a8163aa07/com.plexapp.plugins.library/library/metadata/33' to 'library://x/item/%2Flibrary%2Fmetadata%2F33'
Mar 25, 2026 18:02:43.982 [281472827064544] DEBUG - Content-Length of /config/Library/Application Support/Plex Media Server/Cache/PhotoTranscoder/35/3577183378546cb46c0cb084c55737d94410f836.png is 80150 (of total: 80150).
Mar 25, 2026 18:02:43.985 [281472890089696] DEBUG - Completed: [192.168.97.1:30457] 200 GET /photo/:/transcode?width=1920&height=1920&minSize=0&url=%2Flibrary%2Fmetadata%2F33%2FclearLogo%2F1774443370&format=png (6 live) #813 TLS GZIP 4ms 80150 bytes (pipelined: 4)
Mar 25, 2026 18:02:43.991 [281472805970144] DEBUG - [Req#814] PlayQueue: Start index: 0 End index: 0 Count: 1
Mar 25, 2026 18:02:43.991 [281472805970144] DEBUG - [Req#814] PlayQueue: Added 1 items in 0.0 sec.
Mar 25, 2026 18:02:43.999 [281472805970144] DEBUG - We're going to try to auto-select an audio stream for account 1.
Mar 25, 2026 18:02:43.999 [281472805970144] DEBUG - Selecting best audio stream for part ID 63 (language: )
Mar 25, 2026 18:02:43.999 [281472805970144] DEBUG - We're going to try to auto-select a subtitle for account 1.
Mar 25, 2026 18:02:43.999 [281472805970144] DEBUG - Audio Stream: 538, Subtitle Stream: -1
Mar 25, 2026 18:02:44.000 [281472890089696] DEBUG - Completed: [192.168.97.1:31007] 200 POST /playQueues?includeChapters=1&continuous=1&uri=server%3A%2F%2Fe54df6383d25ebd337b0eedd659aa30a8163aa07%2Fcom.plexapp.plugins.library%2Flibrary%2Fmetadata%2F33&type=video&own=1&repeat=0&shuffle=0&includeMarkers=1&includeGeolocation=1&includeExternalMedia=1 (6 live) #814 TLS GZIP 19ms 3522 bytes (pipelined: 15)
Mar 25, 2026 18:02:44.020 [281472827064544] DEBUG - Request: [192.168.97.1:31007 (Subnet)] GET /photo/:/transcode?width=480&height=480&minSize=1&url=%2Flibrary%2Fmetadata%2F33%2Fthumb%2F1774443370&format=jpeg (6 live) #818 TLS GZIP Signed-in Token (oscar.p46)
Mar 25, 2026 18:02:44.020 [281472827064544] DEBUG - [Req#818/PhotoTranscoder] Request for url [/library/metadata/33/thumb/1774443370] (is local: 1 upscaled: 0)
Mar 25, 2026 18:02:44.021 [281472827064544] DEBUG - Content-Length of /config/Library/Application Support/Plex Media Server/Cache/PhotoTranscoder/5f/5fb37090126d4fc5f5aaa6f0db20fbe01c4902ea.jpeg is 75954 (of total: 75954).
Mar 25, 2026 18:02:44.023 [281472887980256] DEBUG - Completed: [192.168.97.1:31007] 200 GET /photo/:/transcode?width=480&height=480&minSize=1&url=%2Flibrary%2Fmetadata%2F33%2Fthumb%2F1774443370&format=jpeg (6 live) #818 TLS GZIP 3ms 75954 bytes (pipelined: 16)
Mar 25, 2026 18:02:44.038 [281472805970144] DEBUG - Request: [192.168.97.1:31007 (Subnet)] GET /photo/:/transcode?width=1920&height=1920&minSize=0&url=%2Flibrary%2Fmetadata%2F33%2FsquareArt%2F1774443370&format=jpeg (6 live) #819 TLS GZIP Signed-in Token (oscar.p46)
Mar 25, 2026 18:02:44.038 [281472805970144] DEBUG - [Req#819/PhotoTranscoder] Request for url [/library/metadata/33/squareArt/1774443370] (is local: 1 upscaled: 0)
Mar 25, 2026 18:02:44.039 [281472805970144] DEBUG - Content-Length of /config/Library/Application Support/Plex Media Server/Cache/PhotoTranscoder/fc/fc54be0f85f039a0c6ecf745a076426ed0e25eed.jpeg is 235623 (of total: 235623).
Mar 25, 2026 18:02:44.044 [281472887980256] DEBUG - Completed: [192.168.97.1:31007] 200 GET /photo/:/transcode?width=1920&height=1920&minSize=0&url=%2Flibrary%2Fmetadata%2F33%2FsquareArt%2F1774443370&format=jpeg (6 live) #819 TLS GZIP 5ms 235623 bytes (pipelined: 17)
Mar 25, 2026 18:02:44.101 [281472827064544] DEBUG - Request: [192.168.97.1:31007 (Subnet)] GET /library/metadata/33?checkFiles=1&includeChapters=1&includeMarkers=1 (6 live) #81a TLS GZIP Signed-in Token (oscar.p46)
Mar 25, 2026 18:02:44.112 [281472827064544] DEBUG - We're going to try to auto-select an audio stream for account 1.
Mar 25, 2026 18:02:44.112 [281472827064544] DEBUG - Selecting best audio stream for part ID 63 (language: )
Mar 25, 2026 18:02:44.112 [281472827064544] DEBUG - We're going to try to auto-select a subtitle for account 1.
Mar 25, 2026 18:02:44.112 [281472827064544] DEBUG - Audio Stream: 538, Subtitle Stream: -1
Mar 25, 2026 18:02:44.114 [281472890089696] DEBUG - Completed: [192.168.97.1:31007] 200 GET /library/metadata/33?checkFiles=1&includeChapters=1&includeMarkers=1 (6 live) #81a TLS GZIP 12ms 3499 bytes (pipelined: 18)
Mar 25, 2026 18:02:44.133 [281472805970144] DEBUG - Request: [192.168.97.1:31007 (Subnet)] GET /video/:/transcode/universal/decision?directPlay=1&directStream=1&directStreamAudio=1&protocol=hls&fastSeek=1&path=%2Flibrary%2Fmetadata%2F33&session=719f8a16-2f28-43ae-96bc-7c97793d4b0e&mediaIndex=0&partIndex=0&mediaBufferSize=50000&hasMDE=1&subtitleSize=0&videoQuality=100&videoResolution=&audioBoost=100&autoAdjustSubtitle=1&boostDialog=0&normalizeLoudness=0&subtitles=none&maxVideoBitrate=1000&location=lan (6 live) #81b TLS GZIP Signed-in Token (oscar.p46)
Mar 25, 2026 18:02:44.134 [281472805970144] DEBUG - [Req#81b/Transcode] Found session GUID of 719f8a16-2f28-43ae-96bc-7c97793d4b0e in session start.
Mar 25, 2026 18:02:44.135 [281472805970144] DEBUG - [Req#81b/Transcode] TranscodeUniversalRequest: adapting profile with augmentation data: add-transcode-target(type=videoProfile&context=all&protocol=hls&container=mkv&videoCodec=h264,png,apng,bmp,mjpeg,thp,gif,vp8,vp9,dirac,ffv1,ffvhuff,huffyuv,rawvideo,ayuv,r210,v210,v210x,v308,v408,v410,y41p,yuv4,ansi,h263,mpeg1video,mpeg2video,mpeg4,hevc,av1,vc1&audioCodec=ape,aac,aac_latm,alac,dca,vorbis,opus,pcm,pcm_alaw,pcm_mulaw,pcm_bluray,pcm_dvd,mp1,mp2,ac3,eac3,mp3&subtitleCodec=ass,dvb_subtitle,eia_608,jacosub,microdvd,mov_text,mpl2,pgs,pjs,realtext,sami,srt,ssa,stl,subviewer,subviewer1,text,vobsub,vplayer,xsub)+add-limitation(scope=videoAudioCodec&scopeName=aac&type=upperBound&name=audio.channels&value=10)+add-limitation(scope=videoTranscodeTarget&scopeName=h264&scopeType=videoCodec&context=all&protocol=hls&type=upperBound&name=video.bitDepth&value=10)+add-limitation(scope=videoTranscodeTarget&scopeName=h264&scopeType=videoCodec&context=all&protocol=hls&type=upperBound&name=video.width&value=3840)+add-limitation(scope=videoTranscodeTarget&scopeName=h264&scopeType=videoCodec&context=all&protocol=hls&type=upperBound&name=video.height&value=2160)+add-limitation(scope=videoTranscodeTarget&scopeName=hevc&scopeType=videoCodec&context=all&protocol=hls&type=upperBound&name=video.width&value=3840)+add-limitation(scope=videoTranscodeTarget&scopeName=hevc&scopeType=videoCodec&context=all&protocol=hls&type=upperBound&name=video.height&value=2160)+add-limitation(scope=videoTranscodeTarget&scopeName=av1&scopeType=videoCodec&context=all&protocol=hls&type=upperBound&name=video.width&value=3840)+add-limitation(scope=videoTranscodeTarget&scopeName=av1&scopeType=videoCodec&context=all&protocol=hls&type=upperBound&name=video.height&value=2160)+add-transcode-target-settings(type=videoProfile&context=all&protocol=hls&CopyMatroskaAttachments=true)
Mar 25, 2026 18:02:44.136 [281472805970144] DEBUG - [Req#81b/Transcode] TranscodeUniversalRequest: using augmented profile Generic
Mar 25, 2026 18:02:44.136 [281472805970144] DEBUG - [Req#81b/Transcode] Downloading document http://127.0.0.1:32400/library/metadata/33?includeBandwidths=1&offset=-1&X-Plex-Incomplete-Segments=1&X-Plex-Session-Identifier=tlmplf0gg79k4hp7m8xnc4zk
Mar 25, 2026 18:02:44.141 [281472805970144] DEBUG - [Req#81b/Transcode] We're going to try to auto-select an audio stream for account 1.
Mar 25, 2026 18:02:44.141 [281472805970144] DEBUG - [Req#81b/Transcode] Selecting best audio stream for part ID 63 (language: )
Mar 25, 2026 18:02:44.141 [281472805970144] DEBUG - [Req#81b/Transcode] We're going to try to auto-select a subtitle for account 1.
Mar 25, 2026 18:02:44.141 [281472805970144] DEBUG - [Req#81b/Transcode] Audio Stream: 538, Subtitle Stream: -1
Mar 25, 2026 18:02:44.143 [281472805970144] DEBUG - [Req#81b/Transcode] Streaming Resource: Added session 0xffff80b07408:tlmplf0gg79k4hp7m8xnc4zk
Mar 25, 2026 18:02:44.146 [281472805970144] DEBUG - [Req#81b/Transcode] Streaming Resource: Reached Decision id=33 codes=(MDE=1000,Direct play OK.) media=(id=63 part=(id=63 decision=direct play protocol=hls streams=(Video=(id=537 decision= width=1920 height=1036) Audio=(id=538 decision= channels=0 rate=0))))
Mar 25, 2026 18:02:44.147 [281472887980256] DEBUG - Completed: [192.168.97.1:31007] 200 GET /video/:/transcode/universal/decision?directPlay=1&directStream=1&directStreamAudio=1&protocol=hls&fastSeek=1&path=%2Flibrary%2Fmetadata%2F33&session=719f8a16-2f28-43ae-96bc-7c97793d4b0e&mediaIndex=0&partIndex=0&mediaBufferSize=50000&hasMDE=1&subtitleSize=0&videoQuality=100&videoResolution=&audioBoost=100&autoAdjustSubtitle=1&boostDialog=0&normalizeLoudness=0&subtitles=none&maxVideoBitrate=1000&location=lan (6 live) #81b TLS GZIP 14ms 3245 bytes (pipelined: 19)
Mar 25, 2026 18:02:44.287 [281472827064544] DEBUG - Request: [192.168.97.1:31007 (Subnet)] GET /:/timeline?key=%2Flibrary%2Fmetadata%2F33&ratingKey=33&playQueueItemID=81&duration=4633333&time=0&playbackTime=433&hasMDE=1&context=library.recommended%3Ahub.movie.inprogress&row=0&col=0&state=buffering (6 live) #81e TLS GZIP Signed-in Token (oscar.p46)
Mar 25, 2026 18:02:44.289 [281472827064544] DEBUG - [Req#81e] Client [tlmplf0gg79k4hp7m8xnc4zk] reporting timeline state buffering, progress of 0/4633333ms for guid=, playbackTime=433ms ratingKey=33 url=, key=/library/metadata/33, containerKey=, metadataId=33, source=
Mar 25, 2026 18:02:44.297 [281472827064544] DEBUG - [Req#81e] We're going to try to auto-select an audio stream for account 1.
Mar 25, 2026 18:02:44.297 [281472827064544] DEBUG - [Req#81e] Selecting best audio stream for part ID 63 (language: )
Mar 25, 2026 18:02:44.297 [281472827064544] DEBUG - [Req#81e] We're going to try to auto-select a subtitle for account 1.
Mar 25, 2026 18:02:44.297 [281472827064544] DEBUG - [Req#81e] Audio Stream: 538, Subtitle Stream: -1
Mar 25, 2026 18:02:44.299 [281472827064544] DEBUG - [Req#81e] [Now] User is oscar.p46 (ID: 1)
Mar 25, 2026 18:02:44.303 [281472827064544] DEBUG - [Req#81e] [Now] Device is iOS (iPhone).
Mar 25, 2026 18:02:44.304 [281472827064544] DEBUG - [Req#81e] [Now] Profile is iOS
Mar 25, 2026 18:02:44.304 [281472827064544] DEBUG - [Req#81e] [Now] Updated play state for /library/metadata/33.
Mar 25, 2026 18:02:44.304 [281472827064544] DEBUG - [Req#81e] Statistics: (tlmplf0gg79k4hp7m8xnc4zk) Reporting active playback in state 2 of type 1 (scrobble: 0) for account 1
Mar 25, 2026 18:02:44.307 [281472805970144] DEBUG - Request: [192.168.97.1:30457 (Subnet)] GET /library/metadata/33/thumb/1774443370 (7 live) #816 TLS GZIP Signed-in Token (oscar.p46)
Mar 25, 2026 18:02:44.307 [281472890089696] DEBUG - Completed: [192.168.97.1:31007] 200 GET /:/timeline?key=%2Flibrary%2Fmetadata%2F33&ratingKey=33&playQueueItemID=81&duration=4633333&time=0&playbackTime=433&hasMDE=1&context=library.recommended%3Ahub.movie.inprogress&row=0&col=0&state=buffering (7 live) #81e TLS GZIP 20ms 500 bytes (pipelined: 20)
Mar 25, 2026 18:02:44.312 [281472805970144] DEBUG - [Req#816] Calculated media file path for path [metadata://posters/tv.plex.agents.movie_6b069e20e07355c015503cd6ac9a40e13ffa54b9]: ["/config/Library/Application Support/Plex Media Server/Metadata/Movies/6/76ba34c4dcf9e6cc9841dd4c4ab29c9134dcb86.bundle/Contents/_combined/posters/tv.plex.agents.movie_6b069e20e07355c015503cd6ac9a40e13ffa54b9"]
Mar 25, 2026 18:02:44.313 [281472805970144] DEBUG - Content-Length of /config/Library/Application Support/Plex Media Server/Metadata/Movies/6/76ba34c4dcf9e6cc9841dd4c4ab29c9134dcb86.bundle/Contents/_combined/posters/tv.plex.agents.movie_6b069e20e07355c015503cd6ac9a40e13ffa54b9 is 679966 (of total: 679966).
Mar 25, 2026 18:02:44.318 [281472827064544] DEBUG - Request: [192.168.97.1:44054 (Subnet)] GET /status/sessions (8 live) #820 GZIP Signed-in Token (oscar.p46)
Mar 25, 2026 18:02:44.318 [281472827064544] DEBUG - [Req#820] [Now] Adding 1 sessions.
Mar 25, 2026 18:02:44.318 [281472890089696] DEBUG - Completed: [192.168.97.1:30457] 200 GET /library/metadata/33/thumb/1774443370 (8 live) #816 TLS GZIP 13ms 679966 bytes (pipelined: 5)
Mar 25, 2026 18:02:44.319 [281472890089696] DEBUG - Completed: [192.168.97.1:44054] 200 GET /status/sessions (8 live) #820 GZIP 1ms 478 bytes (pipelined: 1)
Mar 25, 2026 18:02:44.324 [281472805970144] DEBUG - Request: [192.168.97.1:16855 (Subnet)] GET /library/parts/63/1774443284/file.mp4 (8 live) #806 TLS Signed-in Token (oscar.p46) (range: bytes=0-) 
Mar 25, 2026 18:02:44.325 [281472805970144] DEBUG - Content-Length of /movies/Little Amélie or the Character of Rain (2025)/Little Amélie or the Character of Rain (2025) Bluray-1080p.mp4 is 1529112190 (of total: 1529112190).
Mar 25, 2026 18:02:45.125 [281472827064544] DEBUG - Request: [192.168.97.1:31007 (Subnet)] GET /:/timeline?key=%2Flibrary%2Fmetadata%2F33&ratingKey=33&playQueueItemID=81&duration=4633333&time=0&playbackTime=1232&hasMDE=1&context=library.recommended%3Ahub.movie.inprogress&row=0&col=0&state=paused (8 live) #827 TLS GZIP Signed-in Token (oscar.p46)
Mar 25, 2026 18:02:45.125 [281472827064544] DEBUG - [Req#827] Client [tlmplf0gg79k4hp7m8xnc4zk] reporting timeline state paused, progress of 0/4633333ms for guid=, playbackTime=1232ms ratingKey=33 url=, key=/library/metadata/33, containerKey=, metadataId=33, source=
Mar 25, 2026 18:02:45.129 [281472827064544] DEBUG - [Req#827] [Now] User is oscar.p46 (ID: 1)
Mar 25, 2026 18:02:45.129 [281472827064544] DEBUG - [Req#827] [Now] Device is iOS (iPhone).
Mar 25, 2026 18:02:45.129 [281472827064544] DEBUG - [Req#827] [Now] Profile is iOS
Mar 25, 2026 18:02:45.129 [281472827064544] DEBUG - [Req#827] [Now] Updated play state for /library/metadata/33.
Mar 25, 2026 18:02:45.129 [281472827064544] DEBUG - [Req#827] Statistics: (tlmplf0gg79k4hp7m8xnc4zk) Reporting active playback in state 1 of type 1 (scrobble: 0) for account 1
Mar 25, 2026 18:02:45.130 [281472890089696] DEBUG - Completed: [192.168.97.1:31007] 200 GET /:/timeline?key=%2Flibrary%2Fmetadata%2F33&ratingKey=33&playQueueItemID=81&duration=4633333&time=0&playbackTime=1232&hasMDE=1&context=library.recommended%3Ahub.movie.inprogress&row=0&col=0&state=paused (8 live) #827 TLS GZIP 5ms 500 bytes (pipelined: 21)
Mar 25, 2026 18:02:45.134 [281472805970144] DEBUG - Request: [192.168.97.1:44054 (Subnet)] GET /status/sessions (8 live) #82a GZIP Signed-in Token (oscar.p46)
Mar 25, 2026 18:02:45.134 [281472805970144] DEBUG - [Req#82a] [Now] Adding 1 sessions.
Mar 25, 2026 18:02:45.134 [281472887980256] DEBUG - Completed: [192.168.97.1:44054] 200 GET /status/sessions (8 live) #82a GZIP 0ms 478 bytes (pipelined: 2)
Mar 25, 2026 18:02:45.233 [281472827064544] DEBUG - Request: [192.168.97.1:51482 (Subnet)] GET /library/parts/63/1774443284/file.mp4 (9 live) #828 TLS Signed-in Token (oscar.p46) (range: bytes=37626472-) 
Mar 25, 2026 18:02:45.234 [281472827064544] DEBUG - Content-Length of /movies/Little Amélie or the Character of Rain (2025)/Little Amélie or the Character of Rain (2025) Bluray-1080p.mp4 is 1491485718 (of total: 1529112190).
Mar 25, 2026 18:02:45.239 [281472887980256] DEBUG - Failed to stream media, client probably disconnected after 13189120 bytes: 104 - Connection reset by peer
Mar 25, 2026 18:02:45.239 [281472887980256] DEBUG - Completed after connection close: [192.168.97.1:16855] 206 GET /library/parts/63/1774443284/file.mp4 (9 live) #806 TLS 914ms 13189120 bytes (range: bytes=0-) 
Mar 25, 2026 18:02:45.286 [281472827064544] DEBUG - Request: [192.168.97.1:31007 (Subnet)] GET /:/timeline?key=%2Flibrary%2Fmetadata%2F33&ratingKey=33&playQueueItemID=81&duration=4633333&time=0&playbackTime=1420&hasMDE=1&context=library.recommended%3Ahub.movie.inprogress&row=0&col=0&state=buffering (8 live) #82f TLS GZIP Signed-in Token (oscar.p46)
Mar 25, 2026 18:02:45.287 [281472805970144] DEBUG - Request: [192.168.97.1:30457 (Subnet)] GET /:/timeline?key=%2Flibrary%2Fmetadata%2F33&ratingKey=33&playQueueItemID=81&duration=4633333&time=0&playbackTime=1422&hasMDE=1&context=library.recommended%3Ahub.movie.inprogress&row=0&col=0&state=buffering (8 live) #829 TLS GZIP Signed-in Token (oscar.p46)
Mar 25, 2026 18:02:45.287 [281472744222944] DEBUG - Request: [192.168.97.1:40266 (Subnet)] GET /:/timeline?key=%2Flibrary%2Fmetadata%2F33&ratingKey=33&playQueueItemID=81&duration=4633333&time=0&playbackTime=1423&hasMDE=1&context=library.recommended%3Ahub.movie.inprogress&row=0&col=0&state=buffering (8 live) #807 TLS GZIP Signed-in Token (oscar.p46)
Mar 25, 2026 18:02:45.287 [281472827064544] DEBUG - [Req#82f] Client [tlmplf0gg79k4hp7m8xnc4zk] reporting timeline state buffering, progress of 0/4633333ms for guid=, playbackTime=1420ms ratingKey=33 url=, key=/library/metadata/33, containerKey=, metadataId=33, source=
Mar 25, 2026 18:02:45.287 [281472827064544] DEBUG - [Req#82f] [Now] User is oscar.p46 (ID: 1)
Mar 25, 2026 18:02:45.287 [281472827064544] DEBUG - [Req#82f] [Now] Device is iOS (iPhone).
Mar 25, 2026 18:02:45.288 [281472827064544] DEBUG - [Req#82f] [Now] Profile is iOS
Mar 25, 2026 18:02:45.288 [281472827064544] DEBUG - [Req#82f] [Now] Updated play state for /library/metadata/33.
Mar 25, 2026 18:02:45.288 [281472827064544] DEBUG - [Req#82f] Statistics: (tlmplf0gg79k4hp7m8xnc4zk) Reporting active playback in state 2 of type 1 (scrobble: 0) for account 1
Mar 25, 2026 18:02:45.288 [281472744222944] DEBUG - [Req#807] Client [tlmplf0gg79k4hp7m8xnc4zk] reporting timeline state buffering, progress of 0/4633333ms for guid=, playbackTime=1423ms ratingKey=33 url=, key=/library/metadata/33, containerKey=, metadataId=33, source=
Mar 25, 2026 18:02:45.288 [281472805970144] DEBUG - [Req#829] Client [tlmplf0gg79k4hp7m8xnc4zk] reporting timeline state buffering, progress of 0/4633333ms for guid=, playbackTime=1422ms ratingKey=33 url=, key=/library/metadata/33, containerKey=, metadataId=33, source=
Mar 25, 2026 18:02:45.288 [281472744222944] DEBUG - [Req#807] [Now] User is oscar.p46 (ID: 1)
Mar 25, 2026 18:02:45.288 [281472744222944] DEBUG - [Req#807] [Now] Device is iOS (iPhone).
Mar 25, 2026 18:02:45.289 [281472744222944] DEBUG - [Req#807] [Now] Profile is iOS
Mar 25, 2026 18:02:45.289 [281472744222944] DEBUG - [Req#807] [Now] Updated play state for /library/metadata/33.
Mar 25, 2026 18:02:45.289 [281472744222944] DEBUG - [Req#807] Statistics: (tlmplf0gg79k4hp7m8xnc4zk) Reporting active playback in state 2 of type 1 (scrobble: 0) for account 1
Mar 25, 2026 18:02:45.289 [281472887980256] DEBUG - Completed: [192.168.97.1:31007] 200 GET /:/timeline?key=%2Flibrary%2Fmetadata%2F33&ratingKey=33&playQueueItemID=81&duration=4633333&time=0&playbackTime=1420&hasMDE=1&context=library.recommended%3Ahub.movie.inprogress&row=0&col=0&state=buffering (8 live) #82f TLS GZIP 2ms 500 bytes (pipelined: 22)
Mar 25, 2026 18:02:45.290 [281472887980256] DEBUG - Completed: [192.168.97.1:40266] 200 GET /:/timeline?key=%2Flibrary%2Fmetadata%2F33&ratingKey=33&playQueueItemID=81&duration=4633333&time=0&playbackTime=1423&hasMDE=1&context=library.recommended%3Ahub.movie.inprogress&row=0&col=0&state=buffering (8 live) #807 TLS GZIP 3ms 500 bytes (pipelined: 2)
Mar 25, 2026 18:02:45.290 [281472805970144] DEBUG - [Req#829] [Now] User is oscar.p46 (ID: 1)
Mar 25, 2026 18:02:45.290 [281472805970144] DEBUG - [Req#829] [Now] Device is iOS (iPhone).
Mar 25, 2026 18:02:45.290 [281472805970144] DEBUG - [Req#829] [Now] Profile is iOS
Mar 25, 2026 18:02:45.290 [281472805970144] DEBUG - [Req#829] [Now] Updated play state for /library/metadata/33.
Mar 25, 2026 18:02:45.290 [281472805970144] DEBUG - [Req#829] Statistics: (tlmplf0gg79k4hp7m8xnc4zk) Reporting active playback in state 2 of type 1 (scrobble: 0) for account 1
Mar 25, 2026 18:02:45.291 [281472887980256] DEBUG - Completed: [192.168.97.1:30457] 200 GET /:/timeline?key=%2Flibrary%2Fmetadata%2F33&ratingKey=33&playQueueItemID=81&duration=4633333&time=0&playbackTime=1422&hasMDE=1&context=library.recommended%3Ahub.movie.inprogress&row=0&col=0&state=buffering (8 live) #829 TLS GZIP 4ms 500 bytes (pipelined: 6)
Mar 25, 2026 18:02:45.292 [281472827064544] DEBUG - Request: [192.168.97.1:44054 (Subnet)] GET /status/sessions (8 live) #830 GZIP Signed-in Token (oscar.p46)
Mar 25, 2026 18:02:45.292 [281472827064544] DEBUG - [Req#830] [Now] Adding 1 sessions.
Mar 25, 2026 18:02:45.292 [281472887980256] DEBUG - Completed: [192.168.97.1:44054] 200 GET /status/sessions (8 live) #830 GZIP 0ms 478 bytes (pipelined: 3)
Mar 25, 2026 18:02:45.358 [281472744222944] DEBUG - Request: [192.168.97.1:38007 (Subnet)] GET /hubs/metadata/33/postplay (9 live) #831 TLS GZIP Signed-in Token (oscar.p46)
Mar 25, 2026 18:02:45.367 [281472887980256] DEBUG - Completed: [192.168.97.1:38007] 200 GET /hubs/metadata/33/postplay (9 live) #831 TLS GZIP 8ms 450 bytes (pipelined: 1)
Mar 25, 2026 18:02:45.397 [281472805970144] DEBUG - Request: [192.168.97.1:31007 (Subnet)] GET /:/timeline?key=%2Flibrary%2Fmetadata%2F33&ratingKey=33&playQueueItemID=81&duration=4633333&time=135000&playbackTime=1542&hasMDE=1&context=library.recommended%3Ahub.movie.inprogress&row=0&col=0&state=playing (9 live) #83b TLS GZIP Signed-in Token (oscar.p46)
Mar 25, 2026 18:02:45.397 [281472805970144] DEBUG - [Req#83b] Client [tlmplf0gg79k4hp7m8xnc4zk] reporting timeline state playing, progress of 135000/4633333ms for guid=, playbackTime=1542ms ratingKey=33 url=, key=/library/metadata/33, containerKey=, metadataId=33, source=
Mar 25, 2026 18:02:45.398 [281472805970144] DEBUG - [Req#83b] Play progress on 33 'Little Amelie' - got played 135000 ms by account 1!
Mar 25, 2026 18:02:45.398 [281472799641824] DEBUG - [Req#83b] HubCache: Expiring '1/movie.by.actor.or.director.1/1/hubs/sections/1/enexternal-media,indirect-media/count=20&excludeElements=Actor%2CCollection%2CCountry%2CDirector%2CGenre%2CLabel%2CLocation%2CMood%2CPart%2CProducer%2CSimilar%2CPhoto%2CRole%2CVast%2CTopic%2CWriter&excludeFields=file%2Ctagline%2Csummary&includeLibraryPlaylists=1&includeStations=1' because event plex.event.play.session.state.update referenced an item the hub contained
Mar 25, 2026 18:02:45.398 [281472799641824] DEBUG - [Req#83b] HubCache: Expiring '1/movie.genre.1/1/hubs/sections/1/enexternal-media,indirect-media/count=20&excludeElements=Actor%2CCollection%2CCountry%2CDirector%2CGenre%2CLabel%2CLocation%2CMood%2CPart%2CProducer%2CSimilar%2CPhoto%2CRole%2CVast%2CTopic%2CWriter&excludeFields=file%2Ctagline%2Csummary&includeLibraryPlaylists=1&includeStations=1' because event plex.event.play.session.state.update referenced an item the hub contained
Mar 25, 2026 18:02:45.398 [281472799641824] DEBUG - [Req#83b] HubCache: Expiring '1/movie.inprogress.1/1/hubs/sections/1/enexternal-media,indirect-media/count=20&excludeElements=Actor%2CCollection%2CCountry%2CDirector%2CGenre%2CLabel%2CLocation%2CMood%2CPart%2CProducer%2CSimilar%2CPhoto%2CRole%2CVast%2CTopic%2CWriter&excludeFields=file%2Ctagline%2Csummary&includeLibraryPlaylists=1&includeStations=1' because event plex.event.play.session.state.update referenced an item the hub contained
Mar 25, 2026 18:02:45.398 [281472799641824] DEBUG - [Req#83b] HubCache: Expiring '1/movie.recentlyadded.1/1/hubs/sections/1/enexternal-media,indirect-media/count=20&excludeElements=Actor%2CCollection%2CCountry%2CDirector%2CGenre%2CLabel%2CLocation%2CMood%2CPart%2CProducer%2CSimilar%2CPhoto%2CRole%2CVast%2CTopic%2CWriter&excludeFields=file%2Ctagline%2Csummary&includeLibraryPlaylists=1&includeStations=1' because event plex.event.play.session.state.update referenced an item the hub contained
Mar 25, 2026 18:02:45.398 [281472799641824] DEBUG - [Req#83b] HubCache: Expiring '1/movie.recentlyreleased.1/1/hubs/sections/1/enexternal-media,indirect-media/count=20&excludeElements=Actor%2CCollection%2CCountry%2CDirector%2CGenre%2CLabel%2CLocation%2CMood%2CPart%2CProducer%2CSimilar%2CPhoto%2CRole%2CVast%2CTopic%2CWriter&excludeFields=file%2Ctagline%2Csummary&includeLibraryPlaylists=1&includeStations=1' because event plex.event.play.session.state.update referenced an item the hub contained
Mar 25, 2026 18:02:45.398 [281472799641824] DEBUG - [Req#83b] HubCache: Expiring '1/movie.recentlyviewed.1/1/hubs/sections/1/enexternal-media,indirect-media/count=20&excludeElements=Actor%2CCollection%2CCountry%2CDirector%2CGenre%2CLabel%2CLocation%2CMood%2CPart%2CProducer%2CSimilar%2CPhoto%2CRole%2CVast%2CTopic%2CWriter&excludeFields=file%2Ctagline%2Csummary&includeLibraryPlaylists=1&includeStations=1' because of event plex.event.play.session.state.update.
Mar 25, 2026 18:02:45.398 [281472799641824] DEBUG - [Req#83b] HubCache: Expiring '1/movie.topunwatched.1/1/hubs/sections/1/enexternal-media,indirect-media/count=20&excludeElements=Actor%2CCollection%2CCountry%2CDirector%2CGenre%2CLabel%2CLocation%2CMood%2CPart%2CProducer%2CSimilar%2CPhoto%2CRole%2CVast%2CTopic%2CWriter&excludeFields=file%2Ctagline%2Csummary&includeLibraryPlaylists=1&includeStations=1' because event plex.event.play.session.state.update referenced an item the hub contained
Mar 25, 2026 18:02:45.403 [281472805970144] DEBUG - [Req#83b] [Now] User is oscar.p46 (ID: 1)
Mar 25, 2026 18:02:45.403 [281472805970144] DEBUG - [Req#83b] [Now] Device is iOS (iPhone).
Mar 25, 2026 18:02:45.403 [281472805970144] DEBUG - [Req#83b] [Now] Profile is iOS
Mar 25, 2026 18:02:45.403 [281472805970144] DEBUG - [Req#83b] [Now] Updated play state for /library/metadata/33.
Mar 25, 2026 18:02:45.403 [281472805970144] DEBUG - [Req#83b] Statistics: (tlmplf0gg79k4hp7m8xnc4zk) Reporting active playback in state 0 of type 1 (scrobble: 0) for account 1
Mar 25, 2026 18:02:45.404 [281472890089696] DEBUG - Completed: [192.168.97.1:31007] 200 GET /:/timeline?key=%2Flibrary%2Fmetadata%2F33&ratingKey=33&playQueueItemID=81&duration=4633333&time=135000&playbackTime=1542&hasMDE=1&context=library.recommended%3Ahub.movie.inprogress&row=0&col=0&state=playing (9 live) #83b TLS GZIP 7ms 501 bytes (pipelined: 23)
Mar 25, 2026 18:02:45.410 [281472827064544] DEBUG - Request: [192.168.97.1:44054 (Subnet)] GET /status/sessions (9 live) #842 GZIP Signed-in Token (oscar.p46)
Mar 25, 2026 18:02:45.410 [281472827064544] DEBUG - [Req#842] [Now] Adding 1 sessions.
Mar 25, 2026 18:02:45.411 [281472887980256] DEBUG - Completed: [192.168.97.1:44054] 200 GET /status/sessions (9 live) #842 GZIP 1ms 3498 bytes (pipelined: 4)
Mar 25, 2026 18:02:52.536 [281472744222944] DEBUG - Request: [192.168.97.1:31007 (Subnet)] GET /:/timeline?key=%2Flibrary%2Fmetadata%2F33&ratingKey=33&playQueueItemID=81&duration=4633333&time=137989&playbackTime=8671&hasMDE=1&context=library.recommended%3Ahub.movie.inprogress&row=0&col=0&state=paused (9 live) #849 TLS GZIP Signed-in Token (oscar.p46)
Mar 25, 2026 18:02:52.538 [281472744222944] DEBUG - [Req#849] Client [tlmplf0gg79k4hp7m8xnc4zk] reporting timeline state paused, progress of 137989/4633333ms for guid=, playbackTime=8671ms ratingKey=33 url=, key=/library/metadata/33, containerKey=, metadataId=33, source=
Mar 25, 2026 18:02:52.539 [281472744222944] DEBUG - [Req#849] Play progress on 33 'Little Amelie' - got played 137989 ms by account 1!
Mar 25, 2026 18:02:52.546 [281472744222944] DEBUG - [Req#849] [Now] User is oscar.p46 (ID: 1)
Mar 25, 2026 18:02:52.546 [281472744222944] DEBUG - [Req#849] [Now] Device is iOS (iPhone).
Mar 25, 2026 18:02:52.547 [281472744222944] DEBUG - [Req#849] [Now] Profile is iOS
Mar 25, 2026 18:02:52.547 [281472744222944] DEBUG - [Req#849] [Now] Updated play state for /library/metadata/33.
Mar 25, 2026 18:02:52.547 [281472744222944] DEBUG - [Req#849] Statistics: (tlmplf0gg79k4hp7m8xnc4zk) Reporting active playback in state 1 of type 1 (scrobble: 0) for account 1
Mar 25, 2026 18:02:52.548 [281472887980256] DEBUG - Completed: [192.168.97.1:31007] 200 GET /:/timeline?key=%2Flibrary%2Fmetadata%2F33&ratingKey=33&playQueueItemID=81&duration=4633333&time=137989&playbackTime=8671&hasMDE=1&context=library.recommended%3Ahub.movie.inprogress&row=0&col=0&state=paused (9 live) #849 TLS GZIP 12ms 502 bytes (pipelined: 24)
Mar 25, 2026 18:02:53.950 [281472887980256] DEBUG - Failed to stream media, client probably disconnected after 18333696 bytes: 32 - Broken pipe
Mar 25, 2026 18:02:53.950 [281472887980256] DEBUG - Completed after connection close: [192.168.97.1:51482] 206 GET /library/parts/63/1774443284/file.mp4 (6 live) #828 TLS 8717ms 18333696 bytes (range: bytes=37626472-) 
Mar 25, 2026 18:03:43.986 [281472835502304] DEBUG - [Req#814] BPQ: onConsiderProcessing: Idle (true)
Mar 25, 2026 18:03:43.987 [281472835502304] DEBUG - [Req#814] BPQ: [Idle] -> [Processing]
Mar 25, 2026 18:03:43.993 [281472835502304] DEBUG - [Req#814] BPQ: generating queue items from 0 generator(s)
Mar 25, 2026 18:03:43.993 [281472835502304] DEBUG - [Req#814] BPQ: generated 0 item(s) for queue
Mar 25, 2026 18:03:43.995 [281472835502304] DEBUG - [Req#814] BPQ: [Processing] -> [Idle]
Mar 25, 2026 18:06:04.923 [281472748441824] DEBUG - [Now] Removing idle session for device tlmplf0gg79k4hp7m8xnc4zk_Video.
Mar 25, 2026 18:06:04.924 [281472748441824] DEBUG - Statistics: (tlmplf0gg79k4hp7m8xnc4zk) Reporting active playback in state 3 of type 1 (scrobble: 0) for account 1
Mar 25, 2026 18:06:14.189 [281472803860704] DEBUG - [Req#81b/Transcode] Streaming Resource: Timing out session 0xffff80b07408:tlmplf0gg79k4hp7m8xnc4zk
Mar 25, 2026 18:06:14.191 [281472803860704] DEBUG - [Req#81b/Transcode] Streaming Resource: Terminated session 0xffff80b07408:tlmplf0gg79k4hp7m8xnc4zk with reason Client stopped playback.
Mar 25, 2026 18:06:14.191 [281472803860704] DEBUG - [Req#81b/Transcode] Streaming Resource: Removing session 0xffff80b07408:tlmplf0gg79k4hp7m8xnc4zk
Mar 25, 2026 18:13:50.930 [281472744222944] DEBUG - Request: [192.168.97.1:28912 (Subnet)] GET /media/providers (4 live) #843 TLS GZIP Signed-in Token (oscar.p46)
Mar 25, 2026 18:13:50.951 [281472890089696] DEBUG - Completed: [192.168.97.1:28912] 200 GET /media/providers (4 live) #843 TLS GZIP 21ms 4526 bytes (pipelined: 1)
Mar 25, 2026 18:13:51.001 [281472744222944] DEBUG - Request: [192.168.97.1:28912 (Subnet)] GET /media/providers (4 live) #862 TLS GZIP Signed-in Token (oscar.p46)
Mar 25, 2026 18:13:51.005 [281472887980256] DEBUG - Completed: [192.168.97.1:28912] 200 GET /media/providers (4 live) #862 TLS GZIP 4ms 4526 bytes (pipelined: 2)
Mar 25, 2026 18:13:57.104 [281472744222944] DEBUG - Request: [192.168.97.1:28912 (Subnet)] GET /hubs/sections/1?count=20&includeLibraryPlaylists=1&includeStations=1&excludeElements=Actor%2CCollection%2CCountry%2CDirector%2CGenre%2CLabel%2CLocation%2CMood%2CPart%2CProducer%2CSimilar%2CPhoto%2CRole%2CVast%2CTopic%2CWriter&excludeFields=file%2Ctagline%2Csummary (4 live) #864 TLS GZIP Signed-in Token (oscar.p46)
Mar 25, 2026 18:13:57.106 [281472744222944] DEBUG - [Req#864] HubCache: Adding '1/movie.inprogress.1/1/hubs/sections/1/enexternal-media,indirect-media/count=20&excludeElements=Actor%2CCollection%2CCountry%2CDirector%2CGenre%2CLabel%2CLocation%2CMood%2CPart%2CProducer%2CSimilar%2CPhoto%2CRole%2CVast%2CTopic%2CWriter&excludeFields=file%2Ctagline%2Csummary&includeLibraryPlaylists=1&includeStations=1' to the cache (1/movie.inprogress.1/1/hubs/sections/1/enexternal-media,indirect-media/count=20&excludeElements=Actor%2CCollection%2CCountry%2CDirector%2CGenre%2CLabel%2CLocation%2CMood%2CPart%2CProducer%2CSimilar%2CPhoto%2CRole%2CVast%2CTopic%2CWriter&excludeFields=file%2Ctagline%2Csummary&includeLibraryPlaylists=1&includeStations=1).
Mar 25, 2026 18:13:57.111 [281472744222944] DEBUG - [Req#864] HubCache: Computed '1/movie.inprogress.1/1/hubs/sections/1/enexternal-media,indirect-media/count=20&excludeElements=Actor%2CCollection%2CCountry%2CDirector%2CGenre%2CLabel%2CLocation%2CMood%2CPart%2CProducer%2CSimilar%2CPhoto%2CRole%2CVast%2CTopic%2CWriter&excludeFields=file%2Ctagline%2Csummary&includeLibraryPlaylists=1&includeStations=1' in 5 ms.
Mar 25, 2026 18:13:57.111 [281472744222944] DEBUG - [Req#864] HubCache: 13 hubs cached, 66.4% hit ratio.
Mar 25, 2026 18:13:57.111 [281472744222944] DEBUG - [Req#864] HubCache: Adding '1/movie.recentlyreleased.1/1/hubs/sections/1/enexternal-media,indirect-media/count=20&excludeElements=Actor%2CCollection%2CCountry%2CDirector%2CGenre%2CLabel%2CLocation%2CMood%2CPart%2CProducer%2CSimilar%2CPhoto%2CRole%2CVast%2CTopic%2CWriter&excludeFields=file%2Ctagline%2Csummary&includeLibraryPlaylists=1&includeStations=1' to the cache (1/movie.recentlyreleased.1/1/hubs/sections/1/enexternal-media,indirect-media/count=20&excludeElements=Actor%2CCollection%2CCountry%2CDirector%2CGenre%2CLabel%2CLocation%2CMood%2CPart%2CProducer%2CSimilar%2CPhoto%2CRole%2CVast%2CTopic%2CWriter&excludeFields=file%2Ctagline%2Csummary&includeLibraryPlaylists=1&includeStations=1).
Mar 25, 2026 18:13:57.114 [281472744222944] DEBUG - [Req#864] HubCache: Computed '1/movie.recentlyreleased.1/1/hubs/sections/1/enexternal-media,indirect-media/count=20&excludeElements=Actor%2CCollection%2CCountry%2CDirector%2CGenre%2CLabel%2CLocation%2CMood%2CPart%2CProducer%2CSimilar%2CPhoto%2CRole%2CVast%2CTopic%2CWriter&excludeFields=file%2Ctagline%2Csummary&includeLibraryPlaylists=1&includeStations=1' in 2 ms.
Mar 25, 2026 18:13:57.114 [281472744222944] DEBUG - [Req#864] HubCache: Adding '1/movie.recentlyadded.1/1/hubs/sections/1/enexternal-media,indirect-media/count=20&excludeElements=Actor%2CCollection%2CCountry%2CDirector%2CGenre%2CLabel%2CLocation%2CMood%2CPart%2CProducer%2CSimilar%2CPhoto%2CRole%2CVast%2CTopic%2CWriter&excludeFields=file%2Ctagline%2Csummary&includeLibraryPlaylists=1&includeStations=1' to the cache (1/movie.recentlyadded.1/1/hubs/sections/1/enexternal-media,indirect-media/count=20&excludeElements=Actor%2CCollection%2CCountry%2CDirector%2CGenre%2CLabel%2CLocation%2CMood%2CPart%2CProducer%2CSimilar%2CPhoto%2CRole%2CVast%2CTopic%2CWriter&excludeFields=file%2Ctagline%2Csummary&includeLibraryPlaylists=1&includeStations=1).
Mar 25, 2026 18:13:57.116 [281472744222944] DEBUG - [Req#864] HubCache: Computed '1/movie.recentlyadded.1/1/hubs/sections/1/enexternal-media,indirect-media/count=20&excludeElements=Actor%2CCollection%2CCountry%2CDirector%2CGenre%2CLabel%2CLocation%2CMood%2CPart%2CProducer%2CSimilar%2CPhoto%2CRole%2CVast%2CTopic%2CWriter&excludeFields=file%2Ctagline%2Csummary&includeLibraryPlaylists=1&includeStations=1' in 1 ms.
Mar 25, 2026 18:13:57.116 [281472744222944] DEBUG - [Req#864] HubCache: Retrieving '1/recent.library.playlists.1/1/hubs/sections/1/enexternal-media,indirect-media/count=20&excludeElements=Actor%2CCollection%2CCountry%2CDirector%2CGenre%2CLabel%2CLocation%2CMood%2CPart%2CProducer%2CSimilar%2CPhoto%2CRole%2CVast%2CTopic%2CWriter&excludeFields=file%2Ctagline%2Csummary&includeLibraryPlaylists=1&includeStations=1' from the cache.
Mar 25, 2026 18:13:57.116 [281472744222944] DEBUG - [Req#864] HubCache: Adding '1/movie.genre.1/1/hubs/sections/1/enexternal-media,indirect-media/count=20&excludeElements=Actor%2CCollection%2CCountry%2CDirector%2CGenre%2CLabel%2CLocation%2CMood%2CPart%2CProducer%2CSimilar%2CPhoto%2CRole%2CVast%2CTopic%2CWriter&excludeFields=file%2Ctagline%2Csummary&includeLibraryPlaylists=1&includeStations=1' to the cache (1/movie.genre.1/1/hubs/sections/1/enexternal-media,indirect-media/count=20&excludeElements=Actor%2CCollection%2CCountry%2CDirector%2CGenre%2CLabel%2CLocation%2CMood%2CPart%2CProducer%2CSimilar%2CPhoto%2CRole%2CVast%2CTopic%2CWriter&excludeFields=file%2Ctagline%2Csummary&includeLibraryPlaylists=1&includeStations=1).
Mar 25, 2026 18:13:57.119 [281472744222944] DEBUG - [Req#864] HubCache: Computed '1/movie.genre.1/1/hubs/sections/1/enexternal-media,indirect-media/count=20&excludeElements=Actor%2CCollection%2CCountry%2CDirector%2CGenre%2CLabel%2CLocation%2CMood%2CPart%2CProducer%2CSimilar%2CPhoto%2CRole%2CVast%2CTopic%2CWriter&excludeFields=file%2Ctagline%2Csummary&includeLibraryPlaylists=1&includeStations=1' in 2 ms.
Mar 25, 2026 18:13:57.119 [281472744222944] DEBUG - [Req#864] HubCache: Adding '1/movie.by.actor.or.director.1/1/hubs/sections/1/enexternal-media,indirect-media/count=20&excludeElements=Actor%2CCollection%2CCountry%2CDirector%2CGenre%2CLabel%2CLocation%2CMood%2CPart%2CProducer%2CSimilar%2CPhoto%2CRole%2CVast%2CTopic%2CWriter&excludeFields=file%2Ctagline%2Csummary&includeLibraryPlaylists=1&includeStations=1' to the cache (1/movie.by.actor.or.director.1/1/hubs/sections/1/enexternal-media,indirect-media/count=20&excludeElements=Actor%2CCollection%2CCountry%2CDirector%2CGenre%2CLabel%2CLocation%2CMood%2CPart%2CProducer%2CSimilar%2CPhoto%2CRole%2CVast%2CTopic%2CWriter&excludeFields=file%2Ctagline%2Csummary&includeLibraryPlaylists=1&includeStations=1).
Mar 25, 2026 18:13:57.121 [281472744222944] DEBUG - [Req#864] HubCache: Computed '1/movie.by.actor.or.director.1/1/hubs/sections/1/enexternal-media,indirect-media/count=20&excludeElements=Actor%2CCollection%2CCountry%2CDirector%2CGenre%2CLabel%2CLocation%2CMood%2CPart%2CProducer%2CSimilar%2CPhoto%2CRole%2CVast%2CTopic%2CWriter&excludeFields=file%2Ctagline%2Csummary&includeLibraryPlaylists=1&includeStations=1' in 2 ms.
Mar 25, 2026 18:13:57.121 [281472744222944] DEBUG - [Req#864] HubCache: Adding '1/movie.topunwatched.1/1/hubs/sections/1/enexternal-media,indirect-media/count=20&excludeElements=Actor%2CCollection%2CCountry%2CDirector%2CGenre%2CLabel%2CLocation%2CMood%2CPart%2CProducer%2CSimilar%2CPhoto%2CRole%2CVast%2CTopic%2CWriter&excludeFields=file%2Ctagline%2Csummary&includeLibraryPlaylists=1&includeStations=1' to the cache (1/movie.topunwatched.1/1/hubs/sections/1/enexternal-media,indirect-media/count=20&excludeElements=Actor%2CCollection%2CCountry%2CDirector%2CGenre%2CLabel%2CLocation%2CMood%2CPart%2CProducer%2CSimilar%2CPhoto%2CRole%2CVast%2CTopic%2CWriter&excludeFields=file%2Ctagline%2Csummary&includeLibraryPlaylists=1&includeStations=1).
Mar 25, 2026 18:13:57.122 [281472744222944] DEBUG - [Req#864] HubCache: Computed '1/movie.topunwatched.1/1/hubs/sections/1/enexternal-media,indirect-media/count=20&excludeElements=Actor%2CCollection%2CCountry%2CDirector%2CGenre%2CLabel%2CLocation%2CMood%2CPart%2CProducer%2CSimilar%2CPhoto%2CRole%2CVast%2CTopic%2CWriter&excludeFields=file%2Ctagline%2Csummary&includeLibraryPlaylists=1&includeStations=1' in 1 ms.
Mar 25, 2026 18:13:57.122 [281472744222944] DEBUG - [Req#864] HubCache: Retrieving '1/movie.curated.1/1/hubs/sections/1/enexternal-media,indirect-media/count=20&excludeElements=Actor%2CCollection%2CCountry%2CDirector%2CGenre%2CLabel%2CLocation%2CMood%2CPart%2CProducer%2CSimilar%2CPhoto%2CRole%2CVast%2CTopic%2CWriter&excludeFields=file%2Ctagline%2Csummary&includeLibraryPlaylists=1&includeStations=1' from the cache.
Mar 25, 2026 18:13:57.122 [281472744222944] DEBUG - [Req#864] HubCache: Adding '1/movie.recentlyviewed.1/1/hubs/sections/1/enexternal-media,indirect-media/count=20&excludeElements=Actor%2CCollection%2CCountry%2CDirector%2CGenre%2CLabel%2CLocation%2CMood%2CPart%2CProducer%2CSimilar%2CPhoto%2CRole%2CVast%2CTopic%2CWriter&excludeFields=file%2Ctagline%2Csummary&includeLibraryPlaylists=1&includeStations=1' to the cache (1/movie.recentlyviewed.1/1/hubs/sections/1/enexternal-media,indirect-media/count=20&excludeElements=Actor%2CCollection%2CCountry%2CDirector%2CGenre%2CLabel%2CLocation%2CMood%2CPart%2CProducer%2CSimilar%2CPhoto%2CRole%2CVast%2CTopic%2CWriter&excludeFields=file%2Ctagline%2Csummary&includeLibraryPlaylists=1&includeStations=1).
Mar 25, 2026 18:13:57.124 [281472744222944] DEBUG - [Req#864] HubCache: Computed '1/movie.recentlyviewed.1/1/hubs/sections/1/enexternal-media,indirect-media/count=20&excludeElements=Actor%2CCollection%2CCountry%2CDirector%2CGenre%2CLabel%2CLocation%2CMood%2CPart%2CProducer%2CSimilar%2CPhoto%2CRole%2CVast%2CTopic%2CWriter&excludeFields=file%2Ctagline%2Csummary&includeLibraryPlaylists=1&includeStations=1' in 1 ms.
Mar 25, 2026 18:13:57.126 [281472887980256] DEBUG - Completed: [192.168.97.1:28912] 200 GET /hubs/sections/1?count=20&includeLibraryPlaylists=1&includeStations=1&excludeElements=Actor%2CCollection%2CCountry%2CDirector%2CGenre%2CLabel%2CLocation%2CMood%2CPart%2CProducer%2CSimilar%2CPhoto%2CRole%2CVast%2CTopic%2CWriter&excludeFields=file%2Ctagline%2Csummary (4 live) #864 TLS GZIP 22ms 1455 bytes (pipelined: 3)
Mar 25, 2026 18:13:57.201 [281472744222944] DEBUG - Request: [192.168.97.1:28912 (Subnet)] GET /photo/:/transcode?width=360&height=360&minSize=1&url=%2Flibrary%2Fmetadata%2F33%2Fthumb%2F1774443370&format=jpeg (4 live) #873 TLS GZIP Signed-in Token (oscar.p46)
Mar 25, 2026 18:13:57.202 [281472744222944] DEBUG - [Req#873/PhotoTranscoder] Request for url [/library/metadata/33/thumb/1774443370] (is local: 1 upscaled: 0)
Mar 25, 2026 18:13:57.203 [281472744222944] DEBUG - Content-Length of /config/Library/Application Support/Plex Media Server/Cache/PhotoTranscoder/96/9626090d6523d6ffc09396e6f71d49d6a6917cc9.jpeg is 48667 (of total: 48667).
Mar 25, 2026 18:13:57.205 [281472890089696] DEBUG - Completed: [192.168.97.1:28912] 200 GET /photo/:/transcode?width=360&height=360&minSize=1&url=%2Flibrary%2Fmetadata%2F33%2Fthumb%2F1774443370&format=jpeg (4 live) #873 TLS GZIP 4ms 48667 bytes (pipelined: 4)
Mar 25, 2026 18:18:06.010 [281472744222944] DEBUG - Request: [192.168.97.1:53823 (Subnet)] GET /media/providers (4 live) #860 TLS GZIP Signed-in Token (oscar.p46)
Mar 25, 2026 18:18:06.032 [281472887980256] DEBUG - Completed: [192.168.97.1:53823] 200 GET /media/providers (4 live) #860 TLS GZIP 22ms 4526 bytes (pipelined: 1)
Mar 25, 2026 18:18:13.508 [281472744222944] DEBUG - Request: [192.168.97.1:53823 (Subnet)] GET /library/search?query=A&searchTypes=availabilityPlatforms%2Ccategories%2Clivetv%2Cmovies%2CotherVideos%2Cpeople%2Ctvod%2Ctv&limit=100 (4 live) #878 TLS GZIP Signed-in Token (oscar.p46)
Mar 25, 2026 18:18:13.519 [281472890089696] DEBUG - Completed: [192.168.97.1:53823] 200 GET /library/search?query=A&searchTypes=availabilityPlatforms%2Ccategories%2Clivetv%2Cmovies%2CotherVideos%2Cpeople%2Ctvod%2Ctv&limit=100 (4 live) #878 TLS GZIP 11ms 395 bytes (pipelined: 2)
Mar 25, 2026 18:18:15.295 [281472744222944] DEBUG - Request: [192.168.97.1:53823 (Subnet)] GET /library/search?query=A+cindee&searchTypes=availabilityPlatforms%2Ccategories%2Clivetv%2Cmovies%2CotherVideos%2Cpeople%2Ctvod%2Ctv&limit=100 (4 live) #87b TLS GZIP Signed-in Token (oscar.p46)
Mar 25, 2026 18:18:15.343 [281472887980256] DEBUG - Completed: [192.168.97.1:53823] 200 GET /library/search?query=A+cindee&searchTypes=availabilityPlatforms%2Ccategories%2Clivetv%2Cmovies%2CotherVideos%2Cpeople%2Ctvod%2Ctv&limit=100 (4 live) #87b TLS GZIP 47ms 395 bytes (pipelined: 3)
Mar 25, 2026 18:18:15.896 [281472744222944] DEBUG - Request: [192.168.97.1:53823 (Subnet)] GET /library/search?query=A+cinde&searchTypes=availabilityPlatforms%2Ccategories%2Clivetv%2Cmovies%2CotherVideos%2Cpeople%2Ctvod%2Ctv&limit=100 (4 live) #87e TLS GZIP Signed-in Token (oscar.p46)
Mar 25, 2026 18:18:15.937 [281472890089696] DEBUG - Completed: [192.168.97.1:53823] 200 GET /library/search?query=A+cinde&searchTypes=availabilityPlatforms%2Ccategories%2Clivetv%2Cmovies%2CotherVideos%2Cpeople%2Ctvod%2Ctv&limit=100 (4 live) #87e TLS GZIP 41ms 395 bytes (pipelined: 4)
Mar 25, 2026 18:18:16.953 [281472744222944] DEBUG - Request: [192.168.97.1:53823 (Subnet)] GET /library/search?query=A+cinderella&searchTypes=availabilityPlatforms%2Ccategories%2Clivetv%2Cmovies%2CotherVideos%2Cpeople%2Ctvod%2Ctv&limit=100 (4 live) #881 TLS GZIP Signed-in Token (oscar.p46)
Mar 25, 2026 18:18:16.993 [281472887980256] DEBUG - Completed: [192.168.97.1:53823] 200 GET /library/search?query=A+cinderella&searchTypes=availabilityPlatforms%2Ccategories%2Clivetv%2Cmovies%2CotherVideos%2Cpeople%2Ctvod%2Ctv&limit=100 (4 live) #881 TLS GZIP 40ms 395 bytes (pipelined: 5)
Mar 25, 2026 18:18:20.757 [281472744222944] DEBUG - Request: [192.168.97.1:53823 (Subnet)] GET /library/search?query=A+cinderella+st&searchTypes=availabilityPlatforms%2Ccategories%2Clivetv%2Cmovies%2CotherVideos%2Cpeople%2Ctvod%2Ctv&limit=100 (4 live) #884 TLS GZIP Signed-in Token (oscar.p46)
Mar 25, 2026 18:18:20.803 [281472887980256] DEBUG - Completed: [192.168.97.1:53823] 200 GET /library/search?query=A+cinderella+st&searchTypes=availabilityPlatforms%2Ccategories%2Clivetv%2Cmovies%2CotherVideos%2Cpeople%2Ctvod%2Ctv&limit=100 (4 live) #884 TLS GZIP 46ms 395 bytes (pipelined: 6)
Mar 25, 2026 18:18:41.599 [281472744222944] DEBUG - Request: [192.168.97.1:47441 (Subnet)] GET /media/providers (4 live) #876 TLS GZIP Signed-in Token (oscar.p46)
Mar 25, 2026 18:18:41.604 [281472887980256] DEBUG - Completed: [192.168.97.1:47441] 200 GET /media/providers (4 live) #876 TLS GZIP 4ms 4526 bytes (pipelined: 1)
Mar 25, 2026 18:19:32.410 [281472835502304] DEBUG - PublicAddressManager: Obtaining public address and mapping port.
Mar 25, 2026 18:19:32.411 [281472835502304] DEBUG - NAT: UPnP, attempting port mapping.
Mar 25, 2026 18:19:32.412 [281472803860704] DEBUG - PublicAddressManager: Obtaining public IP.
Mar 25, 2026 18:19:32.414 [281472803860704] DEBUG - [HCl#76] HTTP requesting GET https://v4.plex.tv/pms/:/ip
Mar 25, 2026 18:19:32.945 [281472837611744] DEBUG - [HttpClient/HCl#76] HTTP/1.1 (0.5s) 200 response from GET https://v4.plex.tv/pms/:/ip
Mar 25, 2026 18:19:32.947 [281472803860704] DEBUG - PublicAddressManager: Got public IP from v4.plex.tv: 79.117.226.16
Mar 25, 2026 18:19:44.442 [281472835502304] DEBUG - NAT: UPnP, didn't find usable IGD.
Mar 25, 2026 18:19:44.442 [281472835502304] DEBUG - NAT: PMP, attempting mapping.
Mar 25, 2026 18:19:44.697 [281472835502304] WARN - NAT: PMP, got an error: Not Supported by gateway.
Mar 25, 2026 18:19:44.697 [281472835502304] DEBUG - NAT: UPnP, attempting port mapping.
Mar 25, 2026 18:19:44.990 [281472803860704] DEBUG - NAT: UPnP, getPublicIP didn't find usable IGD.
Mar 25, 2026 18:19:45.250 [281472803860704] WARN - NAT: PMP, got an error: Not Supported by gateway.
Mar 25, 2026 18:19:45.251 [281472803860704] DEBUG - MyPlex: sendMapping resetting state - previous mapping state: 'Mapped - Publishing'.
Mar 25, 2026 18:19:45.251 [281472803860704] DEBUG - MyPlex: mapping state set to 'Unknown'.
Mar 25, 2026 18:19:45.256 [281472803860704] DEBUG - MyPlex: Sending Server Info to myPlex (user=oscar.pelagio@icloud.com, ip=79.117.226.16, port=0)
Mar 25, 2026 18:19:45.256 [281472803860704] DEBUG - [HCl#77] HTTP requesting POST https://plex.tv/servers.xml?auth_token=xxxxxxxxxxxxxxxxxxxx
Mar 25, 2026 18:19:45.758 [281472837611744] DEBUG - [HttpClient/HCl#77] HTTP/1.1 (0.5s) 422 response from POST https://plex.tv/servers.xml?auth_token=xxxxxxxxxxxxxxxxxxxx
Mar 25, 2026 18:19:45.759 [281472803860704] DEBUG - MyPlex: Published Mapping State response was 422
Mar 25, 2026 18:19:45.759 [281472803860704] DEBUG - MyPlex: Got response for e54df6383d25ebd337b0eedd659aa30a8163aa07 ~ registered :0
Mar 25, 2026 18:19:45.759 [281472803860704] DEBUG - MyPlex: updating mapped state - current state: 'Mapped - Publishing'
Mar 25, 2026 18:19:45.759 [281472803860704] DEBUG - MyPlex: mapping state set to 'Mapped - Publishing'.
Mar 25, 2026 18:19:45.759 [281472803860704] DEBUG - MyPlex: async reachability check - current mapped state: 'Mapped - Publishing'.
Mar 25, 2026 18:19:45.759 [281472803860704] DEBUG - MyPlex: Requesting reachability check.
Mar 25, 2026 18:19:45.759 [281472803860704] DEBUG - [HCl#78] HTTP requesting PUT https://plex.tv/api/servers/e54df6383d25ebd337b0eedd659aa30a8163aa07/connectivity?X-Plex-Token=xxxxxxxxxxxxxxxxxxxx&asyncIdentifier=5d48d57d-cd29-4a2d-b573-46739197bf42
Mar 25, 2026 18:19:45.881 [281472837611744] DEBUG - [HttpClient/HCl#78] HTTP/1.1 (0.1s) 200 response from PUT https://plex.tv/api/servers/e54df6383d25ebd337b0eedd659aa30a8163aa07/connectivity?X-Plex-Token=xxxxxxxxxxxxxxxxxxxx&asyncIdentifier=5d48d57d-cd29-4a2d-b573-46739197bf42 (reused)
Mar 25, 2026 18:19:45.884 [281472803860704] DEBUG - MyPlex: Last published value didn't change, we're done.
Mar 25, 2026 18:19:45.991 [281472887980256] DEBUG - [EventSourceClient/pubsub/172.104.133.220:443] EventSource: Got event [data] '<Message address="" port="0" asyncIdentifier="5d48d57d-cd29-4a2d-b573-46739197bf42" connectivity="0" command="notifyConnectivity"/>'
Mar 25, 2026 18:19:45.992 [281472887980256] DEBUG - [EventSourceClient/pubsub/172.104.133.220:443] PubSub: Got notified of reachability for async identifier 5d48d57d-cd29-4a2d-b573-46739197bf42: 0 for :0 (responded in 110 ms)
Mar 25, 2026 18:19:45.992 [281472887980256] DEBUG - [EventSourceClient/pubsub/172.104.133.220:443] MyPlex: reachability check - current mapping state: 'Mapped - Publishing'.
Mar 25, 2026 18:19:45.992 [281472887980256] DEBUG - [EventSourceClient/pubsub/172.104.133.220:443] MyPlex: mapping state set to 'Mapped - Not Published (Not Reachable)'.
Mar 25, 2026 18:19:45.996 [281472744222944] DEBUG - Request: [192.168.97.1:32346 (Subnet)] GET /myplex/account (4 live) #889 GZIP Signed-in Token (oscar.p46)
Mar 25, 2026 18:19:45.998 [281472890089696] DEBUG - Completed: [192.168.97.1:32346] 200 GET /myplex/account (4 live) #889 GZIP 2ms 3365 bytes (pipelined: 1)
Mar 25, 2026 18:19:56.741 [281472835502304] DEBUG - NAT: UPnP, didn't find usable IGD.
Mar 25, 2026 18:19:56.741 [281472835502304] DEBUG - PublicAddressManager: Mapping failed.
Mar 25, 2026 18:19:56.747 [281472835502304] DEBUG - MyPlex: mapping state set to 'Mapped - Not Published'.
Mar 25, 2026 18:19:56.747 [281472835502304] DEBUG - MyPlex: sendMapping resetting state - previous mapping state: 'Mapped - Not Published'.
Mar 25, 2026 18:19:56.747 [281472835502304] DEBUG - MyPlex: mapping state set to 'Unknown'.
Mar 25, 2026 18:19:56.751 [281472835502304] DEBUG - MyPlex: Sending Server Info to myPlex (user=oscar.pelagio@icloud.com, ip=79.117.226.16, port=0)
Mar 25, 2026 18:19:56.751 [281472835502304] DEBUG - [HCl#79] HTTP requesting POST https://plex.tv/servers.xml?auth_token=xxxxxxxxxxxxxxxxxxxx
Mar 25, 2026 18:19:57.124 [281472837611744] DEBUG - [HttpClient/HCl#79] HTTP/1.1 (0.4s) 422 response from POST https://plex.tv/servers.xml?auth_token=xxxxxxxxxxxxxxxxxxxx
Mar 25, 2026 18:19:57.124 [281472835502304] DEBUG - MyPlex: Published Mapping State response was 422
Mar 25, 2026 18:19:57.124 [281472835502304] DEBUG - MyPlex: Got response for e54df6383d25ebd337b0eedd659aa30a8163aa07 ~ registered :0
Mar 25, 2026 18:19:57.124 [281472835502304] DEBUG - MyPlex: updating mapped state - current state: 'Mapped - Not Published'
Mar 25, 2026 18:19:57.124 [281472835502304] DEBUG - MyPlex: mapping state set to 'Mapped - Publishing'.
Mar 25, 2026 18:19:57.124 [281472835502304] DEBUG - MyPlex: async reachability check - current mapped state: 'Mapped - Publishing'.
Mar 25, 2026 18:19:57.124 [281472835502304] DEBUG - MyPlex: requesting connectivity refresh too soon after the last request, skipping.
Mar 25, 2026 18:19:57.128 [281472835502304] DEBUG - MyPlex: Last published value didn't change, we're done.
Mar 25, 2026 18:25:33.421 [281472824955104] DEBUG - [ViewStateSync] Starting
Mar 25, 2026 18:25:33.425 [281472824955104] DEBUG - [ViewStateSync] Fetching user tokens
Mar 25, 2026 18:25:33.427 [281472824955104] DEBUG - [ViewStateSync/HCl#7a] HTTP requesting GET https://plex.tv/api/v2/server/users/services?auth_token=xxxxxxxxxxxxxxxxxxxx
Mar 25, 2026 18:25:33.904 [281472837611744] DEBUG - [HttpClient/HCl#7a] HTTP/1.1 (0.5s) 200 response from GET https://plex.tv/api/v2/server/users/services?auth_token=xxxxxxxxxxxxxxxxxxxx
Mar 25, 2026 18:25:33.916 [281472812298464] DEBUG - [ViewStateSync] Got token for user 1 (oscar.p46)
Mar 25, 2026 18:25:33.916 [281472812298464] DEBUG - [ViewStateSync/HCl#7b] HTTP requesting GET https://plex.tv/api/v2/server/users/738467780/view_state_sync
Mar 25, 2026 18:25:34.065 [281472837611744] DEBUG - [HttpClient/HCl#7b] HTTP/1.1 (0.1s) 200 response from GET https://plex.tv/api/v2/server/users/738467780/view_state_sync (reused)
Mar 25, 2026 18:25:34.066 [281472812298464] DEBUG - [ViewStateSync] Starting for user 1
Mar 25, 2026 18:25:34.066 [281472812298464] DEBUG - [ViewStateSync] Sending state
Mar 25, 2026 18:25:34.068 [281472812298464] DEBUG - [ViewStateSync] Sending state
Mar 25, 2026 18:25:34.069 [281472812298464] DEBUG - [ViewStateSync] All state sent
Mar 25, 2026 18:25:34.071 [281472812298464] DEBUG - [ViewStateSync] Getting state
Mar 25, 2026 18:25:34.071 [281472812298464] DEBUG - [ViewStateSync/HCl#7c] HTTP requesting GET https://scrobbles.plex.tv/state/738467780?count=100
Mar 25, 2026 18:25:34.164 [281472837611744] DEBUG - [HttpClient/HCl#7c] HTTP/2.0 (0.1s) 200 response from GET https://scrobbles.plex.tv/state/738467780?count=100
Mar 25, 2026 18:25:34.164 [281472812298464] DEBUG - [ViewStateSync] Reading 0 states
Mar 25, 2026 18:25:34.164 [281472812298464] DEBUG - [ViewStateSync] Done getting states
Mar 25, 2026 18:25:34.164 [281472812298464] DEBUG - [ViewStateSync] Finished
Mar 25, 2026 18:29:11.057 [281472744222944] DEBUG - Request: [192.168.97.1:63466 (Subnet)] GET /media/providers (4 live) #89b TLS GZIP Signed-in Token (oscar.p46)
Mar 25, 2026 18:29:11.081 [281472890089696] DEBUG - Completed: [192.168.97.1:63466] 200 GET /media/providers (4 live) #89b TLS GZIP 24ms 4526 bytes (pipelined: 1)
Mar 25, 2026 18:29:33.987 [281472744222944] DEBUG - Request: [192.168.97.1:46715 (Subnet)] GET /library/search?query=A+cinde&searchTypes=availabilityPlatforms%2Ccategories%2Clivetv%2Cmovies%2CotherVideos%2Cpeople%2Ctvod%2Ctv&limit=100 (4 live) #8b4 TLS GZIP Signed-in Token (oscar.p46)
Mar 25, 2026 18:29:34.039 [281472887980256] DEBUG - Completed: [192.168.97.1:46715] 200 GET /library/search?query=A+cinde&searchTypes=availabilityPlatforms%2Ccategories%2Clivetv%2Cmovies%2CotherVideos%2Cpeople%2Ctvod%2Ctv&limit=100 (4 live) #8b4 TLS GZIP 51ms 395 bytes (pipelined: 1)
Mar 25, 2026 18:29:35.527 [281472744222944] DEBUG - Request: [192.168.97.1:46715 (Subnet)] GET /media/providers (4 live) #8bb TLS GZIP Signed-in Token (oscar.p46)
Mar 25, 2026 18:29:35.530 [281472890089696] DEBUG - Completed: [192.168.97.1:46715] 200 GET /media/providers (4 live) #8bb TLS GZIP 3ms 4526 bytes (pipelined: 2)
Mar 25, 2026 18:29:38.274 [281472744222944] DEBUG - Request: [192.168.97.1:46715 (Subnet)] GET /library/search?query=A+cinderella&searchTypes=availabilityPlatforms%2Ccategories%2Clivetv%2Cmovies%2CotherVideos%2Cpeople%2Ctvod%2Ctv&limit=100 (4 live) #8bd TLS GZIP Signed-in Token (oscar.p46)
Mar 25, 2026 18:29:38.321 [281472890089696] DEBUG - Completed: [192.168.97.1:46715] 200 GET /library/search?query=A+cinderella&searchTypes=availabilityPlatforms%2Ccategories%2Clivetv%2Cmovies%2CotherVideos%2Cpeople%2Ctvod%2Ctv&limit=100 (4 live) #8bd TLS GZIP 46ms 395 bytes (pipelined: 3)
Mar 25, 2026 18:29:46.127 [281472744222944] DEBUG - Request: [192.168.97.1:46715 (Subnet)] GET /library/search?query=A+cinderella+s&searchTypes=availabilityPlatforms%2Ccategories%2Clivetv%2Cmovies%2CotherVideos%2Cpeople%2Ctvod%2Ctv&limit=100 (4 live) #8c0 TLS GZIP Signed-in Token (oscar.p46)
Mar 25, 2026 18:29:46.184 [281472890089696] DEBUG - Completed: [192.168.97.1:46715] 200 GET /library/search?query=A+cinderella+s&searchTypes=availabilityPlatforms%2Ccategories%2Clivetv%2Cmovies%2CotherVideos%2Cpeople%2Ctvod%2Ctv&limit=100 (4 live) #8c0 TLS GZIP 57ms 395 bytes (pipelined: 4)
Mar 25, 2026 18:29:48.103 [281472744222944] DEBUG - Request: [192.168.97.1:46715 (Subnet)] GET /library/search?query=A+cinderella+st&searchTypes=availabilityPlatforms%2Ccategories%2Clivetv%2Cmovies%2CotherVideos%2Cpeople%2Ctvod%2Ctv&limit=100 (4 live) #8c3 TLS GZIP Signed-in Token (oscar.p46)
Mar 25, 2026 18:29:48.154 [281472887980256] DEBUG - Completed: [192.168.97.1:46715] 200 GET /library/search?query=A+cinderella+st&searchTypes=availabilityPlatforms%2Ccategories%2Clivetv%2Cmovies%2CotherVideos%2Cpeople%2Ctvod%2Ctv&limit=100 (4 live) #8c3 TLS GZIP 51ms 395 bytes (pipelined: 5)
Mar 25, 2026 18:30:01.153 [281472744222944] DEBUG - Request: [192.168.97.1:64211 (Subnet)] GET /library/sections/1/all?type=1&includeCollections=1&includeExternalMedia=1 (3 live) #8b8 Page 0-23 GZIP Signed-in Token (oscar.p46)
Mar 25, 2026 18:30:01.154 [281472744222944] DEBUG - [Req#8b8] Setting container serialization range to [0, 23] (total=-1)
Mar 25, 2026 18:30:01.159 [281472890089696] DEBUG - Completed: [192.168.97.1:64211] 200 GET /library/sections/1/all?type=1&includeCollections=1&includeExternalMedia=1 (4 live) #8b8 GZIP Page 0-23 5ms 1989 bytes (pipelined: 1)
Mar 25, 2026 18:30:01.184 [281472744222944] DEBUG - Request: [192.168.97.1:33943 (Subnet)] GET /photo/:/transcode?width=240&height=360&minSize=1&upscale=1&url=%2Flibrary%2Fmetadata%2F33%2Fthumb%2F1774443370%3FX-Plex-Token%3Dxxxxxxxxxxxxxxxxxxxx (5 live) #8c8 GZIP Signed-in Token (oscar.p46)
Mar 25, 2026 18:30:01.184 [281472744222944] DEBUG - [Req#8c8/PhotoTranscoder] Request for url [/library/metadata/33/thumb/1774443370?X-Plex-Token=xxxxxxxxxxxxxxxxxxxx] (is local: 1 upscaled: 1)
Mar 25, 2026 18:30:01.203 [281472744222944] DEBUG - [Req#8c8/PhotoTranscoder/Req#8cb] Calculated media file path for path [metadata://posters/tv.plex.agents.movie_6b069e20e07355c015503cd6ac9a40e13ffa54b9]: ["/config/Library/Application Support/Plex Media Server/Metadata/Movies/6/76ba34c4dcf9e6cc9841dd4c4ab29c9134dcb86.bundle/Contents/_combined/posters/tv.plex.agents.movie_6b069e20e07355c015503cd6ac9a40e13ffa54b9"]
Mar 25, 2026 18:30:01.203 [281472744222944] DEBUG - [Req#8c8/PhotoTranscoder] Calling back into ourselves for photo to transcode, optimizing the process (status: -1)
Mar 25, 2026 18:30:01.206 [281472744222944] DEBUG - [Req#8c8/PhotoTranscoder] Photo cache obtained 679966 bytes from /library/metadata/33/thumb/1774443370?X-Plex-Token=xxxxxxxxxxxxxxxxxxxx
Mar 25, 2026 18:30:01.257 [281472744222944] DEBUG - [Req#8c8/PhotoTranscoder] Created thumbnail of size 240x360, has pixels: 1
Mar 25, 2026 18:30:01.262 [281472890089696] DEBUG - Completed: [192.168.97.1:33943] 200 GET /photo/:/transcode?width=240&height=360&minSize=1&upscale=1&url=%2Flibrary%2Fmetadata%2F33%2Fthumb%2F1774443370%3FX-Plex-Token%3Dxxxxxxxxxxxxxxxxxxxx (5 live) #8c8 GZIP 78ms 25688 bytes (pipelined: 1)
Mar 25, 2026 18:32:33.122 [281472744222944] DEBUG - Request: [192.168.97.1:57154 (Subnet)] GET /library/sections (4 live) #8ca GZIP Signed-in Token (oscar.p46)
Mar 25, 2026 18:32:33.141 [281472890089696] DEBUG - Completed: [192.168.97.1:57154] 200 GET /library/sections (4 live) #8ca GZIP 19ms 863 bytes (pipelined: 1)
Mar 25, 2026 18:32:33.146 [281472744222944] DEBUG - Request: [192.168.97.1:57154 (Subnet)] GET /library/sections/1/contentRating?type=1 (4 live) #8d1 GZIP Signed-in Token (oscar.p46)
Mar 25, 2026 18:32:33.147 [281472812298464] DEBUG - Request: [192.168.97.1:42125 (Subnet)] GET /library/sections/1/label?type=1 (7 live) #8d2 GZIP Signed-in Token (oscar.p46)
Mar 25, 2026 18:32:33.147 [281472810189024] DEBUG - Request: [192.168.97.1:26676 (Subnet)] GET /library/sections/2/label?type=2 (7 live) #8d3 GZIP Signed-in Token (oscar.p46)
Mar 25, 2026 18:32:33.148 [281472805970144] DEBUG - Request: [192.168.97.1:53706 (Subnet)] GET /library/sections/2/contentRating?type=2 (7 live) #8d0 GZIP Signed-in Token (oscar.p46)
Mar 25, 2026 18:32:33.150 [281472887980256] DEBUG - Completed: [192.168.97.1:57154] 200 GET /library/sections/1/contentRating?type=1 (7 live) #8d1 GZIP 3ms 766 bytes (pipelined: 2)
Mar 25, 2026 18:32:33.151 [281472887980256] DEBUG - Completed: [192.168.97.1:26676] 200 GET /library/sections/2/label?type=2 (7 live) #8d3 GZIP 3ms 715 bytes (pipelined: 1)
Mar 25, 2026 18:32:33.151 [281472887980256] DEBUG - Completed: [192.168.97.1:42125] 200 GET /library/sections/1/label?type=1 (7 live) #8d2 GZIP 4ms 717 bytes (pipelined: 1)
Mar 25, 2026 18:32:33.152 [281472887980256] DEBUG - Completed: [192.168.97.1:53706] 200 GET /library/sections/2/contentRating?type=2 (7 live) #8d0 GZIP 4ms 766 bytes (pipelined: 1)
Mar 25, 2026 18:32:39.337 [281472890089696] DEBUG - [EventSourceClient/pubsub/172.104.133.220:443] EventSource: Got event [data] '<Message command="notifySharingChange"/>'
Mar 25, 2026 18:32:39.338 [281472890089696] DEBUG - [EventSourceClient/pubsub/172.104.133.220:443] Auth: Refreshing tokens inside the token-based authentication filter.
Mar 25, 2026 18:32:39.351 [281472890089696] DEBUG - [EventSourceClient/pubsub/172.104.133.220:443/HCl#7d] HTTP requesting GET https://plex.tv/api/v2/server/access_tokens?auth_token=xxxxxxxxxxxxxxxxxxxx
Mar 25, 2026 18:32:39.867 [281472837611744] DEBUG - [HttpClient/HCl#7d] HTTP/1.1 (0.5s) 200 response from GET https://plex.tv/api/v2/server/access_tokens?auth_token=xxxxxxxxxxxxxxxxxxxx
Mar 25, 2026 18:32:39.870 [281472890089696] DEBUG - [EventSourceClient/pubsub/172.104.133.220:443] MyPlex: updating with 16 access tokens
Mar 25, 2026 18:32:39.871 [281472890089696] DEBUG - [EventSourceClient/pubsub/172.104.133.220:443/HCl#7e] HTTP requesting GET https://plex.tv/api/v2/server/users?auth_token=xxxxxxxxxxxxxxxxxxxx
Mar 25, 2026 18:32:40.001 [281472837611744] DEBUG - [HttpClient/HCl#7e] HTTP/1.1 (0.1s) 200 response from GET https://plex.tv/api/v2/server/users?auth_token=xxxxxxxxxxxxxxxxxxxx (reused)
Mar 25, 2026 18:32:40.002 [281472801751264] DEBUG - [EventSourceClient/pubsub/172.104.133.220:443/HCl#7f] HTTP requesting GET https://plex.tv/api/v2/server/users/subscriptions?auth_token=xxxxxxxxxxxxxxxxxxxx
Mar 25, 2026 18:32:40.148 [281472837611744] DEBUG - [HttpClient/HCl#7f] HTTP/1.1 (0.1s) 200 response from GET https://plex.tv/api/v2/server/users/subscriptions?auth_token=xxxxxxxxxxxxxxxxxxxx (reused)
Mar 25, 2026 18:32:40.149 [281472801751264] DEBUG - [EventSourceClient/pubsub/172.104.133.220:443] MyPlex: using cached data for request for https://plex.tv/api/v2/server/users/services?auth_token=xxxxxxxxxxxxxxxxxxxx
Mar 25, 2026 18:32:42.877 [281472827064544] DEBUG - [EventSourceClient/pubsub/172.104.133.220:443/MediaProviderManager] Refreshing media providers
Mar 25, 2026 18:32:42.878 [281472827064544] DEBUG - [EventSourceClient/pubsub/172.104.133.220:443/MediaProviderManager/Response::fetch/HCl#80] HTTP requesting GET https://plex.tv/media/providers
Mar 25, 2026 18:32:43.014 [281472837611744] DEBUG - [HttpClient/HCl#80] HTTP/1.1 (0.1s) 200 response from GET https://plex.tv/media/providers (reused)
Mar 25, 2026 18:32:43.014 [281472827064544] DEBUG - [EventSourceClient/pubsub/172.104.133.220:443/MediaProviderManager] discovered cloud provider (Movies & Shows)
Mar 25, 2026 18:32:43.014 [281472827064544] DEBUG - [EventSourceClient/pubsub/172.104.133.220:443/MediaProviderManager] discovered cloud provider (Metadata)
Mar 25, 2026 18:32:43.014 [281472827064544] DEBUG - [EventSourceClient/pubsub/172.104.133.220:443/MediaProviderManager] loading cloud provider details (Metadata) (alive: 1)
Mar 25, 2026 18:32:43.014 [281472827064544] DEBUG - [EventSourceClient/pubsub/172.104.133.220:443/MediaProviderManager] loading cloud provider details (Movies & Shows) (alive: 1)
Mar 25, 2026 18:32:43.014 [281472827064544] DEBUG - [EventSourceClient/pubsub/172.104.133.220:443/MediaProviderManager] we had 2 cloud providers online, we now have 2
Mar 25, 2026 18:32:43.014 [281472827064544] DEBUG - [EventSourceClient/pubsub/172.104.133.220:443/MediaProviderManager] cloud provider (Metadata) is online and available
Mar 25, 2026 18:32:43.014 [281472827064544] DEBUG - [EventSourceClient/pubsub/172.104.133.220:443/MediaProviderManager] cloud provider (Movies & Shows) is online and available
Mar 25, 2026 18:32:43.014 [281472827064544] DEBUG - [EventSourceClient/pubsub/172.104.133.220:443/MediaProviderManager] Media provider refresh complete
Mar 25, 2026 18:39:15.449 [281472812298464] DEBUG - Request: [192.168.97.1:53568 (Subnet)] GET /media/providers (4 live) #8d4 TLS GZIP Signed-in Token (oscar.p46)
Mar 25, 2026 18:39:15.464 [281472890089696] DEBUG - Completed: [192.168.97.1:53568] 200 GET /media/providers (4 live) #8d4 TLS GZIP 16ms 4526 bytes (pipelined: 1)
Mar 25, 2026 18:39:16.450 [281472812298464] DEBUG - Request: [192.168.97.1:53568 (Subnet)] GET /hubs/sections/1?count=20&includeLibraryPlaylists=1&includeStations=1&excludeElements=Actor%2CCollection%2CCountry%2CDirector%2CGenre%2CLabel%2CLocation%2CMood%2CPart%2CProducer%2CSimilar%2CPhoto%2CRole%2CVast%2CTopic%2CWriter&excludeFields=file%2Ctagline%2Csummary (4 live) #8df TLS GZIP Signed-in Token (oscar.p46)
Mar 25, 2026 18:39:16.452 [281472812298464] DEBUG - [Req#8df] HubCache: Retrieving '1/movie.inprogress.1/1/hubs/sections/1/enexternal-media,indirect-media/count=20&excludeElements=Actor%2CCollection%2CCountry%2CDirector%2CGenre%2CLabel%2CLocation%2CMood%2CPart%2CProducer%2CSimilar%2CPhoto%2CRole%2CVast%2CTopic%2CWriter&excludeFields=file%2Ctagline%2Csummary&includeLibraryPlaylists=1&includeStations=1' from the cache.
Mar 25, 2026 18:39:16.452 [281472812298464] DEBUG - [Req#8df] HubCache: 19 hubs cached, 64.2% hit ratio.
Mar 25, 2026 18:39:16.452 [281472812298464] DEBUG - [Req#8df] HubCache: Retrieving '1/movie.recentlyreleased.1/1/hubs/sections/1/enexternal-media,indirect-media/count=20&excludeElements=Actor%2CCollection%2CCountry%2CDirector%2CGenre%2CLabel%2CLocation%2CMood%2CPart%2CProducer%2CSimilar%2CPhoto%2CRole%2CVast%2CTopic%2CWriter&excludeFields=file%2Ctagline%2Csummary&includeLibraryPlaylists=1&includeStations=1' from the cache.
Mar 25, 2026 18:39:16.452 [281472812298464] DEBUG - [Req#8df] HubCache: Retrieving '1/movie.recentlyadded.1/1/hubs/sections/1/enexternal-media,indirect-media/count=20&excludeElements=Actor%2CCollection%2CCountry%2CDirector%2CGenre%2CLabel%2CLocation%2CMood%2CPart%2CProducer%2CSimilar%2CPhoto%2CRole%2CVast%2CTopic%2CWriter&excludeFields=file%2Ctagline%2Csummary&includeLibraryPlaylists=1&includeStations=1' from the cache.
Mar 25, 2026 18:39:16.452 [281472812298464] DEBUG - [Req#8df] HubCache: Retrieving '1/recent.library.playlists.1/1/hubs/sections/1/enexternal-media,indirect-media/count=20&excludeElements=Actor%2CCollection%2CCountry%2CDirector%2CGenre%2CLabel%2CLocation%2CMood%2CPart%2CProducer%2CSimilar%2CPhoto%2CRole%2CVast%2CTopic%2CWriter&excludeFields=file%2Ctagline%2Csummary&includeLibraryPlaylists=1&includeStations=1' from the cache.
Mar 25, 2026 18:39:16.452 [281472812298464] DEBUG - [Req#8df] HubCache: Retrieving '1/movie.genre.1/1/hubs/sections/1/enexternal-media,indirect-media/count=20&excludeElements=Actor%2CCollection%2CCountry%2CDirector%2CGenre%2CLabel%2CLocation%2CMood%2CPart%2CProducer%2CSimilar%2CPhoto%2CRole%2CVast%2CTopic%2CWriter&excludeFields=file%2Ctagline%2Csummary&includeLibraryPlaylists=1&includeStations=1' from the cache.
Mar 25, 2026 18:39:16.452 [281472812298464] DEBUG - [Req#8df] HubCache: Retrieving '1/movie.by.actor.or.director.1/1/hubs/sections/1/enexternal-media,indirect-media/count=20&excludeElements=Actor%2CCollection%2CCountry%2CDirector%2CGenre%2CLabel%2CLocation%2CMood%2CPart%2CProducer%2CSimilar%2CPhoto%2CRole%2CVast%2CTopic%2CWriter&excludeFields=file%2Ctagline%2Csummary&includeLibraryPlaylists=1&includeStations=1' from the cache.
Mar 25, 2026 18:39:16.453 [281472812298464] DEBUG - [Req#8df] HubCache: Retrieving '1/movie.topunwatched.1/1/hubs/sections/1/enexternal-media,indirect-media/count=20&excludeElements=Actor%2CCollection%2CCountry%2CDirector%2CGenre%2CLabel%2CLocation%2CMood%2CPart%2CProducer%2CSimilar%2CPhoto%2CRole%2CVast%2CTopic%2CWriter&excludeFields=file%2Ctagline%2Csummary&includeLibraryPlaylists=1&includeStations=1' from the cache.
Mar 25, 2026 18:39:16.453 [281472812298464] DEBUG - [Req#8df] HubCache: Retrieving '1/movie.curated.1/1/hubs/sections/1/enexternal-media,indirect-media/count=20&excludeElements=Actor%2CCollection%2CCountry%2CDirector%2CGenre%2CLabel%2CLocation%2CMood%2CPart%2CProducer%2CSimilar%2CPhoto%2CRole%2CVast%2CTopic%2CWriter&excludeFields=file%2Ctagline%2Csummary&includeLibraryPlaylists=1&includeStations=1' from the cache.
Mar 25, 2026 18:39:16.453 [281472812298464] DEBUG - [Req#8df] HubCache: Retrieving '1/movie.recentlyviewed.1/1/hubs/sections/1/enexternal-media,indirect-media/count=20&excludeElements=Actor%2CCollection%2CCountry%2CDirector%2CGenre%2CLabel%2CLocation%2CMood%2CPart%2CProducer%2CSimilar%2CPhoto%2CRole%2CVast%2CTopic%2CWriter&excludeFields=file%2Ctagline%2Csummary&includeLibraryPlaylists=1&includeStations=1' from the cache.
Mar 25, 2026 18:39:16.455 [281472890089696] DEBUG - Completed: [192.168.97.1:53568] 200 GET /hubs/sections/1?count=20&includeLibraryPlaylists=1&includeStations=1&excludeElements=Actor%2CCollection%2CCountry%2CDirector%2CGenre%2CLabel%2CLocation%2CMood%2CPart%2CProducer%2CSimilar%2CPhoto%2CRole%2CVast%2CTopic%2CWriter&excludeFields=file%2Ctagline%2Csummary (4 live) #8df TLS GZIP 5ms 1455 bytes (pipelined: 2)
Mar 25, 2026 18:39:17.259 [281472812298464] DEBUG - Request: [192.168.97.1:53568 (Subnet)] GET /hubs/sections/1?count=20&includeLibraryPlaylists=1&includeStations=1&excludeElements=Actor%2CCollection%2CCountry%2CDirector%2CGenre%2CLabel%2CLocation%2CMood%2CPart%2CProducer%2CSimilar%2CPhoto%2CRole%2CVast%2CTopic%2CWriter&excludeFields=file%2Ctagline%2Csummary (4 live) #8e0 TLS GZIP Signed-in Token (oscar.p46)
Mar 25, 2026 18:39:17.260 [281472812298464] DEBUG - [Req#8e0] HubCache: Retrieving '1/movie.inprogress.1/1/hubs/sections/1/enexternal-media,indirect-media/count=20&excludeElements=Actor%2CCollection%2CCountry%2CDirector%2CGenre%2CLabel%2CLocation%2CMood%2CPart%2CProducer%2CSimilar%2CPhoto%2CRole%2CVast%2CTopic%2CWriter&excludeFields=file%2Ctagline%2Csummary&includeLibraryPlaylists=1&includeStations=1' from the cache.
Mar 25, 2026 18:39:17.261 [281472812298464] DEBUG - [Req#8e0] HubCache: Retrieving '1/movie.recentlyreleased.1/1/hubs/sections/1/enexternal-media,indirect-media/count=20&excludeElements=Actor%2CCollection%2CCountry%2CDirector%2CGenre%2CLabel%2CLocation%2CMood%2CPart%2CProducer%2CSimilar%2CPhoto%2CRole%2CVast%2CTopic%2CWriter&excludeFields=file%2Ctagline%2Csummary&includeLibraryPlaylists=1&includeStations=1' from the cache.
Mar 25, 2026 18:39:17.261 [281472812298464] DEBUG - [Req#8e0] HubCache: Retrieving '1/movie.recentlyadded.1/1/hubs/sections/1/enexternal-media,indirect-media/count=20&excludeElements=Actor%2CCollection%2CCountry%2CDirector%2CGenre%2CLabel%2CLocation%2CMood%2CPart%2CProducer%2CSimilar%2CPhoto%2CRole%2CVast%2CTopic%2CWriter&excludeFields=file%2Ctagline%2Csummary&includeLibraryPlaylists=1&includeStations=1' from the cache.
Mar 25, 2026 18:39:17.261 [281472812298464] DEBUG - [Req#8e0] HubCache: Retrieving '1/recent.library.playlists.1/1/hubs/sections/1/enexternal-media,indirect-media/count=20&excludeElements=Actor%2CCollection%2CCountry%2CDirector%2CGenre%2CLabel%2CLocation%2CMood%2CPart%2CProducer%2CSimilar%2CPhoto%2CRole%2CVast%2CTopic%2CWriter&excludeFields=file%2Ctagline%2Csummary&includeLibraryPlaylists=1&includeStations=1' from the cache.
Mar 25, 2026 18:39:17.261 [281472812298464] DEBUG - [Req#8e0] HubCache: Retrieving '1/movie.genre.1/1/hubs/sections/1/enexternal-media,indirect-media/count=20&excludeElements=Actor%2CCollection%2CCountry%2CDirector%2CGenre%2CLabel%2CLocation%2CMood%2CPart%2CProducer%2CSimilar%2CPhoto%2CRole%2CVast%2CTopic%2CWriter&excludeFields=file%2Ctagline%2Csummary&includeLibraryPlaylists=1&includeStations=1' from the cache.
Mar 25, 2026 18:39:17.261 [281472812298464] DEBUG - [Req#8e0] HubCache: Retrieving '1/movie.by.actor.or.director.1/1/hubs/sections/1/enexternal-media,indirect-media/count=20&excludeElements=Actor%2CCollection%2CCountry%2CDirector%2CGenre%2CLabel%2CLocation%2CMood%2CPart%2CProducer%2CSimilar%2CPhoto%2CRole%2CVast%2CTopic%2CWriter&excludeFields=file%2Ctagline%2Csummary&includeLibraryPlaylists=1&includeStations=1' from the cache.
Mar 25, 2026 18:39:17.261 [281472812298464] DEBUG - [Req#8e0] HubCache: Retrieving '1/movie.topunwatched.1/1/hubs/sections/1/enexternal-media,indirect-media/count=20&excludeElements=Actor%2CCollection%2CCountry%2CDirector%2CGenre%2CLabel%2CLocation%2CMood%2CPart%2CProducer%2CSimilar%2CPhoto%2CRole%2CVast%2CTopic%2CWriter&excludeFields=file%2Ctagline%2Csummary&includeLibraryPlaylists=1&includeStations=1' from the cache.
Mar 25, 2026 18:39:17.261 [281472812298464] DEBUG - [Req#8e0] HubCache: Retrieving '1/movie.curated.1/1/hubs/sections/1/enexternal-media,indirect-media/count=20&excludeElements=Actor%2CCollection%2CCountry%2CDirector%2CGenre%2CLabel%2CLocation%2CMood%2CPart%2CProducer%2CSimilar%2CPhoto%2CRole%2CVast%2CTopic%2CWriter&excludeFields=file%2Ctagline%2Csummary&includeLibraryPlaylists=1&includeStations=1' from the cache.
Mar 25, 2026 18:39:17.261 [281472812298464] DEBUG - [Req#8e0] HubCache: Retrieving '1/movie.recentlyviewed.1/1/hubs/sections/1/enexternal-media,indirect-media/count=20&excludeElements=Actor%2CCollection%2CCountry%2CDirector%2CGenre%2CLabel%2CLocation%2CMood%2CPart%2CProducer%2CSimilar%2CPhoto%2CRole%2CVast%2CTopic%2CWriter&excludeFields=file%2Ctagline%2Csummary&includeLibraryPlaylists=1&includeStations=1' from the cache.
Mar 25, 2026 18:39:17.263 [281472887980256] DEBUG - Completed: [192.168.97.1:53568] 200 GET /hubs/sections/1?count=20&includeLibraryPlaylists=1&includeStations=1&excludeElements=Actor%2CCollection%2CCountry%2CDirector%2CGenre%2CLabel%2CLocation%2CMood%2CPart%2CProducer%2CSimilar%2CPhoto%2CRole%2CVast%2CTopic%2CWriter&excludeFields=file%2Ctagline%2Csummary (4 live) #8e0 TLS GZIP 3ms 1455 bytes (pipelined: 3)
Mar 25, 2026 18:39:21.839 [281472812298464] DEBUG - Request: [192.168.97.1:53568 (Subnet)] GET /hubs/sections/1?count=20&includeLibraryPlaylists=1&includeStations=1&excludeElements=Actor%2CCollection%2CCountry%2CDirector%2CGenre%2CLabel%2CLocation%2CMood%2CPart%2CProducer%2CSimilar%2CPhoto%2CRole%2CVast%2CTopic%2CWriter&excludeFields=file%2Ctagline%2Csummary (4 live) #8e1 TLS GZIP Signed-in Token (oscar.p46)
Mar 25, 2026 18:39:21.840 [281472812298464] DEBUG - [Req#8e1] HubCache: Retrieving '1/movie.inprogress.1/1/hubs/sections/1/enexternal-media,indirect-media/count=20&excludeElements=Actor%2CCollection%2CCountry%2CDirector%2CGenre%2CLabel%2CLocation%2CMood%2CPart%2CProducer%2CSimilar%2CPhoto%2CRole%2CVast%2CTopic%2CWriter&excludeFields=file%2Ctagline%2Csummary&includeLibraryPlaylists=1&includeStations=1' from the cache.
Mar 25, 2026 18:39:21.841 [281472812298464] DEBUG - [Req#8e1] HubCache: Retrieving '1/movie.recentlyreleased.1/1/hubs/sections/1/enexternal-media,indirect-media/count=20&excludeElements=Actor%2CCollection%2CCountry%2CDirector%2CGenre%2CLabel%2CLocation%2CMood%2CPart%2CProducer%2CSimilar%2CPhoto%2CRole%2CVast%2CTopic%2CWriter&excludeFields=file%2Ctagline%2Csummary&includeLibraryPlaylists=1&includeStations=1' from the cache.
Mar 25, 2026 18:39:21.841 [281472812298464] DEBUG - [Req#8e1] HubCache: Retrieving '1/movie.recentlyadded.1/1/hubs/sections/1/enexternal-media,indirect-media/count=20&excludeElements=Actor%2CCollection%2CCountry%2CDirector%2CGenre%2CLabel%2CLocation%2CMood%2CPart%2CProducer%2CSimilar%2CPhoto%2CRole%2CVast%2CTopic%2CWriter&excludeFields=file%2Ctagline%2Csummary&includeLibraryPlaylists=1&includeStations=1' from the cache.
Mar 25, 2026 18:39:21.841 [281472812298464] DEBUG - [Req#8e1] HubCache: Retrieving '1/recent.library.playlists.1/1/hubs/sections/1/enexternal-media,indirect-media/count=20&excludeElements=Actor%2CCollection%2CCountry%2CDirector%2CGenre%2CLabel%2CLocation%2CMood%2CPart%2CProducer%2CSimilar%2CPhoto%2CRole%2CVast%2CTopic%2CWriter&excludeFields=file%2Ctagline%2Csummary&includeLibraryPlaylists=1&includeStations=1' from the cache.
Mar 25, 2026 18:39:21.841 [281472812298464] DEBUG - [Req#8e1] HubCache: Retrieving '1/movie.genre.1/1/hubs/sections/1/enexternal-media,indirect-media/count=20&excludeElements=Actor%2CCollection%2CCountry%2CDirector%2CGenre%2CLabel%2CLocation%2CMood%2CPart%2CProducer%2CSimilar%2CPhoto%2CRole%2CVast%2CTopic%2CWriter&excludeFields=file%2Ctagline%2Csummary&includeLibraryPlaylists=1&includeStations=1' from the cache.
Mar 25, 2026 18:39:21.841 [281472812298464] DEBUG - [Req#8e1] HubCache: Retrieving '1/movie.by.actor.or.director.1/1/hubs/sections/1/enexternal-media,indirect-media/count=20&excludeElements=Actor%2CCollection%2CCountry%2CDirector%2CGenre%2CLabel%2CLocation%2CMood%2CPart%2CProducer%2CSimilar%2CPhoto%2CRole%2CVast%2CTopic%2CWriter&excludeFields=file%2Ctagline%2Csummary&includeLibraryPlaylists=1&includeStations=1' from the cache.
Mar 25, 2026 18:39:21.841 [281472812298464] DEBUG - [Req#8e1] HubCache: Retrieving '1/movie.topunwatched.1/1/hubs/sections/1/enexternal-media,indirect-media/count=20&excludeElements=Actor%2CCollection%2CCountry%2CDirector%2CGenre%2CLabel%2CLocation%2CMood%2CPart%2CProducer%2CSimilar%2CPhoto%2CRole%2CVast%2CTopic%2CWriter&excludeFields=file%2Ctagline%2Csummary&includeLibraryPlaylists=1&includeStations=1' from the cache.
Mar 25, 2026 18:39:21.841 [281472812298464] DEBUG - [Req#8e1] HubCache: Retrieving '1/movie.curated.1/1/hubs/sections/1/enexternal-media,indirect-media/count=20&excludeElements=Actor%2CCollection%2CCountry%2CDirector%2CGenre%2CLabel%2CLocation%2CMood%2CPart%2CProducer%2CSimilar%2CPhoto%2CRole%2CVast%2CTopic%2CWriter&excludeFields=file%2Ctagline%2Csummary&includeLibraryPlaylists=1&includeStations=1' from the cache.
Mar 25, 2026 18:39:21.841 [281472812298464] DEBUG - [Req#8e1] HubCache: Retrieving '1/movie.recentlyviewed.1/1/hubs/sections/1/enexternal-media,indirect-media/count=20&excludeElements=Actor%2CCollection%2CCountry%2CDirector%2CGenre%2CLabel%2CLocation%2CMood%2CPart%2CProducer%2CSimilar%2CPhoto%2CRole%2CVast%2CTopic%2CWriter&excludeFields=file%2Ctagline%2Csummary&includeLibraryPlaylists=1&includeStations=1' from the cache.
Mar 25, 2026 18:39:21.843 [281472887980256] DEBUG - Completed: [192.168.97.1:53568] 200 GET /hubs/sections/1?count=20&includeLibraryPlaylists=1&includeStations=1&excludeElements=Actor%2CCollection%2CCountry%2CDirector%2CGenre%2CLabel%2CLocation%2CMood%2CPart%2CProducer%2CSimilar%2CPhoto%2CRole%2CVast%2CTopic%2CWriter&excludeFields=file%2Ctagline%2Csummary (4 live) #8e1 TLS GZIP 4ms 1455 bytes (pipelined: 4)
Mar 25, 2026 18:39:22.870 [281472812298464] DEBUG - Request: [192.168.97.1:53568 (Subnet)] GET /library/sections/1/firstCharacter?type=1&includeCollections=1 (4 live) #8e2 TLS GZIP Signed-in Token (oscar.p46)
Mar 25, 2026 18:39:22.874 [281472890089696] DEBUG - Completed: [192.168.97.1:53568] 200 GET /library/sections/1/firstCharacter?type=1&includeCollections=1 (4 live) #8e2 TLS GZIP 4ms 631 bytes (pipelined: 5)
Mar 25, 2026 18:39:22.916 [281472812298464] DEBUG - Request: [192.168.97.1:53568 (Subnet)] GET /library/sections/1/all?type=1&includeMeta=1&includeCollections=1&includeAdvanced=1&excludeElements=Actor%2CCollection%2CCountry%2CDirector%2CGenre%2CLabel%2CLocation%2CMood%2CPart%2CProducer%2CSimilar%2CPhoto%2CRole%2CVast%2CTopic%2CWriter&excludeFields=file%2Ctagline%2Csummary (4 live) #8e3 TLS Page 0-39 GZIP Signed-in Token (oscar.p46)
Mar 25, 2026 18:39:22.917 [281472812298464] ERROR - [Req#8e3] Unknown metadata type: folder
Mar 25, 2026 18:39:22.917 [281472812298464] DEBUG - [Req#8e3] Setting container serialization range to [0, 39] (total=-1)
Mar 25, 2026 18:39:22.924 [281472887980256] DEBUG - Completed: [192.168.97.1:53568] 200 GET /library/sections/1/all?type=1&includeMeta=1&includeCollections=1&includeAdvanced=1&excludeElements=Actor%2CCollection%2CCountry%2CDirector%2CGenre%2CLabel%2CLocation%2CMood%2CPart%2CProducer%2CSimilar%2CPhoto%2CRole%2CVast%2CTopic%2CWriter&excludeFields=file%2Ctagline%2Csummary (4 live) #8e3 TLS GZIP Page 0-39 8ms 2572 bytes (pipelined: 6)
Mar 25, 2026 18:40:14.965 [281472887980256] DEBUG - [EventSourceClient/pubsub/172.104.133.220:443] EventSource: Got event [data] '<Message command="notifySharingChange"/>'
Mar 25, 2026 18:40:14.966 [281472887980256] DEBUG - [EventSourceClient/pubsub/172.104.133.220:443] Auth: Refreshing tokens inside the token-based authentication filter.
Mar 25, 2026 18:40:14.967 [281472887980256] DEBUG - [EventSourceClient/pubsub/172.104.133.220:443/HCl#81] HTTP requesting GET https://plex.tv/api/v2/server/access_tokens?auth_token=xxxxxxxxxxxxxxxxxxxx
Mar 25, 2026 18:40:15.418 [281472837611744] DEBUG - [HttpClient/HCl#81] HTTP/1.1 (0.5s) 200 response from GET https://plex.tv/api/v2/server/access_tokens?auth_token=xxxxxxxxxxxxxxxxxxxx
Mar 25, 2026 18:40:15.420 [281472887980256] DEBUG - [EventSourceClient/pubsub/172.104.133.220:443] MyPlex: updating with 17 access tokens
Mar 25, 2026 18:40:15.421 [281472887980256] DEBUG - [EventSourceClient/pubsub/172.104.133.220:443/HCl#82] HTTP requesting GET https://plex.tv/api/v2/server/users?auth_token=xxxxxxxxxxxxxxxxxxxx
Mar 25, 2026 18:40:15.559 [281472837611744] DEBUG - [HttpClient/HCl#82] HTTP/1.1 (0.1s) 200 response from GET https://plex.tv/api/v2/server/users?auth_token=xxxxxxxxxxxxxxxxxxxx (reused)
Mar 25, 2026 18:40:15.560 [281472824955104] DEBUG - [EventSourceClient/pubsub/172.104.133.220:443/HCl#83] HTTP requesting GET https://plex.tv/api/v2/server/users/subscriptions?auth_token=xxxxxxxxxxxxxxxxxxxx
Mar 25, 2026 18:40:15.706 [281472837611744] DEBUG - [HttpClient/HCl#83] HTTP/1.1 (0.1s) 200 response from GET https://plex.tv/api/v2/server/users/subscriptions?auth_token=xxxxxxxxxxxxxxxxxxxx (reused)
Mar 25, 2026 18:40:15.709 [281472824955104] DEBUG - [EventSourceClient/pubsub/172.104.133.220:443] MyPlex: using cached data for request for https://plex.tv/api/v2/server/users/services?auth_token=xxxxxxxxxxxxxxxxxxxx
Mar 25, 2026 18:40:18.422 [281472835502304] DEBUG - [EventSourceClient/pubsub/172.104.133.220:443/MediaProviderManager] Refreshing media providers
Mar 25, 2026 18:40:18.423 [281472835502304] DEBUG - [EventSourceClient/pubsub/172.104.133.220:443/MediaProviderManager/Response::fetch/HCl#84] HTTP requesting GET https://plex.tv/media/providers
Mar 25, 2026 18:40:18.577 [281472837611744] DEBUG - [HttpClient/HCl#84] HTTP/1.1 (0.2s) 200 response from GET https://plex.tv/media/providers (reused)
Mar 25, 2026 18:40:18.577 [281472835502304] DEBUG - [EventSourceClient/pubsub/172.104.133.220:443/MediaProviderManager] discovered cloud provider (Movies & Shows)
Mar 25, 2026 18:40:18.577 [281472835502304] DEBUG - [EventSourceClient/pubsub/172.104.133.220:443/MediaProviderManager] discovered cloud provider (Metadata)
Mar 25, 2026 18:40:18.577 [281472835502304] DEBUG - [EventSourceClient/pubsub/172.104.133.220:443/MediaProviderManager] loading cloud provider details (Metadata) (alive: 1)
Mar 25, 2026 18:40:18.577 [281472835502304] DEBUG - [EventSourceClient/pubsub/172.104.133.220:443/MediaProviderManager] loading cloud provider details (Movies & Shows) (alive: 1)
Mar 25, 2026 18:40:18.577 [281472835502304] DEBUG - [EventSourceClient/pubsub/172.104.133.220:443/MediaProviderManager] we had 2 cloud providers online, we now have 2
Mar 25, 2026 18:40:18.577 [281472835502304] DEBUG - [EventSourceClient/pubsub/172.104.133.220:443/MediaProviderManager] cloud provider (Metadata) is online and available
Mar 25, 2026 18:40:18.577 [281472835502304] DEBUG - [EventSourceClient/pubsub/172.104.133.220:443/MediaProviderManager] cloud provider (Movies & Shows) is online and available
Mar 25, 2026 18:40:18.577 [281472835502304] DEBUG - [EventSourceClient/pubsub/172.104.133.220:443/MediaProviderManager] Media provider refresh complete
Mar 25, 2026 18:40:21.773 [281472890089696] DEBUG - Auth: authenticated user 738871968 as caterinaalomar
Mar 25, 2026 18:40:21.775 [281472812298464] DEBUG - Request: [192.168.97.1:64452 (Subnet)] GET /media/providers (4 live) #8dd TLS GZIP Signed-in Token (caterinaalomar)
Mar 25, 2026 18:40:21.780 [281472890089696] DEBUG - Completed: [192.168.97.1:64452] 200 GET /media/providers (4 live) #8dd TLS GZIP 4ms 4608 bytes (pipelined: 1)
Mar 25, 2026 18:40:21.813 [281472890089696] DEBUG - Auth: authenticated user 738871968 as caterinaalomar
Mar 25, 2026 18:40:21.813 [281472812298464] DEBUG - Request: [192.168.97.1:33925 (Subnet)] GET /:/websockets/notifications (5 live) #8e6 TLS GZIP Signed-in Token (caterinaalomar)
Mar 25, 2026 18:40:21.813 [281472812298464] DEBUG - WebSocket: Performing handshake from origin https://app.plex.tv
Mar 25, 2026 18:40:21.813 [281472812298464] DEBUG - Beginning read from WebSocket
Mar 25, 2026 18:40:21.817 [281472887980256] DEBUG - Auth: authenticated user 738871968 as caterinaalomar
Mar 25, 2026 18:40:21.817 [281472812298464] DEBUG - Request: [192.168.97.1:64452 (Subnet)] GET /activities (5 live) #8e8 TLS GZIP Signed-in Token (caterinaalomar)
Mar 25, 2026 18:40:21.817 [281472890089696] DEBUG - Completed: [192.168.97.1:64452] 200 GET /activities (5 live) #8e8 TLS GZIP 0ms 475 bytes (pipelined: 2)
Mar 25, 2026 18:40:25.428 [281472827064544] DEBUG - [EventSourceClient/pubsub/172.104.133.220:443/HCl#85] HTTP requesting GET https://plex.tv/api/v2/features?X-Plex-Token=xxxxxxxxxxxxxxxxxxxx
Mar 25, 2026 18:40:25.633 [281472837611744] DEBUG - [HttpClient/HCl#85] HTTP/1.1 (0.2s) 200 response from GET https://plex.tv/api/v2/features?X-Plex-Token=xxxxxxxxxxxxxxxxxxxx (reused)
Mar 25, 2026 18:40:25.641 [281472827064544] DEBUG - [EventSourceClient/pubsub/172.104.133.220:443/HCl#86] HTTP requesting GET https://plex.tv/api/v2/server/users/features
Mar 25, 2026 18:40:25.795 [281472837611744] DEBUG - [HttpClient/HCl#86] HTTP/1.1 (0.2s) 200 response from GET https://plex.tv/api/v2/server/users/features (reused)
Mar 25, 2026 18:40:45.423 [281472887980256] DEBUG - handleStreamRead code 1: stream truncated
Mar 25, 2026 18:40:45.423 [281472887980256] DEBUG - NotificationStream: Removing because of error
Mar 25, 2026 18:40:45.424 [281472887980256] DEBUG - Completed after connection close: [192.168.97.1:33925] -3 GET /:/websockets/notifications (4 live) #8e6 TLS GZIP 23610ms 6 bytes
