Mar 24, 2026 21:23:25.937 [281473234288864] INFO - Plex Media Server v1.43.0.10492-121068a07 - Docker Docker Container (LinuxServer.io) aarch64 - build: linux-aarch64 debian - GMT 01:00
Mar 24, 2026 21:23:25.937 [281473234288864] INFO - Linux version: 6.17.8-orbstack-00308-g8f9c941121b1, language: en-US
Mar 24, 2026 21:23:25.938 [281473234288864] INFO - Processor: 8-core Apple Swift
Mar 24, 2026 21:23:25.938 [281473234288864] INFO - Compiler is - Clang 11.0.1 (https://plex.tv 9b997da8e5b47bdb4a9425b3a3b290be393b4b1f)
Mar 24, 2026 21:23:25.938 [281473234288864] INFO - /usr/lib/plexmediaserver/Plex Media Server
Mar 24, 2026 21:23:25.937 [281473332379680] DEBUG - BPQ: [Idle] -> [Starting]
Mar 24, 2026 21:23:25.937 [281473332379680] DEBUG - FeatureManager: Using cached data for features list
Mar 24, 2026 21:23:25.939 [281473332379680] DEBUG - MyPlex: mapping state set to 'Unknown'.
Mar 24, 2026 21:23:25.939 [281473332379680] DEBUG - Relay: read 0 cached entries from hosts file
Mar 24, 2026 21:23:25.940 [281473332379680] DEBUG - Opening 20 database sessions to library (com.plexapp.plugins.library), SQLite 3.39.4, threadsafe=1
Mar 24, 2026 21:23:25.959 [281473332379680] DEBUG - MyPlex: using cached data for request for https://plex.tv/api/v2/server/users/features
Mar 24, 2026 21:23:25.969 [281473332379680] DEBUG - [CERT] Subject name is /CN=*.16c329135f6e41b3a1024017a16a7d6a.plex.direct
Mar 24, 2026 21:23:25.969 [281473332379680] DEBUG - [CERT] Installed certificate with fingerprint df:db:36:d7:26:28:22:21:95:5d:95:38:0f:91:52:0c:50:81:60:5b.
Mar 24, 2026 21:23:25.969 [281473332379680] DEBUG - [CERT/OCSP] no URL available
Mar 24, 2026 21:23:25.969 [281473332379680] WARN - [CERT/OCSP] getCertInfo failed; skipping stapling
Mar 24, 2026 21:23:25.969 [281473332379680] DEBUG - HttpServer: Listening on IPv6 as well as IPv4.
Mar 24, 2026 21:23:25.970 [281473332379680] DEBUG - HttpServer: Listening on port 32400.
Mar 24, 2026 21:23:25.970 [281473332379680] DEBUG - HttpServer: Listening on port 32401.
Mar 24, 2026 21:23:25.970 [281473332379680] DEBUG - Running server...
Mar 24, 2026 21:23:25.970 [281473216491744] DEBUG - HttpServer: Set up a thread pool with 2 threads.
Mar 24, 2026 21:23:25.970 [281473332379680] INFO - Running migrations. (EPG 0)
Mar 24, 2026 21:23:25.970 [281473332379680] DEBUG - Captured session 0.
Mar 24, 2026 21:23:25.970 [281473332379680] DEBUG - Captured session 1.
Mar 24, 2026 21:23:25.970 [281473332379680] DEBUG - Captured session 2.
Mar 24, 2026 21:23:25.970 [281473332379680] DEBUG - Captured session 3.
Mar 24, 2026 21:23:25.970 [281473332379680] DEBUG - Captured session 4.
Mar 24, 2026 21:23:25.970 [281473332379680] DEBUG - Captured session 5.
Mar 24, 2026 21:23:25.970 [281473332379680] DEBUG - Captured session 6.
Mar 24, 2026 21:23:25.970 [281473332379680] DEBUG - Captured session 7.
Mar 24, 2026 21:23:25.970 [281473332379680] DEBUG - Captured session 8.
Mar 24, 2026 21:23:25.970 [281473332379680] DEBUG - Captured session 9.
Mar 24, 2026 21:23:25.970 [281473332379680] DEBUG - Captured session 10.
Mar 24, 2026 21:23:25.970 [281473332379680] DEBUG - Captured session 11.
Mar 24, 2026 21:23:25.970 [281473332379680] DEBUG - Captured session 12.
Mar 24, 2026 21:23:25.970 [281473332379680] DEBUG - Captured session 13.
Mar 24, 2026 21:23:25.970 [281473332379680] DEBUG - Captured session 14.
Mar 24, 2026 21:23:25.970 [281473332379680] DEBUG - Captured session 15.
Mar 24, 2026 21:23:25.970 [281473332379680] DEBUG - Captured session 16.
Mar 24, 2026 21:23:25.970 [281473332379680] DEBUG - Captured session 17.
Mar 24, 2026 21:23:25.970 [281473332379680] DEBUG - Captured session 18.
Mar 24, 2026 21:23:25.970 [281473332379680] DEBUG - Captured session 19.
Mar 24, 2026 21:23:25.972 [281473332379680] DEBUG - ChangestampAllocator: initialized to 10
Mar 24, 2026 21:23:25.972 [281473332379680] DEBUG - Opening 2 database sessions to library (com.plexapp.plugins.library.blobs), SQLite 3.39.4, threadsafe=1
Mar 24, 2026 21:23:25.976 [281473332379680] INFO - Running migrations. (EPG 0)
Mar 24, 2026 21:23:25.976 [281473332379680] DEBUG - Captured session 0.
Mar 24, 2026 21:23:25.976 [281473332379680] DEBUG - Captured session 1.
Mar 24, 2026 21:23:25.990 [281473229508832] DEBUG - Grabber: Cleaning up orphaned grabs.
Mar 24, 2026 21:23:25.990 [281473229508832] DEBUG - Grabber: Cleaned up 0 decrepit directories in 0.0 sec.
Mar 24, 2026 21:23:25.990 [281473332379680] DEBUG - Media Provider: Registering provider com.plexapp.plugins.library
Mar 24, 2026 21:23:25.990 [281473332379680] DEBUG - Auth: Refreshing tokens inside the token-based authentication filter.
Mar 24, 2026 21:23:25.990 [281473332379680] DEBUG - MyPlex: using cached data for request for https://plex.tv/api/v2/server/access_tokens?auth_token=xxxxxxxxxxxxxxxxxxxx
Mar 24, 2026 21:23:25.990 [281473332379680] DEBUG - MyPlex: updating with 6 access tokens
Mar 24, 2026 21:23:25.990 [281473332379680] DEBUG - MyPlex: using cached data for request for https://plex.tv/api/v2/server/users?auth_token=xxxxxxxxxxxxxxxxxxxx
Mar 24, 2026 21:23:25.991 [281473332379680] DEBUG - MyPlex: using cached data for request for https://plex.tv/api/v2/server/users/subscriptions?auth_token=xxxxxxxxxxxxxxxxxxxx
Mar 24, 2026 21:23:25.991 [281473332379680] DEBUG - MyPlex: using cached data for request for https://plex.tv/api/v2/server/users/services?auth_token=xxxxxxxxxxxxxxxxxxxx
Mar 24, 2026 21:23:25.993 [281473229508832] DEBUG - Auth: Refreshing tokens inside the token-based authentication filter.
Mar 24, 2026 21:23:25.993 [281473229508832] DEBUG - [HCl#1] HTTP requesting GET https://plex.tv/api/v2/server/access_tokens?auth_token=xxxxxxxxxxxxxxxxxxxx
Mar 24, 2026 21:23:25.993 [281473332379680] DEBUG - Opening 1 database sessions to library (), SQLite 3.39.4, threadsafe=1
Mar 24, 2026 21:23:25.994 [281473189294304] DEBUG - File "/usr/lib/plexmediaserver/Resources/Plug-ins-121068a07" changed: -1 => 2026-03-21 15:32:41 (1774103561).
Mar 24, 2026 21:23:25.994 [281473189294304] DEBUG - File "/config/Library/Application Support/Plex Media Server/Plug-ins" changed: -1 => 2026-03-24 20:26:39 (1774380399).
Mar 24, 2026 21:23:25.994 [281473189294304] DEBUG - Scanning for plug-ins in "/usr/lib/plexmediaserver/Resources/Plug-ins-121068a07"
Mar 24, 2026 21:23:26.002 [281473189294304] DEBUG - Scanning for plug-ins in "/config/Library/Application Support/Plex Media Server/Plug-ins"
Mar 24, 2026 21:23:26.002 [281473189294304] DEBUG - PluginRepository::setStartState: 1, startingSystem
Mar 24, 2026 21:23:26.002 [281473189294304] DEBUG - Starting plug-in /usr/lib/plexmediaserver/Resources/Plug-ins-121068a07/System.bundle.
Mar 24, 2026 21:23:26.002 [281473189294304] DEBUG - [com.plexapp.system] Setting plug-in to always running (daemon mode).
Mar 24, 2026 21:23:26.004 [281473189294304] DEBUG - Starting file watcher for com.plexapp.system
Mar 24, 2026 21:23:26.004 [281473189294304] DEBUG - Plugin: setting environment variable: 'PYTHONHOME=/usr/lib/plexmediaserver/Resources/Python'
Mar 24, 2026 21:23:26.004 [281473189294304] DEBUG - Plugin: setting environment variable: 'PYTHONPATH=/usr/lib/plexmediaserver/Resources/Python/python27.zip:/usr/lib/plexmediaserver/Resources/Python/lib/python2.7/site-packages'
Mar 24, 2026 21:23:26.005 [281473189294304] DEBUG - Spawned plug-in com.plexapp.system with PID 213
Mar 24, 2026 21:23:26.005 [281473189294304] DEBUG - [com.plexapp.system] Sending command: GET /:/prefixes
Mar 24, 2026 21:23:26.450 [281473183813856] DEBUG - Request: [127.0.0.1:56130 (Loopback)] GET / (3 live) #3 GZIP Token ()
Mar 24, 2026 21:23:26.450 [281473185923296] DEBUG - Request: [127.0.0.1:56116 (Loopback)] GET /:/plugins/com.plexapp.system/messaging/function/X0J1bmRsZVNlcnZpY2U6QWxsU2VydmljZXM_/Y2VyZWFsMQoxCmxpc3QKMApyMAo_/Y2VyZWFsMQoxCmRpY3QKMApyMAo_ (3 live) #1 GZIP Token ()
Mar 24, 2026 21:23:26.451 [281473221845216] DEBUG - Completed: [127.0.0.1:56116] 503 GET /:/plugins/com.plexapp.system/messaging/function/X0J1bmRsZVNlcnZpY2U6QWxsU2VydmljZXM_/Y2VyZWFsMQoxCmxpc3QKMApyMAo_/Y2VyZWFsMQoxCmRpY3QKMApyMAo_ (3 live) #1 GZIP 0ms 436 bytes
Mar 24, 2026 21:23:26.451 [281473219735776] DEBUG - Completed: [127.0.0.1:56130] 503 GET / (3 live) #3 GZIP 0ms 436 bytes
Mar 24, 2026 21:23:26.544 [281473193701600] DEBUG - [HttpClient/HCl#1] HTTP/1.1 (0.6s) 200 response from GET https://plex.tv/api/v2/server/access_tokens?auth_token=xxxxxxxxxxxxxxxxxxxx
Mar 24, 2026 21:23:26.546 [281473229508832] DEBUG - MyPlex: updating with 6 access tokens
Mar 24, 2026 21:23:26.546 [281473229508832] DEBUG - [HCl#2] HTTP requesting GET https://plex.tv/api/v2/server/users?auth_token=xxxxxxxxxxxxxxxxxxxx
Mar 24, 2026 21:23:26.697 [281473193701600] DEBUG - [HttpClient/HCl#2] HTTP/1.1 (0.2s) 200 response from GET https://plex.tv/api/v2/server/users?auth_token=xxxxxxxxxxxxxxxxxxxx (reused)
Mar 24, 2026 21:23:26.698 [281473181671648] DEBUG - [HCl#3] HTTP requesting GET https://plex.tv/api/v2/server/users/subscriptions?auth_token=xxxxxxxxxxxxxxxxxxxx
Mar 24, 2026 21:23:26.711 [281473185923296] DEBUG - Request: [127.0.0.1:56138 (Loopback)] GET /servers (2 live) #4 GZIP Token ()
Mar 24, 2026 21:23:26.711 [281473221845216] DEBUG - Completed: [127.0.0.1:56138] 503 GET /servers (2 live) #4 GZIP 0ms 436 bytes
Mar 24, 2026 21:23:26.718 [281473189294304] DEBUG - Reading 486 bytes in the body, code is 200
Mar 24, 2026 21:23:26.718 [281473189294304] DEBUG - [com.plexapp.system] Plug-in running on port 38419.
Mar 24, 2026 21:23:26.718 [281473189294304] DEBUG -  * Plug-in handles prefix: /system
Mar 24, 2026 21:23:26.718 [281473189294304] DEBUG -  * Plug-in handles prefix: /player
Mar 24, 2026 21:23:26.718 [281473189294304] DEBUG - Read configuration for [com.plexapp.system], had 2 prefixes
Mar 24, 2026 21:23:26.718 [281473189294304] DEBUG - Done with 1 synchronous plug-in starts, starting the rest in parallel.
Mar 24, 2026 21:23:26.718 [281473189294304] DEBUG - PluginRepository::setStartState: 2, startingPlugins
Mar 24, 2026 21:23:26.718 [281473189294304] DEBUG - Updating the list of agents known by the system.
Mar 24, 2026 21:23:26.718 [281473189294304] DEBUG - [com.plexapp.system] Sending command over HTTP (GET): /system/agents
Mar 24, 2026 21:23:26.718 [281473189294304] DEBUG - [HCl#4] HTTP requesting GET http://127.0.0.1:38419/system/agents
Mar 24, 2026 21:23:26.718 [281473332379680] DEBUG - Image transcode cache directory: "/config/Library/Application Support/Plex Media Server/Cache/PhotoTranscoder"
Mar 24, 2026 21:23:26.718 [281473332379680] DEBUG - Transcoder: Cleaning old transcode directories.
Mar 24, 2026 21:23:26.719 [281473332379680] DEBUG - MyPlex: using cached data for request for https://plex.tv/api/v2/server/access_tokens?auth_token=xxxxxxxxxxxxxxxxxxxx
Mar 24, 2026 21:23:26.719 [281473332379680] DEBUG - MyPlex: updating with 6 access tokens
Mar 24, 2026 21:23:26.719 [281473332379680] DEBUG - MyPlex: using cached data for request for https://plex.tv/api/v2/server/users?auth_token=xxxxxxxxxxxxxxxxxxxx
Mar 24, 2026 21:23:26.719 [281473332379680] DEBUG - MyPlex: using cached data for request for https://plex.tv/api/v2/server/users/subscriptions?auth_token=xxxxxxxxxxxxxxxxxxxx
Mar 24, 2026 21:23:26.719 [281473332379680] DEBUG - MyPlex: using cached data for request for https://plex.tv/api/v2/server/users/services?auth_token=xxxxxxxxxxxxxxxxxxxx
Mar 24, 2026 21:23:26.719 [281473332379680] DEBUG - MyPlex: using cached data for request for https://plex.tv/api/v2/user?includeSubscriptions=1&includeProviders=1
Mar 24, 2026 21:23:26.720 [281473332379680] DEBUG - MyPlex: username is oscaarp, login is oscaarpelagio@gmail.com, home is 0, no pin
Mar 24, 2026 21:23:26.720 [281473332379680] DEBUG - MyPlex: stop public ip check and mapping - current mapped state: 'Unknown'.
Mar 24, 2026 21:23:26.720 [281473175224544] DEBUG - [HCl#5] HTTP requesting GET https://plex.tv/api/v2/user?includeSubscriptions=1&includeProviders=1
Mar 24, 2026 21:23:26.721 [281473332379680] DEBUG - NetworkInterface: Starting watch thread.
Mar 24, 2026 21:23:26.721 [281473332379680] DEBUG - Network change.
Mar 24, 2026 21:23:26.721 [281473332379680] DEBUG - NetworkInterface: Notified of network changed (force=0)
Mar 24, 2026 21:23:26.721 [281473173115104] DEBUG - NetworkInterface: Watching for changes on the interfaces.
Mar 24, 2026 21:23:26.721 [281473332379680] DEBUG - Detected primary interface: 192.168.147.7
Mar 24, 2026 21:23:26.721 [281473332379680] DEBUG - Network interfaces:
Mar 24, 2026 21:23:26.721 [281473332379680] DEBUG -  * 1 lo (127.0.0.1) (00-00-00-00-00-00) (loopback: 1)
Mar 24, 2026 21:23:26.721 [281473332379680] DEBUG -  * 5 eth0 (192.168.147.7) (D6-7D-0D-48-07-DD) (loopback: 0)
Mar 24, 2026 21:23:26.721 [281473332379680] DEBUG -  * 1 lo (::1) (00-00-00-00-00-00) (loopback: 1)
Mar 24, 2026 21:23:26.721 [281473332379680] DEBUG - Creating NetworkServices singleton.
Mar 24, 2026 21:23:26.721 [281473332379680] DEBUG - NetworkServices: Initializing...
Mar 24, 2026 21:23:26.721 [281473332379680] DEBUG - NetworkService: Creating new service.
Mar 24, 2026 21:23:26.721 [281473332379680] DEBUG - NetworkService: Got notification of changed network (first change: 1)
Mar 24, 2026 21:23:26.721 [281473332379680] DEBUG - NetworkService: Quick dispatch of network change.
Mar 24, 2026 21:23:26.721 [281473332379680] DEBUG - NetworkService: Creating new service.
Mar 24, 2026 21:23:26.721 [281473332379680] DEBUG - NetworkService: Got notification of changed network (first change: 1)
Mar 24, 2026 21:23:26.721 [281473332379680] DEBUG - NetworkService: Quick dispatch of network change.
Mar 24, 2026 21:23:26.721 [281473332379680] DEBUG - NetworkService: Creating new service.
Mar 24, 2026 21:23:26.721 [281473332379680] DEBUG - NetworkService: Got notification of changed network (first change: 1)
Mar 24, 2026 21:23:26.721 [281473332379680] DEBUG - NetworkService: Quick dispatch of network change.
Mar 24, 2026 21:23:26.721 [281473332379680] DEBUG - NetworkService: Creating new service.
Mar 24, 2026 21:23:26.721 [281473332379680] DEBUG - NetworkService: Got notification of changed network (first change: 1)
Mar 24, 2026 21:23:26.721 [281473332379680] DEBUG - NetworkService: Quick dispatch of network change.
Mar 24, 2026 21:23:26.721 [281473332379680] DEBUG - NetworkService: Creating new service.
Mar 24, 2026 21:23:26.721 [281473171005664] DEBUG - Network change for advertiser.
Mar 24, 2026 21:23:26.721 [281473332379680] DEBUG - NetworkService: Got notification of changed network (first change: 1)
Mar 24, 2026 21:23:26.721 [281473332379680] DEBUG - NetworkService: Quick dispatch of network change.
Mar 24, 2026 21:23:26.721 [281473332379680] DEBUG - NetworkService: Creating new service.
Mar 24, 2026 21:23:26.721 [281473332379680] DEBUG - NetworkService: Got notification of changed network (first change: 1)
Mar 24, 2026 21:23:26.721 [281473332379680] DEBUG - NetworkService: Quick dispatch of network change.
Mar 24, 2026 21:23:26.721 [281473171005664] DEBUG - NetworkService: Setting up multicast listener on 0.0.0.0:32414
Mar 24, 2026 21:23:26.721 [281473171005664] DEBUG - Network change for advertiser.
Mar 24, 2026 21:23:26.721 [281473171005664] DEBUG - NetworkService: Setting up multicast listener on 0.0.0.0:32410
Mar 24, 2026 21:23:26.721 [281473171005664] DEBUG - Network change for advertiser.
Mar 24, 2026 21:23:26.721 [281473171005664] DEBUG - NetworkService: Setting up multicast listener on 0.0.0.0:32412
Mar 24, 2026 21:23:26.721 [281473171005664] DEBUG - NetworkService: Network change for browser (polled=0), closing 0 browse sockets.
Mar 24, 2026 21:23:26.721 [281473171005664] DEBUG - NetworkService: Setting up multicast listener on 0.0.0.0:32413
Mar 24, 2026 21:23:26.722 [281473171005664] DEBUG - NetworkService: Browsing on interface 127.0.0.1 on broadcast address 127.255.255.255 (index: 0)
Mar 24, 2026 21:23:26.722 [281473171005664] DEBUG - NetworkService: Browsing on interface 192.168.147.7 on broadcast address 192.168.147.255 (index: 1)
Mar 24, 2026 21:23:26.722 [281473171005664] DEBUG - NetworkService: Network change for browser (polled=1), closing 0 browse sockets.
Mar 24, 2026 21:23:26.722 [281473171005664] DEBUG - NetworkService: Browsing on interface 127.0.0.1 on broadcast address 127.255.255.255 (index: 0)
Mar 24, 2026 21:23:26.722 [281473171005664] DEBUG - NetworkService: Browsing on interface 192.168.147.7 on broadcast address 192.168.147.255 (index: 1)
Mar 24, 2026 21:23:26.722 [281473171005664] DEBUG - NetworkService: Network change for browser (polled=0), closing 0 browse sockets.
Mar 24, 2026 21:23:26.722 [281473171005664] DEBUG - NetworkService: Setting up multicast listener on 0.0.0.0:1901
Mar 24, 2026 21:23:26.722 [281473171005664] DEBUG - NetworkService: Browsing on interface 192.168.147.7 on broadcast address 239.255.255.250 (index: 0)
Mar 24, 2026 21:23:26.722 [281473166754016] DEBUG - [ChildProcessMonitor] Plex Tuner Service starting.
Mar 24, 2026 21:23:26.722 [281473166754016] DEBUG - [ChildProcessMonitor/JobRunner] Job running: "/usr/lib/plexmediaserver/Plex Tuner Service" /usr/lib/plexmediaserver/Resources/Tuner/Private /usr/lib/plexmediaserver/Resources/Tuner/Shared 1.43.0.10492-121068a07 32600
Mar 24, 2026 21:23:26.722 [281473168896224] DEBUG - [DatabaseFixups] Running fix-ups.
Mar 24, 2026 21:23:26.722 [281473168896224] DEBUG - [DatabaseFixups/31DatabaseFixupsCleanupRetroGames] Executing fixup
Mar 24, 2026 21:23:26.722 [281473179562208] DEBUG - [HCl#6] HTTP requesting GET https://plex.tv/api/v2/release_channels?X-Plex-Token=xxxxxxxxxxxxxxxxxxxx
Mar 24, 2026 21:23:26.722 [281473168896224] DEBUG - [DatabaseFixups/31DatabaseFixupsCleanupRetroGames] Fixup completed
Mar 24, 2026 21:23:26.722 [281473168896224] DEBUG - [DatabaseFixups/39DatabaseFixupsEnsureLibrarySectionUuids] Executing fixup
Mar 24, 2026 21:23:26.722 [281473168896224] DEBUG - [DatabaseFixups/39DatabaseFixupsEnsureLibrarySectionUuids] Fixup completed
Mar 24, 2026 21:23:26.722 [281473168896224] DEBUG - [DatabaseFixups/38DatabaseFixupsEnsureMetadataItemHashes] Executing fixup
Mar 24, 2026 21:23:26.722 [281473168896224] DEBUG - [DatabaseFixups/38DatabaseFixupsEnsureMetadataItemHashes] Fixup completed
Mar 24, 2026 21:23:26.722 [281473168896224] DEBUG - [DatabaseFixups/39DatabaseFixupsSetDefaultAccountLanguage] Executing fixup
Mar 24, 2026 21:23:26.722 [281473166754016] DEBUG - [ChildProcessMonitor/JobRunner] Jobs: Starting child process with pid 262
Mar 24, 2026 21:23:26.723 [281473168896224] DEBUG - [DatabaseFixups/39DatabaseFixupsSetDefaultAccountLanguage] Fixup completed
Mar 24, 2026 21:23:26.723 [281473168896224] DEBUG - [DatabaseFixups/52DatabaseFixupsCreateDefaultMediaProcessingTargetTags] Executing fixup
Mar 24, 2026 21:23:26.723 [281473332379680] DEBUG - Waiting for server condition to be signaled.
Mar 24, 2026 21:23:26.723 [281473158308064] DEBUG - [HCl#8] HTTP requesting GET https://plex.tv/api/v2/features?X-Plex-Token=xxxxxxxxxxxxxxxxxxxx
Mar 24, 2026 21:23:26.723 [281473162526944] DEBUG - DVR: Starting up.
Mar 24, 2026 21:23:26.723 [281473164636384] DEBUG - [HCl#7] HTTP requesting GET https://plex.tv/api/v2/user/privacy?X-Plex-Token=xxxxxxxxxxxxxxxxxxxx
Mar 24, 2026 21:23:26.724 [281473168896224] DEBUG - [DatabaseFixups/52DatabaseFixupsCreateDefaultMediaProcessingTargetTags] Fixup completed
Mar 24, 2026 21:23:26.724 [281473162526944] DEBUG - Activity: registered new activity 81858eb1-8f25-4f19-a57f-e8badb81ce6d - "Processing subscriptions"
Mar 24, 2026 21:23:26.724 [281473168896224] DEBUG - [DatabaseFixups/43DatabaseFixupsUpdateAutomaticLibraryFolders] Executing fixup
Mar 24, 2026 21:23:26.724 [281473168896224] DEBUG - [DatabaseFixups/43DatabaseFixupsUpdateAutomaticLibraryFolders] Fixup completed
Mar 24, 2026 21:23:26.724 [281473168896224] DEBUG - [DatabaseFixups/29DatabaseFixupsSyncCollections] Executing fixup
Mar 24, 2026 21:23:26.724 [281473168896224] DEBUG - [DatabaseFixups/29DatabaseFixupsSyncCollections] Collections: Found 0 collections tags in section 1.
Mar 24, 2026 21:23:26.724 [281473168896224] DEBUG - [DatabaseFixups/29DatabaseFixupsSyncCollections] Collections: We had 0 collections in the library already.
Mar 24, 2026 21:23:26.724 [281473168896224] DEBUG - [DatabaseFixups/29DatabaseFixupsSyncCollections] Collections: Synced tags in section 1 in 0ms.
Mar 24, 2026 21:23:26.725 [281473168896224] DEBUG - [DatabaseFixups/29DatabaseFixupsSyncCollections] Collections: Refreshed attributes for 0 collections in section 1 in 0ms.
Mar 24, 2026 21:23:26.725 [281473168896224] DEBUG - [DatabaseFixups/29DatabaseFixupsSyncCollections] Collection: Refreshed visibility in section 1 in 0ms.
Mar 24, 2026 21:23:26.725 [281473168896224] DEBUG - [DatabaseFixups/29DatabaseFixupsSyncCollections] Fixup completed
Mar 24, 2026 21:23:26.725 [281473168896224] DEBUG - [DatabaseFixups/31DatabaseFixupsCleanupActivities] Executing fixup
Mar 24, 2026 21:23:26.725 [281473168896224] DEBUG - [DatabaseFixups/31DatabaseFixupsCleanupActivities] Fixup completed
Mar 24, 2026 21:23:26.725 [281473168896224] DEBUG - [DatabaseFixups/35DatabaseFixupsConsolidatePeopleTags] Executing fixup
Mar 24, 2026 21:23:26.725 [281473168896224] DEBUG - [DatabaseFixups/35DatabaseFixupsConsolidatePeopleTags] Fixup completed
Mar 24, 2026 21:23:26.725 [281473168896224] DEBUG - [DatabaseFixups/54DatabaseFixupsGarbageCollectTransientMetadataRelations] Executing fixup
Mar 24, 2026 21:23:26.725 [281473168896224] DEBUG - [DatabaseFixups/54DatabaseFixupsGarbageCollectTransientMetadataRelations] Fixup completed
Mar 24, 2026 21:23:26.725 [281473168896224] DEBUG - [DatabaseFixups/48DatabaseFixupsResetCorruptedMetadataItemClusters] Executing fixup
Mar 24, 2026 21:23:26.725 [281473168896224] DEBUG - [DatabaseFixups/48DatabaseFixupsResetCorruptedMetadataItemClusters] Fixup completed
Mar 24, 2026 21:23:26.725 [281473168896224] DEBUG - [DatabaseFixups] Running database fix-ups completed in 0.0 seconds.
Mar 24, 2026 21:23:26.734 [281473193701600] DEBUG - [HttpClient/HCl#4] HTTP/1.1 (0.0s) 200 response from GET http://127.0.0.1:38419/system/agents
Mar 24, 2026 21:23:26.734 [281473189294304] DEBUG - [com.plexapp.system] HTTP reply status 200, with 8986 bytes of content.
Mar 24, 2026 21:23:26.735 [281473189294304] DEBUG - The system knows about 12 agents.
Mar 24, 2026 21:23:26.735 [281473149714656] DEBUG - Starting plug-in /usr/lib/plexmediaserver/Resources/Plug-ins-121068a07/Fanart-TV.bundle.
Mar 24, 2026 21:23:26.735 [281473147605216] DEBUG - Starting plug-in /usr/lib/plexmediaserver/Resources/Plug-ins-121068a07/Framework.bundle.
Mar 24, 2026 21:23:26.735 [281473145495776] DEBUG - Starting plug-in /usr/lib/plexmediaserver/Resources/Plug-ins-121068a07/HTbackdrops.bundle.
Mar 24, 2026 21:23:26.735 [281473189294304] DEBUG - Waiting for 16 plug-ins to finish starting.
Mar 24, 2026 21:23:26.735 [281473145495776] DEBUG - Perfect cache hit, we don't need to start [com.plexapp.agents.htbackdrops] yet.
Mar 24, 2026 21:23:26.735 [281473147605216] DEBUG - Starting plug-in /usr/lib/plexmediaserver/Resources/Plug-ins-121068a07/LastFM.bundle.
Mar 24, 2026 21:23:26.735 [281473149714656] DEBUG - Perfect cache hit, we don't need to start [com.plexapp.agents.fanarttv] yet.
Mar 24, 2026 21:23:26.735 [281473149714656] DEBUG - Starting plug-in /usr/lib/plexmediaserver/Resources/Plug-ins-121068a07/LocalMedia.bundle.
Mar 24, 2026 21:23:26.735 [281473145495776] DEBUG - Starting plug-in /usr/lib/plexmediaserver/Resources/Plug-ins-121068a07/LyricFind.bundle.
Mar 24, 2026 21:23:26.736 [281473147605216] DEBUG - Perfect cache hit, we don't need to start [com.plexapp.agents.lastfm] yet.
Mar 24, 2026 21:23:26.736 [281473147605216] DEBUG - Starting plug-in /usr/lib/plexmediaserver/Resources/Plug-ins-121068a07/Media-Flags.bundle.
Mar 24, 2026 21:23:26.736 [281473147605216] DEBUG - Starting plug-in /usr/lib/plexmediaserver/Resources/Plug-ins-121068a07/MoviePosterDB.bundle.
Mar 24, 2026 21:23:26.736 [281473145495776] DEBUG - Perfect cache hit, we don't need to start [com.plexapp.agents.lyricfind] yet.
Mar 24, 2026 21:23:26.736 [281473149714656] DEBUG - Perfect cache hit, we don't need to start [com.plexapp.agents.localmedia] yet.
Mar 24, 2026 21:23:26.736 [281473149714656] DEBUG - Starting plug-in /usr/lib/plexmediaserver/Resources/Plug-ins-121068a07/Musicbrainz.bundle.
Mar 24, 2026 21:23:26.736 [281473145495776] DEBUG - Starting plug-in /usr/lib/plexmediaserver/Resources/Plug-ins-121068a07/PersonalMedia.bundle.
Mar 24, 2026 21:23:26.737 [281473147605216] DEBUG - Perfect cache hit, we don't need to start [com.plexapp.agents.movieposterdb] yet.
Mar 24, 2026 21:23:26.737 [281473147605216] DEBUG - Starting plug-in /usr/lib/plexmediaserver/Resources/Plug-ins-121068a07/PlexMovie.bundle.
Mar 24, 2026 21:23:26.737 [281473149714656] DEBUG - Perfect cache hit, we don't need to start [org.musicbrainz.agents.music] yet.
Mar 24, 2026 21:23:26.737 [281473145495776] DEBUG - Perfect cache hit, we don't need to start [com.plexapp.agents.none] yet.
Mar 24, 2026 21:23:26.737 [281473149714656] DEBUG - Starting plug-in /usr/lib/plexmediaserver/Resources/Plug-ins-121068a07/PlexThemeMusic.bundle.
Mar 24, 2026 21:23:26.737 [281473145495776] DEBUG - Starting plug-in /usr/lib/plexmediaserver/Resources/Plug-ins-121068a07/Scanners.bundle.
Mar 24, 2026 21:23:26.737 [281473147605216] DEBUG - Perfect cache hit, we don't need to start [com.plexapp.agents.imdb] yet.
Mar 24, 2026 21:23:26.737 [281473147605216] DEBUG - Starting plug-in /usr/lib/plexmediaserver/Resources/Plug-ins-121068a07/TheMovieDB.bundle.
Mar 24, 2026 21:23:26.738 [281473149714656] DEBUG - Perfect cache hit, we don't need to start [com.plexapp.agents.plexthememusic] yet.
Mar 24, 2026 21:23:26.738 [281473149714656] DEBUG - Starting plug-in /usr/lib/plexmediaserver/Resources/Plug-ins-121068a07/TheTVDBv4.bundle.
Mar 24, 2026 21:23:26.738 [281473147605216] DEBUG - Perfect cache hit, we don't need to start [com.plexapp.agents.themoviedb] yet.
Mar 24, 2026 21:23:26.738 [281473147605216] DEBUG - Starting plug-in /usr/lib/plexmediaserver/Resources/Plug-ins-121068a07/WebClient.bundle.
Mar 24, 2026 21:23:26.738 [281473149714656] DEBUG - Perfect cache hit, we don't need to start [com.plexapp.agents.thetvdb] yet.
Mar 24, 2026 21:23:26.739 [281473189294304] DEBUG - Starting scheduled updates, every 3600 seconds
Mar 24, 2026 21:23:26.739 [281473189294304] INFO - LibraryUpdateManager path watching is disabled
Mar 24, 2026 21:23:26.739 [281473189294304] DEBUG - Done waiting for all plug-ins to start.
Mar 24, 2026 21:23:26.739 [281473130524896] DEBUG - Downloading document http://127.0.0.1:32400/:/plugins/com.plexapp.agents.imdb/prefs
Mar 24, 2026 21:23:26.739 [281473189294304] DEBUG - PluginRepository::setStartState: 3, complete
Mar 24, 2026 21:23:26.739 [281473130524896] DEBUG - Translator: Found locale af
Mar 24, 2026 21:23:26.739 [281473130524896] DEBUG - Translator: Found locale ar
Mar 24, 2026 21:23:26.739 [281473130524896] DEBUG - Translator: Found locale cs_CZ
Mar 24, 2026 21:23:26.739 [281473130524896] DEBUG - Translator: Found locale da
Mar 24, 2026 21:23:26.739 [281473130524896] DEBUG - Translator: Found locale de
Mar 24, 2026 21:23:26.739 [281473130524896] DEBUG - Translator: Found locale en
Mar 24, 2026 21:23:26.739 [281473130524896] DEBUG - Translator: Found locale es
Mar 24, 2026 21:23:26.739 [281473130524896] DEBUG - Translator: Found locale et_EE
Mar 24, 2026 21:23:26.739 [281473130524896] DEBUG - Translator: Found locale fi
Mar 24, 2026 21:23:26.739 [281473130524896] DEBUG - Translator: Found locale fr
Mar 24, 2026 21:23:26.739 [281473130524896] DEBUG - Translator: Found locale he
Mar 24, 2026 21:23:26.739 [281473130524896] DEBUG - Translator: Found locale hr_HR
Mar 24, 2026 21:23:26.739 [281473130524896] DEBUG - Translator: Found locale hu
Mar 24, 2026 21:23:26.739 [281473130524896] DEBUG - Translator: Found locale hu_HU
Mar 24, 2026 21:23:26.739 [281473130524896] DEBUG - Translator: Found locale it
Mar 24, 2026 21:23:26.739 [281473130524896] DEBUG - Translator: Found locale ja_JP
Mar 24, 2026 21:23:26.739 [281473130524896] DEBUG - Translator: Found locale ko
Mar 24, 2026 21:23:26.739 [281473130524896] DEBUG - Translator: Found locale lt
Mar 24, 2026 21:23:26.739 [281473130524896] DEBUG - Translator: Found locale nl
Mar 24, 2026 21:23:26.739 [281473130524896] DEBUG - Translator: Found locale nl_BE
Mar 24, 2026 21:23:26.739 [281473130524896] DEBUG - Translator: Found locale no
Mar 24, 2026 21:23:26.739 [281473130524896] DEBUG - Translator: Found locale pl
Mar 24, 2026 21:23:26.739 [281473130524896] DEBUG - Translator: Found locale pt
Mar 24, 2026 21:23:26.739 [281473130524896] DEBUG - Translator: Found locale pt_BR
Mar 24, 2026 21:23:26.739 [281473130524896] DEBUG - Translator: Found locale ro
Mar 24, 2026 21:23:26.739 [281473130524896] DEBUG - Translator: Found locale ru
Mar 24, 2026 21:23:26.739 [281473130524896] DEBUG - Translator: Found locale sk
Mar 24, 2026 21:23:26.739 [281473130524896] DEBUG - Translator: Found locale sl
Mar 24, 2026 21:23:26.739 [281473130524896] DEBUG - Translator: Found locale sr
Mar 24, 2026 21:23:26.739 [281473130524896] DEBUG - Translator: Found locale sv
Mar 24, 2026 21:23:26.739 [281473130524896] DEBUG - Translator: Found locale uk
Mar 24, 2026 21:23:26.739 [281473130524896] DEBUG - Translator: Found locale zh_CN
Mar 24, 2026 21:23:26.742 [281473130524896] DEBUG - [Req#a] Starting file watcher for com.plexapp.agents.imdb
Mar 24, 2026 21:23:26.742 [281473130524896] DEBUG - [Req#a] Plugin: setting environment variable: 'PYTHONHOME=/usr/lib/plexmediaserver/Resources/Python'
Mar 24, 2026 21:23:26.742 [281473130524896] DEBUG - [Req#a] Plugin: setting environment variable: 'PYTHONPATH=/usr/lib/plexmediaserver/Resources/Python/python27.zip:/usr/lib/plexmediaserver/Resources/Python/lib/python2.7/site-packages'
Mar 24, 2026 21:23:26.743 [281473130524896] DEBUG - [Req#a] Spawned plug-in com.plexapp.agents.imdb with PID 293
Mar 24, 2026 21:23:26.743 [281473130524896] DEBUG - [Req#a] [com.plexapp.agents.imdb] Sending command: GET /:/prefixes
Mar 24, 2026 21:23:26.828 [281473193701600] DEBUG - [HttpClient/HCl#3] HTTP/1.1 (0.1s) 200 response from GET https://plex.tv/api/v2/server/users/subscriptions?auth_token=xxxxxxxxxxxxxxxxxxxx (reused)
Mar 24, 2026 21:23:26.829 [281473181671648] DEBUG - MyPlex: using cached data for request for https://plex.tv/api/v2/server/users/services?auth_token=xxxxxxxxxxxxxxxxxxxx
Mar 24, 2026 21:23:26.857 [281473219735776] DEBUG - Request: didn't get any data from [::1]:52516: End of file
Mar 24, 2026 21:23:27.072 [281473183813856] DEBUG - Request: [127.0.0.1:56140 (Loopback)] GET /system/messaging/clear_events/com.plexapp.agents.imdb (3 live) #b GZIP Signed-in Token (oscaarp)
Mar 24, 2026 21:23:27.072 [281473183813856] DEBUG - [Req#b] [com.plexapp.system] Sending command over HTTP (GET): /system/messaging/clear_events/com.plexapp.agents.imdb
Mar 24, 2026 21:23:27.072 [281473183813856] DEBUG - [Req#b/HCl#9] HTTP requesting GET http://127.0.0.1:38419/system/messaging/clear_events/com.plexapp.agents.imdb
Mar 24, 2026 21:23:27.079 [281473193701600] DEBUG - [HttpClient/HCl#9] HTTP/1.1 (0.0s) 200 response from GET http://127.0.0.1:38419/system/messaging/clear_events/com.plexapp.agents.imdb (reused)
Mar 24, 2026 21:23:27.079 [281473183813856] DEBUG - [Req#b] [com.plexapp.system] HTTP reply status 200, with 0 bytes of content.
Mar 24, 2026 21:23:27.079 [281473221845216] DEBUG - Completed: [127.0.0.1:56140] 200 GET /system/messaging/clear_events/com.plexapp.agents.imdb (3 live) #b GZIP 7ms 280 bytes
Mar 24, 2026 21:23:27.114 [281473185923296] DEBUG - Request: [127.0.0.1:56146 (Loopback)] GET /:/plugins/com.plexapp.system/resourceHashes (3 live) #c GZIP Signed-in Token (oscaarp)
Mar 24, 2026 21:23:27.114 [281473185923296] DEBUG - [Req#c] [com.plexapp.system] Sending command over HTTP (GET): /:/plugins/com.plexapp.system/resourceHashes
Mar 24, 2026 21:23:27.114 [281473185923296] DEBUG - [Req#c/HCl#a] HTTP requesting GET http://127.0.0.1:38419/:/plugins/com.plexapp.system/resourceHashes
Mar 24, 2026 21:23:27.122 [281473193701600] DEBUG - [HttpClient/HCl#a] HTTP/1.1 (0.0s) 404 response from GET http://127.0.0.1:38419/:/plugins/com.plexapp.system/resourceHashes
Mar 24, 2026 21:23:27.122 [281473185923296] DEBUG - [Req#c] [com.plexapp.system] HTTP reply status 404, with 0 bytes of content.
Mar 24, 2026 21:23:27.122 [281473221845216] DEBUG - Completed: [127.0.0.1:56146] 404 GET /:/plugins/com.plexapp.system/resourceHashes (3 live) #c GZIP 7ms 261 bytes
Mar 24, 2026 21:23:27.126 [281473183813856] DEBUG - Request: [127.0.0.1:56160 (Loopback)] GET /:/plugins/com.plexapp.system/messaging/function/X0J1bmRsZVNlcnZpY2U6QWxsU2VydmljZXM_/Y2VyZWFsMQoxCmxpc3QKMApyMAo_/Y2VyZWFsMQoxCmRpY3QKMApyMAo_ (3 live) #e GZIP Signed-in Token (oscaarp)
Mar 24, 2026 21:23:27.126 [281473183813856] DEBUG - [Req#e] [com.plexapp.system] Sending command over HTTP (GET): /:/plugins/com.plexapp.system/messaging/function/X0J1bmRsZVNlcnZpY2U6QWxsU2VydmljZXM_/Y2VyZWFsMQoxCmxpc3QKMApyMAo_/Y2VyZWFsMQoxCmRpY3QKMApyMAo_
Mar 24, 2026 21:23:27.126 [281473183813856] DEBUG - [Req#e/HCl#b] HTTP requesting GET http://127.0.0.1:38419/:/plugins/com.plexapp.system/messaging/function/X0J1bmRsZVNlcnZpY2U6QWxsU2VydmljZXM_/Y2VyZWFsMQoxCmxpc3QKMApyMAo_/Y2VyZWFsMQoxCmRpY3QKMApyMAo_
Mar 24, 2026 21:23:27.128 [281473193701600] DEBUG - [HttpClient/HCl#b] HTTP/1.1 (0.0s) 200 response from GET http://127.0.0.1:38419/:/plugins/com.plexapp.system/messaging/function/X0J1bmRsZVNlcnZpY2U6QWxsU2VydmljZXM_/Y2VyZWFsMQoxCmxpc3QKMApyMAo_/Y2VyZWFsMQoxCmRpY3QKMApyMAo_
Mar 24, 2026 21:23:27.128 [281473183813856] DEBUG - [Req#e] [com.plexapp.system] HTTP reply status 200, with 516 bytes of content.
Mar 24, 2026 21:23:27.128 [281473221845216] DEBUG - Completed: [127.0.0.1:56160] 200 GET /:/plugins/com.plexapp.system/messaging/function/X0J1bmRsZVNlcnZpY2U6QWxsU2VydmljZXM_/Y2VyZWFsMQoxCmxpc3QKMApyMAo_/Y2VyZWFsMQoxCmRpY3QKMApyMAo_ (3 live) #e GZIP 1ms 746 bytes
Mar 24, 2026 21:23:27.145 [281473185923296] DEBUG - Request: [127.0.0.1:56170 (Loopback)] GET / (3 live) #10 GZIP Signed-in Token (oscaarp)
Mar 24, 2026 21:23:27.145 [281473221845216] DEBUG - Completed: [127.0.0.1:56170] 200 GET / (3 live) #10 GZIP 0ms 4106 bytes
Mar 24, 2026 21:23:27.223 [281473193701600] DEBUG - [HttpClient/HCl#7] HTTP/1.1 (0.5s) 200 response from GET https://plex.tv/api/v2/user/privacy?X-Plex-Token=xxxxxxxxxxxxxxxxxxxx
Mar 24, 2026 21:23:27.223 [281473193701600] DEBUG - [HttpClient/HCl#6] HTTP/1.1 (0.5s) 200 response from GET https://plex.tv/api/v2/release_channels?X-Plex-Token=xxxxxxxxxxxxxxxxxxxx
Mar 24, 2026 21:23:27.280 [281473193701600] DEBUG - [HttpClient/HCl#8] HTTP/1.1 (0.6s) 200 response from GET https://plex.tv/api/v2/features?X-Plex-Token=xxxxxxxxxxxxxxxxxxxx
Mar 24, 2026 21:23:27.281 [281473158308064] DEBUG - [HCl#c] HTTP requesting GET https://plex.tv/api/v2/server/users/features
Mar 24, 2026 21:23:27.313 [281473193701600] DEBUG - [HttpClient/HCl#5] HTTP/1.1 (0.6s) 200 response from GET https://plex.tv/api/v2/user?includeSubscriptions=1&includeProviders=1
Mar 24, 2026 21:23:27.314 [281473181671648] DEBUG - MyPlex: username is oscaarp, login is oscaarpelagio@gmail.com, home is 0, no pin
Mar 24, 2026 21:23:27.315 [281473175224544] DEBUG - [HCl#d] HTTP requesting GET https://plex.tv/api/v2/geoip
Mar 24, 2026 21:23:27.334 [281473183813856] DEBUG - Request: [127.0.0.1:56184 (Loopback)] GET /:/plugins/com.plexapp.system/messaging/function/X0FnZW50U2VydmljZTpVcGRhdGVJbmZv/Y2VyZWFsMQoxCmxpc3QKMApyMAo_/Y2VyZWFsMQo3CmRpY3QKbGlzdApkaWN0Cmxpc3QKbGlzdApsaXN0Cmxpc3QKMgpzMjMKY29tLnBsZXhhcHAuYWdlbnRzLmltZGJzMTAKaWRlbnRpZmllcnIxCnMxMAphZ2VudF9pbmZvMQpyMgoxMApyMwpzMTEKbWVkaWFfdHlwZXNyNApzMTIKYWNjZXB0c19mcm9tbnMxNApmYWxsYmFja19hZ2VudHI1CnMxNApjb250cmlidXRlc190b3I2CnM5Cmxhbmd1YWdlc2IxczIwCnBlcnNpc3Rfc3RvcmVkX2ZpbGVzaTAKczcKdmVyc2lvbmIxczE2CnByaW1hcnlfcHJvdmlkZXJiMXM1CnByZWZzczE5ClBsZXggTW92aWUgKExlZ2FjeSlzNApuYW1lMQpzNQpNb3ZpZTEKczI5CmNvbS5wbGV4YXBwLmFnZW50cy5sb2NhbG1lZGlhMQpzMjkKY29tLnBsZXhhcHAuYWdlbnRzLnRoZW1vdmllZGIzMwpzMgplbnMyCnN2czIKZnJzMgplc3MyCm5sczIKZGVzMgppdHMyCmRhczIKYXJzMgpjYXMyCnpoczIKY3NzMgpldHMyCmZpczIKZWxzMgpoZXMyCmhpczIKaHVzMgppZHMyCmphczIKa29zMgpsdnMyCm5vczIKZmFzMgpwbHMyCnB0czIKcm9zMgpydXMyCnNrczIKdGhzMgp0cnMyCnVrczIKdmlyMAo_ (3 live) #12 GZIP Signed-in Token (oscaarp)
Mar 24, 2026 21:23:27.334 [281473183813856] DEBUG - [Req#12] [com.plexapp.system] Sending command over HTTP (GET): /:/plugins/com.plexapp.system/messaging/function/X0FnZW50U2VydmljZTpVcGRhdGVJbmZv/Y2VyZWFsMQoxCmxpc3QKMApyMAo_/Y2VyZWFsMQo3CmRpY3QKbGlzdApkaWN0Cmxpc3QKbGlzdApsaXN0Cmxpc3QKMgpzMjMKY29tLnBsZXhhcHAuYWdlbnRzLmltZGJzMTAKaWRlbnRpZmllcnIxCnMxMAphZ2VudF9pbmZvMQpyMgoxMApyMwpzMTEKbWVkaWFfdHlwZXNyNApzMTIKYWNjZXB0c19mcm9tbnMxNApmYWxsYmFja19hZ2VudHI1CnMxNApjb250cmlidXRlc190b3I2CnM5Cmxhbmd1YWdlc2IxczIwCnBlcnNpc3Rfc3RvcmVkX2ZpbGVzaTAKczcKdmVyc2lvbmIxczE2CnByaW1hcnlfcHJvdmlkZXJiMXM1CnByZWZzczE5ClBsZXggTW92aWUgKExlZ2FjeSlzNApuYW1lMQpzNQpNb3ZpZTEKczI5CmNvbS5wbGV4YXBwLmFnZW50cy5sb2NhbG1lZGlhMQpzMjkKY29tLnBsZXhhcHAuYWdlbnRzLnRoZW1vdmllZGIzMwpzMgplbnMyCnN2czIKZnJzMgplc3MyCm5sczIKZGVzMgppdHMyCmRhczIKYXJzMgpjYXMyCnpoczIKY3NzMgpldHMyCmZpczIKZWxzMgpoZXMyCmhpczIKaHVzMgppZHMyCmphczIKa29zMgpsdnMyCm5vczIKZmFzMgpwbHMyCnB0czIKcm9zMgpydXMyCnNrczIKdGhzMgp0cnMyCnVrczIKdmlyMAo_
Mar 24, 2026 21:23:27.334 [281473183813856] DEBUG - [Req#12/HCl#e] HTTP requesting GET http://127.0.0.1:38419/:/plugins/com.plexapp.system/messaging/function/X0FnZW50U2VydmljZTpVcGRhdGVJbmZv/Y2VyZWFsMQoxCmxpc3QKMApyMAo_/Y2VyZWFsMQo3CmRpY3QKbGlzdApkaWN0Cmxpc3QKbGlzdApsaXN0Cmxpc3QKMgpzMjMKY29tLnBsZXhhcHAuYWdlbnRzLmltZGJzMTAKaWRlbnRpZmllcnIxCnMxMAphZ2VudF9pbmZvMQpyMgoxMApyMwpzMTEKbWVkaWFfdHlwZXNyNApzMTIKYWNjZXB0c19mcm9tbnMxNApmYWxsYmFja19hZ2VudHI1CnMxNApjb250cmlidXRlc190b3I2CnM5Cmxhbmd1YWdlc2IxczIwCnBlcnNpc3Rfc3RvcmVkX2ZpbGVzaTAKczcKdmVyc2lvbmIxczE2CnByaW1hcnlfcHJvdmlkZXJiMXM1CnByZWZzczE5ClBsZXggTW92aWUgKExlZ2FjeSlzNApuYW1lMQpzNQpNb3ZpZTEKczI5CmNvbS5wbGV4YXBwLmFnZW50cy5sb2NhbG1lZGlhMQpzMjkKY29tLnBsZXhhcHAuYWdlbnRzLnRoZW1vdmllZGIzMwpzMgplbnMyCnN2czIKZnJzMgplc3MyCm5sczIKZGVzMgppdHMyCmRhczIKYXJzMgpjYXMyCnpoczIKY3NzMgpldHMyCmZpczIKZWxzMgpoZXMyCmhpczIKaHVzMgppZHMyCmphczIKa29zMgpsdnMyCm5vczIKZmFzMgpwbHMyCnB0czIKcm9zMgpydXMyCnNrczIKdGhzMgp0cnMyCnVrczIKdmlyMAo_
Mar 24, 2026 21:23:27.337 [281473193701600] DEBUG - [HttpClient/HCl#e] HTTP/1.1 (0.0s) 200 response from GET http://127.0.0.1:38419/:/plugins/com.plexapp.system/messaging/function/X0FnZW50U2VydmljZTpVcGRhdGVJbmZv/Y2VyZWFsMQoxCmxpc3QKMApyMAo_/Y2VyZWFsMQo3CmRpY3QKbGlzdApkaWN0Cmxpc3QKbGlzdApsaXN0Cmxpc3QKMgpzMjMKY29tLnBsZXhhcHAuYWdlbnRzLmltZGJzMTAKaWRlbnRpZmllcnIxCnMxMAphZ2VudF9pbmZvMQpyMgoxMApyMwpzMTEKbWVkaWFfdHlwZXNyNApzMTIKYWNjZXB0c19mcm9tbnMxNApmYWxsYmFja19hZ2VudHI1CnMxNApjb250cmlidXRlc190b3I2CnM5Cmxhbmd1YWdlc2IxczIwCnBlcnNpc3Rfc3RvcmVkX2ZpbGVzaTAKczcKdmVyc2lvbmIxczE2CnByaW1hcnlfcHJvdmlkZXJiMXM1CnByZWZzczE5ClBsZXggTW92aWUgKExlZ2FjeSlzNApuYW1lMQpzNQpNb3ZpZTEKczI5CmNvbS5wbGV4YXBwLmFnZW50cy5sb2NhbG1lZGlhMQpzMjkKY29tLnBsZXhhcHAuYWdlbnRzLnRoZW1vdmllZGIzMwpzMgplbnMyCnN2czIKZnJzMgplc3MyCm5sczIKZGVzMgppdHMyCmRhczIKYXJzMgpjYXMyCnpoczIKY3NzMgpldHMyCmZpczIKZWxzMgpoZXMyCmhpczIKaHVzMgppZHMyCmphczIKa29zMgpsdnMyCm5vczIKZmFzMgpwbHMyCnB0czIKcm9zMgpydXMyCnNrczIKdGhzMgp0cnMyCnVrczIKdmlyMAo_
Mar 24, 2026 21:23:27.337 [281473183813856] DEBUG - [Req#12] [com.plexapp.system] HTTP reply status 200, with 16 bytes of content.
Mar 24, 2026 21:23:27.337 [281473219735776] DEBUG - Completed: [127.0.0.1:56184] 200 GET /:/plugins/com.plexapp.system/messaging/function/X0FnZW50U2VydmljZTpVcGRhdGVJbmZv/Y2VyZWFsMQoxCmxpc3QKMApyMAo_/Y2VyZWFsMQo3CmRpY3QKbGlzdApkaWN0Cmxpc3QKbGlzdApsaXN0Cmxpc3QKMgpzMjMKY29tLnBsZXhhcHAuYWdlbnRzLmltZGJzMTAKaWRlbnRpZmllcnIxCnMxMAphZ2VudF9pbmZvMQpyMgoxMApyMwpzMTEKbWVkaWFfdHlwZXNyNApzMTIKYWNjZXB0c19mcm9tbnMxNApmYWxsYmFja19hZ2VudHI1CnMxNApjb250cmlidXRlc190b3I2CnM5Cmxhbmd1YWdlc2IxczIwCnBlcnNpc3Rfc3RvcmVkX2ZpbGVzaTAKczcKdmVyc2lvbmIxczE2CnByaW1hcnlfcHJvdmlkZXJiMXM1CnByZWZzczE5ClBsZXggTW92aWUgKExlZ2FjeSlzNApuYW1lMQpzNQpNb3ZpZTEKczI5CmNvbS5wbGV4YXBwLmFnZW50cy5sb2NhbG1lZGlhMQpzMjkKY29tLnBsZXhhcHAuYWdlbnRzLnRoZW1vdmllZGIzMwpzMgplbnMyCnN2czIKZnJzMgplc3MyCm5sczIKZGVzMgppdHMyCmRhczIKYXJzMgpjYXMyCnpoczIKY3NzMgpldHMyCmZpczIKZWxzMgpoZXMyCmhpczIKaHVzMgppZHMyCmphczIKa29zMgpsdnMyCm5vczIKZmFzMgpwbHMyCnB0czIKcm9zMgpydXMyCnNrczIKdGhzMgp0cnMyCnVrczIKdmlyMAo_ (3 live) #12 GZIP 3ms 415 bytes
Mar 24, 2026 21:23:27.339 [281473130524896] DEBUG - [Req#a] Reading 148 bytes in the body, code is 200
Mar 24, 2026 21:23:27.339 [281473130524896] DEBUG - [Req#a] [com.plexapp.agents.imdb] Plug-in running on port 35139.
Mar 24, 2026 21:23:27.339 [281473130524896] DEBUG - [Req#a] Read configuration for [com.plexapp.agents.imdb], had 0 prefixes
Mar 24, 2026 21:23:27.340 [281473130524896] DEBUG - [Req#a] [com.plexapp.agents.imdb] Sending command over HTTP (GET): /:/plugins/com.plexapp.agents.imdb/prefs
Mar 24, 2026 21:23:27.340 [281473130524896] DEBUG - [Req#a/HCl#f] HTTP requesting GET http://127.0.0.1:35139/:/plugins/com.plexapp.agents.imdb/prefs
Mar 24, 2026 21:23:27.346 [281473193701600] DEBUG - [HttpClient/HCl#f] HTTP/1.1 (0.0s) 200 response from GET http://127.0.0.1:35139/:/plugins/com.plexapp.agents.imdb/prefs
Mar 24, 2026 21:23:27.346 [281473130524896] DEBUG - [Req#a] [com.plexapp.agents.imdb] HTTP reply status 200, with 2224 bytes of content.
Mar 24, 2026 21:23:27.346 [281473130524896] DEBUG - Caching document http://127.0.0.1:32400/:/plugins/com.plexapp.agents.imdb/prefs as 3fb687daa8b9561d1dcef877d19ffd366bf5c002
Mar 24, 2026 21:23:27.346 [281473130524896] DEBUG - IVA: Downloading trailer lists.
Mar 24, 2026 21:23:27.411 [281473130524896] DEBUG - IVA: Downloaded 47 trailers for source 1.
Mar 24, 2026 21:23:27.427 [281473193701600] DEBUG - [HttpClient/HCl#c] HTTP/1.1 (0.1s) 200 response from GET https://plex.tv/api/v2/server/users/features (reused)
Mar 24, 2026 21:23:27.429 [281473130524896] DEBUG - IVA: Downloaded 28 trailers for source 2.
Mar 24, 2026 21:23:27.452 [281473193701600] DEBUG - [HttpClient/HCl#d] HTTP/1.1 (0.1s) 200 response from GET https://plex.tv/api/v2/geoip (reused)
Mar 24, 2026 21:23:27.453 [281473162526944] DEBUG - [HCl#13] HTTP requesting GET https://plex.tv/api/v2/server/webhooks?X-Plex-Token=xxxxxxxxxxxxxxxxxxxx
Mar 24, 2026 21:23:27.453 [281473221845216] DEBUG - [EventSourceClient/pubsub/139.162.158.105:443] Resolving 139.162.158.105 port 443
Mar 24, 2026 21:23:27.453 [281473221845216] DEBUG - [EventSourceClient/pubsub/139.162.158.105:443] Resolved 139.162.158.105 to 139.162.158.105:443
Mar 24, 2026 21:23:27.453 [281473175224544] DEBUG - [HCl#14] HTTP requesting GET https://plex.tv/api/v2/user/privacy?X-Plex-Token=xxxxxxxxxxxxxxxxxxxx
Mar 24, 2026 21:23:27.555 [281473219735776] DEBUG - [EventSourceClient/pubsub/139.162.158.105:443] Connected in 102 ms.
Mar 24, 2026 21:23:27.556 [281473219735776] DEBUG - [EventSourceClient/pubsub/139.162.158.105:443] Wrote data, reading reply.
Mar 24, 2026 21:23:27.582 [281473193701600] DEBUG - [HttpClient/HCl#14] HTTP/1.1 (0.1s) 200 response from GET https://plex.tv/api/v2/user/privacy?X-Plex-Token=xxxxxxxxxxxxxxxxxxxx (reused)
Mar 24, 2026 21:23:27.585 [281473175224544] DEBUG - [HCl#15] HTTP requesting GET https://plex.tv/api/v2/release_channels?X-Plex-Token=xxxxxxxxxxxxxxxxxxxx
Mar 24, 2026 21:23:27.602 [281473193701600] DEBUG - [HttpClient/HCl#13] HTTP/1.1 (0.1s) 200 response from GET https://plex.tv/api/v2/server/webhooks?X-Plex-Token=xxxxxxxxxxxxxxxxxxxx (reused)
Mar 24, 2026 21:23:27.747 [281473193701600] DEBUG - [HttpClient/HCl#15] HTTP/1.1 (0.2s) 200 response from GET https://plex.tv/api/v2/release_channels?X-Plex-Token=xxxxxxxxxxxxxxxxxxxx (reused)
Mar 24, 2026 21:23:27.751 [281473175224544] DEBUG - [HCl#16] HTTP requesting GET https://plex.tv/api/v2/features?X-Plex-Token=xxxxxxxxxxxxxxxxxxxx
Mar 24, 2026 21:23:27.939 [281473164636384] DEBUG - [JobRunner] Job running: /usr/lib/plexmediaserver/CrashUploader "--directory=/config/Library/Application Support/Plex Media Server/Crash Reports/1.43.0.10492-121068a07" --version=1.43.0.10492-121068a07 --platform=Linux --platformVersion=6.17.8-orbstack-00308-g8f9c941121b1 --serverUuid=0b7ef4be55a6ce2cbd71deb676303551923b4830 --userId=oscaarpelagio@gmail.com --sentryUrl=https://o17675.ingest.sentry.io/api/1233455/ --sentryKey=xxxxxxxxxxxxxxxxxxxxxxxxxxxxxxxx --vendor=Docker --model=aarch64 "--device=Docker Container (LinuxServer.io)"
Mar 24, 2026 21:23:27.943 [281473164636384] DEBUG - [JobRunner] Jobs: Starting child process with pid 336
Mar 24, 2026 21:23:27.960 [281473221845216] DEBUG - [EventSourceClient/pubsub/139.162.158.105:443] Read HTTP reply header.
Mar 24, 2026 21:23:27.960 [281473221845216] DEBUG - [EventSourceClient/pubsub/139.162.158.105:443] MyPlex: We appear to have regained Internet connectivity.
Mar 24, 2026 21:23:27.963 [281473221845216] DEBUG - [EventSourceClient/pubsub/139.162.158.105:443] MyPlex: async reachability check - current mapped state: 'Unknown'.
Mar 24, 2026 21:23:27.964 [281473221845216] WARN - [EventSourceClient/pubsub/139.162.158.105:443] MyPlex: attempted a reachability check but we're not yet mapped.
Mar 24, 2026 21:23:27.964 [281473221845216] DEBUG - [EventSourceClient/pubsub/139.162.158.105:443] Successfully connected to 139.162.158.105.
Mar 24, 2026 21:23:27.964 [281473232089312] DEBUG - Jobs: '/usr/lib/plexmediaserver/CrashUploader' exit code for process 336 is 0 (success)
Mar 24, 2026 21:23:27.966 [281473193701600] DEBUG - [HttpClient/HCl#16] HTTP/1.1 (0.2s) 200 response from GET https://plex.tv/api/v2/features?X-Plex-Token=xxxxxxxxxxxxxxxxxxxx (reused)
Mar 24, 2026 21:23:27.968 [281473175224544] DEBUG - [HCl#17] HTTP requesting GET https://plex.tv/api/v2/server/users/features
Mar 24, 2026 21:23:28.122 [281473193701600] DEBUG - [HttpClient/HCl#17] HTTP/1.1 (0.2s) 200 response from GET https://plex.tv/api/v2/server/users/features (reused)
Mar 24, 2026 21:23:28.132 [281473175224544] DEBUG - CERT: Certificate will not expire soon; we'll check again in a week.
Mar 24, 2026 21:23:28.132 [281473126306016] DEBUG - MyPlex: sendMapping resetting state - previous mapping state: 'Unknown'.
Mar 24, 2026 21:23:28.132 [281473126306016] DEBUG - MyPlex: mapping state set to 'Unknown'.
Mar 24, 2026 21:23:28.133 [281473175224544] DEBUG - MyPlex: Updating device connections (from timer: 0)
Mar 24, 2026 21:23:28.133 [281473175224544] DEBUG - [HCl#18] HTTP requesting PUT https://plex.tv/devices/0b7ef4be55a6ce2cbd71deb676303551923b4830?Connection[][uri]=http://192.168.147.7:32400&httpsEnabled=1&httpsRequired=0&dnsRebindingProtection=0&X-Plex-Token=xxxxxxxxxxxxxxxxxxxx
Mar 24, 2026 21:23:28.133 [281473126306016] DEBUG - MyPlex: Sending Server Info to myPlex (user=oscaarpelagio@gmail.com, ip=, port=0)
Mar 24, 2026 21:23:28.134 [281473126306016] DEBUG - [HCl#19] HTTP requesting POST https://plex.tv/servers.xml?auth_token=xxxxxxxxxxxxxxxxxxxx
Mar 24, 2026 21:23:28.285 [281473193701600] DEBUG - [HttpClient/HCl#19] HTTP/1.1 (0.2s) 422 response from POST https://plex.tv/servers.xml?auth_token=xxxxxxxxxxxxxxxxxxxx (reused)
Mar 24, 2026 21:23:28.285 [281473126306016] DEBUG - MyPlex: Published Mapping State response was 422
Mar 24, 2026 21:23:28.285 [281473126306016] DEBUG - MyPlex: Got response for 0b7ef4be55a6ce2cbd71deb676303551923b4830 ~ registered :0
Mar 24, 2026 21:23:28.285 [281473126306016] DEBUG - MyPlex: updating mapped state - current state: 'Unknown'
Mar 24, 2026 21:23:28.285 [281473126306016] DEBUG - MyPlex: mapping state set to 'Mapped - Publishing'.
Mar 24, 2026 21:23:28.285 [281473126306016] DEBUG - MyPlex: async reachability check - current mapped state: 'Mapped - Publishing'.
Mar 24, 2026 21:23:28.285 [281473126306016] DEBUG - MyPlex: Requesting reachability check.
Mar 24, 2026 21:23:28.286 [281473126306016] DEBUG - [HCl#1a] HTTP requesting PUT https://plex.tv/api/servers/0b7ef4be55a6ce2cbd71deb676303551923b4830/connectivity?X-Plex-Token=xxxxxxxxxxxxxxxxxxxx&asyncIdentifier=991b8d39-44d3-48cb-a808-4ec544888266
Mar 24, 2026 21:23:28.290 [281473193701600] DEBUG - [HttpClient/HCl#18] HTTP/1.1 (0.2s) 200 response from PUT https://plex.tv/devices/0b7ef4be55a6ce2cbd71deb676303551923b4830?Connection[][uri]=http://192.168.147.7:32400&httpsEnabled=1&httpsRequired=0&dnsRebindingProtection=0&X-Plex-Token=xxxxxxxxxxxxxxxxxxxx (reused)
Mar 24, 2026 21:23:28.414 [281473193701600] DEBUG - [HttpClient/HCl#1a] HTTP/1.1 (0.1s) 200 response from PUT https://plex.tv/api/servers/0b7ef4be55a6ce2cbd71deb676303551923b4830/connectivity?X-Plex-Token=xxxxxxxxxxxxxxxxxxxx&asyncIdentifier=991b8d39-44d3-48cb-a808-4ec544888266 (reused)
Mar 24, 2026 21:23:30.456 [281473162526944] DEBUG - [MediaProviderManager] Refreshing media providers
Mar 24, 2026 21:23:30.457 [281473162526944] DEBUG - [MediaProviderManager/Response::fetch/HCl#1d] HTTP requesting GET https://plex.tv/media/providers
Mar 24, 2026 21:23:30.592 [281473193701600] DEBUG - [HttpClient/HCl#1d] HTTP/1.1 (0.1s) 200 response from GET https://plex.tv/media/providers (reused)
Mar 24, 2026 21:23:30.592 [281473162526944] DEBUG - [MediaProviderManager] discovered cloud provider (Movies & Shows)
Mar 24, 2026 21:23:30.592 [281473162526944] DEBUG - [MediaProviderManager] discovered cloud provider (Metadata)
Mar 24, 2026 21:23:30.592 [281473162526944] DEBUG - [MediaProviderManager] loading cloud provider details (Metadata) (alive: 0)
Mar 24, 2026 21:23:30.593 [281473168896224] DEBUG - [MediaProviderManager/HCl#20] HTTP requesting GET https://vod.provider.plex.tv?includePreferences=1
Mar 24, 2026 21:23:30.694 [281473193701600] DEBUG - [HttpClient/HCl#20] HTTP/2.0 (0.1s) 200 response from GET https://vod.provider.plex.tv?includePreferences=1
Mar 24, 2026 21:23:30.704 [281473162526944] DEBUG - [MediaProviderManager] loading cloud provider details (Movies & Shows) (alive: 1)
Mar 24, 2026 21:23:30.704 [281473162526944] DEBUG - [MediaProviderManager] we had 0 cloud providers online, we now have 2
Mar 24, 2026 21:23:30.704 [281473162526944] DEBUG - [MediaProviderManager] cloud provider (Metadata) is online and available
Mar 24, 2026 21:23:30.704 [281473162526944] DEBUG - [MediaProviderManager] cloud provider (Movies & Shows) is online and available
Mar 24, 2026 21:23:30.706 [281473162526944] DEBUG - [MediaProviderManager/MetadataAgentManager] Found media provider for agent provider 'tv.plex.agents.movie' with source URI 'provider://tv.plex.provider.metadata'
Mar 24, 2026 21:23:30.706 [281473162526944] DEBUG - [MediaProviderManager/MetadataAgentManager] Found media provider for agent provider 'tv.plex.agents.series' with source URI 'provider://tv.plex.provider.metadata'
Mar 24, 2026 21:23:30.707 [281473162526944] DEBUG - [MediaProviderManager/MetadataAgentManager] Found media provider for agent provider 'tv.plex.agents.music' with source URI 'provider://tv.plex.provider.metadata'
Mar 24, 2026 21:23:30.707 [281473162526944] DEBUG - [MediaProviderManager/MetadataAgentManager] Found media provider for agent provider 'org.musicbrainz.agents.music' with source URI 'provider://tv.plex.provider.metadata'
Mar 24, 2026 21:23:30.707 [281473162526944] DEBUG - [MediaProviderManager] Media provider refresh complete
Mar 24, 2026 21:23:31.728 [281473171005664] DEBUG - [NSB] NetworkServiceBrowser: SERVER arrived: 127.0.0.1 (film-dealers)
Mar 24, 2026 21:23:31.728 [281473171005664] DEBUG - [NSB] Notifying the system bundle an update to server /system/notify/serverUpdated?host=127.0.0.1
Mar 24, 2026 21:23:31.728 [281473171005664] DEBUG - [NSB] [com.plexapp.system] Sending command over HTTP (GET): /system/notify/serverUpdated?host=127.0.0.1
Mar 24, 2026 21:23:31.728 [281473171005664] DEBUG - [NSB/HCl#21] HTTP requesting GET http://127.0.0.1:38419/system/notify/serverUpdated?host=127.0.0.1
Mar 24, 2026 21:23:31.745 [281473185923296] DEBUG - Request: [127.0.0.1:56198 (Loopback)] GET /servers (3 live) #14 GZIP Signed-in Token (oscaarp)
Mar 24, 2026 21:23:31.746 [281473219735776] DEBUG - Completed: [127.0.0.1:56198] 200 GET /servers (3 live) #14 GZIP 1ms 491 bytes
Mar 24, 2026 21:23:31.753 [281473193701600] DEBUG - [HttpClient/HCl#21] HTTP/1.1 (0.0s) 200 response from GET http://127.0.0.1:38419/system/notify/serverUpdated?host=127.0.0.1
Mar 24, 2026 21:23:31.753 [281473171005664] DEBUG - [NSB] [com.plexapp.system] HTTP reply status 200, with 0 bytes of content.
Mar 24, 2026 21:23:32.456 [281473154089184] DEBUG - [PubsubServerManager/process/HCl#22] HTTP requesting GET https://plex.tv/services/pubsub/servers
Mar 24, 2026 21:23:32.592 [281473193701600] DEBUG - [HttpClient/HCl#22] HTTP/1.1 (0.1s) 200 response from GET https://plex.tv/services/pubsub/servers (reused)
Mar 24, 2026 21:23:33.544 [281473154089184] DEBUG - [PubsubServerManager/process] Time to connect to pubsub08.pop.lhr.plex.bz was 118 ms.
Mar 24, 2026 21:23:33.544 [281473154089184] DEBUG - [PubsubServerManager/process] Time to connect to 139.162.158.105 was 120 ms.
Mar 24, 2026 21:23:33.544 [281473154089184] DEBUG - [PubsubServerManager/process] Time to connect to 172.105.96.32 was 374 ms.
Mar 24, 2026 21:23:33.544 [281473154089184] DEBUG - [PubsubServerManager/process] Time to connect to 173.255.237.43 was 397 ms.
Mar 24, 2026 21:23:33.544 [281473154089184] DEBUG - [PubsubServerManager/process] Time to connect to 23.239.17.115 was 397 ms.
Mar 24, 2026 21:23:33.544 [281473154089184] DEBUG - [PubsubServerManager/process] Time to connect to 45.79.23.169 was 429 ms.
Mar 24, 2026 21:23:33.544 [281473154089184] DEBUG - [PubsubServerManager/process] Time to connect to 45.56.82.212 was 575 ms.
Mar 24, 2026 21:23:33.544 [281473154089184] DEBUG - [PubsubServerManager/process] Time to connect to 139.162.75.196 was 722 ms.
Mar 24, 2026 21:23:33.544 [281473154089184] DEBUG - [PubsubServerManager/process] Time to connect to 139.162.20.120 was 920 ms.
Mar 24, 2026 21:23:33.546 [281473154089184] DEBUG - [PubsubServerManager/process] Updating best ping time for 139.162.158.105 to 120 ms.
Mar 24, 2026 21:23:35.996 [281473160417504] DEBUG - DVR:Device: Discovering and refreshing all devices.
Mar 24, 2026 21:23:35.996 [281473160417504] DEBUG - Grabber: HDHomerun discovered 0 compatible devices.
Mar 24, 2026 21:23:35.996 [281473160417504] DEBUG - [HCl#23] HTTP requesting POST http://127.0.0.1:32600/devices/discover
Mar 24, 2026 21:23:36.726 [281473156198624] DEBUG - Grabber: Cleaning up orphaned grabs.
Mar 24, 2026 21:23:36.726 [281473156198624] DEBUG - Grabber: Cleaned up 0 decrepit directories in 0.0 sec.
Mar 24, 2026 21:23:36.726 [281473156198624] DEBUG - Activity: registered new activity 8cbb20f5-0ab8-4f18-b01c-b085b90d699b - "Processing subscriptions"
Mar 24, 2026 21:23:36.726 [281473156198624] DEBUG - Subscription: Scheduling subscriptions.
Mar 24, 2026 21:23:36.727 [281473156198624] DEBUG - Subscription: Initialized 0 schedulers.
Mar 24, 2026 21:23:36.727 [281473156198624] DEBUG - Subscription: Starting with 0 grabs, scheduled 0 active ones preemptively.
Mar 24, 2026 21:23:36.727 [281473156198624] DEBUG - Subscription: Scheduled all subscriptions in 0 ms.
Mar 24, 2026 21:23:36.727 [281473156198624] DEBUG - Activity: Ended activity 8cbb20f5-0ab8-4f18-b01c-b085b90d699b.
Mar 24, 2026 21:23:36.727 [281473156198624] DEBUG - Subscription: There are 0 active grabs at the end.
Mar 24, 2026 21:23:36.727 [281473156198624] DEBUG - Activity: Ended activity 81858eb1-8f25-4f19-a57f-e8badb81ce6d.
Mar 24, 2026 21:23:36.727 [281473156198624] DEBUG - Subscription: Refreshed all content in 1 ms.
Mar 24, 2026 21:23:37.455 [281473154089184] DEBUG - [HCl#24] HTTP requesting GET https://plex.tv/api/resources.xml?includeHttps=1&includeRelay=1&auth_token=xxxxxxxxxxxxxxxxxxxx
Mar 24, 2026 21:23:37.708 [281473193701600] DEBUG - [HttpClient/HCl#24] HTTP/1.1 (0.3s) 200 response from GET https://plex.tv/api/resources.xml?includeHttps=1&includeRelay=1&auth_token=xxxxxxxxxxxxxxxxxxxx (reused)
Mar 24, 2026 21:23:37.709 [281473154089184] DEBUG - Media Server: Tested all servers in 0.0 seconds.
Mar 24, 2026 21:23:38.493 [281473193701600] DEBUG - [HttpClient/HCl#23] HTTP/1.1 (2.5s) 200 response from POST http://127.0.0.1:32600/devices/discover
Mar 24, 2026 21:23:55.988 [281473134743776] DEBUG - [HCl#25] HTTP requesting GET https://plex.tv/api/v2/shared_sources/owned?machineIdentifier=0b7ef4be55a6ce2cbd71deb676303551923b4830
Mar 24, 2026 21:23:56.583 [281473193701600] DEBUG - [HttpClient/HCl#25] HTTP/1.1 (0.6s) 200 response from GET https://plex.tv/api/v2/shared_sources/owned?machineIdentifier=0b7ef4be55a6ce2cbd71deb676303551923b4830
Mar 24, 2026 21:23:56.602 [281473134743776] DEBUG - [HCl#26] HTTP requesting GET https://plex.tv/api/v2/server/access_tokens?auth_token=xxxxxxxxxxxxxxxxxxxx
Mar 24, 2026 21:23:56.803 [281473193701600] DEBUG - [HttpClient/HCl#26] HTTP/1.1 (0.2s) 200 response from GET https://plex.tv/api/v2/server/access_tokens?auth_token=xxxxxxxxxxxxxxxxxxxx (reused)
Mar 24, 2026 21:23:56.814 [281473134743776] DEBUG - MyPlex: updating with 6 access tokens
Mar 24, 2026 21:23:56.814 [281473134743776] DEBUG - [HCl#27] HTTP requesting GET https://plex.tv/api/v2/server/users?auth_token=xxxxxxxxxxxxxxxxxxxx
Mar 24, 2026 21:23:56.947 [281473193701600] DEBUG - [HttpClient/HCl#27] HTTP/1.1 (0.1s) 200 response from GET https://plex.tv/api/v2/server/users?auth_token=xxxxxxxxxxxxxxxxxxxx (reused)
Mar 24, 2026 21:23:56.948 [281473229508832] DEBUG - [HCl#28] HTTP requesting GET https://plex.tv/api/v2/server/users/subscriptions?auth_token=xxxxxxxxxxxxxxxxxxxx
Mar 24, 2026 21:23:57.106 [281473193701600] DEBUG - [HttpClient/HCl#28] HTTP/1.1 (0.2s) 200 response from GET https://plex.tv/api/v2/server/users/subscriptions?auth_token=xxxxxxxxxxxxxxxxxxxx (reused)
Mar 24, 2026 21:23:57.108 [281473229508832] DEBUG - MyPlex: using cached data for request for https://plex.tv/api/v2/server/users/services?auth_token=xxxxxxxxxxxxxxxxxxxx
Mar 24, 2026 21:23:59.464 [281473185923296] DEBUG - Request: [192.168.147.1:30724 (Subnet)] GET /:/timeline?ratingKey=1&key=%2Flibrary%2Fmetadata%2F1&playbackTime=0&playQueueItemID=1&state=paused&hasMDE=1&time=15000&duration=6739000 (2 live) #1f GZIP Signed-in Token (oscaarp)
Mar 24, 2026 21:23:59.465 [281473183813856] DEBUG - Request: [192.168.147.1:40179 (Subnet)] GET /video/:/transcode/universal/ping?session=hexl8kr6wjus2pl3t447eg0k (3 live) #22 GZIP Signed-in Token (oscaarp)
Mar 24, 2026 21:23:59.478 [281473183813856] WARN - [Req#22/Transcode] Got a transcode session ping without a valid session ID.
Mar 24, 2026 21:23:59.480 [281473219735776] DEBUG - Completed: [192.168.147.1:40179] 404 GET /video/:/transcode/universal/ping?session=hexl8kr6wjus2pl3t447eg0k (3 live) #22 GZIP 15ms 507 bytes (pipelined: 1)
Mar 24, 2026 21:23:59.489 [281473185923296] DEBUG - [Req#1f] Client [vkjphyua8spggnvg82dvmqg3] reporting timeline state paused, progress of 15000/6739000ms for guid=, playbackTime=0ms ratingKey=1 url=, key=/library/metadata/1, containerKey=, metadataId=1, source=
Mar 24, 2026 21:23:59.493 [281473185923296] DEBUG - [Req#1f] We're going to try to auto-select an audio stream for account 1.
Mar 24, 2026 21:23:59.493 [281473185923296] DEBUG - [Req#1f] Selecting best audio stream for part ID 1 (language: )
Mar 24, 2026 21:23:59.493 [281473185923296] DEBUG - [Req#1f] We're going to try to auto-select a subtitle for account 1.
Mar 24, 2026 21:23:59.493 [281473185923296] DEBUG - [Req#1f] Audio Stream: 2, Subtitle Stream: -1
Mar 24, 2026 21:23:59.508 [281473185923296] DEBUG - [Req#1f] [Now] User is oscaarp (ID: 1)
Mar 24, 2026 21:23:59.508 [281473185923296] DEBUG - [Req#1f] [Now] Device is Safari (Safari).
Mar 24, 2026 21:23:59.509 [281473185923296] DEBUG - [Req#1f] [Now] Profile is Web
Mar 24, 2026 21:23:59.509 [281473185923296] DEBUG - [Req#1f] [Now] Updated play state for /library/metadata/1.
Mar 24, 2026 21:23:59.510 [281473185923296] DEBUG - [Req#1f] Statistics: (qjt50inxtzsqjpbem7hjo0tw) Reporting active playback in state 1 of type 1 (scrobble: 0) for account 1
Mar 24, 2026 21:23:59.511 [281473219735776] DEBUG - Completed: [192.168.147.1:30724] 200 GET /:/timeline?ratingKey=1&key=%2Flibrary%2Fmetadata%2F1&playbackTime=0&playQueueItemID=1&state=paused&hasMDE=1&time=15000&duration=6739000 (3 live) #1f GZIP 47ms 502 bytes (pipelined: 1)
Mar 24, 2026 21:23:59.680 [281473183813856] DEBUG - Request: [192.168.147.1:40179 (Subnet)] GET /media/providers (3 live) #24 GZIP Signed-in Token (oscaarp)
Mar 24, 2026 21:23:59.681 [281473185923296] DEBUG - Request: [192.168.147.1:61043 (Subnet)] GET /media/providers (4 live) #23 GZIP Signed-in Token (oscaarp)
Mar 24, 2026 21:23:59.685 [281473219735776] DEBUG - Completed: [192.168.147.1:61043] 200 GET /media/providers (5 live) #23 GZIP 4ms 4421 bytes (pipelined: 1)
Mar 24, 2026 21:23:59.686 [281473219735776] DEBUG - Completed: [192.168.147.1:40179] 200 GET /media/providers (5 live) #24 GZIP 6ms 4549 bytes (pipelined: 2)
Mar 24, 2026 21:23:59.701 [281473185923296] DEBUG - Request: [192.168.147.0:49502 (Subnet)] GET /media/providers (5 live) #28 TLS GZIP Signed-in Token (oscaarp)
Mar 24, 2026 21:23:59.703 [281473219735776] DEBUG - Completed: [192.168.147.0:49502] 200 GET /media/providers (5 live) #28 TLS GZIP 2ms 4549 bytes (pipelined: 1)
Mar 24, 2026 21:23:59.766 [281473183813856] DEBUG - Request: [192.168.147.1:61043 (Subnet)] GET /photo/:/transcode?width=480&height=719&minSize=1&upscale=1&url=%2Flibrary%2Fmetadata%2F1%2Fthumb%2F1774383036%3FX-Plex-Token%3Dxxxxxxxxxxxxxxxxxxxx (5 live) #2c GZIP Signed-in Token (oscaarp)
Mar 24, 2026 21:23:59.767 [281473183813856] DEBUG - [Req#2c/PhotoTranscoder] Request for url [/library/metadata/1/thumb/1774383036?X-Plex-Token=xxxxxxxxxxxxxxxxxxxx] (is local: 1 upscaled: 1)
Mar 24, 2026 21:23:59.767 [281473183813856] DEBUG - Content-Length of /config/Library/Application Support/Plex Media Server/Cache/PhotoTranscoder/ae/ae43d6dd2c99ba5584d3dd7e627351c6a917ab5f.jpg is 44135 (of total: 44135).
Mar 24, 2026 21:23:59.768 [281473221845216] DEBUG - Completed: [192.168.147.1:61043] 200 GET /photo/:/transcode?width=480&height=719&minSize=1&upscale=1&url=%2Flibrary%2Fmetadata%2F1%2Fthumb%2F1774383036%3FX-Plex-Token%3Dxxxxxxxxxxxxxxxxxxxx (5 live) #2c GZIP 1ms 44135 bytes (pipelined: 2)
Mar 24, 2026 21:23:59.780 [281473185923296] DEBUG - Request: [192.168.147.1:61043 (Subnet)] GET /photo/:/transcode?width=480&height=271&minSize=1&upscale=1&url=%2Flibrary%2Fmetadata%2F1%2Fart%2F1774383036%3FX-Plex-Token%3Dxxxxxxxxxxxxxxxxxxxx (5 live) #30 GZIP Signed-in Token (oscaarp)
Mar 24, 2026 21:23:59.780 [281473185923296] DEBUG - [Req#30/PhotoTranscoder] Request for url [/library/metadata/1/art/1774383036?X-Plex-Token=xxxxxxxxxxxxxxxxxxxx] (is local: 1 upscaled: 1)
Mar 24, 2026 21:23:59.780 [281473185923296] DEBUG - Content-Length of /config/Library/Application Support/Plex Media Server/Cache/PhotoTranscoder/6c/6c3404c3bcd5d3a3684c2c751d6a3bc0d04269e1.jpg is 9716 (of total: 9716).
Mar 24, 2026 21:23:59.782 [281473221845216] DEBUG - Completed: [192.168.147.1:61043] 200 GET /photo/:/transcode?width=480&height=271&minSize=1&upscale=1&url=%2Flibrary%2Fmetadata%2F1%2Fart%2F1774383036%3FX-Plex-Token%3Dxxxxxxxxxxxxxxxxxxxx (5 live) #30 GZIP 1ms 9716 bytes (pipelined: 3)
Mar 24, 2026 21:23:59.783 [281473183813856] DEBUG - Request: [192.168.147.1:22985 (Subnet)] GET /photo/:/transcode?url=%2Flibrary%2Fmetadata%2F1%2Fthumb%2F1774383036%3FX-Plex-Token%3Dxxxxxxxxxxxxxxxxxxxx&width=512&height=512&minSize=1 (6 live) #2a GZIP Signed-in Token (oscaarp)
Mar 24, 2026 21:23:59.783 [281473183813856] DEBUG - [Req#2a/PhotoTranscoder] Request for url [/library/metadata/1/thumb/1774383036?X-Plex-Token=xxxxxxxxxxxxxxxxxxxx] (is local: 1 upscaled: 0)
Mar 24, 2026 21:23:59.783 [281473183813856] DEBUG - Content-Length of /config/Library/Application Support/Plex Media Server/Cache/PhotoTranscoder/7b/7be1357bc86c430d306c6dbcdb77f50e885640ff.jpg is 49905 (of total: 49905).
Mar 24, 2026 21:23:59.785 [281473219735776] DEBUG - Completed: [192.168.147.1:22985] 200 GET /photo/:/transcode?url=%2Flibrary%2Fmetadata%2F1%2Fthumb%2F1774383036%3FX-Plex-Token%3Dxxxxxxxxxxxxxxxxxxxx&width=512&height=512&minSize=1 (6 live) #2a GZIP 1ms 49905 bytes (pipelined: 1)
Mar 24, 2026 21:23:59.793 [281473185923296] DEBUG - Request: [192.168.147.1:61043 (Subnet)] GET /:/timeline?ratingKey=1&key=%2Flibrary%2Fmetadata%2F1&playbackTime=0&playQueueItemID=1&state=paused&hasMDE=1&time=15000&duration=6739000 (6 live) #31 GZIP Signed-in Token (oscaarp)
Mar 24, 2026 21:23:59.794 [281473185923296] DEBUG - [Req#31] Client [vkjphyua8spggnvg82dvmqg3] reporting timeline state paused, progress of 15000/6739000ms for guid=, playbackTime=0ms ratingKey=1 url=, key=/library/metadata/1, containerKey=, metadataId=1, source=
Mar 24, 2026 21:23:59.794 [281473185923296] DEBUG - [Req#31] [Now] User is oscaarp (ID: 1)
Mar 24, 2026 21:23:59.794 [281473185923296] DEBUG - [Req#31] [Now] Device is Safari (Safari).
Mar 24, 2026 21:23:59.795 [281473185923296] DEBUG - [Req#31] [Now] Profile is Web
Mar 24, 2026 21:23:59.795 [281473185923296] DEBUG - [Req#31] [Now] Updated play state for /library/metadata/1.
Mar 24, 2026 21:23:59.795 [281473185923296] DEBUG - [Req#31] Statistics: (qjt50inxtzsqjpbem7hjo0tw) Reporting active playback in state 1 of type 1 (scrobble: 0) for account 1
Mar 24, 2026 21:23:59.796 [281473221845216] DEBUG - Completed: [192.168.147.1:61043] 200 GET /:/timeline?ratingKey=1&key=%2Flibrary%2Fmetadata%2F1&playbackTime=0&playQueueItemID=1&state=paused&hasMDE=1&time=15000&duration=6739000 (6 live) #31 GZIP 2ms 374 bytes (pipelined: 4)
Mar 24, 2026 21:23:59.815 [281473160417504] DEBUG - [MediaProviderManager] Refreshing media providers
Mar 24, 2026 21:23:59.815 [281473160417504] DEBUG - [MediaProviderManager/Response::fetch/HCl#2a] HTTP requesting GET https://plex.tv/media/providers
Mar 24, 2026 21:23:59.827 [281473183813856] DEBUG - Request: [192.168.147.1:30724 (Subnet)] GET /video/:/transcode/universal/decision?hasMDE=1&path=%2Flibrary%2Fmetadata%2F1&mediaIndex=0&partIndex=0&protocol=dash&fastSeek=1&directPlay=0&directStream=1&subtitleSize=100&audioBoost=100&location=lan&addDebugOverlay=0&autoAdjustQuality=0&directStreamAudio=0&mediaBufferSize=102400&session=qohz2715ytpq69580gp2zoou&subtitles=burn&Accept-Language=es (6 live) #27 GZIP Signed-in Token (oscaarp)
Mar 24, 2026 21:23:59.827 [281473183813856] DEBUG - [Req#27/Transcode] Found session GUID of qohz2715ytpq69580gp2zoou in session start.
Mar 24, 2026 21:23:59.828 [281473183813856] DEBUG - [Req#27/Transcode] TranscodeUniversalRequest: adapting profile with augmentation data: add-limitation(scope=videoCodec&scopeName=*&type=upperBound&name=video.frameRate&value=60&replace=true)+append-transcode-target-codec(type=videoProfile&context=streaming&videoCodec=h264%2Chevc&audioCodec=aac&protocol=dash)
Mar 24, 2026 21:23:59.828 [281473183813856] DEBUG - [Req#27/Transcode] TranscodeUniversalRequest: using augmented profile Web
Mar 24, 2026 21:23:59.828 [281473183813856] DEBUG - [Req#27/Transcode] Downloading document http://127.0.0.1:32400/library/metadata/1?includeBandwidths=1&offset=-1&X-Plex-Incomplete-Segments=1&X-Plex-Session-Identifier=vkjphyua8spggnvg82dvmqg3
Mar 24, 2026 21:23:59.836 [281473185923296] DEBUG - Request: [192.168.147.1:40179 (Subnet)] GET /playQueues/2?repeat=0&own=1&includeChapters=1&includeMarkers=1&includeGeolocation=1&includeExternalMedia=1 (6 live) #2d GZIP Signed-in Token (oscaarp)
Mar 24, 2026 21:23:59.837 [281473183813856] DEBUG - [Req#27/Transcode] We're going to try to auto-select an audio stream for account 1.
Mar 24, 2026 21:23:59.837 [281473183813856] DEBUG - [Req#27/Transcode] Selecting best audio stream for part ID 1 (language: )
Mar 24, 2026 21:23:59.837 [281473183813856] DEBUG - [Req#27/Transcode] We're going to try to auto-select a subtitle for account 1.
Mar 24, 2026 21:23:59.837 [281473183813856] DEBUG - [Req#27/Transcode] Audio Stream: 2, Subtitle Stream: -1
Mar 24, 2026 21:23:59.837 [281473185923296] DEBUG - [Req#2d] PlayQueue: total generated: 1, before cursor: 0, after cursor: 0
Mar 24, 2026 21:23:59.837 [281473185923296] DEBUG - [Req#2d] PlayQueue: No need to refresh, active window is operational.
Mar 24, 2026 21:23:59.841 [281473183813856] DEBUG - [Req#27/Transcode] MDE: Selected protocol dash; container: mp4
Mar 24, 2026 21:23:59.841 [281473183813856] DEBUG - [Req#27/Transcode] MDE: analyzing media item 1
Mar 24, 2026 21:23:59.841 [281473183813856] DEBUG - [Req#27/Transcode] MDE: Los domingos (2025): Direct Play is disabled
Mar 24, 2026 21:23:59.841 [281473183813856] DEBUG - [Req#27/Transcode] MDE: Los domingos (2025): media must be transcoded in order to use the dash protocol
Mar 24, 2026 21:23:59.841 [281473183813856] DEBUG - [Req#27/Transcode] MDE: Los domingos (2025): no direct play video profile exists for http/mkv/h264
Mar 24, 2026 21:23:59.841 [281473183813856] DEBUG - [Req#27/Transcode] MDE: Los domingos (2025): no direct play video profile exists for http/mkv/h264/eac3
Mar 24, 2026 21:23:59.841 [281473183813856] DEBUG - [Req#27/Transcode] MDE: Los domingos (2025): no direct play video profile exists for http/mkv/h264/ac3
Mar 24, 2026 21:23:59.842 [281473183813856] DEBUG - [Req#27/Transcode] MDE: Los domingos (2025): Audio Direct Streaming is disabled, so video's audio stream will be transcoded
Mar 24, 2026 21:23:59.842 [281473183813856] DEBUG - [Req#27/Transcode] MDE: Cannot direct stream audio stream due to profile or setting limitations
Mar 24, 2026 21:23:59.842 [281473183813856] DEBUG - [Req#27/Transcode] MDE: Los domingos (2025): selected media 0 / 1
Mar 24, 2026 21:23:59.842 [281473185923296] DEBUG - [Req#2d] PlayQueue: Client qjt50inxtzsqjpbem7hjo0tw requested ownership of play queue 2, but already had it.
Mar 24, 2026 21:23:59.842 [281473183813856] DEBUG - [Req#27/Transcode] Streaming Resource: Added session 0xffff954856b8:vkjphyua8spggnvg82dvmqg3
Mar 24, 2026 21:23:59.847 [281473183813856] DEBUG - [Req#27/Transcode] Streaming Resource: Reached Decision id=1 codes=(General=1001,Direct play not available; Conversion OK. Direct Play=3000,App cannot direct play this item. Direct play is disabled. Transcode=1001,Direct play not available; Conversion OK.) media=(id=1 part=(id=1 decision=transcode container=mp4 protocol=dash streams=(Video=(id=1 decision=copy width=1920 height=1080) Audio=(id=2 decision=transcode bitrate=256 encoder=aac channels=2 rate=48000))))
Mar 24, 2026 21:23:59.847 [281473185923296] DEBUG - We're going to try to auto-select an audio stream for account 1.
Mar 24, 2026 21:23:59.848 [281473185923296] DEBUG - Selecting best audio stream for part ID 1 (language: )
Mar 24, 2026 21:23:59.849 [281473185923296] DEBUG - We're going to try to auto-select a subtitle for account 1.
Mar 24, 2026 21:23:59.849 [281473185923296] DEBUG - Audio Stream: 2, Subtitle Stream: -1
Mar 24, 2026 21:23:59.853 [281473221845216] DEBUG - Completed: [192.168.147.1:40179] 200 GET /playQueues/2?repeat=0&own=1&includeChapters=1&includeMarkers=1&includeGeolocation=1&includeExternalMedia=1 (6 live) #2d GZIP 17ms 4669 bytes (pipelined: 3)
Mar 24, 2026 21:23:59.853 [281473219735776] DEBUG - Completed: [192.168.147.1:30724] 200 GET /video/:/transcode/universal/decision?hasMDE=1&path=%2Flibrary%2Fmetadata%2F1&mediaIndex=0&partIndex=0&protocol=dash&fastSeek=1&directPlay=0&directStream=1&subtitleSize=100&audioBoost=100&location=lan&addDebugOverlay=0&autoAdjustQuality=0&directStreamAudio=0&mediaBufferSize=102400&session=qohz2715ytpq69580gp2zoou&subtitles=burn&Accept-Language=es (6 live) #27 GZIP 26ms 4644 bytes (pipelined: 2)
Mar 24, 2026 21:23:59.954 [281473185923296] DEBUG - Request: [192.168.147.1:40179 (Subnet)] GET /video/:/transcode/universal/start.mpd?hasMDE=1&path=%2Flibrary%2Fmetadata%2F1&mediaIndex=0&partIndex=0&protocol=dash&fastSeek=1&directPlay=0&directStream=1&subtitleSize=100&audioBoost=100&location=lan&addDebugOverlay=0&autoAdjustQuality=0&directStreamAudio=0&mediaBufferSize=102400&session=qohz2715ytpq69580gp2zoou&subtitles=burn&Accept-Language=es (6 live) #37 GZIP Signed-in Token (oscaarp)
Mar 24, 2026 21:23:59.954 [281473185923296] DEBUG - [Req#37/Transcode] Found session GUID of qohz2715ytpq69580gp2zoou in session start.
Mar 24, 2026 21:23:59.956 [281473185923296] DEBUG - [Req#37/Transcode] TranscodeUniversalRequest: adapting profile with augmentation data: add-limitation(scope=videoCodec&scopeName=*&type=upperBound&name=video.frameRate&value=60&replace=true)+append-transcode-target-codec(type=videoProfile&context=streaming&videoCodec=h264%2Chevc&audioCodec=aac&protocol=dash)
Mar 24, 2026 21:23:59.956 [281473185923296] DEBUG - [Req#37/Transcode] TranscodeUniversalRequest: using augmented profile Web
Mar 24, 2026 21:23:59.956 [281473185923296] DEBUG - [Req#37/Transcode] Downloading document http://127.0.0.1:32400/library/metadata/1?checkFiles=1&includeBandwidths=1&offset=-1&X-Plex-Incomplete-Segments=1&X-Plex-Session-Identifier=vkjphyua8spggnvg82dvmqg3
Mar 24, 2026 21:23:59.963 [281473193701600] DEBUG - [HttpClient/HCl#2a] HTTP/1.1 (0.1s) 200 response from GET https://plex.tv/media/providers (reused)
Mar 24, 2026 21:23:59.964 [281473160417504] DEBUG - [MediaProviderManager] discovered cloud provider (Movies & Shows)
Mar 24, 2026 21:23:59.964 [281473160417504] DEBUG - [MediaProviderManager] discovered cloud provider (Metadata)
Mar 24, 2026 21:23:59.964 [281473160417504] DEBUG - [MediaProviderManager] loading cloud provider details (Metadata) (alive: 1)
Mar 24, 2026 21:23:59.964 [281473160417504] DEBUG - [MediaProviderManager] loading cloud provider details (Movies & Shows) (alive: 1)
Mar 24, 2026 21:23:59.964 [281473160417504] DEBUG - [MediaProviderManager] we had 2 cloud providers online, we now have 2
Mar 24, 2026 21:23:59.964 [281473160417504] DEBUG - [MediaProviderManager] cloud provider (Metadata) is online and available
Mar 24, 2026 21:23:59.964 [281473160417504] DEBUG - [MediaProviderManager] cloud provider (Movies & Shows) is online and available
Mar 24, 2026 21:23:59.964 [281473160417504] DEBUG - [MediaProviderManager] Media provider refresh complete
Mar 24, 2026 21:23:59.965 [281473185923296] DEBUG - [Req#37/Transcode] We're going to try to auto-select an audio stream for account 1.
Mar 24, 2026 21:23:59.965 [281473185923296] DEBUG - [Req#37/Transcode] Selecting best audio stream for part ID 1 (language: )
Mar 24, 2026 21:23:59.965 [281473185923296] DEBUG - [Req#37/Transcode] We're going to try to auto-select a subtitle for account 1.
Mar 24, 2026 21:23:59.965 [281473185923296] DEBUG - [Req#37/Transcode] Audio Stream: 2, Subtitle Stream: -1
Mar 24, 2026 21:23:59.966 [281473185923296] DEBUG - [Req#37/Transcode] Found session GUID of qohz2715ytpq69580gp2zoou in session start.
Mar 24, 2026 21:23:59.966 [281473185923296] DEBUG - [Req#37/Transcode] Cleaning directory for session qohz2715ytpq69580gp2zoou ()
Mar 24, 2026 21:23:59.967 [281473185923296] DEBUG - [Req#37/Transcode] Starting a transcode session qohz2715ytpq69580gp2zoou at offset -1.0 (state=3)
Mar 24, 2026 21:23:59.969 [281473185923296] INFO - [Req#37/Transcode] CodecManager: starting EAE at "/run/plex-temp/pms-fc53ad29-caaf-4dcc-9343-1bee7a4f9643/EasyAudioEncoder"
Mar 24, 2026 21:23:59.970 [281473185923296] DEBUG - [Req#37/Transcode/JobRunner] Job running: "/config/Library/Application Support/Plex Media Server/Codecs/EasyAudioEncoder-0dd4de86f2b9bb8b9b397a90-linux-aarch64/EasyAudioEncoder/EasyAudioEncoder"
Mar 24, 2026 21:23:59.970 [281473185923296] DEBUG - [Req#37/Transcode/JobRunner] In directory: "/run/plex-temp/pms-fc53ad29-caaf-4dcc-9343-1bee7a4f9643/EasyAudioEncoder"
Mar 24, 2026 21:23:59.973 [281473185923296] DEBUG - [Req#37/Transcode/JobRunner] Jobs: Starting child process with pid 346
Mar 24, 2026 21:23:59.974 [281473185923296] DEBUG - [Req#37/Transcode] [Universal] Using local file path instead of URL: /movies/Los domingos (2025).mkv
Mar 24, 2026 21:23:59.975 [281473185923296] DEBUG - [Req#37/Transcode/JobRunner] Job running: EAE_ROOT=/run/plex-temp/pms-fc53ad29-caaf-4dcc-9343-1bee7a4f9643/EasyAudioEncoder FFMPEG_EXTERNAL_LIBS='/config/Library/Application\ Support/Plex\ Media\ Server/Codecs/74455c4-a119aa85fdef32b7dbfbf8a2-linux-aarch64/' X_PLEX_TOKEN=xxxxxxxxxxxxxxxxxxxxxxxxxxxxxxxxxxxxxxxxxx "/usr/lib/plexmediaserver/Plex Transcoder" -codec:0 h264 -codec:1 eac3_eae -eae_prefix:1 qohz2715ytpq69580gp2zoou_ -ss 0 -noaccurate_seek -analyzeduration 20000000 -probesize 20000000 -i "/movies/Los domingos (2025).mkv" -start_at_zero -copyts -fps_mode cfr -y -nostats -loglevel quiet -loglevel_plex error -progressurl http://127.0.0.1:32400/video/:/transcode/session/qohz2715ytpq69580gp2zoou/4207d6d6-1987-4867-b3bd-2d852c95a852/progress -map 0:0 -metadata:s:0 language=spa -codec:0 copy -filter_complex "[0:1] aresample=async=1:ochl='stereo':rematrix_maxval=0.000000dB:osr=48000[0]" -map "[0]" -metadata:s:1 language=spa -codec:1 aac -b:1 256k -f dash -seg_duration 5 -dash_segment_type mp4 -init_seg_name 'init-stream$RepresentationID$.m4s' -media_seg_name 'chunk-stream$RepresentationID$-$Number%05d$.m4s' -window_size 5 -delete_removed false -skip_to_segment 1 -manifest_name "http://127.0.0.1:32400/video/:/transcode/session/qohz2715ytpq69580gp2zoou/4207d6d6-1987-4867-b3bd-2d852c95a852/manifest?X-Plex-Http-Pipeline=infinite" -avoid_negative_ts disabled -map_metadata -1 -map_chapters -1 dash
Mar 24, 2026 21:23:59.975 [281473185923296] DEBUG - [Req#37/Transcode/JobRunner] In directory: "/config/Library/Application Support/Plex Media Server/Cache/Transcode/Sessions/plex-transcode-qohz2715ytpq69580gp2zoou-4207d6d6-1987-4867-b3bd-2d852c95a852"
Mar 24, 2026 21:23:59.976 [281473185923296] DEBUG - [Req#37/Transcode/JobRunner] Jobs: Starting child process with pid 347
Mar 24, 2026 21:24:00.033 [281473183813856] DEBUG - Request: [127.0.0.1:51988 (Loopback)] PUT /video/:/transcode/session/qohz2715ytpq69580gp2zoou/4207d6d6-1987-4867-b3bd-2d852c95a852/progress/stream?index=0&id=0&codec=h264&type=video (7 live) #32 Signed-in Token (oscaarp) (range: bytes=0-) 
Mar 24, 2026 21:24:00.033 [281473219735776] DEBUG - Completed: [127.0.0.1:51988] 200 PUT /video/:/transcode/session/qohz2715ytpq69580gp2zoou/4207d6d6-1987-4867-b3bd-2d852c95a852/progress/stream?index=0&id=0&codec=h264&type=video (7 live) #32 0ms 195 bytes (pipelined: 1) (range: bytes=0-) 
Mar 24, 2026 21:24:00.033 [281473175224544] DEBUG - Request: [127.0.0.1:51988 (Loopback)] PUT /video/:/transcode/session/qohz2715ytpq69580gp2zoou/4207d6d6-1987-4867-b3bd-2d852c95a852/progress/stream?index=1&id=0&codec=eac3&type=audio (7 live) #3c Signed-in Token (oscaarp) (range: bytes=0-) 
Mar 24, 2026 21:24:00.034 [281473221845216] DEBUG - Completed: [127.0.0.1:51988] 200 PUT /video/:/transcode/session/qohz2715ytpq69580gp2zoou/4207d6d6-1987-4867-b3bd-2d852c95a852/progress/stream?index=1&id=0&codec=eac3&type=audio (7 live) #3c 0ms 195 bytes (pipelined: 2) (range: bytes=0-) 
Mar 24, 2026 21:24:00.034 [281473183813856] DEBUG - Request: [127.0.0.1:51988 (Loopback)] PUT /video/:/transcode/session/qohz2715ytpq69580gp2zoou/4207d6d6-1987-4867-b3bd-2d852c95a852/progress/stream?index=2&id=0&codec=ac3&type=audio (7 live) #3d Signed-in Token (oscaarp) (range: bytes=0-) 
Mar 24, 2026 21:24:00.035 [281473219735776] DEBUG - Completed: [127.0.0.1:51988] 200 PUT /video/:/transcode/session/qohz2715ytpq69580gp2zoou/4207d6d6-1987-4867-b3bd-2d852c95a852/progress/stream?index=2&id=0&codec=ac3&type=audio (7 live) #3d 1ms 195 bytes (pipelined: 3) (range: bytes=0-) 
Mar 24, 2026 21:24:00.053 [281473175224544] DEBUG - Request: [127.0.0.1:51988 (Loopback)] PUT /video/:/transcode/session/qohz2715ytpq69580gp2zoou/4207d6d6-1987-4867-b3bd-2d852c95a852/progress/streamDetail?index=0&id=0&codec=h264&type=video&profile=Main&language=spa&width=1920&height=1080&interlaced=0&level=42&frameRate=50.000&disp_default=1 (7 live) #3e Signed-in Token (oscaarp) (range: bytes=0-) 
Mar 24, 2026 21:24:00.053 [281473221845216] DEBUG - Completed: [127.0.0.1:51988] 200 PUT /video/:/transcode/session/qohz2715ytpq69580gp2zoou/4207d6d6-1987-4867-b3bd-2d852c95a852/progress/streamDetail?index=0&id=0&codec=h264&type=video&profile=Main&language=spa&width=1920&height=1080&interlaced=0&level=42&frameRate=50.000&disp_default=1 (7 live) #3e 0ms 195 bytes (pipelined: 4) (range: bytes=0-) 
Mar 24, 2026 21:24:00.053 [281473183813856] DEBUG - Request: [127.0.0.1:51988 (Loopback)] PUT /video/:/transcode/session/qohz2715ytpq69580gp2zoou/4207d6d6-1987-4867-b3bd-2d852c95a852/progress/streamDetail?index=1&id=0&codec=eac3&type=audio&bitrate=576000&language=spa&channels=6&layout=5.1%28side%29&sampleRate=48000 (7 live) #3f Signed-in Token (oscaarp) (range: bytes=0-) 
Mar 24, 2026 21:24:00.053 [281473221845216] DEBUG - Completed: [127.0.0.1:51988] 200 PUT /video/:/transcode/session/qohz2715ytpq69580gp2zoou/4207d6d6-1987-4867-b3bd-2d852c95a852/progress/streamDetail?index=1&id=0&codec=eac3&type=audio&bitrate=576000&language=spa&channels=6&layout=5.1%28side%29&sampleRate=48000 (7 live) #3f 0ms 195 bytes (pipelined: 5) (range: bytes=0-) 
Mar 24, 2026 21:24:00.053 [281473175224544] DEBUG - Request: [127.0.0.1:51988 (Loopback)] PUT /video/:/transcode/session/qohz2715ytpq69580gp2zoou/4207d6d6-1987-4867-b3bd-2d852c95a852/progress/streamDetail?index=2&id=0&codec=ac3&type=audio&bitrate=640000&language=spa&channels=6&layout=5.1%28side%29&sampleRate=48000&disp_default=1 (7 live) #40 Signed-in Token (oscaarp) (range: bytes=0-) 
Mar 24, 2026 21:24:00.053 [281473221845216] DEBUG - Completed: [127.0.0.1:51988] 200 PUT /video/:/transcode/session/qohz2715ytpq69580gp2zoou/4207d6d6-1987-4867-b3bd-2d852c95a852/progress/streamDetail?index=2&id=0&codec=ac3&type=audio&bitrate=640000&language=spa&channels=6&layout=5.1%28side%29&sampleRate=48000&disp_default=1 (7 live) #40 0ms 195 bytes (pipelined: 6) (range: bytes=0-) 
Mar 24, 2026 21:24:00.053 [281473183813856] DEBUG - Request: [127.0.0.1:51988 (Loopback)] PUT /video/:/transcode/session/qohz2715ytpq69580gp2zoou/4207d6d6-1987-4867-b3bd-2d852c95a852/progress/streamDetail?index=3&id=0&codec=subrip&type=subtitle&language=spa (7 live) #41 Signed-in Token (oscaarp) (range: bytes=0-) 
Mar 24, 2026 21:24:00.053 [281473221845216] DEBUG - Completed: [127.0.0.1:51988] 200 PUT /video/:/transcode/session/qohz2715ytpq69580gp2zoou/4207d6d6-1987-4867-b3bd-2d852c95a852/progress/streamDetail?index=3&id=0&codec=subrip&type=subtitle&language=spa (7 live) #41 0ms 195 bytes (pipelined: 7) (range: bytes=0-) 
Mar 24, 2026 21:24:00.058 [281473175224544] DEBUG - Request: [127.0.0.1:51988 (Loopback)] PUT /video/:/transcode/session/qohz2715ytpq69580gp2zoou/4207d6d6-1987-4867-b3bd-2d852c95a852/progress?duration=6739.580000 (7 live) #42 Signed-in Token (oscaarp) (range: bytes=0-) 
Mar 24, 2026 21:24:00.058 [281473185923296] DEBUG - [Req#37/Transcode] Started session successfully: qohz2715ytpq69580gp2zoou
Mar 24, 2026 21:24:00.058 [281473219735776] DEBUG - Completed: [127.0.0.1:51988] 204 PUT /video/:/transcode/session/qohz2715ytpq69580gp2zoou/4207d6d6-1987-4867-b3bd-2d852c95a852/progress?duration=6739.580000 (7 live) #42 0ms 203 bytes (pipelined: 8) (range: bytes=0-) 
Mar 24, 2026 21:24:00.058 [281473183813856] DEBUG - Request: [127.0.0.1:51988 (Loopback)] PUT /video/:/transcode/session/qohz2715ytpq69580gp2zoou/4207d6d6-1987-4867-b3bd-2d852c95a852/progress?width=1920&height=1080 (7 live) #43 Signed-in Token (oscaarp) (range: bytes=0-) 
Mar 24, 2026 21:24:00.058 [281473219735776] DEBUG - Completed: [127.0.0.1:51988] 206 PUT /video/:/transcode/session/qohz2715ytpq69580gp2zoou/4207d6d6-1987-4867-b3bd-2d852c95a852/progress?width=1920&height=1080 (7 live) #43 0ms 355 bytes (pipelined: 9) (range: bytes=0-) 
Mar 24, 2026 21:24:00.058 [281473219735776] DEBUG - Completed: [192.168.147.1:40179] 200 GET /video/:/transcode/universal/start.mpd?hasMDE=1&path=%2Flibrary%2Fmetadata%2F1&mediaIndex=0&partIndex=0&protocol=dash&fastSeek=1&directPlay=0&directStream=1&subtitleSize=100&audioBoost=100&location=lan&addDebugOverlay=0&autoAdjustQuality=0&directStreamAudio=0&mediaBufferSize=102400&session=qohz2715ytpq69580gp2zoou&subtitles=burn&Accept-Language=es (7 live) #37 GZIP 104ms 1080 bytes (pipelined: 4)
Mar 24, 2026 21:24:00.077 [281473185923296] DEBUG - Request: [192.168.147.1:40179 (Subnet)] GET /video/:/transcode/universal/session/qohz2715ytpq69580gp2zoou/0/header (7 live) #45 GZIP Signed-in
Mar 24, 2026 21:24:00.077 [281473175224544] DEBUG - Request: [192.168.147.1:30724 (Subnet)] GET /video/:/transcode/universal/session/qohz2715ytpq69580gp2zoou/1/header (7 live) #38 GZIP Signed-in
Mar 24, 2026 21:24:00.166 [281473183813856] DEBUG - [Req#3b/Transcode/qohz2715ytpq69580gp2zoou/4207d6d6-1987-4867-b3bd-2d852c95a852] Transcoder segment range: 0 - 0 (0)
Mar 24, 2026 21:24:00.177 [281473175224544] DEBUG - [Req#38/Transcode/qohz2715ytpq69580gp2zoou] Exists("/config/Library/Application Support/Plex Media Server/Cache/Transcode/Sessions/plex-transcode-qohz2715ytpq69580gp2zoou-4207d6d6-1987-4867-b3bd-2d852c95a852/init-stream1.m4s") => 1
Mar 24, 2026 21:24:00.177 [281473175224544] DEBUG - Content-Length of /config/Library/Application Support/Plex Media Server/Cache/Transcode/Sessions/plex-transcode-qohz2715ytpq69580gp2zoou-4207d6d6-1987-4867-b3bd-2d852c95a852/init-stream1.m4s is 765 (of total: 765).
Mar 24, 2026 21:24:00.177 [281473185923296] DEBUG - [Req#45/Transcode/qohz2715ytpq69580gp2zoou] Exists("/config/Library/Application Support/Plex Media Server/Cache/Transcode/Sessions/plex-transcode-qohz2715ytpq69580gp2zoou-4207d6d6-1987-4867-b3bd-2d852c95a852/init-stream0.m4s") => 1
Mar 24, 2026 21:24:00.177 [281473185923296] DEBUG - Content-Length of /config/Library/Application Support/Plex Media Server/Cache/Transcode/Sessions/plex-transcode-qohz2715ytpq69580gp2zoou-4207d6d6-1987-4867-b3bd-2d852c95a852/init-stream0.m4s is 830 (of total: 830).
Mar 24, 2026 21:24:00.177 [281473219735776] DEBUG - Completed: [192.168.147.1:30724] 200 GET /video/:/transcode/universal/session/qohz2715ytpq69580gp2zoou/1/header (7 live) #38 GZIP 100ms 765 bytes (pipelined: 3)
Mar 24, 2026 21:24:00.177 [281473219735776] DEBUG - Completed: [192.168.147.1:40179] 200 GET /video/:/transcode/universal/session/qohz2715ytpq69580gp2zoou/0/header (7 live) #45 GZIP 100ms 830 bytes (pipelined: 5)
Mar 24, 2026 21:24:00.204 [281473183813856] DEBUG - Request: [192.168.147.1:30724 (Subnet)] GET /video/:/transcode/universal/session/qohz2715ytpq69580gp2zoou/0/2.m4s (7 live) #49 GZIP Signed-in
Mar 24, 2026 21:24:00.204 [281473183813856] DEBUG - [Req#49/Transcode/qohz2715ytpq69580gp2zoou] Asked for segment 2 from session.
Mar 24, 2026 21:24:00.204 [281473175224544] DEBUG - Request: [192.168.147.1:40179 (Subnet)] GET /video/:/transcode/universal/session/qohz2715ytpq69580gp2zoou/1/2.m4s (7 live) #4a GZIP Signed-in
Mar 24, 2026 21:24:00.204 [281473175224544] DEBUG - [Req#4a/Transcode/qohz2715ytpq69580gp2zoou] Asked for segment 2 from session.
Mar 24, 2026 21:24:00.255 [281473185923296] DEBUG - [Req#47/Transcode/qohz2715ytpq69580gp2zoou/4207d6d6-1987-4867-b3bd-2d852c95a852] Transcoder segment range: 0 - 1 (1)
Mar 24, 2026 21:24:00.370 [281473221845216] DEBUG - [Req#4b/Transcode/qohz2715ytpq69580gp2zoou/4207d6d6-1987-4867-b3bd-2d852c95a852] Transcoder segment range: 0 - 2 (2)
Mar 24, 2026 21:24:00.405 [281473183813856] DEBUG - [Req#49/Transcode/qohz2715ytpq69580gp2zoou] Returning segment 2 from session
Mar 24, 2026 21:24:00.405 [281473183813856] DEBUG - Content-Length of /config/Library/Application Support/Plex Media Server/Cache/Transcode/Sessions/plex-transcode-qohz2715ytpq69580gp2zoou-4207d6d6-1987-4867-b3bd-2d852c95a852/init-stream0.m4s,/config/Library/Application Support/Plex Media Server/Cache/Transcode/Sessions/plex-transcode-qohz2715ytpq69580gp2zoou-4207d6d6-1987-4867-b3bd-2d852c95a852/chunk-stream0-00003.m4s is 440253 (of total: 440253).
Mar 24, 2026 21:24:00.406 [281473221845216] DEBUG - Completed: [192.168.147.1:30724] 200 GET /video/:/transcode/universal/session/qohz2715ytpq69580gp2zoou/0/2.m4s (8 live) #49 GZIP 202ms 440253 bytes (pipelined: 4)
Mar 24, 2026 21:24:00.409 [281473175224544] DEBUG - [Req#4a/Transcode/qohz2715ytpq69580gp2zoou] Returning segment 2 from session
Mar 24, 2026 21:24:00.410 [281473175224544] DEBUG - Content-Length of /config/Library/Application Support/Plex Media Server/Cache/Transcode/Sessions/plex-transcode-qohz2715ytpq69580gp2zoou-4207d6d6-1987-4867-b3bd-2d852c95a852/init-stream1.m4s,/config/Library/Application Support/Plex Media Server/Cache/Transcode/Sessions/plex-transcode-qohz2715ytpq69580gp2zoou-4207d6d6-1987-4867-b3bd-2d852c95a852/chunk-stream1-00003.m4s is 153793 (of total: 153793).
Mar 24, 2026 21:24:00.410 [281473221845216] DEBUG - Completed: [192.168.147.1:40179] 200 GET /video/:/transcode/universal/session/qohz2715ytpq69580gp2zoou/1/2.m4s (8 live) #4a GZIP 205ms 153793 bytes (pipelined: 6)
Mar 24, 2026 21:24:00.413 [281473185923296] DEBUG - Request: [192.168.147.1:30724 (Subnet)] GET /video/:/transcode/universal/session/qohz2715ytpq69580gp2zoou/0/3.m4s (8 live) #4e GZIP Signed-in
Mar 24, 2026 21:24:00.413 [281473185923296] DEBUG - [Req#4e/Transcode/qohz2715ytpq69580gp2zoou] Asked for segment 3 from session.
Mar 24, 2026 21:24:00.417 [281473183813856] DEBUG - Request: [192.168.147.1:40179 (Subnet)] GET /video/:/transcode/universal/session/qohz2715ytpq69580gp2zoou/1/3.m4s (8 live) #4f GZIP Signed-in
Mar 24, 2026 21:24:00.417 [281473183813856] DEBUG - [Req#4f/Transcode/qohz2715ytpq69580gp2zoou] Asked for segment 3 from session.
Mar 24, 2026 21:24:00.531 [281473175224544] DEBUG - [Req#4d/Transcode/qohz2715ytpq69580gp2zoou/4207d6d6-1987-4867-b3bd-2d852c95a852] Transcoder segment range: 0 - 3 (3)
Mar 24, 2026 21:24:00.614 [281473185923296] DEBUG - [Req#4e/Transcode/qohz2715ytpq69580gp2zoou] Returning segment 3 from session
Mar 24, 2026 21:24:00.614 [281473185923296] DEBUG - Content-Length of /config/Library/Application Support/Plex Media Server/Cache/Transcode/Sessions/plex-transcode-qohz2715ytpq69580gp2zoou-4207d6d6-1987-4867-b3bd-2d852c95a852/init-stream0.m4s,/config/Library/Application Support/Plex Media Server/Cache/Transcode/Sessions/plex-transcode-qohz2715ytpq69580gp2zoou-4207d6d6-1987-4867-b3bd-2d852c95a852/chunk-stream0-00004.m4s is 1323808 (of total: 1323808).
Mar 24, 2026 21:24:00.618 [281473221845216] DEBUG - Completed: [192.168.147.1:30724] 200 GET /video/:/transcode/universal/session/qohz2715ytpq69580gp2zoou/0/3.m4s (8 live) #4e GZIP 205ms 1323808 bytes (pipelined: 5)
Mar 24, 2026 21:24:00.623 [281473183813856] DEBUG - [Req#4f/Transcode/qohz2715ytpq69580gp2zoou] Returning segment 3 from session
Mar 24, 2026 21:24:00.623 [281473183813856] DEBUG - Content-Length of /config/Library/Application Support/Plex Media Server/Cache/Transcode/Sessions/plex-transcode-qohz2715ytpq69580gp2zoou-4207d6d6-1987-4867-b3bd-2d852c95a852/init-stream1.m4s,/config/Library/Application Support/Plex Media Server/Cache/Transcode/Sessions/plex-transcode-qohz2715ytpq69580gp2zoou-4207d6d6-1987-4867-b3bd-2d852c95a852/chunk-stream1-00004.m4s is 143639 (of total: 143639).
Mar 24, 2026 21:24:00.624 [281473221845216] DEBUG - Completed: [192.168.147.1:40179] 200 GET /video/:/transcode/universal/session/qohz2715ytpq69580gp2zoou/1/3.m4s (8 live) #4f GZIP 207ms 143639 bytes (pipelined: 7)
Mar 24, 2026 21:24:00.625 [281473175224544] DEBUG - Request: [192.168.147.1:30724 (Subnet)] GET /video/:/transcode/universal/session/qohz2715ytpq69580gp2zoou/0/4.m4s (8 live) #53 GZIP Signed-in
Mar 24, 2026 21:24:00.625 [281473175224544] DEBUG - [Req#53/Transcode/qohz2715ytpq69580gp2zoou] Asked for segment 4 from session.
Mar 24, 2026 21:24:00.629 [281473185923296] DEBUG - Request: [192.168.147.1:40179 (Subnet)] GET /video/:/transcode/universal/session/qohz2715ytpq69580gp2zoou/1/4.m4s (8 live) #54 GZIP Signed-in
Mar 24, 2026 21:24:00.630 [281473185923296] DEBUG - [Req#54/Transcode/qohz2715ytpq69580gp2zoou] Asked for segment 4 from session.
Mar 24, 2026 21:24:00.656 [281473183813856] DEBUG - [Req#50/Transcode/qohz2715ytpq69580gp2zoou/4207d6d6-1987-4867-b3bd-2d852c95a852] Transcoder segment range: 0 - 4 (4)
Mar 24, 2026 21:24:00.725 [281473175224544] DEBUG - [Req#53/Transcode/qohz2715ytpq69580gp2zoou] Returning segment 4 from session
Mar 24, 2026 21:24:00.725 [281473175224544] DEBUG - Content-Length of /config/Library/Application Support/Plex Media Server/Cache/Transcode/Sessions/plex-transcode-qohz2715ytpq69580gp2zoou-4207d6d6-1987-4867-b3bd-2d852c95a852/init-stream0.m4s,/config/Library/Application Support/Plex Media Server/Cache/Transcode/Sessions/plex-transcode-qohz2715ytpq69580gp2zoou-4207d6d6-1987-4867-b3bd-2d852c95a852/chunk-stream0-00005.m4s is 2940523 (of total: 2940523).
Mar 24, 2026 21:24:00.730 [281473221845216] DEBUG - Completed: [192.168.147.1:30724] 200 GET /video/:/transcode/universal/session/qohz2715ytpq69580gp2zoou/0/4.m4s (8 live) #53 GZIP 104ms 2940523 bytes (pipelined: 6)
Mar 24, 2026 21:24:00.730 [281473185923296] DEBUG - [Req#54/Transcode/qohz2715ytpq69580gp2zoou] Returning segment 4 from session
Mar 24, 2026 21:24:00.731 [281473185923296] DEBUG - Content-Length of /config/Library/Application Support/Plex Media Server/Cache/Transcode/Sessions/plex-transcode-qohz2715ytpq69580gp2zoou-4207d6d6-1987-4867-b3bd-2d852c95a852/init-stream1.m4s,/config/Library/Application Support/Plex Media Server/Cache/Transcode/Sessions/plex-transcode-qohz2715ytpq69580gp2zoou-4207d6d6-1987-4867-b3bd-2d852c95a852/chunk-stream1-00005.m4s is 172270 (of total: 172270).
Mar 24, 2026 21:24:00.732 [281473221845216] DEBUG - Completed: [192.168.147.1:40179] 200 GET /video/:/transcode/universal/session/qohz2715ytpq69580gp2zoou/1/4.m4s (8 live) #54 GZIP 102ms 172270 bytes (pipelined: 8)
Mar 24, 2026 21:24:00.738 [281473183813856] DEBUG - Request: [192.168.147.1:30724 (Subnet)] GET /video/:/transcode/universal/session/qohz2715ytpq69580gp2zoou/0/5.m4s (8 live) #57 GZIP Signed-in
Mar 24, 2026 21:24:00.738 [281473183813856] DEBUG - [Req#57/Transcode/qohz2715ytpq69580gp2zoou] Asked for segment 5 from session.
Mar 24, 2026 21:24:00.739 [281473175224544] DEBUG - Request: [192.168.147.1:40179 (Subnet)] GET /video/:/transcode/universal/session/qohz2715ytpq69580gp2zoou/1/5.m4s (8 live) #58 GZIP Signed-in
Mar 24, 2026 21:24:00.739 [281473175224544] DEBUG - [Req#58/Transcode/qohz2715ytpq69580gp2zoou] Asked for segment 5 from session.
Mar 24, 2026 21:24:00.848 [281473185923296] DEBUG - [Req#55/Transcode/qohz2715ytpq69580gp2zoou/4207d6d6-1987-4867-b3bd-2d852c95a852] Transcoder segment range: 0 - 5 (5)
Mar 24, 2026 21:24:00.939 [281473183813856] DEBUG - [Req#57/Transcode/qohz2715ytpq69580gp2zoou] Returning segment 5 from session
Mar 24, 2026 21:24:00.939 [281473183813856] DEBUG - Content-Length of /config/Library/Application Support/Plex Media Server/Cache/Transcode/Sessions/plex-transcode-qohz2715ytpq69580gp2zoou-4207d6d6-1987-4867-b3bd-2d852c95a852/init-stream0.m4s,/config/Library/Application Support/Plex Media Server/Cache/Transcode/Sessions/plex-transcode-qohz2715ytpq69580gp2zoou-4207d6d6-1987-4867-b3bd-2d852c95a852/chunk-stream0-00006.m4s is 613379 (of total: 613379).
Mar 24, 2026 21:24:00.940 [281473175224544] DEBUG - [Req#58/Transcode/qohz2715ytpq69580gp2zoou] Returning segment 5 from session
Mar 24, 2026 21:24:00.940 [281473175224544] DEBUG - Content-Length of /config/Library/Application Support/Plex Media Server/Cache/Transcode/Sessions/plex-transcode-qohz2715ytpq69580gp2zoou-4207d6d6-1987-4867-b3bd-2d852c95a852/init-stream1.m4s,/config/Library/Application Support/Plex Media Server/Cache/Transcode/Sessions/plex-transcode-qohz2715ytpq69580gp2zoou-4207d6d6-1987-4867-b3bd-2d852c95a852/chunk-stream1-00006.m4s is 118389 (of total: 118389).
Mar 24, 2026 21:24:00.940 [281473219735776] DEBUG - Completed: [192.168.147.1:40179] 200 GET /video/:/transcode/universal/session/qohz2715ytpq69580gp2zoou/1/5.m4s (9 live) #58 GZIP 201ms 118389 bytes (pipelined: 9)
Mar 24, 2026 21:24:00.941 [281473221845216] DEBUG - Completed: [192.168.147.1:30724] 200 GET /video/:/transcode/universal/session/qohz2715ytpq69580gp2zoou/0/5.m4s (9 live) #57 GZIP 202ms 613379 bytes (pipelined: 7)
Mar 24, 2026 21:24:00.949 [281473183813856] DEBUG - [Req#59/Transcode/qohz2715ytpq69580gp2zoou/4207d6d6-1987-4867-b3bd-2d852c95a852] Transcoder segment range: 0 - 6 (6)
Mar 24, 2026 21:24:00.953 [281473175224544] DEBUG - Request: [192.168.147.1:40179 (Subnet)] GET /video/:/transcode/universal/session/qohz2715ytpq69580gp2zoou/1/6.m4s (9 live) #5a GZIP Signed-in
Mar 24, 2026 21:24:00.953 [281473175224544] DEBUG - [Req#5a/Transcode/qohz2715ytpq69580gp2zoou] Asked for segment 6 from session.
Mar 24, 2026 21:24:00.953 [281473175224544] DEBUG - [Req#5a/Transcode/qohz2715ytpq69580gp2zoou] Returning segment 6 from session
Mar 24, 2026 21:24:00.953 [281473175224544] DEBUG - Content-Length of /config/Library/Application Support/Plex Media Server/Cache/Transcode/Sessions/plex-transcode-qohz2715ytpq69580gp2zoou-4207d6d6-1987-4867-b3bd-2d852c95a852/init-stream1.m4s,/config/Library/Application Support/Plex Media Server/Cache/Transcode/Sessions/plex-transcode-qohz2715ytpq69580gp2zoou-4207d6d6-1987-4867-b3bd-2d852c95a852/chunk-stream1-00007.m4s is 152549 (of total: 152549).
Mar 24, 2026 21:24:00.953 [281473219735776] DEBUG - Completed: [192.168.147.1:40179] 200 GET /video/:/transcode/universal/session/qohz2715ytpq69580gp2zoou/1/6.m4s (9 live) #5a GZIP 0ms 152549 bytes (pipelined: 10)
Mar 24, 2026 21:24:00.953 [281473185923296] DEBUG - Request: [192.168.147.1:30724 (Subnet)] GET /video/:/transcode/universal/session/qohz2715ytpq69580gp2zoou/0/6.m4s (9 live) #5b GZIP Signed-in
Mar 24, 2026 21:24:00.953 [281473185923296] DEBUG - [Req#5b/Transcode/qohz2715ytpq69580gp2zoou] Asked for segment 6 from session.
Mar 24, 2026 21:24:00.954 [281473185923296] DEBUG - [Req#5b/Transcode/qohz2715ytpq69580gp2zoou] Returning segment 6 from session
Mar 24, 2026 21:24:00.954 [281473185923296] DEBUG - Content-Length of /config/Library/Application Support/Plex Media Server/Cache/Transcode/Sessions/plex-transcode-qohz2715ytpq69580gp2zoou-4207d6d6-1987-4867-b3bd-2d852c95a852/init-stream0.m4s,/config/Library/Application Support/Plex Media Server/Cache/Transcode/Sessions/plex-transcode-qohz2715ytpq69580gp2zoou-4207d6d6-1987-4867-b3bd-2d852c95a852/chunk-stream0-00007.m4s is 607685 (of total: 607685).
Mar 24, 2026 21:24:00.955 [281473219735776] DEBUG - Completed: [192.168.147.1:30724] 200 GET /video/:/transcode/universal/session/qohz2715ytpq69580gp2zoou/0/6.m4s (9 live) #5b GZIP 1ms 607685 bytes (pipelined: 8)
Mar 24, 2026 21:24:00.959 [281473183813856] DEBUG - Request: [192.168.147.1:40179 (Subnet)] GET /video/:/transcode/universal/session/qohz2715ytpq69580gp2zoou/1/7.m4s (9 live) #5e GZIP Signed-in
Mar 24, 2026 21:24:00.959 [281473183813856] DEBUG - [Req#5e/Transcode/qohz2715ytpq69580gp2zoou] Asked for segment 7 from session.
Mar 24, 2026 21:24:00.960 [281473175224544] DEBUG - Request: [192.168.147.1:30724 (Subnet)] GET /video/:/transcode/universal/session/qohz2715ytpq69580gp2zoou/0/7.m4s (9 live) #5f GZIP Signed-in
Mar 24, 2026 21:24:00.960 [281473175224544] DEBUG - [Req#5f/Transcode/qohz2715ytpq69580gp2zoou] Asked for segment 7 from session.
Mar 24, 2026 21:24:01.044 [281473185923296] DEBUG - [Req#5c/Transcode/qohz2715ytpq69580gp2zoou/4207d6d6-1987-4867-b3bd-2d852c95a852] Transcoder segment range: 0 - 7 (7)
Mar 24, 2026 21:24:01.059 [281473183813856] DEBUG - [Req#5e/Transcode/qohz2715ytpq69580gp2zoou] Returning segment 7 from session
Mar 24, 2026 21:24:01.059 [281473183813856] DEBUG - Content-Length of /config/Library/Application Support/Plex Media Server/Cache/Transcode/Sessions/plex-transcode-qohz2715ytpq69580gp2zoou-4207d6d6-1987-4867-b3bd-2d852c95a852/init-stream1.m4s,/config/Library/Application Support/Plex Media Server/Cache/Transcode/Sessions/plex-transcode-qohz2715ytpq69580gp2zoou-4207d6d6-1987-4867-b3bd-2d852c95a852/chunk-stream1-00008.m4s is 167658 (of total: 167658).
Mar 24, 2026 21:24:01.060 [281473221845216] DEBUG - Completed: [192.168.147.1:40179] 200 GET /video/:/transcode/universal/session/qohz2715ytpq69580gp2zoou/1/7.m4s (9 live) #5e GZIP 100ms 167658 bytes (pipelined: 11)
Mar 24, 2026 21:24:01.061 [281473175224544] DEBUG - [Req#5f/Transcode/qohz2715ytpq69580gp2zoou] Returning segment 7 from session
Mar 24, 2026 21:24:01.061 [281473175224544] DEBUG - Content-Length of /config/Library/Application Support/Plex Media Server/Cache/Transcode/Sessions/plex-transcode-qohz2715ytpq69580gp2zoou-4207d6d6-1987-4867-b3bd-2d852c95a852/init-stream0.m4s,/config/Library/Application Support/Plex Media Server/Cache/Transcode/Sessions/plex-transcode-qohz2715ytpq69580gp2zoou-4207d6d6-1987-4867-b3bd-2d852c95a852/chunk-stream0-00008.m4s is 421055 (of total: 421055).
Mar 24, 2026 21:24:01.061 [281473221845216] DEBUG - Completed: [192.168.147.1:30724] 200 GET /video/:/transcode/universal/session/qohz2715ytpq69580gp2zoou/0/7.m4s (9 live) #5f GZIP 100ms 421055 bytes (pipelined: 9)
Mar 24, 2026 21:24:01.066 [281473185923296] DEBUG - Request: [192.168.147.1:40179 (Subnet)] GET /video/:/transcode/universal/session/qohz2715ytpq69580gp2zoou/1/8.m4s (9 live) #62 GZIP Signed-in
Mar 24, 2026 21:24:01.066 [281473185923296] DEBUG - [Req#62/Transcode/qohz2715ytpq69580gp2zoou] Asked for segment 8 from session.
Mar 24, 2026 21:24:01.068 [281473183813856] DEBUG - Request: [192.168.147.1:30724 (Subnet)] GET /video/:/transcode/universal/session/qohz2715ytpq69580gp2zoou/0/8.m4s (9 live) #63 GZIP Signed-in
Mar 24, 2026 21:24:01.068 [281473183813856] DEBUG - [Req#63/Transcode/qohz2715ytpq69580gp2zoou] Asked for segment 8 from session.
Mar 24, 2026 21:24:01.138 [281473175224544] DEBUG - [Req#60/Transcode/qohz2715ytpq69580gp2zoou/4207d6d6-1987-4867-b3bd-2d852c95a852] Transcoder segment range: 0 - 8 (8)
Mar 24, 2026 21:24:01.167 [281473185923296] DEBUG - [Req#62/Transcode/qohz2715ytpq69580gp2zoou] Returning segment 8 from session
Mar 24, 2026 21:24:01.167 [281473185923296] DEBUG - Content-Length of /config/Library/Application Support/Plex Media Server/Cache/Transcode/Sessions/plex-transcode-qohz2715ytpq69580gp2zoou-4207d6d6-1987-4867-b3bd-2d852c95a852/init-stream1.m4s,/config/Library/Application Support/Plex Media Server/Cache/Transcode/Sessions/plex-transcode-qohz2715ytpq69580gp2zoou-4207d6d6-1987-4867-b3bd-2d852c95a852/chunk-stream1-00009.m4s is 153370 (of total: 153370).
Mar 24, 2026 21:24:01.167 [281473219735776] DEBUG - Completed: [192.168.147.1:40179] 200 GET /video/:/transcode/universal/session/qohz2715ytpq69580gp2zoou/1/8.m4s (9 live) #62 GZIP 101ms 153370 bytes (pipelined: 12)
Mar 24, 2026 21:24:01.168 [281473183813856] DEBUG - [Req#63/Transcode/qohz2715ytpq69580gp2zoou] Returning segment 8 from session
Mar 24, 2026 21:24:01.168 [281473183813856] DEBUG - Content-Length of /config/Library/Application Support/Plex Media Server/Cache/Transcode/Sessions/plex-transcode-qohz2715ytpq69580gp2zoou-4207d6d6-1987-4867-b3bd-2d852c95a852/init-stream0.m4s,/config/Library/Application Support/Plex Media Server/Cache/Transcode/Sessions/plex-transcode-qohz2715ytpq69580gp2zoou-4207d6d6-1987-4867-b3bd-2d852c95a852/chunk-stream0-00009.m4s is 458449 (of total: 458449).
Mar 24, 2026 21:24:01.169 [281473219735776] DEBUG - Completed: [192.168.147.1:30724] 200 GET /video/:/transcode/universal/session/qohz2715ytpq69580gp2zoou/0/8.m4s (9 live) #63 GZIP 101ms 458449 bytes (pipelined: 10)
Mar 24, 2026 21:24:01.173 [281473175224544] DEBUG - Request: [192.168.147.1:40179 (Subnet)] GET /video/:/transcode/universal/session/qohz2715ytpq69580gp2zoou/1/9.m4s (9 live) #67 GZIP Signed-in
Mar 24, 2026 21:24:01.173 [281473175224544] DEBUG - [Req#67/Transcode/qohz2715ytpq69580gp2zoou] Asked for segment 9 from session.
Mar 24, 2026 21:24:01.174 [281473185923296] DEBUG - Request: [192.168.147.1:30724 (Subnet)] GET /video/:/transcode/universal/session/qohz2715ytpq69580gp2zoou/0/9.m4s (9 live) #68 GZIP Signed-in
Mar 24, 2026 21:24:01.174 [281473185923296] DEBUG - [Req#68/Transcode/qohz2715ytpq69580gp2zoou] Asked for segment 9 from session.
Mar 24, 2026 21:24:01.229 [281473183813856] DEBUG - [Req#65/Transcode/qohz2715ytpq69580gp2zoou/4207d6d6-1987-4867-b3bd-2d852c95a852] Transcoder segment range: 0 - 9 (9)
Mar 24, 2026 21:24:01.274 [281473175224544] DEBUG - [Req#67/Transcode/qohz2715ytpq69580gp2zoou] Returning segment 9 from session
Mar 24, 2026 21:24:01.274 [281473175224544] DEBUG - Content-Length of /config/Library/Application Support/Plex Media Server/Cache/Transcode/Sessions/plex-transcode-qohz2715ytpq69580gp2zoou-4207d6d6-1987-4867-b3bd-2d852c95a852/init-stream1.m4s,/config/Library/Application Support/Plex Media Server/Cache/Transcode/Sessions/plex-transcode-qohz2715ytpq69580gp2zoou-4207d6d6-1987-4867-b3bd-2d852c95a852/chunk-stream1-00010.m4s is 169985 (of total: 169985).
Mar 24, 2026 21:24:01.274 [281473221845216] DEBUG - Completed: [192.168.147.1:40179] 200 GET /video/:/transcode/universal/session/qohz2715ytpq69580gp2zoou/1/9.m4s (9 live) #67 GZIP 101ms 169985 bytes (pipelined: 13)
Mar 24, 2026 21:24:01.274 [281473185923296] DEBUG - [Req#68/Transcode/qohz2715ytpq69580gp2zoou] Returning segment 9 from session
Mar 24, 2026 21:24:01.275 [281473185923296] DEBUG - Content-Length of /config/Library/Application Support/Plex Media Server/Cache/Transcode/Sessions/plex-transcode-qohz2715ytpq69580gp2zoou-4207d6d6-1987-4867-b3bd-2d852c95a852/init-stream0.m4s,/config/Library/Application Support/Plex Media Server/Cache/Transcode/Sessions/plex-transcode-qohz2715ytpq69580gp2zoou-4207d6d6-1987-4867-b3bd-2d852c95a852/chunk-stream0-00010.m4s is 530210 (of total: 530210).
Mar 24, 2026 21:24:01.276 [281473221845216] DEBUG - Completed: [192.168.147.1:30724] 200 GET /video/:/transcode/universal/session/qohz2715ytpq69580gp2zoou/0/9.m4s (9 live) #68 GZIP 101ms 530210 bytes (pipelined: 11)
Mar 24, 2026 21:24:01.281 [281473183813856] DEBUG - Request: [192.168.147.1:40179 (Subnet)] GET /video/:/transcode/universal/session/qohz2715ytpq69580gp2zoou/1/10.m4s (9 live) #6b GZIP Signed-in
Mar 24, 2026 21:24:01.281 [281473183813856] DEBUG - [Req#6b/Transcode/qohz2715ytpq69580gp2zoou] Asked for segment 10 from session.
Mar 24, 2026 21:24:01.283 [281473175224544] DEBUG - Request: [192.168.147.1:30724 (Subnet)] GET /video/:/transcode/universal/session/qohz2715ytpq69580gp2zoou/0/10.m4s (9 live) #6c GZIP Signed-in
Mar 24, 2026 21:24:01.283 [281473175224544] DEBUG - [Req#6c/Transcode/qohz2715ytpq69580gp2zoou] Asked for segment 10 from session.
Mar 24, 2026 21:24:01.327 [281473185923296] DEBUG - [Req#69/Transcode/qohz2715ytpq69580gp2zoou/4207d6d6-1987-4867-b3bd-2d852c95a852] Transcoder segment range: 0 - 10 (10)
Mar 24, 2026 21:24:01.386 [281473175224544] DEBUG - [Req#6c/Transcode/qohz2715ytpq69580gp2zoou] Returning segment 10 from session
Mar 24, 2026 21:24:01.386 [281473175224544] DEBUG - Content-Length of /config/Library/Application Support/Plex Media Server/Cache/Transcode/Sessions/plex-transcode-qohz2715ytpq69580gp2zoou-4207d6d6-1987-4867-b3bd-2d852c95a852/init-stream0.m4s,/config/Library/Application Support/Plex Media Server/Cache/Transcode/Sessions/plex-transcode-qohz2715ytpq69580gp2zoou-4207d6d6-1987-4867-b3bd-2d852c95a852/chunk-stream0-00011.m4s is 1427047 (of total: 1427047).
Mar 24, 2026 21:24:01.387 [281473183813856] DEBUG - [Req#6b/Transcode/qohz2715ytpq69580gp2zoou] Returning segment 10 from session
Mar 24, 2026 21:24:01.387 [281473183813856] DEBUG - Content-Length of /config/Library/Application Support/Plex Media Server/Cache/Transcode/Sessions/plex-transcode-qohz2715ytpq69580gp2zoou-4207d6d6-1987-4867-b3bd-2d852c95a852/init-stream1.m4s,/config/Library/Application Support/Plex Media Server/Cache/Transcode/Sessions/plex-transcode-qohz2715ytpq69580gp2zoou-4207d6d6-1987-4867-b3bd-2d852c95a852/chunk-stream1-00011.m4s is 153833 (of total: 153833).
Mar 24, 2026 21:24:01.388 [281473221845216] DEBUG - Completed: [192.168.147.1:40179] 200 GET /video/:/transcode/universal/session/qohz2715ytpq69580gp2zoou/1/10.m4s (9 live) #6b GZIP 107ms 153833 bytes (pipelined: 14)
Mar 24, 2026 21:24:01.390 [281473219735776] DEBUG - Completed: [192.168.147.1:30724] 200 GET /video/:/transcode/universal/session/qohz2715ytpq69580gp2zoou/0/10.m4s (9 live) #6c GZIP 107ms 1427047 bytes (pipelined: 12)
Mar 24, 2026 21:24:01.396 [281473185923296] DEBUG - Request: [192.168.147.1:40179 (Subnet)] GET /video/:/transcode/universal/session/qohz2715ytpq69580gp2zoou/1/11.m4s (9 live) #6f GZIP Signed-in
Mar 24, 2026 21:24:01.397 [281473185923296] DEBUG - [Req#6f/Transcode/qohz2715ytpq69580gp2zoou] Asked for segment 11 from session.
Mar 24, 2026 21:24:01.397 [281473175224544] DEBUG - Request: [192.168.147.1:30724 (Subnet)] GET /video/:/transcode/universal/session/qohz2715ytpq69580gp2zoou/0/11.m4s (9 live) #70 GZIP Signed-in
Mar 24, 2026 21:24:01.397 [281473175224544] DEBUG - [Req#70/Transcode/qohz2715ytpq69580gp2zoou] Asked for segment 11 from session.
Mar 24, 2026 21:24:01.431 [281473183813856] DEBUG - [Req#6d/Transcode/qohz2715ytpq69580gp2zoou/4207d6d6-1987-4867-b3bd-2d852c95a852] Transcoder segment range: 0 - 11 (11)
Mar 24, 2026 21:24:01.497 [281473175224544] DEBUG - [Req#70/Transcode/qohz2715ytpq69580gp2zoou] Returning segment 11 from session
Mar 24, 2026 21:24:01.497 [281473185923296] DEBUG - [Req#6f/Transcode/qohz2715ytpq69580gp2zoou] Returning segment 11 from session
Mar 24, 2026 21:24:01.497 [281473185923296] DEBUG - Content-Length of /config/Library/Application Support/Plex Media Server/Cache/Transcode/Sessions/plex-transcode-qohz2715ytpq69580gp2zoou-4207d6d6-1987-4867-b3bd-2d852c95a852/init-stream1.m4s,/config/Library/Application Support/Plex Media Server/Cache/Transcode/Sessions/plex-transcode-qohz2715ytpq69580gp2zoou-4207d6d6-1987-4867-b3bd-2d852c95a852/chunk-stream1-00012.m4s is 147859 (of total: 147859).
Mar 24, 2026 21:24:01.499 [281473221845216] DEBUG - Completed: [192.168.147.1:40179] 200 GET /video/:/transcode/universal/session/qohz2715ytpq69580gp2zoou/1/11.m4s (9 live) #6f GZIP 102ms 147859 bytes (pipelined: 15)
Mar 24, 2026 21:24:01.499 [281473175224544] DEBUG - Content-Length of /config/Library/Application Support/Plex Media Server/Cache/Transcode/Sessions/plex-transcode-qohz2715ytpq69580gp2zoou-4207d6d6-1987-4867-b3bd-2d852c95a852/init-stream0.m4s,/config/Library/Application Support/Plex Media Server/Cache/Transcode/Sessions/plex-transcode-qohz2715ytpq69580gp2zoou-4207d6d6-1987-4867-b3bd-2d852c95a852/chunk-stream0-00012.m4s is 2512261 (of total: 2512261).
Mar 24, 2026 21:24:01.505 [281473183813856] DEBUG - Request: [192.168.147.1:38935 (Subnet)] GET /:/websockets/notifications (10 live) #71 GZIP Signed-in Token (oscaarp)
Mar 24, 2026 21:24:01.505 [281473183813856] DEBUG - WebSocket: Performing handshake from origin http://localhost:32400
Mar 24, 2026 21:24:01.505 [281473183813856] DEBUG - Beginning read from WebSocket
Mar 24, 2026 21:24:01.505 [281473183813856] DEBUG - Request: [192.168.147.1:40179 (Subnet)] GET /video/:/transcode/universal/session/qohz2715ytpq69580gp2zoou/1/12.m4s (10 live) #73 GZIP Signed-in
Mar 24, 2026 21:24:01.505 [281473183813856] DEBUG - [Req#73/Transcode/qohz2715ytpq69580gp2zoou] Asked for segment 12 from session.
Mar 24, 2026 21:24:01.507 [281473219735776] DEBUG - Completed: [192.168.147.1:30724] 200 GET /video/:/transcode/universal/session/qohz2715ytpq69580gp2zoou/0/11.m4s (10 live) #70 GZIP 110ms 2512261 bytes (pipelined: 13)
Mar 24, 2026 21:24:01.509 [281473175224544] DEBUG - Request: [192.168.147.1:61493 (Subnet)] GET /activities (11 live) #74 GZIP Signed-in Token (oscaarp)
Mar 24, 2026 21:24:01.509 [281473219735776] DEBUG - Completed: [192.168.147.1:61493] 200 GET /activities (11 live) #74 GZIP 0ms 478 bytes (pipelined: 1)
Mar 24, 2026 21:24:01.517 [281473185923296] DEBUG - Request: [192.168.147.1:30724 (Subnet)] GET /video/:/transcode/universal/session/qohz2715ytpq69580gp2zoou/0/12.m4s (11 live) #75 GZIP Signed-in
Mar 24, 2026 21:24:01.517 [281473185923296] DEBUG - [Req#75/Transcode/qohz2715ytpq69580gp2zoou] Asked for segment 12 from session.
Mar 24, 2026 21:24:01.552 [281473175224544] DEBUG - [Req#76/Transcode/qohz2715ytpq69580gp2zoou/4207d6d6-1987-4867-b3bd-2d852c95a852] Transcoder segment range: 0 - 12 (12)
Mar 24, 2026 21:24:01.605 [281473183813856] DEBUG - [Req#73/Transcode/qohz2715ytpq69580gp2zoou] Returning segment 12 from session
Mar 24, 2026 21:24:01.605 [281473183813856] DEBUG - Content-Length of /config/Library/Application Support/Plex Media Server/Cache/Transcode/Sessions/plex-transcode-qohz2715ytpq69580gp2zoou-4207d6d6-1987-4867-b3bd-2d852c95a852/init-stream1.m4s,/config/Library/Application Support/Plex Media Server/Cache/Transcode/Sessions/plex-transcode-qohz2715ytpq69580gp2zoou-4207d6d6-1987-4867-b3bd-2d852c95a852/chunk-stream1-00013.m4s is 161913 (of total: 161913).
Mar 24, 2026 21:24:01.606 [281473221845216] DEBUG - Completed: [192.168.147.1:40179] 200 GET /video/:/transcode/universal/session/qohz2715ytpq69580gp2zoou/1/12.m4s (11 live) #73 GZIP 101ms 161913 bytes (pipelined: 16)
Mar 24, 2026 21:24:01.610 [281473175224544] DEBUG - Request: [192.168.147.1:61493 (Subnet)] GET /video/:/transcode/universal/session/qohz2715ytpq69580gp2zoou/1/13.m4s (11 live) #77 GZIP Signed-in
Mar 24, 2026 21:24:01.611 [281473175224544] DEBUG - [Req#77/Transcode/qohz2715ytpq69580gp2zoou] Asked for segment 13 from session.
Mar 24, 2026 21:24:01.617 [281473185923296] DEBUG - [Req#75/Transcode/qohz2715ytpq69580gp2zoou] Returning segment 12 from session
Mar 24, 2026 21:24:01.617 [281473185923296] DEBUG - Content-Length of /config/Library/Application Support/Plex Media Server/Cache/Transcode/Sessions/plex-transcode-qohz2715ytpq69580gp2zoou-4207d6d6-1987-4867-b3bd-2d852c95a852/init-stream0.m4s,/config/Library/Application Support/Plex Media Server/Cache/Transcode/Sessions/plex-transcode-qohz2715ytpq69580gp2zoou-4207d6d6-1987-4867-b3bd-2d852c95a852/chunk-stream0-00013.m4s is 2785028 (of total: 2785028).
Mar 24, 2026 21:24:01.621 [281473221845216] DEBUG - Completed: [192.168.147.1:30724] 200 GET /video/:/transcode/universal/session/qohz2715ytpq69580gp2zoou/0/12.m4s (11 live) #75 GZIP 103ms 2785028 bytes (pipelined: 14)
Mar 24, 2026 21:24:01.627 [281473183813856] DEBUG - Request: [192.168.147.1:40179 (Subnet)] GET /video/:/transcode/universal/session/qohz2715ytpq69580gp2zoou/0/13.m4s (11 live) #7b GZIP Signed-in
Mar 24, 2026 21:24:01.627 [281473183813856] DEBUG - [Req#7b/Transcode/qohz2715ytpq69580gp2zoou] Asked for segment 13 from session.
Mar 24, 2026 21:24:01.658 [281473185923296] DEBUG - [Req#78/Transcode/qohz2715ytpq69580gp2zoou/4207d6d6-1987-4867-b3bd-2d852c95a852] Transcoder segment range: 0 - 13 (13)
Mar 24, 2026 21:24:01.711 [281473175224544] DEBUG - [Req#77/Transcode/qohz2715ytpq69580gp2zoou] Returning segment 13 from session
Mar 24, 2026 21:24:01.711 [281473175224544] DEBUG - Content-Length of /config/Library/Application Support/Plex Media Server/Cache/Transcode/Sessions/plex-transcode-qohz2715ytpq69580gp2zoou-4207d6d6-1987-4867-b3bd-2d852c95a852/init-stream1.m4s,/config/Library/Application Support/Plex Media Server/Cache/Transcode/Sessions/plex-transcode-qohz2715ytpq69580gp2zoou-4207d6d6-1987-4867-b3bd-2d852c95a852/chunk-stream1-00014.m4s is 147770 (of total: 147770).
Mar 24, 2026 21:24:01.711 [281473221845216] DEBUG - Completed: [192.168.147.1:61493] 200 GET /video/:/transcode/universal/session/qohz2715ytpq69580gp2zoou/1/13.m4s (11 live) #77 GZIP 100ms 147770 bytes (pipelined: 2)
Mar 24, 2026 21:24:01.722 [281473185923296] DEBUG - Request: [192.168.147.1:30724 (Subnet)] GET /video/:/transcode/universal/session/qohz2715ytpq69580gp2zoou/1/14.m4s (11 live) #7c GZIP Signed-in
Mar 24, 2026 21:24:01.722 [281473185923296] DEBUG - [Req#7c/Transcode/qohz2715ytpq69580gp2zoou] Asked for segment 14 from session.
Mar 24, 2026 21:24:01.728 [281473183813856] DEBUG - [Req#7b/Transcode/qohz2715ytpq69580gp2zoou] Returning segment 13 from session
Mar 24, 2026 21:24:01.728 [281473183813856] DEBUG - Content-Length of /config/Library/Application Support/Plex Media Server/Cache/Transcode/Sessions/plex-transcode-qohz2715ytpq69580gp2zoou-4207d6d6-1987-4867-b3bd-2d852c95a852/init-stream0.m4s,/config/Library/Application Support/Plex Media Server/Cache/Transcode/Sessions/plex-transcode-qohz2715ytpq69580gp2zoou-4207d6d6-1987-4867-b3bd-2d852c95a852/chunk-stream0-00014.m4s is 2725855 (of total: 2725855).
Mar 24, 2026 21:24:01.731 [281473219735776] DEBUG - Completed: [192.168.147.1:40179] 200 GET /video/:/transcode/universal/session/qohz2715ytpq69580gp2zoou/0/13.m4s (11 live) #7b GZIP 103ms 2725855 bytes (pipelined: 17)
Mar 24, 2026 21:24:01.744 [281473175224544] DEBUG - Request: [192.168.147.1:61493 (Subnet)] GET /video/:/transcode/universal/session/qohz2715ytpq69580gp2zoou/0/14.m4s (11 live) #7f GZIP Signed-in
Mar 24, 2026 21:24:01.744 [281473175224544] DEBUG - [Req#7f/Transcode/qohz2715ytpq69580gp2zoou] Asked for segment 14 from session.
Mar 24, 2026 21:24:01.790 [281473183813856] DEBUG - [Req#7d/Transcode/qohz2715ytpq69580gp2zoou/4207d6d6-1987-4867-b3bd-2d852c95a852] Transcoder segment range: 0 - 14 (14)
Mar 24, 2026 21:24:01.827 [281473185923296] DEBUG - [Req#7c/Transcode/qohz2715ytpq69580gp2zoou] Returning segment 14 from session
Mar 24, 2026 21:24:01.827 [281473185923296] DEBUG - Content-Length of /config/Library/Application Support/Plex Media Server/Cache/Transcode/Sessions/plex-transcode-qohz2715ytpq69580gp2zoou-4207d6d6-1987-4867-b3bd-2d852c95a852/init-stream1.m4s,/config/Library/Application Support/Plex Media Server/Cache/Transcode/Sessions/plex-transcode-qohz2715ytpq69580gp2zoou-4207d6d6-1987-4867-b3bd-2d852c95a852/chunk-stream1-00015.m4s is 164713 (of total: 164713).
Mar 24, 2026 21:24:01.827 [281473219735776] DEBUG - Completed: [192.168.147.1:30724] 200 GET /video/:/transcode/universal/session/qohz2715ytpq69580gp2zoou/1/14.m4s (11 live) #7c GZIP 105ms 164713 bytes (pipelined: 15)
Mar 24, 2026 21:24:01.836 [281473183813856] DEBUG - Request: [192.168.147.1:40179 (Subnet)] GET /video/:/transcode/universal/session/qohz2715ytpq69580gp2zoou/1/15.m4s (11 live) #80 GZIP Signed-in
Mar 24, 2026 21:24:01.837 [281473183813856] DEBUG - [Req#80/Transcode/qohz2715ytpq69580gp2zoou] Asked for segment 15 from session.
Mar 24, 2026 21:24:01.844 [281473175224544] DEBUG - [Req#7f/Transcode/qohz2715ytpq69580gp2zoou] Returning segment 14 from session
Mar 24, 2026 21:24:01.844 [281473175224544] DEBUG - Content-Length of /config/Library/Application Support/Plex Media Server/Cache/Transcode/Sessions/plex-transcode-qohz2715ytpq69580gp2zoou-4207d6d6-1987-4867-b3bd-2d852c95a852/init-stream0.m4s,/config/Library/Application Support/Plex Media Server/Cache/Transcode/Sessions/plex-transcode-qohz2715ytpq69580gp2zoou-4207d6d6-1987-4867-b3bd-2d852c95a852/chunk-stream0-00015.m4s is 2662002 (of total: 2662002).
Mar 24, 2026 21:24:01.846 [281473221845216] DEBUG - Completed: [192.168.147.1:61493] 200 GET /video/:/transcode/universal/session/qohz2715ytpq69580gp2zoou/0/14.m4s (11 live) #7f GZIP 102ms 2662002 bytes (pipelined: 3)
Mar 24, 2026 21:24:01.856 [281473185923296] DEBUG - Request: [192.168.147.1:30724 (Subnet)] GET /video/:/transcode/universal/session/qohz2715ytpq69580gp2zoou/0/15.m4s (11 live) #83 GZIP Signed-in
Mar 24, 2026 21:24:01.856 [281473185923296] DEBUG - [Req#83/Transcode/qohz2715ytpq69580gp2zoou] Asked for segment 15 from session.
Mar 24, 2026 21:24:01.899 [281473175224544] DEBUG - [Req#81/Transcode/qohz2715ytpq69580gp2zoou/4207d6d6-1987-4867-b3bd-2d852c95a852] Transcoder segment range: 0 - 15 (15)
Mar 24, 2026 21:24:01.937 [281473183813856] DEBUG - [Req#80/Transcode/qohz2715ytpq69580gp2zoou] Returning segment 15 from session
Mar 24, 2026 21:24:01.937 [281473183813856] DEBUG - Content-Length of /config/Library/Application Support/Plex Media Server/Cache/Transcode/Sessions/plex-transcode-qohz2715ytpq69580gp2zoou-4207d6d6-1987-4867-b3bd-2d852c95a852/init-stream1.m4s,/config/Library/Application Support/Plex Media Server/Cache/Transcode/Sessions/plex-transcode-qohz2715ytpq69580gp2zoou-4207d6d6-1987-4867-b3bd-2d852c95a852/chunk-stream1-00016.m4s is 146600 (of total: 146600).
Mar 24, 2026 21:24:01.937 [281473219735776] DEBUG - Completed: [192.168.147.1:40179] 200 GET /video/:/transcode/universal/session/qohz2715ytpq69580gp2zoou/1/15.m4s (11 live) #80 GZIP 100ms 146600 bytes (pipelined: 18)
Mar 24, 2026 21:24:01.946 [281473175224544] DEBUG - Request: [192.168.147.1:61493 (Subnet)] GET /video/:/transcode/universal/session/qohz2715ytpq69580gp2zoou/1/16.m4s (11 live) #84 GZIP Signed-in
Mar 24, 2026 21:24:01.947 [281473175224544] DEBUG - [Req#84/Transcode/qohz2715ytpq69580gp2zoou] Asked for segment 16 from session.
Mar 24, 2026 21:24:01.958 [281473185923296] DEBUG - [Req#83/Transcode/qohz2715ytpq69580gp2zoou] Returning segment 15 from session
Mar 24, 2026 21:24:01.958 [281473185923296] DEBUG - Content-Length of /config/Library/Application Support/Plex Media Server/Cache/Transcode/Sessions/plex-transcode-qohz2715ytpq69580gp2zoou-4207d6d6-1987-4867-b3bd-2d852c95a852/init-stream0.m4s,/config/Library/Application Support/Plex Media Server/Cache/Transcode/Sessions/plex-transcode-qohz2715ytpq69580gp2zoou-4207d6d6-1987-4867-b3bd-2d852c95a852/chunk-stream0-00016.m4s is 2614071 (of total: 2614071).
Mar 24, 2026 21:24:01.960 [281473221845216] DEBUG - Completed: [192.168.147.1:30724] 200 GET /video/:/transcode/universal/session/qohz2715ytpq69580gp2zoou/0/15.m4s (11 live) #83 GZIP 104ms 2614071 bytes (pipelined: 16)
Mar 24, 2026 21:24:01.970 [281473183813856] DEBUG - Request: [192.168.147.1:40179 (Subnet)] GET /video/:/transcode/universal/session/qohz2715ytpq69580gp2zoou/0/16.m4s (11 live) #87 GZIP Signed-in
Mar 24, 2026 21:24:01.970 [281473183813856] DEBUG - [Req#87/Transcode/qohz2715ytpq69580gp2zoou] Asked for segment 16 from session.
Mar 24, 2026 21:24:02.037 [281473185923296] DEBUG - [Req#85/Transcode/qohz2715ytpq69580gp2zoou/4207d6d6-1987-4867-b3bd-2d852c95a852] Transcoder segment range: 0 - 16 (16)
Mar 24, 2026 21:24:02.048 [281473175224544] DEBUG - [Req#84/Transcode/qohz2715ytpq69580gp2zoou] Returning segment 16 from session
Mar 24, 2026 21:24:02.048 [281473175224544] DEBUG - Content-Length of /config/Library/Application Support/Plex Media Server/Cache/Transcode/Sessions/plex-transcode-qohz2715ytpq69580gp2zoou-4207d6d6-1987-4867-b3bd-2d852c95a852/init-stream1.m4s,/config/Library/Application Support/Plex Media Server/Cache/Transcode/Sessions/plex-transcode-qohz2715ytpq69580gp2zoou-4207d6d6-1987-4867-b3bd-2d852c95a852/chunk-stream1-00017.m4s is 163877 (of total: 163877).
Mar 24, 2026 21:24:02.049 [281473219735776] DEBUG - Completed: [192.168.147.1:61493] 200 GET /video/:/transcode/universal/session/qohz2715ytpq69580gp2zoou/1/16.m4s (11 live) #84 GZIP 102ms 163877 bytes (pipelined: 4)
Mar 24, 2026 21:24:02.074 [281473183813856] DEBUG - [Req#87/Transcode/qohz2715ytpq69580gp2zoou] Returning segment 16 from session
Mar 24, 2026 21:24:02.074 [281473183813856] DEBUG - Content-Length of /config/Library/Application Support/Plex Media Server/Cache/Transcode/Sessions/plex-transcode-qohz2715ytpq69580gp2zoou-4207d6d6-1987-4867-b3bd-2d852c95a852/init-stream0.m4s,/config/Library/Application Support/Plex Media Server/Cache/Transcode/Sessions/plex-transcode-qohz2715ytpq69580gp2zoou-4207d6d6-1987-4867-b3bd-2d852c95a852/chunk-stream0-00017.m4s is 2844525 (of total: 2844525).
Mar 24, 2026 21:24:02.079 [281473219735776] DEBUG - Completed: [192.168.147.1:40179] 200 GET /video/:/transcode/universal/session/qohz2715ytpq69580gp2zoou/0/16.m4s (11 live) #87 GZIP 108ms 2844525 bytes (pipelined: 19)
Mar 24, 2026 21:24:02.189 [281473175224544] DEBUG - [Req#89/Transcode/qohz2715ytpq69580gp2zoou/4207d6d6-1987-4867-b3bd-2d852c95a852] Transcoder segment range: 0 - 17 (17)
Mar 24, 2026 21:24:02.304 [281473183813856] DEBUG - [Req#8e/Transcode/qohz2715ytpq69580gp2zoou/4207d6d6-1987-4867-b3bd-2d852c95a852] Transcoder segment range: 0 - 18 (18)
Mar 24, 2026 21:24:02.440 [281473185923296] DEBUG - [Req#8f/Transcode/qohz2715ytpq69580gp2zoou/4207d6d6-1987-4867-b3bd-2d852c95a852] Transcoder segment range: 0 - 19 (19)
Mar 24, 2026 21:24:02.566 [281473175224544] DEBUG - [Req#91/Transcode/qohz2715ytpq69580gp2zoou/4207d6d6-1987-4867-b3bd-2d852c95a852] Transcoder segment range: 0 - 20 (20)
Mar 24, 2026 21:24:02.703 [281473185923296] DEBUG - [Req#92/Transcode/qohz2715ytpq69580gp2zoou/4207d6d6-1987-4867-b3bd-2d852c95a852] Transcoder segment range: 0 - 21 (21)
Mar 24, 2026 21:24:02.815 [281473175224544] DEBUG - [Req#94/Transcode/qohz2715ytpq69580gp2zoou/4207d6d6-1987-4867-b3bd-2d852c95a852] Transcoder segment range: 0 - 22 (22)
Mar 24, 2026 21:24:02.904 [281473183813856] DEBUG - [Req#96/Transcode/qohz2715ytpq69580gp2zoou/4207d6d6-1987-4867-b3bd-2d852c95a852] Transcoder segment range: 0 - 23 (23)
Mar 24, 2026 21:24:03.016 [281473175224544] DEBUG - [Req#98/Transcode/qohz2715ytpq69580gp2zoou/4207d6d6-1987-4867-b3bd-2d852c95a852] Transcoder segment range: 0 - 24 (24)
Mar 24, 2026 21:24:03.137 [281473185923296] DEBUG - [Req#99/Transcode/qohz2715ytpq69580gp2zoou/4207d6d6-1987-4867-b3bd-2d852c95a852] Transcoder segment range: 0 - 25 (25)
Mar 24, 2026 21:24:03.264 [281473175224544] DEBUG - [Req#9b/Transcode/qohz2715ytpq69580gp2zoou/4207d6d6-1987-4867-b3bd-2d852c95a852] Transcoder segment range: 0 - 26 (26)
Mar 24, 2026 21:24:03.397 [281473183813856] DEBUG - [Req#9d/Transcode/qohz2715ytpq69580gp2zoou/4207d6d6-1987-4867-b3bd-2d852c95a852] Transcoder segment range: 0 - 27 (27)
Mar 24, 2026 21:24:03.521 [281473185923296] DEBUG - [Req#a0/Transcode/qohz2715ytpq69580gp2zoou/4207d6d6-1987-4867-b3bd-2d852c95a852] Transcoder segment range: 0 - 28 (28)
Mar 24, 2026 21:24:03.617 [281473175224544] DEBUG - [Req#a2/Transcode/qohz2715ytpq69580gp2zoou/4207d6d6-1987-4867-b3bd-2d852c95a852] Transcoder segment range: 0 - 29 (29)
Mar 24, 2026 21:24:03.621 [281473183813856] DEBUG - [Req#9a/Transcode/qohz2715ytpq69580gp2zoou/4207d6d6-1987-4867-b3bd-2d852c95a852] Session qohz2715ytpq69580gp2zoou (4) is throttling
Mar 24, 2026 21:24:03.621 [281473185923296] DEBUG - [Req#a5/Transcode/qohz2715ytpq69580gp2zoou/4207d6d6-1987-4867-b3bd-2d852c95a852] Throttle - Going into sloth mode.
Mar 24, 2026 21:24:45.513 [281473185923296] DEBUG - [Req#a4/Transcode/qohz2715ytpq69580gp2zoou/4207d6d6-1987-4867-b3bd-2d852c95a852] Transcoder segment range: 0 - 30 (30)
Mar 24, 2026 21:25:25.956 [281473229508832] DEBUG - BPQ: [Starting] -> [Processing]
Mar 24, 2026 21:25:26.001 [281473229508832] DEBUG - BPQ: generating queue items from 0 generator(s)
Mar 24, 2026 21:25:26.001 [281473229508832] DEBUG - BPQ: generated 0 item(s) for queue
Mar 24, 2026 21:25:26.002 [281473229508832] DEBUG - BPQ: [Processing] -> [Idle]
Mar 24, 2026 21:25:26.427 [281473185923296] DEBUG - [Req#114/Transcode/qohz2715ytpq69580gp2zoou/4207d6d6-1987-4867-b3bd-2d852c95a852] Transcoder segment range: 0 - 31 (31)
Mar 24, 2026 21:25:26.738 [281473175224544] DEBUG - Request: [127.0.0.1:53832 (Loopback)] GET /servers (5 live) #176 GZIP Signed-in Token (oscaarp)
Mar 24, 2026 21:25:26.741 [281473221845216] DEBUG - Completed: [127.0.0.1:53832] 200 GET /servers (5 live) #176 GZIP 2ms 491 bytes
Mar 24, 2026 21:25:26.753 [281473185923296] DEBUG - Request: [127.0.0.1:53834 (Loopback)] GET / (5 live) #178 GZIP Signed-in Token (oscaarp)
Mar 24, 2026 21:25:26.755 [281473219735776] DEBUG - Completed: [127.0.0.1:53834] 200 GET / (5 live) #178 GZIP 2ms 4105 bytes
Mar 24, 2026 21:25:26.757 [281473183813856] DEBUG - Request: [127.0.0.1:53840 (Loopback)] GET /library/sections (5 live) #17a GZIP Signed-in Token (oscaarp)
Mar 24, 2026 21:25:26.759 [281473221845216] DEBUG - Completed: [127.0.0.1:53840] 200 GET /library/sections (5 live) #17a GZIP 1ms 632 bytes
Mar 24, 2026 21:25:26.760 [281473175224544] DEBUG - Request: [127.0.0.1:53846 (Loopback)] GET /channels/all (5 live) #17c GZIP Signed-in Token (oscaarp)
Mar 24, 2026 21:25:26.760 [281473219735776] DEBUG - Completed: [127.0.0.1:53846] 200 GET /channels/all (5 live) #17c GZIP 0ms 387 bytes
Mar 24, 2026 21:25:26.763 [281473185923296] DEBUG - Request: [127.0.0.1:53860 (Loopback)] GET /library/sections (5 live) #17e GZIP Signed-in Token (oscaarp)
Mar 24, 2026 21:25:26.763 [281473219735776] DEBUG - Completed: [127.0.0.1:53860] 200 GET /library/sections (5 live) #17e GZIP 0ms 632 bytes
Mar 24, 2026 21:25:26.764 [281473183813856] DEBUG - Request: [127.0.0.1:53864 (Loopback)] GET /channels/all (5 live) #180 GZIP Signed-in Token (oscaarp)
Mar 24, 2026 21:25:26.765 [281473221845216] DEBUG - Completed: [127.0.0.1:53864] 200 GET /channels/all (5 live) #180 GZIP 0ms 387 bytes
Mar 24, 2026 21:26:07.415 [281473185923296] DEBUG - [Req#182/Transcode/qohz2715ytpq69580gp2zoou/4207d6d6-1987-4867-b3bd-2d852c95a852] Transcoder segment range: 0 - 32 (32)
Mar 24, 2026 21:26:54.026 [281473175224544] DEBUG - [Req#1e3/Transcode/qohz2715ytpq69580gp2zoou/4207d6d6-1987-4867-b3bd-2d852c95a852] Transcoder segment range: 0 - 33 (33)
Mar 24, 2026 21:27:00.507 [281473185923296] DEBUG - Request: [192.168.147.1:50882 (Subnet)] GET /video/:/transcode/universal/ping?session=qohz2715ytpq69580gp2zoou (5 live) #250 GZIP Signed-in Token (oscaarp)
Mar 24, 2026 21:27:00.507 [281473183813856] DEBUG - Request: [192.168.147.1:61347 (Subnet)] GET /:/timeline?ratingKey=1&key=%2Flibrary%2Fmetadata%2F1&playbackTime=0&playQueueItemID=1&state=paused&hasMDE=1&time=15000&duration=6739000 (5 live) #260 GZIP Signed-in Token (oscaarp)
Mar 24, 2026 21:27:00.536 [281473185923296] DEBUG - [Req#250/Transcode] [Now] Freshening session based on ping for vkjphyua8spggnvg82dvmqg3_Video
Mar 24, 2026 21:27:00.536 [281473185923296] DEBUG - [Req#250/Transcode] Received transcode session ping for session qohz2715ytpq69580gp2zoou.
Mar 24, 2026 21:27:00.545 [281473221845216] DEBUG - Completed: [192.168.147.1:50882] 200 GET /video/:/transcode/universal/ping?session=qohz2715ytpq69580gp2zoou (5 live) #250 GZIP 37ms 323 bytes (pipelined: 1)
Mar 24, 2026 21:27:00.560 [281473183813856] DEBUG - [Req#260] Client [vkjphyua8spggnvg82dvmqg3] reporting timeline state paused, progress of 15000/6739000ms for guid=, playbackTime=0ms ratingKey=1 url=, key=/library/metadata/1, containerKey=, metadataId=1, source=
Mar 24, 2026 21:27:00.561 [281473183813856] DEBUG - [Req#260] [Now] User is oscaarp (ID: 1)
Mar 24, 2026 21:27:00.565 [281473183813856] DEBUG - [Req#260] [Now] Device is Safari (Safari).
Mar 24, 2026 21:27:00.565 [281473183813856] DEBUG - [Req#260] [Now] Profile is Web
Mar 24, 2026 21:27:00.565 [281473183813856] DEBUG - [Req#260] [Now] Updated play state for /library/metadata/1.
Mar 24, 2026 21:27:00.565 [281473183813856] DEBUG - [Req#260] Statistics: (qjt50inxtzsqjpbem7hjo0tw) Reporting active playback in state 1 of type 1 (scrobble: 0) for account 1
Mar 24, 2026 21:27:00.568 [281473219735776] DEBUG - Completed: [192.168.147.1:61347] 200 GET /:/timeline?ratingKey=1&key=%2Flibrary%2Fmetadata%2F1&playbackTime=0&playQueueItemID=1&state=paused&hasMDE=1&time=15000&duration=6739000 (5 live) #260 GZIP 60ms 873 bytes (pipelined: 1)
Mar 24, 2026 21:27:10.475 [281473185923296] DEBUG - Request: [192.168.147.1:50882 (Subnet)] GET /:/timeline?ratingKey=1&key=%2Flibrary%2Fmetadata%2F1&playbackTime=0&playQueueItemID=1&state=paused&hasMDE=1&time=15000&duration=6739000 (6 live) #263 GZIP Signed-in Token (oscaarp)
Mar 24, 2026 21:27:10.477 [281473185923296] DEBUG - [Req#263] Client [vkjphyua8spggnvg82dvmqg3] reporting timeline state paused, progress of 15000/6739000ms for guid=, playbackTime=0ms ratingKey=1 url=, key=/library/metadata/1, containerKey=, metadataId=1, source=
Mar 24, 2026 21:27:10.478 [281473185923296] DEBUG - [Req#263] [Now] User is oscaarp (ID: 1)
Mar 24, 2026 21:27:10.478 [281473185923296] DEBUG - [Req#263] [Now] Device is Safari (Safari).
Mar 24, 2026 21:27:10.478 [281473185923296] DEBUG - [Req#263] [Now] Profile is Web
Mar 24, 2026 21:27:10.478 [281473185923296] DEBUG - [Req#263] [Now] Updated play state for /library/metadata/1.
Mar 24, 2026 21:27:10.478 [281473185923296] DEBUG - [Req#263] Statistics: (qjt50inxtzsqjpbem7hjo0tw) Reporting active playback in state 1 of type 1 (scrobble: 0) for account 1
Mar 24, 2026 21:27:10.480 [281473219735776] DEBUG - Completed: [192.168.147.1:50882] 200 GET /:/timeline?ratingKey=1&key=%2Flibrary%2Fmetadata%2F1&playbackTime=0&playQueueItemID=1&state=paused&hasMDE=1&time=15000&duration=6739000 (6 live) #263 GZIP 4ms 870 bytes (pipelined: 2)
Mar 24, 2026 21:27:20.567 [281473175224544] DEBUG - Request: [192.168.147.1:50882 (Subnet)] GET /:/timeline?ratingKey=1&key=%2Flibrary%2Fmetadata%2F1&playbackTime=0&playQueueItemID=1&state=paused&hasMDE=1&time=15000&duration=6739000 (6 live) #281 GZIP Signed-in Token (oscaarp)
Mar 24, 2026 21:27:20.572 [281473175224544] DEBUG - [Req#281] Client [vkjphyua8spggnvg82dvmqg3] reporting timeline state paused, progress of 15000/6739000ms for guid=, playbackTime=0ms ratingKey=1 url=, key=/library/metadata/1, containerKey=, metadataId=1, source=
Mar 24, 2026 21:27:20.572 [281473175224544] DEBUG - [Req#281] [Now] User is oscaarp (ID: 1)
Mar 24, 2026 21:27:20.573 [281473175224544] DEBUG - [Req#281] [Now] Device is Safari (Safari).
Mar 24, 2026 21:27:20.573 [281473175224544] DEBUG - [Req#281] [Now] Profile is Web
Mar 24, 2026 21:27:20.573 [281473175224544] DEBUG - [Req#281] [Now] Updated play state for /library/metadata/1.
Mar 24, 2026 21:27:20.573 [281473175224544] DEBUG - [Req#281] Statistics: (qjt50inxtzsqjpbem7hjo0tw) Reporting active playback in state 1 of type 1 (scrobble: 0) for account 1
Mar 24, 2026 21:27:20.577 [281473221845216] DEBUG - Completed: [192.168.147.1:50882] 200 GET /:/timeline?ratingKey=1&key=%2Flibrary%2Fmetadata%2F1&playbackTime=0&playQueueItemID=1&state=paused&hasMDE=1&time=15000&duration=6739000 (6 live) #281 GZIP 9ms 882 bytes (pipelined: 3)
Mar 24, 2026 21:27:22.195 [281473219735776] DEBUG - Request: didn't get any data from [::ffff:192.168.147.1]:37037: End of file
Mar 24, 2026 21:27:34.970 [281473185923296] DEBUG - [Req#26a/Transcode/qohz2715ytpq69580gp2zoou/4207d6d6-1987-4867-b3bd-2d852c95a852] Transcoder segment range: 0 - 34 (34)
Mar 24, 2026 21:28:15.994 [281473175224544] DEBUG - [Req#2bf/Transcode/qohz2715ytpq69580gp2zoou/4207d6d6-1987-4867-b3bd-2d852c95a852] Transcoder segment range: 0 - 35 (35)
Mar 24, 2026 21:28:58.304 [281473175224544] DEBUG - [Req#321/Transcode/qohz2715ytpq69580gp2zoou/4207d6d6-1987-4867-b3bd-2d852c95a852] Transcoder segment range: 0 - 36 (36)
Mar 24, 2026 21:29:11.408 [281473183813856] DEBUG - Request: [192.168.147.1:29518 (Subnet)] GET /:/timeline?ratingKey=1&key=%2Flibrary%2Fmetadata%2F1&playbackTime=0&playQueueItemID=1&state=paused&hasMDE=1&time=15000&duration=6739000 (5 live) #39e GZIP Signed-in Token (oscaarp)
Mar 24, 2026 21:29:11.425 [281473183813856] DEBUG - [Req#39e] Client [vkjphyua8spggnvg82dvmqg3] reporting timeline state paused, progress of 15000/6739000ms for guid=, playbackTime=0ms ratingKey=1 url=, key=/library/metadata/1, containerKey=, metadataId=1, source=
Mar 24, 2026 21:29:11.426 [281473183813856] DEBUG - [Req#39e] [Now] User is oscaarp (ID: 1)
Mar 24, 2026 21:29:11.428 [281473183813856] DEBUG - [Req#39e] [Now] Device is Safari (Safari).
Mar 24, 2026 21:29:11.428 [281473183813856] DEBUG - [Req#39e] [Now] Profile is Web
Mar 24, 2026 21:29:11.428 [281473183813856] DEBUG - [Req#39e] [Now] Updated play state for /library/metadata/1.
Mar 24, 2026 21:29:11.428 [281473183813856] DEBUG - [Req#39e] Statistics: (qjt50inxtzsqjpbem7hjo0tw) Reporting active playback in state 1 of type 1 (scrobble: 0) for account 1
Mar 24, 2026 21:29:11.434 [281473219735776] DEBUG - Completed: [192.168.147.1:29518] 200 GET /:/timeline?ratingKey=1&key=%2Flibrary%2Fmetadata%2F1&playbackTime=0&playQueueItemID=1&state=paused&hasMDE=1&time=15000&duration=6739000 (5 live) #39e GZIP 26ms 881 bytes (pipelined: 1)
Mar 24, 2026 21:29:20.472 [281473175224544] DEBUG - Request: [192.168.147.1:29518 (Subnet)] GET /:/timeline?ratingKey=1&key=%2Flibrary%2Fmetadata%2F1&playbackTime=0&playQueueItemID=1&state=paused&hasMDE=1&time=15000&duration=6739000 (5 live) #3a7 GZIP Signed-in Token (oscaarp)
Mar 24, 2026 21:29:20.475 [281473175224544] DEBUG - [Req#3a7] Client [vkjphyua8spggnvg82dvmqg3] reporting timeline state paused, progress of 15000/6739000ms for guid=, playbackTime=0ms ratingKey=1 url=, key=/library/metadata/1, containerKey=, metadataId=1, source=
Mar 24, 2026 21:29:20.475 [281473175224544] DEBUG - [Req#3a7] [Now] User is oscaarp (ID: 1)
Mar 24, 2026 21:29:20.475 [281473175224544] DEBUG - [Req#3a7] [Now] Device is Safari (Safari).
Mar 24, 2026 21:29:20.475 [281473175224544] DEBUG - [Req#3a7] [Now] Profile is Web
Mar 24, 2026 21:29:20.475 [281473175224544] DEBUG - [Req#3a7] [Now] Updated play state for /library/metadata/1.
Mar 24, 2026 21:29:20.476 [281473175224544] DEBUG - [Req#3a7] Statistics: (qjt50inxtzsqjpbem7hjo0tw) Reporting active playback in state 1 of type 1 (scrobble: 0) for account 1
Mar 24, 2026 21:29:20.479 [281473221845216] DEBUG - Completed: [192.168.147.1:29518] 200 GET /:/timeline?ratingKey=1&key=%2Flibrary%2Fmetadata%2F1&playbackTime=0&playQueueItemID=1&state=paused&hasMDE=1&time=15000&duration=6739000 (5 live) #3a7 GZIP 6ms 881 bytes (pipelined: 2)
Mar 24, 2026 21:29:28.928 [281473219735776] DEBUG - Request: didn't get any data from [::ffff:192.168.147.1]:38256: End of file
Mar 24, 2026 21:29:30.856 [281473185923296] DEBUG - Request: [192.168.147.1:29518 (Subnet)] GET /:/timeline?ratingKey=1&key=%2Flibrary%2Fmetadata%2F1&playbackTime=0&playQueueItemID=1&state=paused&hasMDE=1&time=15000&duration=6739000 (4 live) #3bf GZIP Signed-in Token (oscaarp)
Mar 24, 2026 21:29:30.857 [281473185923296] DEBUG - [Req#3bf] Client [vkjphyua8spggnvg82dvmqg3] reporting timeline state paused, progress of 15000/6739000ms for guid=, playbackTime=0ms ratingKey=1 url=, key=/library/metadata/1, containerKey=, metadataId=1, source=
Mar 24, 2026 21:29:30.857 [281473185923296] DEBUG - [Req#3bf] [Now] User is oscaarp (ID: 1)
Mar 24, 2026 21:29:30.857 [281473185923296] DEBUG - [Req#3bf] [Now] Device is Safari (Safari).
Mar 24, 2026 21:29:30.857 [281473185923296] DEBUG - [Req#3bf] [Now] Profile is Web
Mar 24, 2026 21:29:30.857 [281473185923296] DEBUG - [Req#3bf] [Now] Updated play state for /library/metadata/1.
Mar 24, 2026 21:29:30.859 [281473185923296] DEBUG - [Req#3bf] Statistics: (qjt50inxtzsqjpbem7hjo0tw) Reporting active playback in state 1 of type 1 (scrobble: 0) for account 1
Mar 24, 2026 21:29:30.859 [281473183813856] DEBUG - Request: [192.168.147.1:24556 (Subnet)] GET /video/:/transcode/universal/ping?session=qohz2715ytpq69580gp2zoou (5 live) #3a4 GZIP Signed-in Token (oscaarp)
Mar 24, 2026 21:29:30.860 [281473183813856] DEBUG - [Req#3a4/Transcode] [Now] Freshening session based on ping for vkjphyua8spggnvg82dvmqg3_Video
Mar 24, 2026 21:29:30.860 [281473183813856] DEBUG - [Req#3a4/Transcode] Received transcode session ping for session qohz2715ytpq69580gp2zoou.
Mar 24, 2026 21:29:30.860 [281473221845216] DEBUG - Completed: [192.168.147.1:24556] 200 GET /video/:/transcode/universal/ping?session=qohz2715ytpq69580gp2zoou (5 live) #3a4 GZIP 1ms 323 bytes (pipelined: 1)
Mar 24, 2026 21:29:30.861 [281473221845216] DEBUG - Completed: [192.168.147.1:29518] 200 GET /:/timeline?ratingKey=1&key=%2Flibrary%2Fmetadata%2F1&playbackTime=0&playQueueItemID=1&state=paused&hasMDE=1&time=15000&duration=6739000 (5 live) #3bf GZIP 5ms 881 bytes (pipelined: 3)
Mar 24, 2026 21:29:31.124 [281473183813856] DEBUG - Request: [192.168.147.1:24556 (Subnet)] GET /:/prefs (6 live) #3dc GZIP Signed-in Token (oscaarp)
Mar 24, 2026 21:29:31.125 [281473185923296] DEBUG - Request: [192.168.147.1:29518 (Subnet)] GET /accounts/1 (6 live) #3dd GZIP Signed-in Token (oscaarp)
Mar 24, 2026 21:29:31.127 [281473221845216] DEBUG - Completed: [192.168.147.1:29518] 200 GET /accounts/1 (6 live) #3dd GZIP 2ms 646 bytes (pipelined: 4)
Mar 24, 2026 21:29:31.128 [281473175224544] DEBUG - Request: [192.168.147.1:51265 (Subnet)] GET /myplex/account (7 live) #3df GZIP Signed-in Token (oscaarp)
Mar 24, 2026 21:29:31.130 [281473219735776] DEBUG - Completed: [192.168.147.1:51265] 200 GET /myplex/account (7 live) #3df GZIP 2ms 3365 bytes (pipelined: 1)
Mar 24, 2026 21:29:31.135 [281473219735776] DEBUG - Completed: [192.168.147.1:24556] 200 GET /:/prefs (7 live) #3dc GZIP 11ms 8717 bytes (pipelined: 2)
Mar 24, 2026 21:29:31.151 [281473185923296] DEBUG - Request: [192.168.147.1:29518 (Subnet)] OPTIONS /myplex/refreshReachability (7 live) #3e0 GZIP Signed-in Token ()
Mar 24, 2026 21:29:31.151 [281473219735776] DEBUG - Completed: [192.168.147.1:29518] 200 OPTIONS /myplex/refreshReachability (7 live) #3e0 GZIP 0ms 379 bytes (pipelined: 5)
Mar 24, 2026 21:29:31.152 [281473175224544] DEBUG - Request: [192.168.147.1:51265 (Subnet)] PUT /myplex/refreshReachability (7 live) #3e2 GZIP Signed-in Token (oscaarp)
Mar 24, 2026 21:29:31.152 [281473175224544] DEBUG - [Req#3e2] MyPlex: async reachability check - current mapped state: 'Mapped - Publishing'.
Mar 24, 2026 21:29:31.153 [281473175224544] WARN - [Req#3e2] MyPlex: we have an existing connectivity refresh request for async identifier 991b8d39-44d3-48cb-a808-4ec544888266, but it has expired so we will try again.
Mar 24, 2026 21:29:31.153 [281473175224544] DEBUG - [Req#3e2] MyPlex: Requesting reachability check.
Mar 24, 2026 21:29:31.154 [281473175224544] DEBUG - [Req#3e2/HCl#2b] HTTP requesting PUT https://plex.tv/api/servers/0b7ef4be55a6ce2cbd71deb676303551923b4830/connectivity?X-Plex-Token=xxxxxxxxxxxxxxxxxxxx&asyncIdentifier=bf45540e-6254-4dbc-983e-dfdfcf48cfc0
Mar 24, 2026 21:29:31.832 [281473193701600] DEBUG - [HttpClient/HCl#2b] HTTP/1.1 (0.7s) 200 response from PUT https://plex.tv/api/servers/0b7ef4be55a6ce2cbd71deb676303551923b4830/connectivity?X-Plex-Token=xxxxxxxxxxxxxxxxxxxx&asyncIdentifier=bf45540e-6254-4dbc-983e-dfdfcf48cfc0
Mar 24, 2026 21:29:31.834 [281473221845216] DEBUG - Completed: [192.168.147.1:51265] 200 PUT /myplex/refreshReachability (7 live) #3e2 GZIP 681ms 323 bytes (pipelined: 2)
Mar 24, 2026 21:29:31.935 [281473219735776] DEBUG - [EventSourceClient/pubsub/139.162.158.105:443] EventSource: Got event [data] '<Message address="" port="0" asyncIdentifier="bf45540e-6254-4dbc-983e-dfdfcf48cfc0" connectivity="0" command="notifyConnectivity"/>'
Mar 24, 2026 21:29:31.936 [281473219735776] DEBUG - [EventSourceClient/pubsub/139.162.158.105:443] PubSub: Got notified of reachability for async identifier bf45540e-6254-4dbc-983e-dfdfcf48cfc0: 0 for :0 (responded in 101 ms)
Mar 24, 2026 21:29:31.936 [281473219735776] DEBUG - [EventSourceClient/pubsub/139.162.158.105:443] MyPlex: reachability check - current mapping state: 'Mapped - Publishing'.
Mar 24, 2026 21:29:31.936 [281473219735776] DEBUG - [EventSourceClient/pubsub/139.162.158.105:443] MyPlex: mapping state set to 'Mapped - Not Published (Not Reachable)'.
Mar 24, 2026 21:29:31.941 [281473185923296] DEBUG - Request: [192.168.147.1:24556 (Subnet)] GET /myplex/account (7 live) #3e3 GZIP Signed-in Token (oscaarp)
Mar 24, 2026 21:29:31.943 [281473219735776] DEBUG - Completed: [192.168.147.1:24556] 200 GET /myplex/account (7 live) #3e3 GZIP 1ms 3373 bytes (pipelined: 3)
Mar 24, 2026 21:29:39.148 [281473185923296] DEBUG - [Req#3e1/Transcode/qohz2715ytpq69580gp2zoou/4207d6d6-1987-4867-b3bd-2d852c95a852] Transcoder segment range: 0 - 37 (37)
Mar 24, 2026 21:29:40.655 [281473183813856] DEBUG - Request: [192.168.147.1:29518 (Subnet)] GET /:/timeline?ratingKey=1&key=%2Flibrary%2Fmetadata%2F1&playbackTime=0&playQueueItemID=1&state=paused&hasMDE=1&time=15000&duration=6739000 (7 live) #3e4 GZIP Signed-in Token (oscaarp)
Mar 24, 2026 21:29:40.658 [281473183813856] DEBUG - [Req#3e4] Client [vkjphyua8spggnvg82dvmqg3] reporting timeline state paused, progress of 15000/6739000ms for guid=, playbackTime=0ms ratingKey=1 url=, key=/library/metadata/1, containerKey=, metadataId=1, source=
Mar 24, 2026 21:29:40.659 [281473183813856] DEBUG - [Req#3e4] [Now] User is oscaarp (ID: 1)
Mar 24, 2026 21:29:40.659 [281473183813856] DEBUG - [Req#3e4] [Now] Device is Safari (Safari).
Mar 24, 2026 21:29:40.659 [281473183813856] DEBUG - [Req#3e4] [Now] Profile is Web
Mar 24, 2026 21:29:40.659 [281473183813856] DEBUG - [Req#3e4] [Now] Updated play state for /library/metadata/1.
Mar 24, 2026 21:29:40.659 [281473183813856] DEBUG - [Req#3e4] Statistics: (qjt50inxtzsqjpbem7hjo0tw) Reporting active playback in state 1 of type 1 (scrobble: 0) for account 1
Mar 24, 2026 21:29:40.662 [281473219735776] DEBUG - Completed: [192.168.147.1:29518] 200 GET /:/timeline?ratingKey=1&key=%2Flibrary%2Fmetadata%2F1&playbackTime=0&playQueueItemID=1&state=paused&hasMDE=1&time=15000&duration=6739000 (7 live) #3e4 GZIP 7ms 880 bytes (pipelined: 6)
Mar 24, 2026 21:29:51.040 [281473221845216] DEBUG - Request: didn't get any data from [::ffff:192.168.147.1]:65207: End of file
Mar 24, 2026 21:30:00.800 [281473183813856] DEBUG - Request: [192.168.147.1:35442 (Subnet)] GET /video/:/transcode/universal/ping?session=qohz2715ytpq69580gp2zoou (6 live) #436 GZIP Signed-in Token (oscaarp)
Mar 24, 2026 21:30:00.800 [281473175224544] DEBUG - Request: [192.168.147.1:44628 (Subnet)] GET /:/timeline?ratingKey=1&key=%2Flibrary%2Fmetadata%2F1&playbackTime=0&playQueueItemID=1&state=paused&hasMDE=1&time=15000&duration=6739000 (6 live) #3fa GZIP Signed-in Token (oscaarp)
Mar 24, 2026 21:30:00.801 [281473183813856] DEBUG - [Req#436/Transcode] [Now] Freshening session based on ping for vkjphyua8spggnvg82dvmqg3_Video
Mar 24, 2026 21:30:00.801 [281473183813856] DEBUG - [Req#436/Transcode] Received transcode session ping for session qohz2715ytpq69580gp2zoou.
Mar 24, 2026 21:30:00.801 [281473219735776] DEBUG - Completed: [192.168.147.1:35442] 200 GET /video/:/transcode/universal/ping?session=qohz2715ytpq69580gp2zoou (6 live) #436 GZIP 0ms 323 bytes (pipelined: 1)
Mar 24, 2026 21:30:00.834 [281473175224544] DEBUG - [Req#3fa] Client [vkjphyua8spggnvg82dvmqg3] reporting timeline state paused, progress of 15000/6739000ms for guid=, playbackTime=0ms ratingKey=1 url=, key=/library/metadata/1, containerKey=, metadataId=1, source=
Mar 24, 2026 21:30:00.835 [281473175224544] DEBUG - [Req#3fa] [Now] User is oscaarp (ID: 1)
Mar 24, 2026 21:30:00.835 [281473175224544] DEBUG - [Req#3fa] [Now] Device is Safari (Safari).
Mar 24, 2026 21:30:00.835 [281473175224544] DEBUG - [Req#3fa] [Now] Profile is Web
Mar 24, 2026 21:30:00.835 [281473175224544] DEBUG - [Req#3fa] [Now] Updated play state for /library/metadata/1.
Mar 24, 2026 21:30:00.835 [281473175224544] DEBUG - [Req#3fa] Statistics: (qjt50inxtzsqjpbem7hjo0tw) Reporting active playback in state 1 of type 1 (scrobble: 0) for account 1
Mar 24, 2026 21:30:00.836 [281473221845216] DEBUG - Completed: [192.168.147.1:44628] 200 GET /:/timeline?ratingKey=1&key=%2Flibrary%2Fmetadata%2F1&playbackTime=0&playQueueItemID=1&state=paused&hasMDE=1&time=15000&duration=6739000 (6 live) #3fa GZIP 35ms 880 bytes (pipelined: 1)
Mar 24, 2026 21:30:10.789 [281473183813856] DEBUG - Request: [192.168.147.1:35442 (Subnet)] GET /:/timeline?ratingKey=1&key=%2Flibrary%2Fmetadata%2F1&playbackTime=0&playQueueItemID=1&state=paused&hasMDE=1&time=15000&duration=6739000 (5 live) #438 GZIP Signed-in Token (oscaarp)
Mar 24, 2026 21:30:10.790 [281473183813856] DEBUG - [Req#438] Client [vkjphyua8spggnvg82dvmqg3] reporting timeline state paused, progress of 15000/6739000ms for guid=, playbackTime=0ms ratingKey=1 url=, key=/library/metadata/1, containerKey=, metadataId=1, source=
Mar 24, 2026 21:30:10.790 [281473183813856] DEBUG - [Req#438] [Now] User is oscaarp (ID: 1)
Mar 24, 2026 21:30:10.790 [281473183813856] DEBUG - [Req#438] [Now] Device is Safari (Safari).
Mar 24, 2026 21:30:10.790 [281473183813856] DEBUG - [Req#438] [Now] Profile is Web
Mar 24, 2026 21:30:10.790 [281473183813856] DEBUG - [Req#438] [Now] Updated play state for /library/metadata/1.
Mar 24, 2026 21:30:10.791 [281473183813856] DEBUG - [Req#438] Statistics: (qjt50inxtzsqjpbem7hjo0tw) Reporting active playback in state 1 of type 1 (scrobble: 0) for account 1
Mar 24, 2026 21:30:10.793 [281473221845216] DEBUG - Completed: [192.168.147.1:35442] 200 GET /:/timeline?ratingKey=1&key=%2Flibrary%2Fmetadata%2F1&playbackTime=0&playQueueItemID=1&state=paused&hasMDE=1&time=15000&duration=6739000 (5 live) #438 GZIP 4ms 880 bytes (pipelined: 2)
Mar 24, 2026 21:30:20.795 [281473185923296] DEBUG - Request: [192.168.147.1:35442 (Subnet)] GET /:/timeline?ratingKey=1&key=%2Flibrary%2Fmetadata%2F1&playbackTime=0&playQueueItemID=1&state=paused&hasMDE=1&time=15000&duration=6739000 (4 live) #456 GZIP Signed-in Token (oscaarp)
Mar 24, 2026 21:30:20.796 [281473185923296] DEBUG - [Req#456] Client [vkjphyua8spggnvg82dvmqg3] reporting timeline state paused, progress of 15000/6739000ms for guid=, playbackTime=0ms ratingKey=1 url=, key=/library/metadata/1, containerKey=, metadataId=1, source=
Mar 24, 2026 21:30:20.797 [281473185923296] DEBUG - [Req#456] [Now] User is oscaarp (ID: 1)
Mar 24, 2026 21:30:20.797 [281473185923296] DEBUG - [Req#456] [Now] Device is Safari (Safari).
Mar 24, 2026 21:30:20.797 [281473185923296] DEBUG - [Req#456] [Now] Profile is Web
Mar 24, 2026 21:30:20.797 [281473185923296] DEBUG - [Req#456] [Now] Updated play state for /library/metadata/1.
Mar 24, 2026 21:30:20.797 [281473185923296] DEBUG - [Req#456] Statistics: (qjt50inxtzsqjpbem7hjo0tw) Reporting active playback in state 1 of type 1 (scrobble: 0) for account 1
Mar 24, 2026 21:30:20.799 [281473221845216] DEBUG - Completed: [192.168.147.1:35442] 200 GET /:/timeline?ratingKey=1&key=%2Flibrary%2Fmetadata%2F1&playbackTime=0&playQueueItemID=1&state=paused&hasMDE=1&time=15000&duration=6739000 (4 live) #456 GZIP 4ms 881 bytes (pipelined: 3)
Mar 24, 2026 21:30:24.460 [281473158308064] DEBUG - [ViewStateSync] Starting
Mar 24, 2026 21:30:24.461 [281473158308064] DEBUG - [ViewStateSync] Fetching user tokens
Mar 24, 2026 21:30:24.462 [281473158308064] DEBUG - [ViewStateSync/HCl#2c] HTTP requesting GET https://plex.tv/api/v2/server/users/services?auth_token=xxxxxxxxxxxxxxxxxxxx
Mar 24, 2026 21:30:25.576 [281473183813856] DEBUG - [Req#437/Transcode/qohz2715ytpq69580gp2zoou/4207d6d6-1987-4867-b3bd-2d852c95a852] Transcoder segment range: 0 - 38 (38)
Mar 24, 2026 21:30:25.602 [281473193701600] DEBUG - [HttpClient/HCl#2c] HTTP/1.1 (1.1s) 200 response from GET https://plex.tv/api/v2/server/users/services?auth_token=xxxxxxxxxxxxxxxxxxxx
Mar 24, 2026 21:30:25.610 [281473168896224] DEBUG - [ViewStateSync] No user tokens found; stopping
Mar 24, 2026 21:30:30.793 [281473175224544] DEBUG - Request: [192.168.147.1:35442 (Subnet)] GET /:/timeline?ratingKey=1&key=%2Flibrary%2Fmetadata%2F1&playbackTime=0&playQueueItemID=1&state=paused&hasMDE=1&time=15000&duration=6739000 (4 live) #46f GZIP Signed-in Token (oscaarp)
Mar 24, 2026 21:30:30.795 [281473175224544] DEBUG - [Req#46f] Client [vkjphyua8spggnvg82dvmqg3] reporting timeline state paused, progress of 15000/6739000ms for guid=, playbackTime=0ms ratingKey=1 url=, key=/library/metadata/1, containerKey=, metadataId=1, source=
Mar 24, 2026 21:30:30.795 [281473175224544] DEBUG - [Req#46f] [Now] User is oscaarp (ID: 1)
Mar 24, 2026 21:30:30.795 [281473175224544] DEBUG - [Req#46f] [Now] Device is Safari (Safari).
Mar 24, 2026 21:30:30.795 [281473175224544] DEBUG - [Req#46f] [Now] Profile is Web
Mar 24, 2026 21:30:30.795 [281473175224544] DEBUG - [Req#46f] [Now] Updated play state for /library/metadata/1.
Mar 24, 2026 21:30:30.795 [281473185923296] DEBUG - Request: [192.168.147.1:19143 (Subnet)] GET /video/:/transcode/universal/ping?session=qohz2715ytpq69580gp2zoou (5 live) #47b GZIP Signed-in Token (oscaarp)
Mar 24, 2026 21:30:30.796 [281473175224544] DEBUG - [Req#46f] Statistics: (qjt50inxtzsqjpbem7hjo0tw) Reporting active playback in state 1 of type 1 (scrobble: 0) for account 1
Mar 24, 2026 21:30:30.797 [281473185923296] DEBUG - [Req#47b/Transcode] [Now] Freshening session based on ping for vkjphyua8spggnvg82dvmqg3_Video
Mar 24, 2026 21:30:30.797 [281473185923296] DEBUG - [Req#47b/Transcode] Received transcode session ping for session qohz2715ytpq69580gp2zoou.
Mar 24, 2026 21:30:30.797 [281473221845216] DEBUG - Completed: [192.168.147.1:19143] 200 GET /video/:/transcode/universal/ping?session=qohz2715ytpq69580gp2zoou (5 live) #47b GZIP 1ms 323 bytes (pipelined: 1)
Mar 24, 2026 21:30:30.798 [281473221845216] DEBUG - Completed: [192.168.147.1:35442] 200 GET /:/timeline?ratingKey=1&key=%2Flibrary%2Fmetadata%2F1&playbackTime=0&playQueueItemID=1&state=paused&hasMDE=1&time=15000&duration=6739000 (5 live) #46f GZIP 4ms 882 bytes (pipelined: 4)
Mar 24, 2026 21:30:32.503 [281473175224544] INFO - Request: [192.168.147.1:19143 (Subnet)] OPTIONS /:/prefs?customConnections=192.168.1.129 (5 live) #48d GZIP Signed-in Token ()
Mar 24, 2026 21:30:32.503 [281473221845216] INFO - Completed: [192.168.147.1:19143] 200 OPTIONS /:/prefs?customConnections=192.168.1.129 (5 live) #48d GZIP 0ms 379 bytes (pipelined: 2)
Mar 24, 2026 21:30:32.505 [281473183813856] INFO - Request: [192.168.147.1:35442 (Subnet)] PUT /:/prefs?customConnections=192.168.1.129 (5 live) #48e GZIP Signed-in Token (oscaarp)
Mar 24, 2026 21:30:32.510 [281473183813856] WARN - [Req#48e] MyPlex: Invalid connection URL '192.168.1.129'.
Mar 24, 2026 21:30:32.510 [281473183813856] DEBUG - [Req#48e] MyPlex: Last published value didn't change, we're done.
Mar 24, 2026 21:30:32.512 [281473219735776] INFO - Completed: [192.168.147.1:35442] 200 PUT /:/prefs?customConnections=192.168.1.129 (5 live) #48e GZIP 6ms 323 bytes (pipelined: 5)
Mar 24, 2026 21:30:32.514 [281473185923296] DEBUG - Request: [192.168.147.1:19143 (Subnet)] GET /:/prefs (5 live) #494 GZIP Signed-in Token (oscaarp)
Mar 24, 2026 21:30:32.520 [281473221845216] DEBUG - Completed: [192.168.147.1:19143] 200 GET /:/prefs (5 live) #494 GZIP 5ms 8724 bytes (pipelined: 3)
Mar 24, 2026 21:30:40.809 [281473175224544] DEBUG - Request: [192.168.147.1:35442 (Subnet)] GET /:/timeline?ratingKey=1&key=%2Flibrary%2Fmetadata%2F1&playbackTime=0&playQueueItemID=1&state=paused&hasMDE=1&time=15000&duration=6739000 (5 live) #499 GZIP Signed-in Token (oscaarp)
Mar 24, 2026 21:30:40.846 [281473175224544] DEBUG - [Req#499] Client [vkjphyua8spggnvg82dvmqg3] reporting timeline state paused, progress of 15000/6739000ms for guid=, playbackTime=0ms ratingKey=1 url=, key=/library/metadata/1, containerKey=, metadataId=1, source=
Mar 24, 2026 21:30:40.852 [281473175224544] DEBUG - [Req#499] [Now] User is oscaarp (ID: 1)
Mar 24, 2026 21:30:40.852 [281473175224544] DEBUG - [Req#499] [Now] Device is Safari (Safari).
Mar 24, 2026 21:30:40.852 [281473175224544] DEBUG - [Req#499] [Now] Profile is Web
Mar 24, 2026 21:30:40.852 [281473175224544] DEBUG - [Req#499] [Now] Updated play state for /library/metadata/1.
Mar 24, 2026 21:30:40.852 [281473175224544] DEBUG - [Req#499] Statistics: (qjt50inxtzsqjpbem7hjo0tw) Reporting active playback in state 1 of type 1 (scrobble: 0) for account 1
Mar 24, 2026 21:30:40.857 [281473219735776] DEBUG - Completed: [192.168.147.1:35442] 200 GET /:/timeline?ratingKey=1&key=%2Flibrary%2Fmetadata%2F1&playbackTime=0&playQueueItemID=1&state=paused&hasMDE=1&time=15000&duration=6739000 (5 live) #499 GZIP 48ms 882 bytes (pipelined: 6)
Mar 24, 2026 21:30:50.944 [281473175224544] DEBUG - Request: [192.168.147.1:19143 (Subnet)] GET /:/timeline?ratingKey=1&key=%2Flibrary%2Fmetadata%2F1&playbackTime=0&playQueueItemID=1&state=paused&hasMDE=1&time=15000&duration=6739000 (5 live) #49a GZIP Signed-in Token (oscaarp)
Mar 24, 2026 21:30:50.944 [281473175224544] DEBUG - [Req#49a] Client [vkjphyua8spggnvg82dvmqg3] reporting timeline state paused, progress of 15000/6739000ms for guid=, playbackTime=0ms ratingKey=1 url=, key=/library/metadata/1, containerKey=, metadataId=1, source=
Mar 24, 2026 21:30:50.944 [281473175224544] DEBUG - [Req#49a] [Now] User is oscaarp (ID: 1)
Mar 24, 2026 21:30:50.944 [281473175224544] DEBUG - [Req#49a] [Now] Device is Safari (Safari).
Mar 24, 2026 21:30:50.944 [281473175224544] DEBUG - [Req#49a] [Now] Profile is Web
Mar 24, 2026 21:30:50.944 [281473175224544] DEBUG - [Req#49a] [Now] Updated play state for /library/metadata/1.
Mar 24, 2026 21:30:50.944 [281473175224544] DEBUG - [Req#49a] Statistics: (qjt50inxtzsqjpbem7hjo0tw) Reporting active playback in state 1 of type 1 (scrobble: 0) for account 1
Mar 24, 2026 21:30:50.945 [281473221845216] DEBUG - Completed: [192.168.147.1:19143] 200 GET /:/timeline?ratingKey=1&key=%2Flibrary%2Fmetadata%2F1&playbackTime=0&playQueueItemID=1&state=paused&hasMDE=1&time=15000&duration=6739000 (5 live) #49a GZIP 1ms 882 bytes (pipelined: 4)
Mar 24, 2026 21:31:06.380 [281473175224544] DEBUG - [Req#48a/Transcode/qohz2715ytpq69580gp2zoou/4207d6d6-1987-4867-b3bd-2d852c95a852] Transcoder segment range: 0 - 39 (39)
Mar 24, 2026 21:31:47.791 [281473183813856] DEBUG - [Req#4ef/Transcode/qohz2715ytpq69580gp2zoou/4207d6d6-1987-4867-b3bd-2d852c95a852] Transcoder segment range: 0 - 40 (40)
Mar 24, 2026 21:32:15.846 [281473183813856] DEBUG - Request: [192.168.147.1:25446 (Subnet)] GET /accounts/1 (7 live) #596 GZIP Signed-in Token (oscaarp)
Mar 24, 2026 21:32:15.846 [281473185923296] DEBUG - Request: [192.168.147.1:37829 (Subnet)] GET /myplex/account (7 live) #597 GZIP Signed-in Token (oscaarp)
Mar 24, 2026 21:32:15.848 [281473175224544] DEBUG - Request: [192.168.147.1:28480 (Subnet)] GET /:/prefs (7 live) #595 GZIP Signed-in Token (oscaarp)
Mar 24, 2026 21:32:15.900 [281473221845216] DEBUG - Completed: [192.168.147.1:37829] 200 GET /myplex/account (7 live) #597 GZIP 53ms 3373 bytes (pipelined: 1)
Mar 24, 2026 21:32:15.906 [281473219735776] DEBUG - Completed: [192.168.147.1:25446] 200 GET /accounts/1 (7 live) #596 GZIP 59ms 646 bytes (pipelined: 1)
Mar 24, 2026 21:32:15.909 [281473219735776] DEBUG - Completed: [192.168.147.1:28480] 200 GET /:/prefs (7 live) #595 GZIP 61ms 8724 bytes (pipelined: 1)
Mar 24, 2026 21:32:15.921 [281473185923296] DEBUG - Request: [192.168.147.1:25446 (Subnet)] PUT /myplex/refreshReachability (7 live) #59a GZIP Signed-in Token (oscaarp)
Mar 24, 2026 21:32:15.921 [281473185923296] DEBUG - [Req#59a] MyPlex: async reachability check - current mapped state: 'Mapped - Not Published (Not Reachable)'.
Mar 24, 2026 21:32:15.921 [281473185923296] DEBUG - [Req#59a] MyPlex: Requesting reachability check.
Mar 24, 2026 21:32:15.922 [281473185923296] DEBUG - [Req#59a/HCl#2d] HTTP requesting PUT https://plex.tv/api/servers/0b7ef4be55a6ce2cbd71deb676303551923b4830/connectivity?X-Plex-Token=xxxxxxxxxxxxxxxxxxxx&asyncIdentifier=959a7fa2-4c75-48c0-87c3-e47f9bcaa418
Mar 24, 2026 21:32:15.929 [281473183813856] DEBUG - Request: [192.168.147.1:57230 (Subnet)] GET /web/static/95fcf17ada3b47345649.woff (7 live) #551 GZIP Signed-in
Mar 24, 2026 21:32:15.930 [281473183813856] DEBUG - [Req#551] Final path: "/usr/lib/plexmediaserver/Resources/Plug-ins-121068a07/WebClient.bundle/Contents/Resources/static/95fcf17ada3b47345649.woff"
Mar 24, 2026 21:32:15.931 [281473183813856] DEBUG - Content-Length of /usr/lib/plexmediaserver/Resources/Plug-ins-121068a07/WebClient.bundle/Contents/Resources/static/95fcf17ada3b47345649.woff is 96044 (of total: 96044).
Mar 24, 2026 21:32:15.933 [281473219735776] DEBUG - Completed: [192.168.147.1:57230] 200 GET /web/static/95fcf17ada3b47345649.woff (7 live) #551 GZIP 3ms 96044 bytes (pipelined: 1)
Mar 24, 2026 21:32:16.614 [281473193701600] DEBUG - [HttpClient/HCl#2d] HTTP/1.1 (0.7s) 200 response from PUT https://plex.tv/api/servers/0b7ef4be55a6ce2cbd71deb676303551923b4830/connectivity?X-Plex-Token=xxxxxxxxxxxxxxxxxxxx&asyncIdentifier=959a7fa2-4c75-48c0-87c3-e47f9bcaa418
Mar 24, 2026 21:32:16.619 [281473221845216] DEBUG - Completed: [192.168.147.1:25446] 200 PUT /myplex/refreshReachability (7 live) #59a GZIP 698ms 323 bytes (pipelined: 2)
Mar 24, 2026 21:32:16.747 [281473219735776] DEBUG - [EventSourceClient/pubsub/139.162.158.105:443] EventSource: Got event [data] '<Message address="" port="0" asyncIdentifier="959a7fa2-4c75-48c0-87c3-e47f9bcaa418" connectivity="0" command="notifyConnectivity"/>'
Mar 24, 2026 21:32:16.747 [281473219735776] DEBUG - [EventSourceClient/pubsub/139.162.158.105:443] PubSub: Got notified of reachability for async identifier 959a7fa2-4c75-48c0-87c3-e47f9bcaa418: 0 for :0 (responded in 128 ms)
Mar 24, 2026 21:32:16.747 [281473219735776] DEBUG - [EventSourceClient/pubsub/139.162.158.105:443] MyPlex: reachability check - current mapping state: 'Mapped - Not Published (Not Reachable)'.
Mar 24, 2026 21:32:16.748 [281473219735776] DEBUG - [EventSourceClient/pubsub/139.162.158.105:443] MyPlex: mapping state set to 'Mapped - Not Published (Not Reachable)'.
Mar 24, 2026 21:32:16.757 [281473183813856] DEBUG - Request: [192.168.147.1:37829 (Subnet)] GET /myplex/account (7 live) #599 GZIP Signed-in Token (oscaarp)
Mar 24, 2026 21:32:16.759 [281473219735776] DEBUG - Completed: [192.168.147.1:37829] 200 GET /myplex/account (7 live) #599 GZIP 2ms 3373 bytes (pipelined: 2)
Mar 24, 2026 21:32:19.048 [281473175224544] INFO - Request: [192.168.147.1:28480 (Subnet)] OPTIONS /:/prefs?PublishServerOnPlexOnlineKey=true (7 live) #59b GZIP Signed-in Token ()
Mar 24, 2026 21:32:19.049 [281473219735776] INFO - Completed: [192.168.147.1:28480] 200 OPTIONS /:/prefs?PublishServerOnPlexOnlineKey=true (7 live) #59b GZIP 0ms 379 bytes (pipelined: 2)
Mar 24, 2026 21:32:19.051 [281473185923296] INFO - Request: [192.168.147.1:25446 (Subnet)] PUT /:/prefs?PublishServerOnPlexOnlineKey=true (7 live) #59e GZIP Signed-in Token (oscaarp)
Mar 24, 2026 21:32:19.057 [281473185923296] DEBUG - [Req#59e] MyPlex: Toggling server publish state.
Mar 24, 2026 21:32:19.057 [281473185923296] DEBUG - [Req#59e] MyPlex: start public ip check and mapping - current mapped state: 'Mapped - Not Published (Not Reachable)'.
Mar 24, 2026 21:32:19.057 [281473185923296] DEBUG - [Req#59e] MyPlex: mapping state set to 'Not Mapped'.
Mar 24, 2026 21:32:19.057 [281473185923296] DEBUG - [Req#59e] PublicAddressManager: Starting.
Mar 24, 2026 21:32:19.057 [281473185923296] DEBUG - [Req#59e] PublicAddressManager: Obtaining public address and mapping port.
Mar 24, 2026 21:32:19.057 [281473138962656] DEBUG - [Req#59e] PublicAddressManager: Obtaining public IP.
Mar 24, 2026 21:32:19.057 [281473138962656] DEBUG - [Req#59e/HCl#2e] HTTP requesting GET https://v4.plex.tv/pms/:/ip
Mar 24, 2026 21:32:19.057 [281473136853216] DEBUG - [Req#59e] NAT: UPnP, attempting port mapping.
Mar 24, 2026 21:32:19.058 [281473221845216] INFO - Completed: [192.168.147.1:25446] 200 PUT /:/prefs?PublishServerOnPlexOnlineKey=true (7 live) #59e GZIP 7ms 323 bytes (pipelined: 3)
Mar 24, 2026 21:32:19.063 [281473183813856] DEBUG - Request: [192.168.147.1:37829 (Subnet)] GET /myplex/account (7 live) #5a1 GZIP Signed-in Token (oscaarp)
Mar 24, 2026 21:32:19.063 [281473219735776] DEBUG - Completed: [192.168.147.1:37829] 200 GET /myplex/account (7 live) #5a1 GZIP 0ms 3328 bytes (pipelined: 3)
Mar 24, 2026 21:32:19.570 [281473185923296] DEBUG - Request: [192.168.147.1:28480 (Subnet)] GET /myplex/account (7 live) #5a7 GZIP Signed-in Token (oscaarp)
Mar 24, 2026 21:32:19.571 [281473219735776] DEBUG - Completed: [192.168.147.1:28480] 200 GET /myplex/account (7 live) #5a7 GZIP 0ms 3328 bytes (pipelined: 3)
Mar 24, 2026 21:32:19.599 [281473193701600] DEBUG - [HttpClient/HCl#2e] HTTP/1.1 (0.5s) 200 response from GET https://v4.plex.tv/pms/:/ip
Mar 24, 2026 21:32:19.600 [281473138962656] DEBUG - [Req#59e] PublicAddressManager: Got public IP from v4.plex.tv: 79.117.226.16
Mar 24, 2026 21:32:20.072 [281473175224544] DEBUG - Request: [192.168.147.1:25446 (Subnet)] GET /myplex/account (7 live) #5aa GZIP Signed-in Token (oscaarp)
Mar 24, 2026 21:32:20.073 [281473219735776] DEBUG - Completed: [192.168.147.1:25446] 200 GET /myplex/account (7 live) #5aa GZIP 1ms 3328 bytes (pipelined: 4)
Mar 24, 2026 21:32:20.573 [281473183813856] DEBUG - Request: [192.168.147.1:37829 (Subnet)] GET /myplex/account (7 live) #5ab GZIP Signed-in Token (oscaarp)
Mar 24, 2026 21:32:20.574 [281473219735776] DEBUG - Completed: [192.168.147.1:37829] 200 GET /myplex/account (7 live) #5ab GZIP 1ms 3328 bytes (pipelined: 4)
Mar 24, 2026 21:32:21.073 [281473185923296] DEBUG - Request: [192.168.147.1:28480 (Subnet)] GET /myplex/account (7 live) #5ad GZIP Signed-in Token (oscaarp)
Mar 24, 2026 21:32:21.073 [281473219735776] DEBUG - Completed: [192.168.147.1:28480] 200 GET /myplex/account (7 live) #5ad GZIP 0ms 3328 bytes (pipelined: 4)
Mar 24, 2026 21:32:21.189 [281473183813856] DEBUG - Request: [192.168.147.1:25446 (Subnet)] GET /:/timeline?ratingKey=1&key=%2Flibrary%2Fmetadata%2F1&playbackTime=0&playQueueItemID=1&state=paused&hasMDE=1&time=15000&duration=6739000 (7 live) #5af GZIP Signed-in Token (oscaarp)
Mar 24, 2026 21:32:21.190 [281473183813856] DEBUG - [Req#5af] Client [vkjphyua8spggnvg82dvmqg3] reporting timeline state paused, progress of 15000/6739000ms for guid=, playbackTime=0ms ratingKey=1 url=, key=/library/metadata/1, containerKey=, metadataId=1, source=
Mar 24, 2026 21:32:21.190 [281473183813856] DEBUG - [Req#5af] [Now] User is oscaarp (ID: 1)
Mar 24, 2026 21:32:21.194 [281473183813856] DEBUG - [Req#5af] [Now] Device is Safari (Safari).
Mar 24, 2026 21:32:21.194 [281473183813856] DEBUG - [Req#5af] [Now] Profile is Web
Mar 24, 2026 21:32:21.194 [281473183813856] DEBUG - [Req#5af] [Now] Updated play state for /library/metadata/1.
Mar 24, 2026 21:32:21.194 [281473183813856] DEBUG - [Req#5af] Statistics: (qjt50inxtzsqjpbem7hjo0tw) Reporting active playback in state 1 of type 1 (scrobble: 0) for account 1
Mar 24, 2026 21:32:21.195 [281473221845216] DEBUG - Completed: [192.168.147.1:25446] 200 GET /:/timeline?ratingKey=1&key=%2Flibrary%2Fmetadata%2F1&playbackTime=0&playQueueItemID=1&state=paused&hasMDE=1&time=15000&duration=6739000 (7 live) #5af GZIP 7ms 882 bytes (pipelined: 5)
Mar 24, 2026 21:32:21.573 [281473185923296] DEBUG - Request: [192.168.147.1:37829 (Subnet)] GET /myplex/account (7 live) #5b1 GZIP Signed-in Token (oscaarp)
Mar 24, 2026 21:32:21.574 [281473219735776] DEBUG - Completed: [192.168.147.1:37829] 200 GET /myplex/account (7 live) #5b1 GZIP 0ms 3328 bytes (pipelined: 5)
Mar 24, 2026 21:32:22.073 [281473175224544] DEBUG - Request: [192.168.147.1:28480 (Subnet)] GET /myplex/account (7 live) #5b5 GZIP Signed-in Token (oscaarp)
Mar 24, 2026 21:32:22.074 [281473219735776] DEBUG - Completed: [192.168.147.1:28480] 200 GET /myplex/account (7 live) #5b5 GZIP 1ms 3328 bytes (pipelined: 5)
Mar 24, 2026 21:32:22.572 [281473183813856] DEBUG - Request: [192.168.147.1:25446 (Subnet)] GET /myplex/account (7 live) #5b8 GZIP Signed-in Token (oscaarp)
Mar 24, 2026 21:32:22.573 [281473219735776] DEBUG - Completed: [192.168.147.1:25446] 200 GET /myplex/account (7 live) #5b8 GZIP 1ms 3328 bytes (pipelined: 6)
Mar 24, 2026 21:32:23.072 [281473185923296] DEBUG - Request: [192.168.147.1:37829 (Subnet)] GET /myplex/account (7 live) #5ba GZIP Signed-in Token (oscaarp)
Mar 24, 2026 21:32:23.074 [281473219735776] DEBUG - Completed: [192.168.147.1:37829] 200 GET /myplex/account (7 live) #5ba GZIP 1ms 3328 bytes (pipelined: 6)
Mar 24, 2026 21:32:23.573 [281473175224544] DEBUG - Request: [192.168.147.1:28480 (Subnet)] GET /myplex/account (7 live) #5bc GZIP Signed-in Token (oscaarp)
Mar 24, 2026 21:32:23.575 [281473219735776] DEBUG - Completed: [192.168.147.1:28480] 200 GET /myplex/account (7 live) #5bc GZIP 1ms 3328 bytes (pipelined: 6)
Mar 24, 2026 21:32:24.074 [281473183813856] DEBUG - Request: [192.168.147.1:25446 (Subnet)] GET /myplex/account (7 live) #5be GZIP Signed-in Token (oscaarp)
Mar 24, 2026 21:32:24.076 [281473219735776] DEBUG - Completed: [192.168.147.1:25446] 200 GET /myplex/account (7 live) #5be GZIP 1ms 3328 bytes (pipelined: 7)
Mar 24, 2026 21:32:24.574 [281473175224544] DEBUG - Request: [192.168.147.1:37829 (Subnet)] GET /myplex/account (7 live) #5c0 GZIP Signed-in Token (oscaarp)
Mar 24, 2026 21:32:24.575 [281473219735776] DEBUG - Completed: [192.168.147.1:37829] 200 GET /myplex/account (7 live) #5c0 GZIP 1ms 3328 bytes (pipelined: 7)
Mar 24, 2026 21:32:25.074 [281473183813856] DEBUG - Request: [192.168.147.1:28480 (Subnet)] GET /myplex/account (7 live) #5c2 GZIP Signed-in Token (oscaarp)
Mar 24, 2026 21:32:25.075 [281473221845216] DEBUG - Completed: [192.168.147.1:28480] 200 GET /myplex/account (7 live) #5c2 GZIP 1ms 3328 bytes (pipelined: 7)
Mar 24, 2026 21:32:25.574 [281473185923296] DEBUG - Request: [192.168.147.1:25446 (Subnet)] GET /myplex/account (7 live) #5c4 GZIP Signed-in Token (oscaarp)
Mar 24, 2026 21:32:25.576 [281473219735776] DEBUG - Completed: [192.168.147.1:25446] 200 GET /myplex/account (7 live) #5c4 GZIP 1ms 3328 bytes (pipelined: 8)
Mar 24, 2026 21:32:26.074 [281473175224544] DEBUG - Request: [192.168.147.1:37829 (Subnet)] GET /myplex/account (7 live) #5c5 GZIP Signed-in Token (oscaarp)
Mar 24, 2026 21:32:26.075 [281473219735776] DEBUG - Completed: [192.168.147.1:37829] 200 GET /myplex/account (7 live) #5c5 GZIP 1ms 3328 bytes (pipelined: 8)
Mar 24, 2026 21:32:26.574 [281473183813856] DEBUG - Request: [192.168.147.1:28480 (Subnet)] GET /myplex/account (7 live) #5c7 GZIP Signed-in Token (oscaarp)
Mar 24, 2026 21:32:26.575 [281473219735776] DEBUG - Completed: [192.168.147.1:28480] 200 GET /myplex/account (7 live) #5c7 GZIP 1ms 3328 bytes (pipelined: 8)
Mar 24, 2026 21:32:27.075 [281473185923296] DEBUG - Request: [192.168.147.1:25446 (Subnet)] GET /myplex/account (7 live) #5c9 GZIP Signed-in Token (oscaarp)
Mar 24, 2026 21:32:27.076 [281473221845216] DEBUG - Completed: [192.168.147.1:25446] 200 GET /myplex/account (7 live) #5c9 GZIP 1ms 3328 bytes (pipelined: 9)
Mar 24, 2026 21:32:27.574 [281473175224544] DEBUG - Request: [192.168.147.1:37829 (Subnet)] GET /myplex/account (7 live) #5cb GZIP Signed-in Token (oscaarp)
Mar 24, 2026 21:32:27.575 [281473221845216] DEBUG - Completed: [192.168.147.1:37829] 200 GET /myplex/account (7 live) #5cb GZIP 1ms 3328 bytes (pipelined: 9)
Mar 24, 2026 21:32:28.075 [281473183813856] DEBUG - Request: [192.168.147.1:28480 (Subnet)] GET /myplex/account (7 live) #5cf GZIP Signed-in Token (oscaarp)
Mar 24, 2026 21:32:28.076 [281473221845216] DEBUG - Completed: [192.168.147.1:28480] 200 GET /myplex/account (7 live) #5cf GZIP 1ms 3328 bytes (pipelined: 9)
Mar 24, 2026 21:32:28.574 [281473185923296] DEBUG - Request: [192.168.147.1:25446 (Subnet)] GET /myplex/account (7 live) #5d1 GZIP Signed-in Token (oscaarp)
Mar 24, 2026 21:32:28.575 [281473219735776] DEBUG - Completed: [192.168.147.1:25446] 200 GET /myplex/account (7 live) #5d1 GZIP 1ms 3328 bytes (pipelined: 10)
Mar 24, 2026 21:32:29.075 [281473175224544] DEBUG - Request: [192.168.147.1:37829 (Subnet)] GET /myplex/account (7 live) #5d3 GZIP Signed-in Token (oscaarp)
Mar 24, 2026 21:32:29.076 [281473221845216] DEBUG - Completed: [192.168.147.1:37829] 200 GET /myplex/account (7 live) #5d3 GZIP 1ms 3328 bytes (pipelined: 10)
Mar 24, 2026 21:32:29.574 [281473183813856] DEBUG - Request: [192.168.147.1:28480 (Subnet)] GET /myplex/account (7 live) #5d5 GZIP Signed-in Token (oscaarp)
Mar 24, 2026 21:32:29.575 [281473221845216] DEBUG - Completed: [192.168.147.1:28480] 200 GET /myplex/account (7 live) #5d5 GZIP 1ms 3328 bytes (pipelined: 10)
Mar 24, 2026 21:32:29.875 [281473185923296] DEBUG - [Req#598/Transcode/qohz2715ytpq69580gp2zoou/4207d6d6-1987-4867-b3bd-2d852c95a852] Transcoder segment range: 0 - 41 (41)
Mar 24, 2026 21:32:30.074 [281473183813856] DEBUG - Request: [192.168.147.1:25446 (Subnet)] GET /myplex/account (7 live) #5d7 GZIP Signed-in Token (oscaarp)
Mar 24, 2026 21:32:30.075 [281473221845216] DEBUG - Completed: [192.168.147.1:25446] 200 GET /myplex/account (7 live) #5d7 GZIP 1ms 3328 bytes (pipelined: 11)
Mar 24, 2026 21:32:30.575 [281473185923296] DEBUG - Request: [192.168.147.1:37829 (Subnet)] GET /myplex/account (7 live) #5d9 GZIP Signed-in Token (oscaarp)
Mar 24, 2026 21:32:30.576 [281473219735776] DEBUG - Completed: [192.168.147.1:37829] 200 GET /myplex/account (7 live) #5d9 GZIP 1ms 3328 bytes (pipelined: 11)
Mar 24, 2026 21:32:31.075 [281473175224544] DEBUG - Request: [192.168.147.1:28480 (Subnet)] GET /myplex/account (7 live) #5db GZIP Signed-in Token (oscaarp)
Mar 24, 2026 21:32:31.076 [281473221845216] DEBUG - Completed: [192.168.147.1:28480] 200 GET /myplex/account (7 live) #5db GZIP 1ms 3328 bytes (pipelined: 11)
Mar 24, 2026 21:32:31.083 [281473136853216] DEBUG - [Req#59e] NAT: UPnP, didn't find usable IGD.
Mar 24, 2026 21:32:31.083 [281473136853216] DEBUG - [Req#59e] NAT: PMP, attempting mapping.
Mar 24, 2026 21:32:31.188 [281473185923296] DEBUG - Request: [192.168.147.1:25446 (Subnet)] GET /:/timeline?ratingKey=1&key=%2Flibrary%2Fmetadata%2F1&playbackTime=0&playQueueItemID=1&state=paused&hasMDE=1&time=15000&duration=6739000 (7 live) #5df GZIP Signed-in Token (oscaarp)
Mar 24, 2026 21:32:31.188 [281473185923296] DEBUG - [Req#5df] Client [vkjphyua8spggnvg82dvmqg3] reporting timeline state paused, progress of 15000/6739000ms for guid=, playbackTime=0ms ratingKey=1 url=, key=/library/metadata/1, containerKey=, metadataId=1, source=
Mar 24, 2026 21:32:31.188 [281473185923296] DEBUG - [Req#5df] [Now] User is oscaarp (ID: 1)
Mar 24, 2026 21:32:31.188 [281473185923296] DEBUG - [Req#5df] [Now] Device is Safari (Safari).
Mar 24, 2026 21:32:31.188 [281473185923296] DEBUG - [Req#5df] [Now] Profile is Web
Mar 24, 2026 21:32:31.188 [281473185923296] DEBUG - [Req#5df] [Now] Updated play state for /library/metadata/1.
Mar 24, 2026 21:32:31.189 [281473183813856] DEBUG - Request: [192.168.147.1:37829 (Subnet)] GET /video/:/transcode/universal/ping?session=qohz2715ytpq69580gp2zoou (7 live) #5e1 GZIP Signed-in Token (oscaarp)
Mar 24, 2026 21:32:31.189 [281473185923296] DEBUG - [Req#5df] Statistics: (qjt50inxtzsqjpbem7hjo0tw) Reporting active playback in state 1 of type 1 (scrobble: 0) for account 1
Mar 24, 2026 21:32:31.190 [281473183813856] DEBUG - [Req#5e1/Transcode] [Now] Freshening session based on ping for vkjphyua8spggnvg82dvmqg3_Video
Mar 24, 2026 21:32:31.190 [281473183813856] DEBUG - [Req#5e1/Transcode] Received transcode session ping for session qohz2715ytpq69580gp2zoou.
Mar 24, 2026 21:32:31.190 [281473219735776] DEBUG - Completed: [192.168.147.1:37829] 200 GET /video/:/transcode/universal/ping?session=qohz2715ytpq69580gp2zoou (7 live) #5e1 GZIP 0ms 323 bytes (pipelined: 12)
Mar 24, 2026 21:32:31.191 [281473219735776] DEBUG - Completed: [192.168.147.1:25446] 200 GET /:/timeline?ratingKey=1&key=%2Flibrary%2Fmetadata%2F1&playbackTime=0&playQueueItemID=1&state=paused&hasMDE=1&time=15000&duration=6739000 (7 live) #5df GZIP 3ms 883 bytes (pipelined: 12)
Mar 24, 2026 21:32:31.340 [281473136853216] WARN - [Req#59e] NAT: PMP, got an error: Not Supported by gateway.
Mar 24, 2026 21:32:31.340 [281473136853216] DEBUG - [Req#59e] NAT: UPnP, attempting port mapping.
Mar 24, 2026 21:32:31.575 [281473183813856] DEBUG - Request: [192.168.147.1:28480 (Subnet)] GET /myplex/account (7 live) #5e3 GZIP Signed-in Token (oscaarp)
Mar 24, 2026 21:32:31.576 [281473219735776] DEBUG - Completed: [192.168.147.1:28480] 200 GET /myplex/account (7 live) #5e3 GZIP 1ms 3328 bytes (pipelined: 12)
Mar 24, 2026 21:32:31.623 [281473138962656] DEBUG - [Req#59e] NAT: UPnP, getPublicIP didn't find usable IGD.
Mar 24, 2026 21:32:31.789 [281473185923296] DEBUG - Request: [192.168.147.1:37829 (Subnet)] GET /:/prefs (7 live) #5e6 GZIP Signed-in Token (oscaarp)
Mar 24, 2026 21:32:31.793 [281473175224544] DEBUG - Request: [192.168.147.1:25446 (Subnet)] GET /accounts/1 (7 live) #5e7 GZIP Signed-in Token (oscaarp)
Mar 24, 2026 21:32:31.793 [281473183813856] DEBUG - Request: [192.168.147.1:28480 (Subnet)] GET /myplex/account (7 live) #5eb GZIP Signed-in Token (oscaarp)
Mar 24, 2026 21:32:31.794 [281473219735776] DEBUG - Completed: [192.168.147.1:28480] 200 GET /myplex/account (7 live) #5eb GZIP 0ms 3328 bytes (pipelined: 13)
Mar 24, 2026 21:32:31.794 [281473219735776] DEBUG - Completed: [192.168.147.1:37829] 200 GET /:/prefs (7 live) #5e6 GZIP 4ms 8724 bytes (pipelined: 13)
Mar 24, 2026 21:32:31.794 [281473219735776] DEBUG - Completed: [192.168.147.1:25446] 200 GET /accounts/1 (7 live) #5e7 GZIP 1ms 646 bytes (pipelined: 13)
Mar 24, 2026 21:32:31.816 [281473183813856] DEBUG - Request: [192.168.147.1:28480 (Subnet)] PUT /myplex/refreshReachability (7 live) #5ec GZIP Signed-in Token (oscaarp)
Mar 24, 2026 21:32:31.816 [281473183813856] DEBUG - [Req#5ec] MyPlex: async reachability check - current mapped state: 'Not Mapped'.
Mar 24, 2026 21:32:31.816 [281473183813856] WARN - [Req#5ec] MyPlex: attempted a reachability check but we're not yet mapped.
Mar 24, 2026 21:32:31.817 [281473219735776] DEBUG - Completed: [192.168.147.1:28480] 200 PUT /myplex/refreshReachability (7 live) #5ec GZIP 0ms 323 bytes (pipelined: 14)
Mar 24, 2026 21:32:31.875 [281473138962656] WARN - [Req#59e] NAT: PMP, got an error: Not Supported by gateway.
Mar 24, 2026 21:32:31.876 [281473138962656] DEBUG - [Req#59e] MyPlex: sendMapping resetting state - previous mapping state: 'Not Mapped'.
Mar 24, 2026 21:32:31.876 [281473138962656] DEBUG - [Req#59e] MyPlex: mapping state set to 'Unknown'.
Mar 24, 2026 21:32:31.879 [281473138962656] DEBUG - [Req#59e] MyPlex: Sending Server Info to myPlex (user=oscaarpelagio@gmail.com, ip=79.117.226.16, port=0)
Mar 24, 2026 21:32:31.879 [281473138962656] DEBUG - [Req#59e/HCl#2f] HTTP requesting POST https://plex.tv/servers.xml?auth_token=xxxxxxxxxxxxxxxxxxxx
Mar 24, 2026 21:32:32.073 [281473175224544] DEBUG - Request: [192.168.147.1:37829 (Subnet)] GET /myplex/account (7 live) #5ed GZIP Signed-in Token (oscaarp)
Mar 24, 2026 21:32:32.076 [281473219735776] DEBUG - Completed: [192.168.147.1:37829] 200 GET /myplex/account (7 live) #5ed GZIP 2ms 3329 bytes (pipelined: 14)
Mar 24, 2026 21:32:32.333 [281473193701600] DEBUG - [HttpClient/HCl#2f] HTTP/1.1 (0.5s) 422 response from POST https://plex.tv/servers.xml?auth_token=xxxxxxxxxxxxxxxxxxxx
Mar 24, 2026 21:32:32.334 [281473138962656] DEBUG - [Req#59e] MyPlex: Published Mapping State response was 422
Mar 24, 2026 21:32:32.334 [281473138962656] DEBUG - [Req#59e] MyPlex: Got response for 0b7ef4be55a6ce2cbd71deb676303551923b4830 ~ registered :0
Mar 24, 2026 21:32:32.334 [281473138962656] DEBUG - [Req#59e] MyPlex: updating mapped state - current state: 'Not Mapped'
Mar 24, 2026 21:32:32.334 [281473138962656] DEBUG - [Req#59e] MyPlex: mapping state set to 'Not Mapped'.
Mar 24, 2026 21:32:32.335 [281473138962656] WARN - [Req#59e] MyPlex: Invalid connection URL '192.168.1.129'.
Mar 24, 2026 21:32:32.335 [281473138962656] DEBUG - [Req#59e] MyPlex: Updating device connections (from timer: 0)
Mar 24, 2026 21:32:32.335 [281473138962656] DEBUG - [Req#59e/HCl#30] HTTP requesting PUT https://plex.tv/devices/0b7ef4be55a6ce2cbd71deb676303551923b4830?Connection[][uri]=http://192.168.147.7:32400&httpsEnabled=1&httpsRequired=0&dnsRebindingProtection=0&natLoopbackSupported=0&X-Plex-Token=xxxxxxxxxxxxxxxxxxxx
Mar 24, 2026 21:32:32.494 [281473193701600] DEBUG - [HttpClient/HCl#30] HTTP/1.1 (0.2s) 200 response from PUT https://plex.tv/devices/0b7ef4be55a6ce2cbd71deb676303551923b4830?Connection[][uri]=http://192.168.147.7:32400&httpsEnabled=1&httpsRequired=0&dnsRebindingProtection=0&natLoopbackSupported=0&X-Plex-Token=xxxxxxxxxxxxxxxxxxxx (reused)
Mar 24, 2026 21:32:32.644 [281473185923296] DEBUG - Request: [192.168.147.1:25446 (Subnet)] GET /myplex/account (7 live) #5ee GZIP Signed-in Token (oscaarp)
Mar 24, 2026 21:32:32.645 [281473221845216] DEBUG - Completed: [192.168.147.1:25446] 200 GET /myplex/account (7 live) #5ee GZIP 1ms 3328 bytes (pipelined: 14)
Mar 24, 2026 21:32:33.150 [281473183813856] DEBUG - Request: [192.168.147.1:28480 (Subnet)] GET /myplex/account (7 live) #5ef GZIP Signed-in Token (oscaarp)
Mar 24, 2026 21:32:33.151 [281473219735776] DEBUG - Completed: [192.168.147.1:28480] 200 GET /myplex/account (7 live) #5ef GZIP 1ms 3328 bytes (pipelined: 15)
Mar 24, 2026 21:32:33.649 [281473175224544] DEBUG - Request: [192.168.147.1:37829 (Subnet)] GET /myplex/account (7 live) #5f5 GZIP Signed-in Token (oscaarp)
Mar 24, 2026 21:32:33.651 [281473221845216] DEBUG - Completed: [192.168.147.1:37829] 200 GET /myplex/account (7 live) #5f5 GZIP 2ms 3328 bytes (pipelined: 15)
Mar 24, 2026 21:32:34.148 [281473185923296] DEBUG - Request: [192.168.147.1:25446 (Subnet)] GET /myplex/account (7 live) #5fd GZIP Signed-in Token (oscaarp)
Mar 24, 2026 21:32:34.148 [281473221845216] DEBUG - Completed: [192.168.147.1:25446] 200 GET /myplex/account (7 live) #5fd GZIP 0ms 3328 bytes (pipelined: 15)
Mar 24, 2026 21:32:34.652 [281473183813856] DEBUG - Request: [192.168.147.1:28480 (Subnet)] GET /myplex/account (7 live) #5ff GZIP Signed-in Token (oscaarp)
Mar 24, 2026 21:32:34.653 [281473219735776] DEBUG - Completed: [192.168.147.1:28480] 200 GET /myplex/account (7 live) #5ff GZIP 1ms 3328 bytes (pipelined: 16)
Mar 24, 2026 21:32:35.152 [281473175224544] DEBUG - Request: [192.168.147.1:37829 (Subnet)] GET /myplex/account (7 live) #601 GZIP Signed-in Token (oscaarp)
Mar 24, 2026 21:32:35.154 [281473219735776] DEBUG - Completed: [192.168.147.1:37829] 200 GET /myplex/account (7 live) #601 GZIP 1ms 3328 bytes (pipelined: 16)
Mar 24, 2026 21:32:35.650 [281473185923296] DEBUG - Request: [192.168.147.1:25446 (Subnet)] GET /myplex/account (7 live) #603 GZIP Signed-in Token (oscaarp)
Mar 24, 2026 21:32:35.651 [281473221845216] DEBUG - Completed: [192.168.147.1:25446] 200 GET /myplex/account (7 live) #603 GZIP 0ms 3328 bytes (pipelined: 16)
Mar 24, 2026 21:32:36.153 [281473183813856] DEBUG - Request: [192.168.147.1:28480 (Subnet)] GET /myplex/account (7 live) #605 GZIP Signed-in Token (oscaarp)
Mar 24, 2026 21:32:36.154 [281473219735776] DEBUG - Completed: [192.168.147.1:28480] 200 GET /myplex/account (7 live) #605 GZIP 1ms 3328 bytes (pipelined: 17)
Mar 24, 2026 21:32:36.287 [281473185923296] INFO - Request: [192.168.147.1:37829 (Subnet)] OPTIONS /:/prefs?customConnections= (7 live) #607 GZIP Signed-in Token ()
Mar 24, 2026 21:32:36.287 [281473219735776] INFO - Completed: [192.168.147.1:37829] 200 OPTIONS /:/prefs?customConnections= (7 live) #607 GZIP 0ms 379 bytes (pipelined: 17)
Mar 24, 2026 21:32:36.290 [281473175224544] INFO - Request: [192.168.147.1:25446 (Subnet)] PUT /:/prefs?customConnections= (7 live) #609 GZIP Signed-in Token (oscaarp)
Mar 24, 2026 21:32:36.295 [281473175224544] DEBUG - [Req#609] MyPlex: Last published value didn't change, we're done.
Mar 24, 2026 21:32:36.296 [281473219735776] INFO - Completed: [192.168.147.1:25446] 200 PUT /:/prefs?customConnections= (7 live) #609 GZIP 5ms 323 bytes (pipelined: 17)
Mar 24, 2026 21:32:36.299 [281473183813856] DEBUG - Request: [192.168.147.1:28480 (Subnet)] GET /:/prefs (7 live) #60b GZIP Signed-in Token (oscaarp)
Mar 24, 2026 21:32:36.305 [281473219735776] DEBUG - Completed: [192.168.147.1:28480] 200 GET /:/prefs (7 live) #60b GZIP 5ms 8717 bytes (pipelined: 18)
Mar 24, 2026 21:32:36.653 [281473175224544] DEBUG - Request: [192.168.147.1:37829 (Subnet)] GET /myplex/account (7 live) #60c GZIP Signed-in Token (oscaarp)
Mar 24, 2026 21:32:36.655 [281473221845216] DEBUG - Completed: [192.168.147.1:37829] 200 GET /myplex/account (7 live) #60c GZIP 2ms 3328 bytes (pipelined: 18)
Mar 24, 2026 21:32:37.154 [281473185923296] DEBUG - Request: [192.168.147.1:25446 (Subnet)] GET /myplex/account (7 live) #611 GZIP Signed-in Token (oscaarp)
Mar 24, 2026 21:32:37.156 [281473219735776] DEBUG - Completed: [192.168.147.1:25446] 200 GET /myplex/account (7 live) #611 GZIP 2ms 3328 bytes (pipelined: 18)
Mar 24, 2026 21:32:37.656 [281473183813856] DEBUG - Request: [192.168.147.1:28480 (Subnet)] GET /myplex/account (7 live) #612 GZIP Signed-in Token (oscaarp)
Mar 24, 2026 21:32:37.658 [281473219735776] DEBUG - Completed: [192.168.147.1:28480] 200 GET /myplex/account (7 live) #612 GZIP 2ms 3328 bytes (pipelined: 19)
Mar 24, 2026 21:32:38.154 [281473175224544] DEBUG - Request: [192.168.147.1:37829 (Subnet)] GET /myplex/account (7 live) #616 GZIP Signed-in Token (oscaarp)
Mar 24, 2026 21:32:38.156 [281473221845216] DEBUG - Completed: [192.168.147.1:37829] 200 GET /myplex/account (7 live) #616 GZIP 2ms 3328 bytes (pipelined: 19)
Mar 24, 2026 21:32:38.655 [281473185923296] DEBUG - Request: [192.168.147.1:25446 (Subnet)] GET /myplex/account (7 live) #618 GZIP Signed-in Token (oscaarp)
Mar 24, 2026 21:32:38.657 [281473219735776] DEBUG - Completed: [192.168.147.1:25446] 200 GET /myplex/account (7 live) #618 GZIP 2ms 3328 bytes (pipelined: 19)
Mar 24, 2026 21:32:39.155 [281473183813856] DEBUG - Request: [192.168.147.1:28480 (Subnet)] GET /myplex/account (6 live) #61a GZIP Signed-in Token (oscaarp)
Mar 24, 2026 21:32:39.157 [281473219735776] DEBUG - Completed: [192.168.147.1:28480] 200 GET /myplex/account (6 live) #61a GZIP 1ms 3328 bytes (pipelined: 20)
Mar 24, 2026 21:32:39.397 [281473185923296] DEBUG - Request: [192.168.147.1:37829 (Subnet)] GET /:/prefs (7 live) #61c GZIP Signed-in Token (oscaarp)
Mar 24, 2026 21:32:39.398 [281473175224544] DEBUG - Request: [192.168.147.1:25446 (Subnet)] GET /accounts/1 (7 live) #61e GZIP Signed-in Token (oscaarp)
Mar 24, 2026 21:32:39.399 [281473183813856] DEBUG - Request: [192.168.147.1:28480 (Subnet)] GET /myplex/account (7 live) #621 GZIP Signed-in Token (oscaarp)
Mar 24, 2026 21:32:39.401 [281473221845216] DEBUG - Completed: [192.168.147.1:28480] 200 GET /myplex/account (7 live) #621 GZIP 2ms 3328 bytes (pipelined: 21)
Mar 24, 2026 21:32:39.401 [281473219735776] DEBUG - Completed: [192.168.147.1:25446] 200 GET /accounts/1 (7 live) #61e GZIP 3ms 646 bytes (pipelined: 20)
Mar 24, 2026 21:32:39.405 [281473219735776] DEBUG - Completed: [192.168.147.1:37829] 200 GET /:/prefs (7 live) #61c GZIP 8ms 8717 bytes (pipelined: 20)
Mar 24, 2026 21:32:39.418 [281473175224544] DEBUG - Request: [192.168.147.1:28480 (Subnet)] PUT /myplex/refreshReachability (7 live) #623 GZIP Signed-in Token (oscaarp)
Mar 24, 2026 21:32:39.418 [281473175224544] DEBUG - [Req#623] MyPlex: async reachability check - current mapped state: 'Not Mapped'.
Mar 24, 2026 21:32:39.418 [281473175224544] WARN - [Req#623] MyPlex: attempted a reachability check but we're not yet mapped.
Mar 24, 2026 21:32:39.419 [281473221845216] DEBUG - Completed: [192.168.147.1:28480] 200 PUT /myplex/refreshReachability (7 live) #623 GZIP 0ms 323 bytes (pipelined: 22)
Mar 24, 2026 21:32:39.653 [281473185923296] DEBUG - Request: [192.168.147.1:25446 (Subnet)] GET /myplex/account (7 live) #624 GZIP Signed-in Token (oscaarp)
Mar 24, 2026 21:32:39.654 [281473219735776] DEBUG - Completed: [192.168.147.1:25446] 200 GET /myplex/account (7 live) #624 GZIP 1ms 3328 bytes (pipelined: 21)
Mar 24, 2026 21:32:40.156 [281473183813856] DEBUG - Request: [192.168.147.1:37829 (Subnet)] GET /myplex/account (7 live) #625 GZIP Signed-in Token (oscaarp)
Mar 24, 2026 21:32:40.158 [281473221845216] DEBUG - Completed: [192.168.147.1:37829] 200 GET /myplex/account (7 live) #625 GZIP 1ms 3328 bytes (pipelined: 21)
Mar 24, 2026 21:32:40.654 [281473175224544] DEBUG - Request: [192.168.147.1:28480 (Subnet)] GET /myplex/account (7 live) #626 GZIP Signed-in Token (oscaarp)
Mar 24, 2026 21:32:40.656 [281473219735776] DEBUG - Completed: [192.168.147.1:28480] 200 GET /myplex/account (7 live) #626 GZIP 2ms 3328 bytes (pipelined: 23)
Mar 24, 2026 21:32:41.156 [281473185923296] DEBUG - Request: [192.168.147.1:25446 (Subnet)] GET /myplex/account (7 live) #628 GZIP Signed-in Token (oscaarp)
Mar 24, 2026 21:32:41.157 [281473221845216] DEBUG - Completed: [192.168.147.1:25446] 200 GET /myplex/account (7 live) #628 GZIP 1ms 3328 bytes (pipelined: 22)
Mar 24, 2026 21:32:41.224 [281473183813856] DEBUG - Request: [192.168.147.1:37829 (Subnet)] GET /:/timeline?ratingKey=1&key=%2Flibrary%2Fmetadata%2F1&playbackTime=0&playQueueItemID=1&state=paused&hasMDE=1&time=15000&duration=6739000 (7 live) #62a GZIP Signed-in Token (oscaarp)
Mar 24, 2026 21:32:41.226 [281473183813856] DEBUG - [Req#62a] Client [vkjphyua8spggnvg82dvmqg3] reporting timeline state paused, progress of 15000/6739000ms for guid=, playbackTime=0ms ratingKey=1 url=, key=/library/metadata/1, containerKey=, metadataId=1, source=
Mar 24, 2026 21:32:41.226 [281473183813856] DEBUG - [Req#62a] [Now] User is oscaarp (ID: 1)
Mar 24, 2026 21:32:41.227 [281473183813856] DEBUG - [Req#62a] [Now] Device is Safari (Safari).
Mar 24, 2026 21:32:41.227 [281473183813856] DEBUG - [Req#62a] [Now] Profile is Web
Mar 24, 2026 21:32:41.227 [281473183813856] DEBUG - [Req#62a] [Now] Updated play state for /library/metadata/1.
Mar 24, 2026 21:32:41.227 [281473183813856] DEBUG - [Req#62a] Statistics: (qjt50inxtzsqjpbem7hjo0tw) Reporting active playback in state 1 of type 1 (scrobble: 0) for account 1
Mar 24, 2026 21:32:41.229 [281473219735776] DEBUG - Completed: [192.168.147.1:37829] 200 GET /:/timeline?ratingKey=1&key=%2Flibrary%2Fmetadata%2F1&playbackTime=0&playQueueItemID=1&state=paused&hasMDE=1&time=15000&duration=6739000 (7 live) #62a GZIP 5ms 882 bytes (pipelined: 22)
Mar 24, 2026 21:32:41.657 [281473185923296] DEBUG - Request: [192.168.147.1:28480 (Subnet)] GET /myplex/account (7 live) #62b GZIP Signed-in Token (oscaarp)
Mar 24, 2026 21:32:41.658 [281473221845216] DEBUG - Completed: [192.168.147.1:28480] 200 GET /myplex/account (7 live) #62b GZIP 1ms 3328 bytes (pipelined: 24)
Mar 24, 2026 21:32:42.157 [281473183813856] DEBUG - Request: [192.168.147.1:25446 (Subnet)] GET /myplex/account (7 live) #62d GZIP Signed-in Token (oscaarp)
Mar 24, 2026 21:32:42.158 [281473219735776] DEBUG - Completed: [192.168.147.1:25446] 200 GET /myplex/account (7 live) #62d GZIP 1ms 3328 bytes (pipelined: 23)
Mar 24, 2026 21:32:42.656 [281473175224544] DEBUG - Request: [192.168.147.1:37829 (Subnet)] GET /myplex/account (7 live) #631 GZIP Signed-in Token (oscaarp)
Mar 24, 2026 21:32:42.658 [281473219735776] DEBUG - Completed: [192.168.147.1:37829] 200 GET /myplex/account (7 live) #631 GZIP 1ms 3328 bytes (pipelined: 23)
Mar 24, 2026 21:32:43.158 [281473185923296] DEBUG - Request: [192.168.147.1:28480 (Subnet)] GET /myplex/account (7 live) #632 GZIP Signed-in Token (oscaarp)
Mar 24, 2026 21:32:43.160 [281473219735776] DEBUG - Completed: [192.168.147.1:28480] 200 GET /myplex/account (7 live) #632 GZIP 1ms 3328 bytes (pipelined: 25)
Mar 24, 2026 21:32:43.358 [281473136853216] DEBUG - [Req#59e] NAT: UPnP, didn't find usable IGD.
Mar 24, 2026 21:32:43.358 [281473136853216] DEBUG - [Req#59e] PublicAddressManager: Mapping failed.
Mar 24, 2026 21:32:43.362 [281473136853216] DEBUG - [Req#59e] MyPlex: mapping state set to 'Mapped - Not Published'.
Mar 24, 2026 21:32:43.362 [281473136853216] DEBUG - [Req#59e] MyPlex: sendMapping resetting state - previous mapping state: 'Mapped - Not Published'.
Mar 24, 2026 21:32:43.362 [281473136853216] DEBUG - [Req#59e] MyPlex: mapping state set to 'Unknown'.
Mar 24, 2026 21:32:43.368 [281473136853216] DEBUG - [Req#59e] MyPlex: Sending Server Info to myPlex (user=oscaarpelagio@gmail.com, ip=79.117.226.16, port=0)
Mar 24, 2026 21:32:43.369 [281473136853216] DEBUG - [Req#59e/HCl#31] HTTP requesting POST https://plex.tv/servers.xml?auth_token=xxxxxxxxxxxxxxxxxxxx
Mar 24, 2026 21:32:43.656 [281473183813856] DEBUG - Request: [192.168.147.1:25446 (Subnet)] GET /myplex/account (7 live) #636 GZIP Signed-in Token (oscaarp)
Mar 24, 2026 21:32:43.658 [281473221845216] DEBUG - Completed: [192.168.147.1:25446] 200 GET /myplex/account (7 live) #636 GZIP 1ms 3329 bytes (pipelined: 24)
Mar 24, 2026 21:32:43.748 [281473193701600] DEBUG - [HttpClient/HCl#31] HTTP/1.1 (0.4s) 422 response from POST https://plex.tv/servers.xml?auth_token=xxxxxxxxxxxxxxxxxxxx
Mar 24, 2026 21:32:43.748 [281473136853216] DEBUG - [Req#59e] MyPlex: Published Mapping State response was 422
Mar 24, 2026 21:32:43.748 [281473136853216] DEBUG - [Req#59e] MyPlex: Got response for 0b7ef4be55a6ce2cbd71deb676303551923b4830 ~ registered :0
Mar 24, 2026 21:32:43.748 [281473136853216] DEBUG - [Req#59e] MyPlex: updating mapped state - current state: 'Mapped - Not Published'
Mar 24, 2026 21:32:43.748 [281473136853216] DEBUG - [Req#59e] MyPlex: mapping state set to 'Mapped - Publishing'.
Mar 24, 2026 21:32:43.748 [281473136853216] DEBUG - [Req#59e] MyPlex: async reachability check - current mapped state: 'Mapped - Publishing'.
Mar 24, 2026 21:32:43.748 [281473136853216] DEBUG - [Req#59e] MyPlex: Requesting reachability check.
Mar 24, 2026 21:32:43.749 [281473136853216] DEBUG - [Req#59e/HCl#32] HTTP requesting PUT https://plex.tv/api/servers/0b7ef4be55a6ce2cbd71deb676303551923b4830/connectivity?X-Plex-Token=xxxxxxxxxxxxxxxxxxxx&asyncIdentifier=057b1202-fb27-4b11-9258-0799e2b6b747
Mar 24, 2026 21:32:43.871 [281473193701600] DEBUG - [HttpClient/HCl#32] HTTP/1.1 (0.1s) 200 response from PUT https://plex.tv/api/servers/0b7ef4be55a6ce2cbd71deb676303551923b4830/connectivity?X-Plex-Token=xxxxxxxxxxxxxxxxxxxx&asyncIdentifier=057b1202-fb27-4b11-9258-0799e2b6b747 (reused)
Mar 24, 2026 21:32:43.875 [281473136853216] DEBUG - [Req#59e] MyPlex: Last published value didn't change, we're done.
Mar 24, 2026 21:32:44.020 [281473219735776] DEBUG - [EventSourceClient/pubsub/139.162.158.105:443] EventSource: Got event [data] '<Message address="" port="0" asyncIdentifier="057b1202-fb27-4b11-9258-0799e2b6b747" connectivity="0" command="notifyConnectivity"/>'
Mar 24, 2026 21:32:44.021 [281473219735776] DEBUG - [EventSourceClient/pubsub/139.162.158.105:443] PubSub: Got notified of reachability for async identifier 057b1202-fb27-4b11-9258-0799e2b6b747: 0 for :0 (responded in 149 ms)
Mar 24, 2026 21:32:44.021 [281473219735776] DEBUG - [EventSourceClient/pubsub/139.162.158.105:443] MyPlex: reachability check - current mapping state: 'Mapped - Publishing'.
Mar 24, 2026 21:32:44.021 [281473219735776] DEBUG - [EventSourceClient/pubsub/139.162.158.105:443] MyPlex: mapping state set to 'Mapped - Not Published (Not Reachable)'.
Mar 24, 2026 21:32:44.027 [281473175224544] DEBUG - Request: [192.168.147.1:37829 (Subnet)] GET /myplex/account (7 live) #638 GZIP Signed-in Token (oscaarp)
Mar 24, 2026 21:32:44.028 [281473221845216] DEBUG - Completed: [192.168.147.1:37829] 200 GET /myplex/account (7 live) #638 GZIP 1ms 3396 bytes (pipelined: 24)
Mar 24, 2026 21:32:44.156 [281473183813856] DEBUG - Request: [192.168.147.1:28480 (Subnet)] GET /myplex/account (7 live) #63a GZIP Signed-in Token (oscaarp)
Mar 24, 2026 21:32:44.157 [281473219735776] DEBUG - Completed: [192.168.147.1:28480] 200 GET /myplex/account (7 live) #63a GZIP 1ms 3396 bytes (pipelined: 26)
Mar 24, 2026 21:32:51.231 [281473183813856] DEBUG - Request: [192.168.147.1:25446 (Subnet)] GET /:/timeline?ratingKey=1&key=%2Flibrary%2Fmetadata%2F1&playbackTime=0&playQueueItemID=1&state=paused&hasMDE=1&time=15000&duration=6739000 (7 live) #644 GZIP Signed-in Token (oscaarp)
Mar 24, 2026 21:32:51.232 [281473183813856] DEBUG - [Req#644] Client [vkjphyua8spggnvg82dvmqg3] reporting timeline state paused, progress of 15000/6739000ms for guid=, playbackTime=0ms ratingKey=1 url=, key=/library/metadata/1, containerKey=, metadataId=1, source=
Mar 24, 2026 21:32:51.232 [281473183813856] DEBUG - [Req#644] [Now] User is oscaarp (ID: 1)
Mar 24, 2026 21:32:51.232 [281473183813856] DEBUG - [Req#644] [Now] Device is Safari (Safari).
Mar 24, 2026 21:32:51.232 [281473183813856] DEBUG - [Req#644] [Now] Profile is Web
Mar 24, 2026 21:32:51.232 [281473183813856] DEBUG - [Req#644] [Now] Updated play state for /library/metadata/1.
Mar 24, 2026 21:32:51.232 [281473183813856] DEBUG - [Req#644] Statistics: (qjt50inxtzsqjpbem7hjo0tw) Reporting active playback in state 1 of type 1 (scrobble: 0) for account 1
Mar 24, 2026 21:32:51.234 [281473221845216] DEBUG - Completed: [192.168.147.1:25446] 200 GET /:/timeline?ratingKey=1&key=%2Flibrary%2Fmetadata%2F1&playbackTime=0&playQueueItemID=1&state=paused&hasMDE=1&time=15000&duration=6739000 (7 live) #644 GZIP 2ms 883 bytes (pipelined: 25)
Mar 24, 2026 21:32:59.360 [281473221845216] DEBUG - Request: didn't get any data from [::ffff:192.168.147.1]:60547: End of file
Mar 24, 2026 21:33:01.237 [281473183813856] DEBUG - Request: [192.168.147.1:37829 (Subnet)] GET /:/timeline?ratingKey=1&key=%2Flibrary%2Fmetadata%2F1&playbackTime=0&playQueueItemID=1&state=paused&hasMDE=1&time=15000&duration=6739000 (6 live) #64e GZIP Signed-in Token (oscaarp)
Mar 24, 2026 21:33:01.237 [281473185923296] DEBUG - Request: [192.168.147.1:28480 (Subnet)] GET /video/:/transcode/universal/ping?session=qohz2715ytpq69580gp2zoou (6 live) #64f GZIP Signed-in Token (oscaarp)
Mar 24, 2026 21:33:01.237 [281473185923296] DEBUG - [Req#64f/Transcode] [Now] Freshening session based on ping for vkjphyua8spggnvg82dvmqg3_Video
Mar 24, 2026 21:33:01.237 [281473185923296] DEBUG - [Req#64f/Transcode] Received transcode session ping for session qohz2715ytpq69580gp2zoou.
Mar 24, 2026 21:33:01.238 [281473219735776] DEBUG - Completed: [192.168.147.1:28480] 200 GET /video/:/transcode/universal/ping?session=qohz2715ytpq69580gp2zoou (6 live) #64f GZIP 0ms 323 bytes (pipelined: 27)
Mar 24, 2026 21:33:01.240 [281473183813856] DEBUG - [Req#64e] Client [vkjphyua8spggnvg82dvmqg3] reporting timeline state paused, progress of 15000/6739000ms for guid=, playbackTime=0ms ratingKey=1 url=, key=/library/metadata/1, containerKey=, metadataId=1, source=
Mar 24, 2026 21:33:01.240 [281473183813856] DEBUG - [Req#64e] [Now] User is oscaarp (ID: 1)
Mar 24, 2026 21:33:01.240 [281473183813856] DEBUG - [Req#64e] [Now] Device is Safari (Safari).
Mar 24, 2026 21:33:01.240 [281473183813856] DEBUG - [Req#64e] [Now] Profile is Web
Mar 24, 2026 21:33:01.240 [281473183813856] DEBUG - [Req#64e] [Now] Updated play state for /library/metadata/1.
Mar 24, 2026 21:33:01.241 [281473183813856] DEBUG - [Req#64e] Statistics: (qjt50inxtzsqjpbem7hjo0tw) Reporting active playback in state 1 of type 1 (scrobble: 0) for account 1
Mar 24, 2026 21:33:01.244 [281473221845216] DEBUG - Completed: [192.168.147.1:37829] 200 GET /:/timeline?ratingKey=1&key=%2Flibrary%2Fmetadata%2F1&playbackTime=0&playQueueItemID=1&state=paused&hasMDE=1&time=15000&duration=6739000 (6 live) #64e GZIP 7ms 883 bytes (pipelined: 25)
Mar 24, 2026 21:33:10.626 [281473185923296] DEBUG - [Req#622/Transcode/qohz2715ytpq69580gp2zoou/4207d6d6-1987-4867-b3bd-2d852c95a852] Transcoder segment range: 0 - 42 (42)
Mar 24, 2026 21:33:21.188 [281473185923296] DEBUG - Request: [192.168.147.1:35850 (Subnet)] GET /:/timeline?ratingKey=1&key=%2Flibrary%2Fmetadata%2F1&playbackTime=0&playQueueItemID=1&state=paused&hasMDE=1&time=15000&duration=6739000 (4 live) #696 GZIP Signed-in Token (oscaarp)
Mar 24, 2026 21:33:21.191 [281473185923296] DEBUG - [Req#696] Client [vkjphyua8spggnvg82dvmqg3] reporting timeline state paused, progress of 15000/6739000ms for guid=, playbackTime=0ms ratingKey=1 url=, key=/library/metadata/1, containerKey=, metadataId=1, source=
Mar 24, 2026 21:33:21.191 [281473185923296] DEBUG - [Req#696] [Now] User is oscaarp (ID: 1)
Mar 24, 2026 21:33:21.191 [281473185923296] DEBUG - [Req#696] [Now] Device is Safari (Safari).
Mar 24, 2026 21:33:21.191 [281473185923296] DEBUG - [Req#696] [Now] Profile is Web
Mar 24, 2026 21:33:21.191 [281473185923296] DEBUG - [Req#696] [Now] Updated play state for /library/metadata/1.
Mar 24, 2026 21:33:21.191 [281473185923296] DEBUG - [Req#696] Statistics: (qjt50inxtzsqjpbem7hjo0tw) Reporting active playback in state 1 of type 1 (scrobble: 0) for account 1
Mar 24, 2026 21:33:21.192 [281473219735776] DEBUG - Completed: [192.168.147.1:35850] 200 GET /:/timeline?ratingKey=1&key=%2Flibrary%2Fmetadata%2F1&playbackTime=0&playQueueItemID=1&state=paused&hasMDE=1&time=15000&duration=6739000 (4 live) #696 GZIP 5ms 881 bytes (pipelined: 1)
Mar 24, 2026 21:33:31.332 [281473185923296] DEBUG - Request: [192.168.147.1:35850 (Subnet)] GET /:/timeline?ratingKey=1&key=%2Flibrary%2Fmetadata%2F1&playbackTime=0&playQueueItemID=1&state=paused&hasMDE=1&time=15000&duration=6739000 (4 live) #6b5 GZIP Signed-in Token (oscaarp)
Mar 24, 2026 21:33:31.334 [281473185923296] DEBUG - [Req#6b5] Client [vkjphyua8spggnvg82dvmqg3] reporting timeline state paused, progress of 15000/6739000ms for guid=, playbackTime=0ms ratingKey=1 url=, key=/library/metadata/1, containerKey=, metadataId=1, source=
Mar 24, 2026 21:33:31.334 [281473185923296] DEBUG - [Req#6b5] [Now] User is oscaarp (ID: 1)
Mar 24, 2026 21:33:31.335 [281473185923296] DEBUG - [Req#6b5] [Now] Device is Safari (Safari).
Mar 24, 2026 21:33:31.335 [281473185923296] DEBUG - [Req#6b5] [Now] Profile is Web
Mar 24, 2026 21:33:31.335 [281473185923296] DEBUG - [Req#6b5] [Now] Updated play state for /library/metadata/1.
Mar 24, 2026 21:33:31.335 [281473185923296] DEBUG - [Req#6b5] Statistics: (qjt50inxtzsqjpbem7hjo0tw) Reporting active playback in state 1 of type 1 (scrobble: 0) for account 1
Mar 24, 2026 21:33:31.336 [281473183813856] DEBUG - Request: [192.168.147.1:37043 (Subnet)] GET /video/:/transcode/universal/ping?session=qohz2715ytpq69580gp2zoou (5 live) #6b2 GZIP Signed-in Token (oscaarp)
Mar 24, 2026 21:33:31.337 [281473183813856] DEBUG - [Req#6b2/Transcode] [Now] Freshening session based on ping for vkjphyua8spggnvg82dvmqg3_Video
Mar 24, 2026 21:33:31.337 [281473183813856] DEBUG - [Req#6b2/Transcode] Received transcode session ping for session qohz2715ytpq69580gp2zoou.
Mar 24, 2026 21:33:31.337 [281473221845216] DEBUG - Completed: [192.168.147.1:37043] 200 GET /video/:/transcode/universal/ping?session=qohz2715ytpq69580gp2zoou (5 live) #6b2 GZIP 1ms 323 bytes (pipelined: 1)
Mar 24, 2026 21:33:31.339 [281473221845216] DEBUG - Completed: [192.168.147.1:35850] 200 GET /:/timeline?ratingKey=1&key=%2Flibrary%2Fmetadata%2F1&playbackTime=0&playQueueItemID=1&state=paused&hasMDE=1&time=15000&duration=6739000 (5 live) #6b5 GZIP 7ms 882 bytes (pipelined: 2)
Mar 24, 2026 21:33:57.138 [281473183813856] DEBUG - [Req#6ce/Transcode/qohz2715ytpq69580gp2zoou/4207d6d6-1987-4867-b3bd-2d852c95a852] Transcoder segment range: 0 - 43 (43)
Mar 24, 2026 21:34:38.051 [281473175224544] DEBUG - [Req#710/Transcode/qohz2715ytpq69580gp2zoou/4207d6d6-1987-4867-b3bd-2d852c95a852] Transcoder segment range: 0 - 44 (44)
Mar 24, 2026 21:35:01.337 [281473175224544] DEBUG - Request: [192.168.147.1:49924 (Subnet)] GET /video/:/transcode/universal/ping?session=qohz2715ytpq69580gp2zoou (5 live) #7a8 GZIP Signed-in Token (oscaarp)
Mar 24, 2026 21:35:01.346 [281473183813856] DEBUG - Request: [192.168.147.1:52203 (Subnet)] GET /:/timeline?ratingKey=1&key=%2Flibrary%2Fmetadata%2F1&playbackTime=0&playQueueItemID=1&state=paused&hasMDE=1&time=15000&duration=6739000 (5 live) #771 GZIP Signed-in Token (oscaarp)
Mar 24, 2026 21:35:01.367 [281473175224544] DEBUG - [Req#7a8/Transcode] [Now] Freshening session based on ping for vkjphyua8spggnvg82dvmqg3_Video
Mar 24, 2026 21:35:01.367 [281473175224544] DEBUG - [Req#7a8/Transcode] Received transcode session ping for session qohz2715ytpq69580gp2zoou.
Mar 24, 2026 21:35:01.378 [281473219735776] DEBUG - Completed: [192.168.147.1:49924] 200 GET /video/:/transcode/universal/ping?session=qohz2715ytpq69580gp2zoou (5 live) #7a8 GZIP 41ms 323 bytes (pipelined: 1)
Mar 24, 2026 21:35:01.400 [281473183813856] DEBUG - [Req#771] Client [vkjphyua8spggnvg82dvmqg3] reporting timeline state paused, progress of 15000/6739000ms for guid=, playbackTime=0ms ratingKey=1 url=, key=/library/metadata/1, containerKey=, metadataId=1, source=
Mar 24, 2026 21:35:01.423 [281473183813856] DEBUG - [Req#771] [Now] User is oscaarp (ID: 1)
Mar 24, 2026 21:35:01.448 [281473183813856] DEBUG - [Req#771] [Now] Device is Safari (Safari).
Mar 24, 2026 21:35:01.448 [281473183813856] DEBUG - [Req#771] [Now] Profile is Web
Mar 24, 2026 21:35:01.448 [281473183813856] DEBUG - [Req#771] [Now] Updated play state for /library/metadata/1.
Mar 24, 2026 21:35:01.450 [281473183813856] DEBUG - [Req#771] Statistics: (qjt50inxtzsqjpbem7hjo0tw) Reporting active playback in state 1 of type 1 (scrobble: 0) for account 1
Mar 24, 2026 21:35:01.458 [281473221845216] DEBUG - Completed: [192.168.147.1:52203] 200 GET /:/timeline?ratingKey=1&key=%2Flibrary%2Fmetadata%2F1&playbackTime=0&playQueueItemID=1&state=paused&hasMDE=1&time=15000&duration=6739000 (5 live) #771 GZIP 111ms 883 bytes (pipelined: 1)
Mar 24, 2026 21:35:18.961 [281473183813856] DEBUG - [Req#7a9/Transcode/qohz2715ytpq69580gp2zoou/4207d6d6-1987-4867-b3bd-2d852c95a852] Transcoder segment range: 0 - 45 (45)
Mar 24, 2026 21:35:59.798 [281473175224544] DEBUG - [Req#7d7/Transcode/qohz2715ytpq69580gp2zoou/4207d6d6-1987-4867-b3bd-2d852c95a852] Transcoder segment range: 0 - 46 (46)
Mar 24, 2026 21:36:41.889 [281473175224544] DEBUG - [Req#83a/Transcode/qohz2715ytpq69580gp2zoou/4207d6d6-1987-4867-b3bd-2d852c95a852] Transcoder segment range: 0 - 47 (47)
Mar 24, 2026 21:37:28.508 [281473183813856] DEBUG - [Req#90a/Transcode/qohz2715ytpq69580gp2zoou/4207d6d6-1987-4867-b3bd-2d852c95a852] Transcoder segment range: 0 - 48 (48)
Mar 24, 2026 21:37:28.538 [281473183813856] DEBUG - Request: [192.168.147.1:26514 (Subnet)] GET /accounts/1 (7 live) #90d GZIP Signed-in Token (oscaarp)
Mar 24, 2026 21:37:28.539 [281473175224544] DEBUG - Request: [192.168.147.1:47886 (Subnet)] GET /myplex/account (7 live) #90e GZIP Signed-in Token (oscaarp)
Mar 24, 2026 21:37:28.539 [281473185923296] DEBUG - Request: [192.168.147.1:41456 (Subnet)] GET /:/prefs (7 live) #90b GZIP Signed-in Token (oscaarp)
Mar 24, 2026 21:37:28.564 [281473219735776] DEBUG - Completed: [192.168.147.1:26514] 200 GET /accounts/1 (7 live) #90d GZIP 26ms 646 bytes (pipelined: 1)
Mar 24, 2026 21:37:28.565 [281473219735776] DEBUG - Completed: [192.168.147.1:47886] 200 GET /myplex/account (7 live) #90e GZIP 30ms 3396 bytes (pipelined: 1)
Mar 24, 2026 21:37:28.565 [281473219735776] DEBUG - Completed: [192.168.147.1:41456] 200 GET /:/prefs (7 live) #90b GZIP 31ms 8717 bytes (pipelined: 1)
Mar 24, 2026 21:37:28.582 [281473175224544] DEBUG - Request: [192.168.147.1:26514 (Subnet)] PUT /myplex/refreshReachability (7 live) #910 GZIP Signed-in Token (oscaarp)
Mar 24, 2026 21:37:28.582 [281473175224544] DEBUG - [Req#910] MyPlex: async reachability check - current mapped state: 'Mapped - Not Published (Not Reachable)'.
Mar 24, 2026 21:37:28.582 [281473175224544] DEBUG - [Req#910] MyPlex: Requesting reachability check.
Mar 24, 2026 21:37:28.583 [281473175224544] DEBUG - [Req#910/HCl#33] HTTP requesting PUT https://plex.tv/api/servers/0b7ef4be55a6ce2cbd71deb676303551923b4830/connectivity?X-Plex-Token=xxxxxxxxxxxxxxxxxxxx&asyncIdentifier=adb730d8-b008-4962-96bc-268cb46ea85f
Mar 24, 2026 21:37:29.252 [281473193701600] DEBUG - [HttpClient/HCl#33] HTTP/1.1 (0.7s) 200 response from PUT https://plex.tv/api/servers/0b7ef4be55a6ce2cbd71deb676303551923b4830/connectivity?X-Plex-Token=xxxxxxxxxxxxxxxxxxxx&asyncIdentifier=adb730d8-b008-4962-96bc-268cb46ea85f
Mar 24, 2026 21:37:29.253 [281473221845216] DEBUG - Completed: [192.168.147.1:26514] 200 PUT /myplex/refreshReachability (7 live) #910 GZIP 670ms 323 bytes (pipelined: 2)
Mar 24, 2026 21:37:29.350 [281473219735776] DEBUG - [EventSourceClient/pubsub/139.162.158.105:443] EventSource: Got event [data] '<Message address="" port="0" asyncIdentifier="adb730d8-b008-4962-96bc-268cb46ea85f" connectivity="0" command="notifyConnectivity"/>'
Mar 24, 2026 21:37:29.355 [281473219735776] DEBUG - [EventSourceClient/pubsub/139.162.158.105:443] PubSub: Got notified of reachability for async identifier adb730d8-b008-4962-96bc-268cb46ea85f: 0 for :0 (responded in 102 ms)
Mar 24, 2026 21:37:29.355 [281473219735776] DEBUG - [EventSourceClient/pubsub/139.162.158.105:443] MyPlex: reachability check - current mapping state: 'Mapped - Not Published (Not Reachable)'.
Mar 24, 2026 21:37:29.355 [281473219735776] DEBUG - [EventSourceClient/pubsub/139.162.158.105:443] MyPlex: mapping state set to 'Mapped - Not Published (Not Reachable)'.
Mar 24, 2026 21:37:29.361 [281473183813856] DEBUG - Request: [192.168.147.1:47886 (Subnet)] GET /myplex/account (7 live) #911 GZIP Signed-in Token (oscaarp)
Mar 24, 2026 21:37:29.363 [281473219735776] DEBUG - Completed: [192.168.147.1:47886] 200 GET /myplex/account (7 live) #911 GZIP 1ms 3396 bytes (pipelined: 2)
Mar 24, 2026 21:37:30.522 [281473175224544] DEBUG - Request: [192.168.147.1:41456 (Subnet)] GET /:/timeline?ratingKey=1&key=%2Flibrary%2Fmetadata%2F1&playbackTime=0&playQueueItemID=1&state=paused&hasMDE=1&time=15000&duration=6739000 (7 live) #912 GZIP Signed-in Token (oscaarp)
Mar 24, 2026 21:37:30.523 [281473185923296] DEBUG - Request: [192.168.147.1:26514 (Subnet)] GET /video/:/transcode/universal/ping?session=qohz2715ytpq69580gp2zoou (7 live) #914 GZIP Signed-in Token (oscaarp)
Mar 24, 2026 21:37:30.523 [281473185923296] DEBUG - [Req#914/Transcode] [Now] Freshening session based on ping for vkjphyua8spggnvg82dvmqg3_Video
Mar 24, 2026 21:37:30.523 [281473185923296] DEBUG - [Req#914/Transcode] Received transcode session ping for session qohz2715ytpq69580gp2zoou.
Mar 24, 2026 21:37:30.524 [281473219735776] DEBUG - Completed: [192.168.147.1:26514] 200 GET /video/:/transcode/universal/ping?session=qohz2715ytpq69580gp2zoou (7 live) #914 GZIP 0ms 323 bytes (pipelined: 3)
Mar 24, 2026 21:37:30.531 [281473175224544] DEBUG - [Req#912] Client [vkjphyua8spggnvg82dvmqg3] reporting timeline state paused, progress of 15000/6739000ms for guid=, playbackTime=0ms ratingKey=1 url=, key=/library/metadata/1, containerKey=, metadataId=1, source=
Mar 24, 2026 21:37:30.532 [281473175224544] DEBUG - [Req#912] [Now] User is oscaarp (ID: 1)
Mar 24, 2026 21:37:30.540 [281473175224544] DEBUG - [Req#912] [Now] Device is Safari (Safari).
Mar 24, 2026 21:37:30.540 [281473175224544] DEBUG - [Req#912] [Now] Profile is Web
Mar 24, 2026 21:37:30.540 [281473175224544] DEBUG - [Req#912] [Now] Updated play state for /library/metadata/1.
Mar 24, 2026 21:37:30.540 [281473175224544] DEBUG - [Req#912] Statistics: (qjt50inxtzsqjpbem7hjo0tw) Reporting active playback in state 1 of type 1 (scrobble: 0) for account 1
Mar 24, 2026 21:37:30.542 [281473221845216] DEBUG - Completed: [192.168.147.1:41456] 200 GET /:/timeline?ratingKey=1&key=%2Flibrary%2Fmetadata%2F1&playbackTime=0&playQueueItemID=1&state=paused&hasMDE=1&time=15000&duration=6739000 (7 live) #912 GZIP 19ms 882 bytes (pipelined: 2)
Mar 24, 2026 21:37:32.462 [281473183813856] DEBUG - Request: [192.168.147.1:47886 (Subnet)] GET /:/prefs (7 live) #918 GZIP Signed-in Token (oscaarp)
Mar 24, 2026 21:37:32.463 [281473185923296] DEBUG - Request: [192.168.147.1:26514 (Subnet)] GET /accounts/1 (7 live) #91b GZIP Signed-in Token (oscaarp)
Mar 24, 2026 21:37:32.467 [281473185923296] DEBUG - Request: [192.168.147.1:41456 (Subnet)] GET /myplex/account (7 live) #91e GZIP Signed-in Token (oscaarp)
Mar 24, 2026 21:37:32.467 [281473221845216] DEBUG - Completed: [192.168.147.1:26514] 200 GET /accounts/1 (7 live) #91b GZIP 3ms 646 bytes (pipelined: 4)
Mar 24, 2026 21:37:32.468 [281473219735776] DEBUG - Completed: [192.168.147.1:41456] 200 GET /myplex/account (7 live) #91e GZIP 0ms 3396 bytes (pipelined: 3)
Mar 24, 2026 21:37:32.471 [281473219735776] DEBUG - Completed: [192.168.147.1:47886] 200 GET /:/prefs (7 live) #918 GZIP 8ms 8717 bytes (pipelined: 3)
Mar 24, 2026 21:37:32.483 [281473175224544] DEBUG - Request: [192.168.147.1:26514 (Subnet)] PUT /myplex/refreshReachability (7 live) #923 GZIP Signed-in Token (oscaarp)
Mar 24, 2026 21:37:32.483 [281473175224544] DEBUG - [Req#923] MyPlex: async reachability check - current mapped state: 'Mapped - Not Published (Not Reachable)'.
Mar 24, 2026 21:37:32.483 [281473175224544] DEBUG - [Req#923] MyPlex: requesting connectivity refresh too soon after the last request, skipping.
Mar 24, 2026 21:37:32.483 [281473219735776] DEBUG - Completed: [192.168.147.1:26514] 200 PUT /myplex/refreshReachability (7 live) #923 GZIP 0ms 323 bytes (pipelined: 5)
Mar 24, 2026 21:37:48.489 [281473221845216] DEBUG - Request: didn't get any data from [::ffff:192.168.147.1]:56918: End of file
Mar 24, 2026 21:37:50.444 [281473183813856] INFO - Request: [192.168.147.1:41456 (Subnet)] OPTIONS /:/prefs?customConnections=http%3A%2F%2F192.168.1.129%3A32400 (6 live) #924 GZIP Signed-in Token ()
Mar 24, 2026 21:37:50.444 [281473221845216] INFO - Completed: [192.168.147.1:41456] 200 OPTIONS /:/prefs?customConnections=http%3A%2F%2F192.168.1.129%3A32400 (6 live) #924 GZIP 0ms 379 bytes (pipelined: 4)
Mar 24, 2026 21:37:50.447 [281473175224544] INFO - Request: [192.168.147.1:47886 (Subnet)] PUT /:/prefs?customConnections=http%3A%2F%2F192.168.1.129%3A32400 (6 live) #925 GZIP Signed-in Token (oscaarp)
Mar 24, 2026 21:37:50.458 [281473175224544] DEBUG - [Req#925] MyPlex: Updating device connections (from timer: 0)
Mar 24, 2026 21:37:50.458 [281473175224544] DEBUG - [Req#925/HCl#34] HTTP requesting PUT https://plex.tv/devices/0b7ef4be55a6ce2cbd71deb676303551923b4830?Connection[][uri]=http://192.168.1.129:32400&Connection[][uri]=http://192.168.147.7:32400&httpsEnabled=1&httpsRequired=0&dnsRebindingProtection=0&natLoopbackSupported=0&X-Plex-Token=xxxxxxxxxxxxxxxxxxxx
Mar 24, 2026 21:37:50.972 [281473193701600] DEBUG - [HttpClient/HCl#34] HTTP/1.1 (0.5s) 200 response from PUT https://plex.tv/devices/0b7ef4be55a6ce2cbd71deb676303551923b4830?Connection[][uri]=http://192.168.1.129:32400&Connection[][uri]=http://192.168.147.7:32400&httpsEnabled=1&httpsRequired=0&dnsRebindingProtection=0&natLoopbackSupported=0&X-Plex-Token=xxxxxxxxxxxxxxxxxxxx
Mar 24, 2026 21:37:50.976 [281473221845216] INFO - Completed: [192.168.147.1:47886] 200 PUT /:/prefs?customConnections=http%3A%2F%2F192.168.1.129%3A32400 (6 live) #925 GZIP 528ms 323 bytes (pipelined: 4)
Mar 24, 2026 21:37:50.986 [281473183813856] DEBUG - Request: [192.168.147.1:26514 (Subnet)] GET /:/prefs (6 live) #926 GZIP Signed-in Token (oscaarp)
Mar 24, 2026 21:37:50.992 [281473219735776] DEBUG - Completed: [192.168.147.1:26514] 200 GET /:/prefs (6 live) #926 GZIP 6ms 8735 bytes (pipelined: 6)
Mar 24, 2026 21:37:51.409 [281473175224544] DEBUG - Request: [192.168.147.1:41456 (Subnet)] GET /:/timeline?ratingKey=1&key=%2Flibrary%2Fmetadata%2F1&playbackTime=0&playQueueItemID=1&state=paused&hasMDE=1&time=15000&duration=6739000 (6 live) #952 GZIP Signed-in Token (oscaarp)
Mar 24, 2026 21:37:51.412 [281473175224544] DEBUG - [Req#952] Client [vkjphyua8spggnvg82dvmqg3] reporting timeline state paused, progress of 15000/6739000ms for guid=, playbackTime=0ms ratingKey=1 url=, key=/library/metadata/1, containerKey=, metadataId=1, source=
Mar 24, 2026 21:37:51.413 [281473175224544] DEBUG - [Req#952] [Now] User is oscaarp (ID: 1)
Mar 24, 2026 21:37:51.413 [281473175224544] DEBUG - [Req#952] [Now] Device is Safari (Safari).
Mar 24, 2026 21:37:51.413 [281473175224544] DEBUG - [Req#952] [Now] Profile is Web
Mar 24, 2026 21:37:51.413 [281473175224544] DEBUG - [Req#952] [Now] Updated play state for /library/metadata/1.
Mar 24, 2026 21:37:51.413 [281473175224544] DEBUG - [Req#952] Statistics: (qjt50inxtzsqjpbem7hjo0tw) Reporting active playback in state 1 of type 1 (scrobble: 0) for account 1
Mar 24, 2026 21:37:51.415 [281473221845216] DEBUG - Completed: [192.168.147.1:41456] 200 GET /:/timeline?ratingKey=1&key=%2Flibrary%2Fmetadata%2F1&playbackTime=0&playQueueItemID=1&state=paused&hasMDE=1&time=15000&duration=6739000 (6 live) #952 GZIP 5ms 882 bytes (pipelined: 5)
Mar 24, 2026 21:37:57.877 [281473183813856] DEBUG - Request: [192.168.147.1:37922 (Subnet)] GET /media/providers (7 live) #90f TLS GZIP Signed-in Token (oscaarp)
Mar 24, 2026 21:37:57.915 [281473221845216] DEBUG - Completed: [192.168.147.1:37922] 200 GET /media/providers (7 live) #90f TLS GZIP 38ms 4455 bytes (pipelined: 1)
Mar 24, 2026 21:38:01.201 [281473175224544] DEBUG - Request: [192.168.147.1:37922 (Subnet)] GET /hubs/sections/1?count=20&includeLibraryPlaylists=1&includeStations=1&excludeElements=Actor%2CCollection%2CCountry%2CDirector%2CGenre%2CLabel%2CLocation%2CMood%2CPart%2CProducer%2CSimilar%2CPhoto%2CRole%2CVast%2CTopic%2CWriter&excludeFields=file%2Ctagline%2Csummary (7 live) #973 TLS GZIP Signed-in Token (oscaarp)
Mar 24, 2026 21:38:01.205 [281473175224544] DEBUG - [Req#973] HubCache: Adding '1/movie.inprogress.1/1/hubs/sections/1/enexternal-media,indirect-media/count=20&excludeElements=Actor%2CCollection%2CCountry%2CDirector%2CGenre%2CLabel%2CLocation%2CMood%2CPart%2CProducer%2CSimilar%2CPhoto%2CRole%2CVast%2CTopic%2CWriter&excludeFields=file%2Ctagline%2Csummary&includeLibraryPlaylists=1&includeStations=1' to the cache (1/movie.inprogress.1/1/hubs/sections/1/enexternal-media,indirect-media/count=20&excludeElements=Actor%2CCollection%2CCountry%2CDirector%2CGenre%2CLabel%2CLocation%2CMood%2CPart%2CProducer%2CSimilar%2CPhoto%2CRole%2CVast%2CTopic%2CWriter&excludeFields=file%2Ctagline%2Csummary&includeLibraryPlaylists=1&includeStations=1).
Mar 24, 2026 21:38:01.207 [281473175224544] DEBUG - [Req#973] HubCache: Computed '1/movie.inprogress.1/1/hubs/sections/1/enexternal-media,indirect-media/count=20&excludeElements=Actor%2CCollection%2CCountry%2CDirector%2CGenre%2CLabel%2CLocation%2CMood%2CPart%2CProducer%2CSimilar%2CPhoto%2CRole%2CVast%2CTopic%2CWriter&excludeFields=file%2Ctagline%2Csummary&includeLibraryPlaylists=1&includeStations=1' in 2 ms.
Mar 24, 2026 21:38:01.207 [281473175224544] DEBUG - [Req#973] HubCache: 1 hubs cached, 0.0% hit ratio.
Mar 24, 2026 21:38:01.207 [281473175224544] DEBUG - [Req#973] HubCache: Adding '1/movie.recentlyreleased.1/1/hubs/sections/1/enexternal-media,indirect-media/count=20&excludeElements=Actor%2CCollection%2CCountry%2CDirector%2CGenre%2CLabel%2CLocation%2CMood%2CPart%2CProducer%2CSimilar%2CPhoto%2CRole%2CVast%2CTopic%2CWriter&excludeFields=file%2Ctagline%2Csummary&includeLibraryPlaylists=1&includeStations=1' to the cache (1/movie.recentlyreleased.1/1/hubs/sections/1/enexternal-media,indirect-media/count=20&excludeElements=Actor%2CCollection%2CCountry%2CDirector%2CGenre%2CLabel%2CLocation%2CMood%2CPart%2CProducer%2CSimilar%2CPhoto%2CRole%2CVast%2CTopic%2CWriter&excludeFields=file%2Ctagline%2Csummary&includeLibraryPlaylists=1&includeStations=1).
Mar 24, 2026 21:38:01.210 [281473175224544] DEBUG - [Req#973] HubCache: Computed '1/movie.recentlyreleased.1/1/hubs/sections/1/enexternal-media,indirect-media/count=20&excludeElements=Actor%2CCollection%2CCountry%2CDirector%2CGenre%2CLabel%2CLocation%2CMood%2CPart%2CProducer%2CSimilar%2CPhoto%2CRole%2CVast%2CTopic%2CWriter&excludeFields=file%2Ctagline%2Csummary&includeLibraryPlaylists=1&includeStations=1' in 3 ms.
Mar 24, 2026 21:38:01.210 [281473175224544] DEBUG - [Req#973] HubCache: Adding '1/movie.recentlyadded.1/1/hubs/sections/1/enexternal-media,indirect-media/count=20&excludeElements=Actor%2CCollection%2CCountry%2CDirector%2CGenre%2CLabel%2CLocation%2CMood%2CPart%2CProducer%2CSimilar%2CPhoto%2CRole%2CVast%2CTopic%2CWriter&excludeFields=file%2Ctagline%2Csummary&includeLibraryPlaylists=1&includeStations=1' to the cache (1/movie.recentlyadded.1/1/hubs/sections/1/enexternal-media,indirect-media/count=20&excludeElements=Actor%2CCollection%2CCountry%2CDirector%2CGenre%2CLabel%2CLocation%2CMood%2CPart%2CProducer%2CSimilar%2CPhoto%2CRole%2CVast%2CTopic%2CWriter&excludeFields=file%2Ctagline%2Csummary&includeLibraryPlaylists=1&includeStations=1).
Mar 24, 2026 21:38:01.212 [281473175224544] DEBUG - [Req#973] HubCache: Computed '1/movie.recentlyadded.1/1/hubs/sections/1/enexternal-media,indirect-media/count=20&excludeElements=Actor%2CCollection%2CCountry%2CDirector%2CGenre%2CLabel%2CLocation%2CMood%2CPart%2CProducer%2CSimilar%2CPhoto%2CRole%2CVast%2CTopic%2CWriter&excludeFields=file%2Ctagline%2Csummary&includeLibraryPlaylists=1&includeStations=1' in 1 ms.
Mar 24, 2026 21:38:01.212 [281473175224544] DEBUG - [Req#973] HubCache: Adding '1/recent.library.playlists.1/1/hubs/sections/1/enexternal-media,indirect-media/count=20&excludeElements=Actor%2CCollection%2CCountry%2CDirector%2CGenre%2CLabel%2CLocation%2CMood%2CPart%2CProducer%2CSimilar%2CPhoto%2CRole%2CVast%2CTopic%2CWriter&excludeFields=file%2Ctagline%2Csummary&includeLibraryPlaylists=1&includeStations=1' to the cache (1/recent.library.playlists.1/1/hubs/sections/1/enexternal-media,indirect-media/count=20&excludeElements=Actor%2CCollection%2CCountry%2CDirector%2CGenre%2CLabel%2CLocation%2CMood%2CPart%2CProducer%2CSimilar%2CPhoto%2CRole%2CVast%2CTopic%2CWriter&excludeFields=file%2Ctagline%2Csummary&includeLibraryPlaylists=1&includeStations=1).
Mar 24, 2026 21:38:01.213 [281473175224544] DEBUG - [Req#973] HubCache: Computed '1/recent.library.playlists.1/1/hubs/sections/1/enexternal-media,indirect-media/count=20&excludeElements=Actor%2CCollection%2CCountry%2CDirector%2CGenre%2CLabel%2CLocation%2CMood%2CPart%2CProducer%2CSimilar%2CPhoto%2CRole%2CVast%2CTopic%2CWriter&excludeFields=file%2Ctagline%2Csummary&includeLibraryPlaylists=1&includeStations=1' in 0 ms.
Mar 24, 2026 21:38:01.213 [281473175224544] DEBUG - [Req#973] HubCache: Adding '1/movie.genre.1/1/hubs/sections/1/enexternal-media,indirect-media/count=20&excludeElements=Actor%2CCollection%2CCountry%2CDirector%2CGenre%2CLabel%2CLocation%2CMood%2CPart%2CProducer%2CSimilar%2CPhoto%2CRole%2CVast%2CTopic%2CWriter&excludeFields=file%2Ctagline%2Csummary&includeLibraryPlaylists=1&includeStations=1' to the cache (1/movie.genre.1/1/hubs/sections/1/enexternal-media,indirect-media/count=20&excludeElements=Actor%2CCollection%2CCountry%2CDirector%2CGenre%2CLabel%2CLocation%2CMood%2CPart%2CProducer%2CSimilar%2CPhoto%2CRole%2CVast%2CTopic%2CWriter&excludeFields=file%2Ctagline%2Csummary&includeLibraryPlaylists=1&includeStations=1).
Mar 24, 2026 21:38:01.216 [281473175224544] DEBUG - [Req#973] HubCache: Computed '1/movie.genre.1/1/hubs/sections/1/enexternal-media,indirect-media/count=20&excludeElements=Actor%2CCollection%2CCountry%2CDirector%2CGenre%2CLabel%2CLocation%2CMood%2CPart%2CProducer%2CSimilar%2CPhoto%2CRole%2CVast%2CTopic%2CWriter&excludeFields=file%2Ctagline%2Csummary&includeLibraryPlaylists=1&includeStations=1' in 2 ms.
Mar 24, 2026 21:38:01.216 [281473175224544] DEBUG - [Req#973] HubCache: Adding '1/movie.by.actor.or.director.1/1/hubs/sections/1/enexternal-media,indirect-media/count=20&excludeElements=Actor%2CCollection%2CCountry%2CDirector%2CGenre%2CLabel%2CLocation%2CMood%2CPart%2CProducer%2CSimilar%2CPhoto%2CRole%2CVast%2CTopic%2CWriter&excludeFields=file%2Ctagline%2Csummary&includeLibraryPlaylists=1&includeStations=1' to the cache (1/movie.by.actor.or.director.1/1/hubs/sections/1/enexternal-media,indirect-media/count=20&excludeElements=Actor%2CCollection%2CCountry%2CDirector%2CGenre%2CLabel%2CLocation%2CMood%2CPart%2CProducer%2CSimilar%2CPhoto%2CRole%2CVast%2CTopic%2CWriter&excludeFields=file%2Ctagline%2Csummary&includeLibraryPlaylists=1&includeStations=1).
Mar 24, 2026 21:38:01.217 [281473175224544] DEBUG - [Req#973] HubCache: Computed '1/movie.by.actor.or.director.1/1/hubs/sections/1/enexternal-media,indirect-media/count=20&excludeElements=Actor%2CCollection%2CCountry%2CDirector%2CGenre%2CLabel%2CLocation%2CMood%2CPart%2CProducer%2CSimilar%2CPhoto%2CRole%2CVast%2CTopic%2CWriter&excludeFields=file%2Ctagline%2Csummary&includeLibraryPlaylists=1&includeStations=1' in 1 ms.
Mar 24, 2026 21:38:01.217 [281473175224544] DEBUG - [Req#973] HubCache: Adding '1/movie.topunwatched.1/1/hubs/sections/1/enexternal-media,indirect-media/count=20&excludeElements=Actor%2CCollection%2CCountry%2CDirector%2CGenre%2CLabel%2CLocation%2CMood%2CPart%2CProducer%2CSimilar%2CPhoto%2CRole%2CVast%2CTopic%2CWriter&excludeFields=file%2Ctagline%2Csummary&includeLibraryPlaylists=1&includeStations=1' to the cache (1/movie.topunwatched.1/1/hubs/sections/1/enexternal-media,indirect-media/count=20&excludeElements=Actor%2CCollection%2CCountry%2CDirector%2CGenre%2CLabel%2CLocation%2CMood%2CPart%2CProducer%2CSimilar%2CPhoto%2CRole%2CVast%2CTopic%2CWriter&excludeFields=file%2Ctagline%2Csummary&includeLibraryPlaylists=1&includeStations=1).
Mar 24, 2026 21:38:01.218 [281473175224544] DEBUG - [Req#973] HubCache: Computed '1/movie.topunwatched.1/1/hubs/sections/1/enexternal-media,indirect-media/count=20&excludeElements=Actor%2CCollection%2CCountry%2CDirector%2CGenre%2CLabel%2CLocation%2CMood%2CPart%2CProducer%2CSimilar%2CPhoto%2CRole%2CVast%2CTopic%2CWriter&excludeFields=file%2Ctagline%2Csummary&includeLibraryPlaylists=1&includeStations=1' in 1 ms.
Mar 24, 2026 21:38:01.219 [281473175224544] DEBUG - [Req#973] HubCache: Adding '1/movie.curated.1/1/hubs/sections/1/enexternal-media,indirect-media/count=20&excludeElements=Actor%2CCollection%2CCountry%2CDirector%2CGenre%2CLabel%2CLocation%2CMood%2CPart%2CProducer%2CSimilar%2CPhoto%2CRole%2CVast%2CTopic%2CWriter&excludeFields=file%2Ctagline%2Csummary&includeLibraryPlaylists=1&includeStations=1' to the cache (1/movie.curated.1/1/hubs/sections/1/enexternal-media,indirect-media/count=20&excludeElements=Actor%2CCollection%2CCountry%2CDirector%2CGenre%2CLabel%2CLocation%2CMood%2CPart%2CProducer%2CSimilar%2CPhoto%2CRole%2CVast%2CTopic%2CWriter&excludeFields=file%2Ctagline%2Csummary&includeLibraryPlaylists=1&includeStations=1).
Mar 24, 2026 21:38:01.219 [281473175224544] DEBUG - [Req#973] HubCache: Adding '1/movie.recentlyviewed.1/1/hubs/sections/1/enexternal-media,indirect-media/count=20&excludeElements=Actor%2CCollection%2CCountry%2CDirector%2CGenre%2CLabel%2CLocation%2CMood%2CPart%2CProducer%2CSimilar%2CPhoto%2CRole%2CVast%2CTopic%2CWriter&excludeFields=file%2Ctagline%2Csummary&includeLibraryPlaylists=1&includeStations=1' to the cache (1/movie.recentlyviewed.1/1/hubs/sections/1/enexternal-media,indirect-media/count=20&excludeElements=Actor%2CCollection%2CCountry%2CDirector%2CGenre%2CLabel%2CLocation%2CMood%2CPart%2CProducer%2CSimilar%2CPhoto%2CRole%2CVast%2CTopic%2CWriter&excludeFields=file%2Ctagline%2Csummary&includeLibraryPlaylists=1&includeStations=1).
Mar 24, 2026 21:38:01.220 [281473175224544] DEBUG - [Req#973] HubCache: Computed '1/movie.recentlyviewed.1/1/hubs/sections/1/enexternal-media,indirect-media/count=20&excludeElements=Actor%2CCollection%2CCountry%2CDirector%2CGenre%2CLabel%2CLocation%2CMood%2CPart%2CProducer%2CSimilar%2CPhoto%2CRole%2CVast%2CTopic%2CWriter&excludeFields=file%2Ctagline%2Csummary&includeLibraryPlaylists=1&includeStations=1' in 1 ms.
Mar 24, 2026 21:38:01.222 [281473219735776] DEBUG - Completed: [192.168.147.1:37922] 200 GET /hubs/sections/1?count=20&includeLibraryPlaylists=1&includeStations=1&excludeElements=Actor%2CCollection%2CCountry%2CDirector%2CGenre%2CLabel%2CLocation%2CMood%2CPart%2CProducer%2CSimilar%2CPhoto%2CRole%2CVast%2CTopic%2CWriter&excludeFields=file%2Ctagline%2Csummary (7 live) #973 TLS GZIP 21ms 1322 bytes (pipelined: 2)
Mar 24, 2026 21:38:01.287 [281473185923296] DEBUG - Request: [192.168.147.1:37922 (Subnet)] GET /photo/:/transcode?width=360&height=360&minSize=1&url=%2Flibrary%2Fmetadata%2F1%2Fthumb%2F1774383036&format=jpeg (7 live) #98c TLS GZIP Signed-in Token (oscaarp)
Mar 24, 2026 21:38:01.288 [281473185923296] DEBUG - [Req#98c/PhotoTranscoder] Request for url [/library/metadata/1/thumb/1774383036] (is local: 1 upscaled: 0)
Mar 24, 2026 21:38:01.296 [281473185923296] DEBUG - [Req#98c/PhotoTranscoder/Req#98d] Calculated media file path for path [metadata://posters/tv.plex.agents.movie_a2b7b154089a1702731f4048c056e9ce9c879ef4]: ["/config/Library/Application Support/Plex Media Server/Metadata/Movies/d/98625e8e4cc3894f298e3aeee150517f8815506.bundle/Contents/_combined/posters/tv.plex.agents.movie_a2b7b154089a1702731f4048c056e9ce9c879ef4"]
Mar 24, 2026 21:38:01.296 [281473185923296] DEBUG - [Req#98c/PhotoTranscoder] Calling back into ourselves for photo to transcode, optimizing the process (status: -1)
Mar 24, 2026 21:38:01.298 [281473185923296] DEBUG - [Req#98c/PhotoTranscoder] Photo cache obtained 97124 bytes from /library/metadata/1/thumb/1774383036
Mar 24, 2026 21:38:01.333 [281473185923296] DEBUG - [Req#98c/PhotoTranscoder] Created thumbnail of size 360x540, has pixels: 1
Mar 24, 2026 21:38:01.345 [281473219735776] DEBUG - Completed: [192.168.147.1:37922] 200 GET /photo/:/transcode?width=360&height=360&minSize=1&url=%2Flibrary%2Fmetadata%2F1%2Fthumb%2F1774383036&format=jpeg (7 live) #98c TLS GZIP 57ms 26970 bytes (pipelined: 3)
Mar 24, 2026 21:38:01.411 [281473183813856] DEBUG - Request: [192.168.147.1:47886 (Subnet)] GET /:/timeline?ratingKey=1&key=%2Flibrary%2Fmetadata%2F1&playbackTime=0&playQueueItemID=1&state=paused&hasMDE=1&time=15000&duration=6739000 (7 live) #95c GZIP Signed-in Token (oscaarp)
Mar 24, 2026 21:38:01.412 [281473183813856] DEBUG - [Req#95c] Client [vkjphyua8spggnvg82dvmqg3] reporting timeline state paused, progress of 15000/6739000ms for guid=, playbackTime=0ms ratingKey=1 url=, key=/library/metadata/1, containerKey=, metadataId=1, source=
Mar 24, 2026 21:38:01.412 [281473183813856] DEBUG - [Req#95c] [Now] User is oscaarp (ID: 1)
Mar 24, 2026 21:38:01.412 [281473183813856] DEBUG - [Req#95c] [Now] Device is Safari (Safari).
Mar 24, 2026 21:38:01.412 [281473183813856] DEBUG - [Req#95c] [Now] Profile is Web
Mar 24, 2026 21:38:01.412 [281473183813856] DEBUG - [Req#95c] [Now] Updated play state for /library/metadata/1.
Mar 24, 2026 21:38:01.412 [281473183813856] DEBUG - [Req#95c] Statistics: (qjt50inxtzsqjpbem7hjo0tw) Reporting active playback in state 1 of type 1 (scrobble: 0) for account 1
Mar 24, 2026 21:38:01.413 [281473219735776] DEBUG - Completed: [192.168.147.1:47886] 200 GET /:/timeline?ratingKey=1&key=%2Flibrary%2Fmetadata%2F1&playbackTime=0&playQueueItemID=1&state=paused&hasMDE=1&time=15000&duration=6739000 (7 live) #95c GZIP 2ms 882 bytes (pipelined: 5)
Mar 24, 2026 21:38:01.413 [281473175224544] DEBUG - Request: [192.168.147.1:26514 (Subnet)] GET /video/:/transcode/universal/ping?session=qohz2715ytpq69580gp2zoou (7 live) #95d GZIP Signed-in Token (oscaarp)
Mar 24, 2026 21:38:01.413 [281473175224544] DEBUG - [Req#95d/Transcode] [Now] Freshening session based on ping for vkjphyua8spggnvg82dvmqg3_Video
Mar 24, 2026 21:38:01.413 [281473175224544] DEBUG - [Req#95d/Transcode] Received transcode session ping for session qohz2715ytpq69580gp2zoou.
Mar 24, 2026 21:38:01.413 [281473221845216] DEBUG - Completed: [192.168.147.1:26514] 200 GET /video/:/transcode/universal/ping?session=qohz2715ytpq69580gp2zoou (7 live) #95d GZIP 0ms 323 bytes (pipelined: 7)
Mar 24, 2026 21:38:02.965 [281473175224544] DEBUG - Request: [192.168.147.1:37922 (Subnet)] GET /library/metadata/1?includeExtras=1&includeOnDeck=1&includeRelated=1&includeRelatedCount=20&includeReviews=1&includeExternalMetadata=1&checkFiles=1&includeStations=0&includePopularLeaves=0 (7 live) #98f TLS GZIP Signed-in Token (oscaarp)
Mar 24, 2026 21:38:02.978 [281473175224544] DEBUG - We're going to try to auto-select an audio stream for account 1.
Mar 24, 2026 21:38:02.978 [281473175224544] DEBUG - Selecting best audio stream for part ID 1 (language: )
Mar 24, 2026 21:38:02.978 [281473175224544] DEBUG - We're going to try to auto-select a subtitle for account 1.
Mar 24, 2026 21:38:02.978 [281473175224544] DEBUG - Audio Stream: 2, Subtitle Stream: -1
Mar 24, 2026 21:38:02.989 [281473185923296] DEBUG - Request: [192.168.147.1:30070 (Subnet)] GET /photo/:/transcode?width=1280&height=1280&minSize=0&url=%2Flibrary%2Fmetadata%2F1%2FsquareArt%2F1774383036&format=jpeg (8 live) #970 TLS GZIP Signed-in Token (oscaarp)
Mar 24, 2026 21:38:02.990 [281473185923296] DEBUG - [Req#970/PhotoTranscoder] Request for url [/library/metadata/1/squareArt/1774383036] (is local: 1 upscaled: 0)
Mar 24, 2026 21:38:02.997 [281473221845216] DEBUG - Completed: [192.168.147.1:37922] 200 GET /library/metadata/1?includeExtras=1&includeOnDeck=1&includeRelated=1&includeRelatedCount=20&includeReviews=1&includeExternalMetadata=1&checkFiles=1&includeStations=0&includePopularLeaves=0 (8 live) #98f TLS GZIP 32ms 4574 bytes (pipelined: 4)
Mar 24, 2026 21:38:02.997 [281473185923296] DEBUG - [Req#970/PhotoTranscoder/Req#998] Calculated media file path for path [metadata://squareArt/tv.plex.agents.movie_821d56067596039a053f8bd5a709df3ac8d52311]: ["/config/Library/Application Support/Plex Media Server/Metadata/Movies/d/98625e8e4cc3894f298e3aeee150517f8815506.bundle/Contents/_combined/squareArt/tv.plex.agents.movie_821d56067596039a053f8bd5a709df3ac8d52311"]
Mar 24, 2026 21:38:02.998 [281473185923296] DEBUG - [Req#970/PhotoTranscoder] Calling back into ourselves for photo to transcode, optimizing the process (status: -1)
Mar 24, 2026 21:38:02.999 [281473185923296] DEBUG - [Req#970/PhotoTranscoder] Photo cache obtained 322376 bytes from /library/metadata/1/squareArt/1774383036
Mar 24, 2026 21:38:03.034 [281473183813856] DEBUG - Request: [192.168.147.1:37922 (Subnet)] GET /library/sections/1/prefs (8 live) #99f TLS GZIP Signed-in Token (oscaarp)
Mar 24, 2026 21:38:03.050 [281473221845216] DEBUG - Completed: [192.168.147.1:37922] 200 GET /library/sections/1/prefs (8 live) #99f TLS GZIP 16ms 3797 bytes (pipelined: 5)
Mar 24, 2026 21:38:03.053 [281473185923296] DEBUG - [Req#970/PhotoTranscoder] Created thumbnail of size 1280x1280, has pixels: 1
Mar 24, 2026 21:38:03.089 [281473219735776] DEBUG - Completed: [192.168.147.1:30070] 200 GET /photo/:/transcode?width=1280&height=1280&minSize=0&url=%2Flibrary%2Fmetadata%2F1%2FsquareArt%2F1774383036&format=jpeg (8 live) #970 TLS GZIP 99ms 99153 bytes (pipelined: 1)
Mar 24, 2026 21:38:09.219 [281473183813856] DEBUG - [Req#997/Transcode/qohz2715ytpq69580gp2zoou/4207d6d6-1987-4867-b3bd-2d852c95a852] Transcoder segment range: 0 - 49 (49)
Mar 24, 2026 21:38:11.412 [281473185923296] DEBUG - Request: [192.168.147.1:47886 (Subnet)] GET /:/timeline?ratingKey=1&key=%2Flibrary%2Fmetadata%2F1&playbackTime=0&playQueueItemID=1&state=paused&hasMDE=1&time=15000&duration=6739000 (8 live) #992 GZIP Signed-in Token (oscaarp)
Mar 24, 2026 21:38:11.413 [281473185923296] DEBUG - [Req#992] Client [vkjphyua8spggnvg82dvmqg3] reporting timeline state paused, progress of 15000/6739000ms for guid=, playbackTime=0ms ratingKey=1 url=, key=/library/metadata/1, containerKey=, metadataId=1, source=
Mar 24, 2026 21:38:11.414 [281473185923296] DEBUG - [Req#992] [Now] User is oscaarp (ID: 1)
Mar 24, 2026 21:38:11.414 [281473185923296] DEBUG - [Req#992] [Now] Device is Safari (Safari).
Mar 24, 2026 21:38:11.414 [281473185923296] DEBUG - [Req#992] [Now] Profile is Web
Mar 24, 2026 21:38:11.414 [281473185923296] DEBUG - [Req#992] [Now] Updated play state for /library/metadata/1.
Mar 24, 2026 21:38:11.414 [281473185923296] DEBUG - [Req#992] Statistics: (qjt50inxtzsqjpbem7hjo0tw) Reporting active playback in state 1 of type 1 (scrobble: 0) for account 1
Mar 24, 2026 21:38:11.416 [281473219735776] DEBUG - Completed: [192.168.147.1:47886] 200 GET /:/timeline?ratingKey=1&key=%2Flibrary%2Fmetadata%2F1&playbackTime=0&playQueueItemID=1&state=paused&hasMDE=1&time=15000&duration=6739000 (8 live) #992 GZIP 3ms 881 bytes (pipelined: 6)
Mar 24, 2026 21:38:17.099 [281473183813856] DEBUG - Request: [192.168.147.1:37922 (Subnet)] GET /library/search?query=Los+domingos&searchTypes=availabilityPlatforms%2Ccategories%2Clivetv%2Cmovies%2CotherVideos%2Cpeople%2Ctvod%2Ctv&limit=100 (7 live) #9a1 TLS GZIP Signed-in Token (oscaarp)
Mar 24, 2026 21:38:17.117 [281473219735776] DEBUG - Completed: [192.168.147.1:37922] 200 GET /library/search?query=Los+domingos&searchTypes=availabilityPlatforms%2Ccategories%2Clivetv%2Cmovies%2CotherVideos%2Cpeople%2Ctvod%2Ctv&limit=100 (7 live) #9a1 TLS GZIP 18ms 1406 bytes (pipelined: 6)
Mar 24, 2026 21:38:18.704 [281473183813856] DEBUG - Request: [192.168.147.1:37922 (Subnet)] GET /library/metadata/1?includeExtras=1&includeOnDeck=1&includeRelated=1&includeRelatedCount=20&includeReviews=1&includeExternalMetadata=1&checkFiles=1&includeStations=0&includePopularLeaves=0 (7 live) #9cd TLS GZIP Signed-in Token (oscaarp)
Mar 24, 2026 21:38:18.704 [281473175224544] DEBUG - Request: [192.168.147.1:30070 (Subnet)] GET /library/sections/1/prefs (7 live) #9a3 TLS GZIP Signed-in Token (oscaarp)
Mar 24, 2026 21:38:18.710 [281473183813856] DEBUG - We're going to try to auto-select an audio stream for account 1.
Mar 24, 2026 21:38:18.710 [281473183813856] DEBUG - Selecting best audio stream for part ID 1 (language: )
Mar 24, 2026 21:38:18.710 [281473183813856] DEBUG - We're going to try to auto-select a subtitle for account 1.
Mar 24, 2026 21:38:18.710 [281473183813856] DEBUG - Audio Stream: 2, Subtitle Stream: -1
Mar 24, 2026 21:38:18.715 [281473219735776] DEBUG - Completed: [192.168.147.1:30070] 200 GET /library/sections/1/prefs (7 live) #9a3 TLS GZIP 10ms 3797 bytes (pipelined: 2)
Mar 24, 2026 21:38:18.725 [281473219735776] DEBUG - Completed: [192.168.147.1:37922] 200 GET /library/metadata/1?includeExtras=1&includeOnDeck=1&includeRelated=1&includeRelatedCount=20&includeReviews=1&includeExternalMetadata=1&checkFiles=1&includeStations=0&includePopularLeaves=0 (7 live) #9cd TLS GZIP 21ms 4574 bytes (pipelined: 7)
Mar 24, 2026 21:38:21.413 [281473185923296] DEBUG - Request: [192.168.147.1:47886 (Subnet)] GET /:/timeline?ratingKey=1&key=%2Flibrary%2Fmetadata%2F1&playbackTime=0&playQueueItemID=1&state=paused&hasMDE=1&time=15000&duration=6739000 (7 live) #9bc GZIP Signed-in Token (oscaarp)
Mar 24, 2026 21:38:21.415 [281473185923296] DEBUG - [Req#9bc] Client [vkjphyua8spggnvg82dvmqg3] reporting timeline state paused, progress of 15000/6739000ms for guid=, playbackTime=0ms ratingKey=1 url=, key=/library/metadata/1, containerKey=, metadataId=1, source=
Mar 24, 2026 21:38:21.415 [281473185923296] DEBUG - [Req#9bc] [Now] User is oscaarp (ID: 1)
Mar 24, 2026 21:38:21.415 [281473185923296] DEBUG - [Req#9bc] [Now] Device is Safari (Safari).
Mar 24, 2026 21:38:21.415 [281473185923296] DEBUG - [Req#9bc] [Now] Profile is Web
Mar 24, 2026 21:38:21.415 [281473185923296] DEBUG - [Req#9bc] [Now] Updated play state for /library/metadata/1.
Mar 24, 2026 21:38:21.416 [281473185923296] DEBUG - [Req#9bc] Statistics: (qjt50inxtzsqjpbem7hjo0tw) Reporting active playback in state 1 of type 1 (scrobble: 0) for account 1
Mar 24, 2026 21:38:21.417 [281473221845216] DEBUG - Completed: [192.168.147.1:47886] 200 GET /:/timeline?ratingKey=1&key=%2Flibrary%2Fmetadata%2F1&playbackTime=0&playQueueItemID=1&state=paused&hasMDE=1&time=15000&duration=6739000 (7 live) #9bc GZIP 3ms 881 bytes (pipelined: 7)
Mar 24, 2026 21:38:22.690 [281473175224544] DEBUG - Request: [192.168.147.1:37922 (Subnet)] GET /media/providers (7 live) #9d8 TLS GZIP Signed-in Token (oscaarp)
Mar 24, 2026 21:38:22.693 [281473219735776] DEBUG - Completed: [192.168.147.1:37922] 200 GET /media/providers (7 live) #9d8 TLS GZIP 3ms 4455 bytes (pipelined: 8)
Mar 24, 2026 21:38:31.418 [281473183813856] DEBUG - Request: [192.168.147.1:47886 (Subnet)] GET /:/timeline?ratingKey=1&key=%2Flibrary%2Fmetadata%2F1&playbackTime=0&playQueueItemID=1&state=paused&hasMDE=1&time=15000&duration=6739000 (6 live) #9e2 GZIP Signed-in Token (oscaarp)
Mar 24, 2026 21:38:31.419 [281473183813856] DEBUG - [Req#9e2] Client [vkjphyua8spggnvg82dvmqg3] reporting timeline state paused, progress of 15000/6739000ms for guid=, playbackTime=0ms ratingKey=1 url=, key=/library/metadata/1, containerKey=, metadataId=1, source=
Mar 24, 2026 21:38:31.419 [281473183813856] DEBUG - [Req#9e2] [Now] User is oscaarp (ID: 1)
Mar 24, 2026 21:38:31.420 [281473183813856] DEBUG - [Req#9e2] [Now] Device is Safari (Safari).
Mar 24, 2026 21:38:31.420 [281473183813856] DEBUG - [Req#9e2] [Now] Profile is Web
Mar 24, 2026 21:38:31.420 [281473183813856] DEBUG - [Req#9e2] [Now] Updated play state for /library/metadata/1.
Mar 24, 2026 21:38:31.420 [281473183813856] DEBUG - [Req#9e2] Statistics: (qjt50inxtzsqjpbem7hjo0tw) Reporting active playback in state 1 of type 1 (scrobble: 0) for account 1
Mar 24, 2026 21:38:31.424 [281473183813856] DEBUG - Request: [192.168.147.1:26990 (Subnet)] GET /video/:/transcode/universal/ping?session=qohz2715ytpq69580gp2zoou (7 live) #9b1 GZIP Signed-in Token (oscaarp)
Mar 24, 2026 21:38:31.425 [281473221845216] DEBUG - Completed: [192.168.147.1:47886] 200 GET /:/timeline?ratingKey=1&key=%2Flibrary%2Fmetadata%2F1&playbackTime=0&playQueueItemID=1&state=paused&hasMDE=1&time=15000&duration=6739000 (7 live) #9e2 GZIP 6ms 881 bytes (pipelined: 8)
Mar 24, 2026 21:38:31.425 [281473183813856] DEBUG - [Req#9b1/Transcode] [Now] Freshening session based on ping for vkjphyua8spggnvg82dvmqg3_Video
Mar 24, 2026 21:38:31.425 [281473183813856] DEBUG - [Req#9b1/Transcode] Received transcode session ping for session qohz2715ytpq69580gp2zoou.
Mar 24, 2026 21:38:31.425 [281473221845216] DEBUG - Completed: [192.168.147.1:26990] 200 GET /video/:/transcode/universal/ping?session=qohz2715ytpq69580gp2zoou (7 live) #9b1 GZIP 1ms 323 bytes (pipelined: 1)
Mar 24, 2026 21:38:38.428 [281473183813856] DEBUG - Request: [192.168.147.1:37922 (Subnet)] GET /library/search?query=Los+domingos&searchTypes=availabilityPlatforms%2Ccategories%2Clivetv%2Cmovies%2CotherVideos%2Cpeople%2Ctvod%2Ctv&limit=100 (7 live) #9e6 TLS GZIP Signed-in Token (oscaarp)
Mar 24, 2026 21:38:38.446 [281473219735776] DEBUG - Completed: [192.168.147.1:37922] 200 GET /library/search?query=Los+domingos&searchTypes=availabilityPlatforms%2Ccategories%2Clivetv%2Cmovies%2CotherVideos%2Cpeople%2Ctvod%2Ctv&limit=100 (7 live) #9e6 TLS GZIP 18ms 1406 bytes (pipelined: 9)
Mar 24, 2026 21:38:41.420 [281473185923296] DEBUG - Request: [192.168.147.1:47886 (Subnet)] GET /:/timeline?ratingKey=1&key=%2Flibrary%2Fmetadata%2F1&playbackTime=0&playQueueItemID=1&state=paused&hasMDE=1&time=15000&duration=6739000 (6 live) #a00 GZIP Signed-in Token (oscaarp)
Mar 24, 2026 21:38:41.421 [281473185923296] DEBUG - [Req#a00] Client [vkjphyua8spggnvg82dvmqg3] reporting timeline state paused, progress of 15000/6739000ms for guid=, playbackTime=0ms ratingKey=1 url=, key=/library/metadata/1, containerKey=, metadataId=1, source=
Mar 24, 2026 21:38:41.421 [281473185923296] DEBUG - [Req#a00] [Now] User is oscaarp (ID: 1)
Mar 24, 2026 21:38:41.422 [281473185923296] DEBUG - [Req#a00] [Now] Device is Safari (Safari).
Mar 24, 2026 21:38:41.422 [281473185923296] DEBUG - [Req#a00] [Now] Profile is Web
Mar 24, 2026 21:38:41.422 [281473185923296] DEBUG - [Req#a00] [Now] Updated play state for /library/metadata/1.
Mar 24, 2026 21:38:41.422 [281473185923296] DEBUG - [Req#a00] Statistics: (qjt50inxtzsqjpbem7hjo0tw) Reporting active playback in state 1 of type 1 (scrobble: 0) for account 1
Mar 24, 2026 21:38:41.423 [281473219735776] DEBUG - Completed: [192.168.147.1:47886] 200 GET /:/timeline?ratingKey=1&key=%2Flibrary%2Fmetadata%2F1&playbackTime=0&playQueueItemID=1&state=paused&hasMDE=1&time=15000&duration=6739000 (6 live) #a00 GZIP 3ms 881 bytes (pipelined: 9)
Mar 24, 2026 21:38:47.647 [281473185923296] DEBUG - Request: [192.168.147.1:37922 (Subnet)] GET /media/providers (6 live) #a14 TLS GZIP Signed-in Token (oscaarp)
Mar 24, 2026 21:38:47.651 [281473219735776] DEBUG - Completed: [192.168.147.1:37922] 200 GET /media/providers (6 live) #a14 TLS GZIP 3ms 4455 bytes (pipelined: 10)
Mar 24, 2026 21:38:51.432 [281473183813856] DEBUG - Request: [192.168.147.1:47886 (Subnet)] GET /:/timeline?ratingKey=1&key=%2Flibrary%2Fmetadata%2F1&playbackTime=0&playQueueItemID=1&state=paused&hasMDE=1&time=15000&duration=6739000 (5 live) #a1f GZIP Signed-in Token (oscaarp)
Mar 24, 2026 21:38:51.450 [281473183813856] DEBUG - [Req#a1f] Client [vkjphyua8spggnvg82dvmqg3] reporting timeline state paused, progress of 15000/6739000ms for guid=, playbackTime=0ms ratingKey=1 url=, key=/library/metadata/1, containerKey=, metadataId=1, source=
Mar 24, 2026 21:38:51.451 [281473183813856] DEBUG - [Req#a1f] [Now] User is oscaarp (ID: 1)
Mar 24, 2026 21:38:51.452 [281473183813856] DEBUG - [Req#a1f] [Now] Device is Safari (Safari).
Mar 24, 2026 21:38:51.452 [281473183813856] DEBUG - [Req#a1f] [Now] Profile is Web
Mar 24, 2026 21:38:51.452 [281473183813856] DEBUG - [Req#a1f] [Now] Updated play state for /library/metadata/1.
Mar 24, 2026 21:38:51.452 [281473183813856] DEBUG - [Req#a1f] Statistics: (qjt50inxtzsqjpbem7hjo0tw) Reporting active playback in state 1 of type 1 (scrobble: 0) for account 1
Mar 24, 2026 21:38:51.456 [281473221845216] DEBUG - Completed: [192.168.147.1:47886] 200 GET /:/timeline?ratingKey=1&key=%2Flibrary%2Fmetadata%2F1&playbackTime=0&playQueueItemID=1&state=paused&hasMDE=1&time=15000&duration=6739000 (5 live) #a1f GZIP 24ms 881 bytes (pipelined: 10)
Mar 24, 2026 21:38:55.637 [281473175224544] DEBUG - [Req#9ff/Transcode/qohz2715ytpq69580gp2zoou/4207d6d6-1987-4867-b3bd-2d852c95a852] Transcoder segment range: 0 - 50 (50)
Mar 24, 2026 21:39:01.428 [281473185923296] DEBUG - Request: [192.168.147.1:47886 (Subnet)] GET /:/timeline?ratingKey=1&key=%2Flibrary%2Fmetadata%2F1&playbackTime=0&playQueueItemID=1&state=paused&hasMDE=1&time=15000&duration=6739000 (5 live) #a3d GZIP Signed-in Token (oscaarp)
Mar 24, 2026 21:39:01.429 [281473185923296] DEBUG - [Req#a3d] Client [vkjphyua8spggnvg82dvmqg3] reporting timeline state paused, progress of 15000/6739000ms for guid=, playbackTime=0ms ratingKey=1 url=, key=/library/metadata/1, containerKey=, metadataId=1, source=
Mar 24, 2026 21:39:01.429 [281473185923296] DEBUG - [Req#a3d] [Now] User is oscaarp (ID: 1)
Mar 24, 2026 21:39:01.429 [281473185923296] DEBUG - [Req#a3d] [Now] Device is Safari (Safari).
Mar 24, 2026 21:39:01.429 [281473185923296] DEBUG - [Req#a3d] [Now] Profile is Web
Mar 24, 2026 21:39:01.429 [281473185923296] DEBUG - [Req#a3d] [Now] Updated play state for /library/metadata/1.
Mar 24, 2026 21:39:01.430 [281473185923296] DEBUG - [Req#a3d] Statistics: (qjt50inxtzsqjpbem7hjo0tw) Reporting active playback in state 1 of type 1 (scrobble: 0) for account 1
Mar 24, 2026 21:39:01.431 [281473221845216] DEBUG - Completed: [192.168.147.1:47886] 200 GET /:/timeline?ratingKey=1&key=%2Flibrary%2Fmetadata%2F1&playbackTime=0&playQueueItemID=1&state=paused&hasMDE=1&time=15000&duration=6739000 (5 live) #a3d GZIP 2ms 881 bytes (pipelined: 11)
Mar 24, 2026 21:39:01.432 [281473183813856] DEBUG - Request: [192.168.147.1:58752 (Subnet)] GET /video/:/transcode/universal/ping?session=qohz2715ytpq69580gp2zoou (6 live) #a46 GZIP Signed-in Token (oscaarp)
Mar 24, 2026 21:39:01.432 [281473183813856] DEBUG - [Req#a46/Transcode] [Now] Freshening session based on ping for vkjphyua8spggnvg82dvmqg3_Video
Mar 24, 2026 21:39:01.432 [281473183813856] DEBUG - [Req#a46/Transcode] Received transcode session ping for session qohz2715ytpq69580gp2zoou.
Mar 24, 2026 21:39:01.432 [281473221845216] DEBUG - Completed: [192.168.147.1:58752] 200 GET /video/:/transcode/universal/ping?session=qohz2715ytpq69580gp2zoou (6 live) #a46 GZIP 0ms 323 bytes (pipelined: 1)
Mar 24, 2026 21:39:11.429 [281473183813856] DEBUG - Request: [192.168.147.1:47886 (Subnet)] GET /:/timeline?ratingKey=1&key=%2Flibrary%2Fmetadata%2F1&playbackTime=0&playQueueItemID=1&state=paused&hasMDE=1&time=15000&duration=6739000 (5 live) #a57 GZIP Signed-in Token (oscaarp)
Mar 24, 2026 21:39:11.430 [281473183813856] DEBUG - [Req#a57] Client [vkjphyua8spggnvg82dvmqg3] reporting timeline state paused, progress of 15000/6739000ms for guid=, playbackTime=0ms ratingKey=1 url=, key=/library/metadata/1, containerKey=, metadataId=1, source=
Mar 24, 2026 21:39:11.430 [281473183813856] DEBUG - [Req#a57] [Now] User is oscaarp (ID: 1)
Mar 24, 2026 21:39:11.431 [281473183813856] DEBUG - [Req#a57] [Now] Device is Safari (Safari).
Mar 24, 2026 21:39:11.431 [281473183813856] DEBUG - [Req#a57] [Now] Profile is Web
Mar 24, 2026 21:39:11.431 [281473183813856] DEBUG - [Req#a57] [Now] Updated play state for /library/metadata/1.
Mar 24, 2026 21:39:11.431 [281473183813856] DEBUG - [Req#a57] Statistics: (qjt50inxtzsqjpbem7hjo0tw) Reporting active playback in state 1 of type 1 (scrobble: 0) for account 1
Mar 24, 2026 21:39:11.433 [281473221845216] DEBUG - Completed: [192.168.147.1:47886] 200 GET /:/timeline?ratingKey=1&key=%2Flibrary%2Fmetadata%2F1&playbackTime=0&playQueueItemID=1&state=paused&hasMDE=1&time=15000&duration=6739000 (5 live) #a57 GZIP 4ms 882 bytes (pipelined: 12)
Mar 24, 2026 21:39:12.749 [281473183813856] DEBUG - Request: [192.168.147.1:26684 (Subnet)] GET /media/providers (6 live) #a58 TLS GZIP Signed-in Token (oscaarp)
Mar 24, 2026 21:39:12.757 [281473221845216] DEBUG - Completed: [192.168.147.1:26684] 200 GET /media/providers (6 live) #a58 TLS GZIP 7ms 4455 bytes (pipelined: 1)
Mar 24, 2026 21:39:20.359 [281473185923296] DEBUG - Request: [192.168.147.1:26684 (Subnet)] GET /library/metadata/1?includeExtras=1&includeOnDeck=1&includeRelated=1&includeRelatedCount=20&includeReviews=1&includeExternalMetadata=1&checkFiles=1&includeStations=0&includePopularLeaves=0 (6 live) #a7c TLS GZIP Signed-in Token (oscaarp)
Mar 24, 2026 21:39:20.374 [281473185923296] DEBUG - We're going to try to auto-select an audio stream for account 1.
Mar 24, 2026 21:39:20.375 [281473185923296] DEBUG - Selecting best audio stream for part ID 1 (language: )
Mar 24, 2026 21:39:20.375 [281473185923296] DEBUG - We're going to try to auto-select a subtitle for account 1.
Mar 24, 2026 21:39:20.375 [281473185923296] DEBUG - Audio Stream: 2, Subtitle Stream: -1
Mar 24, 2026 21:39:20.386 [281473221845216] DEBUG - Completed: [192.168.147.1:26684] 200 GET /library/metadata/1?includeExtras=1&includeOnDeck=1&includeRelated=1&includeRelatedCount=20&includeReviews=1&includeExternalMetadata=1&checkFiles=1&includeStations=0&includePopularLeaves=0 (8 live) #a7c TLS GZIP 26ms 4574 bytes (pipelined: 2)
Mar 24, 2026 21:39:20.392 [281473175224544] DEBUG - Request: [192.168.147.1:21419 (Subnet)] GET /photo/:/transcode?width=1280&height=1280&minSize=0&url=%2Flibrary%2Fmetadata%2F1%2FsquareArt%2F1774383036&format=jpeg (8 live) #a8d TLS GZIP Signed-in Token (oscaarp)
Mar 24, 2026 21:39:20.392 [281473175224544] DEBUG - [Req#a8d/PhotoTranscoder] Request for url [/library/metadata/1/squareArt/1774383036] (is local: 1 upscaled: 0)
Mar 24, 2026 21:39:20.392 [281473175224544] DEBUG - Content-Length of /config/Library/Application Support/Plex Media Server/Cache/PhotoTranscoder/05/053b20ac1b5eb22c2bbfa07ebcf1876e0ac89b65.jpeg is 100564 (of total: 100564).
Mar 24, 2026 21:39:20.393 [281473219735776] DEBUG - Completed: [192.168.147.1:21419] 200 GET /photo/:/transcode?width=1280&height=1280&minSize=0&url=%2Flibrary%2Fmetadata%2F1%2FsquareArt%2F1774383036&format=jpeg (8 live) #a8d TLS GZIP 1ms 100564 bytes (pipelined: 1)
Mar 24, 2026 21:39:20.409 [281473183813856] DEBUG - Request: [192.168.147.1:34330 (Subnet)] GET /library/sections/1/prefs (8 live) #a7a TLS GZIP Signed-in Token (oscaarp)
Mar 24, 2026 21:39:20.418 [281473221845216] DEBUG - Completed: [192.168.147.1:34330] 200 GET /library/sections/1/prefs (8 live) #a7a TLS GZIP 8ms 3797 bytes (pipelined: 1)
Mar 24, 2026 21:39:21.435 [281473185923296] DEBUG - Request: [192.168.147.1:47886 (Subnet)] GET /:/timeline?ratingKey=1&key=%2Flibrary%2Fmetadata%2F1&playbackTime=0&playQueueItemID=1&state=paused&hasMDE=1&time=15000&duration=6739000 (7 live) #a74 GZIP Signed-in Token (oscaarp)
Mar 24, 2026 21:39:21.435 [281473185923296] DEBUG - [Req#a74] Client [vkjphyua8spggnvg82dvmqg3] reporting timeline state paused, progress of 15000/6739000ms for guid=, playbackTime=0ms ratingKey=1 url=, key=/library/metadata/1, containerKey=, metadataId=1, source=
Mar 24, 2026 21:39:21.436 [281473185923296] DEBUG - [Req#a74] [Now] User is oscaarp (ID: 1)
Mar 24, 2026 21:39:21.436 [281473185923296] DEBUG - [Req#a74] [Now] Device is Safari (Safari).
Mar 24, 2026 21:39:21.436 [281473185923296] DEBUG - [Req#a74] [Now] Profile is Web
Mar 24, 2026 21:39:21.436 [281473185923296] DEBUG - [Req#a74] [Now] Updated play state for /library/metadata/1.
Mar 24, 2026 21:39:21.436 [281473185923296] DEBUG - [Req#a74] Statistics: (qjt50inxtzsqjpbem7hjo0tw) Reporting active playback in state 1 of type 1 (scrobble: 0) for account 1
Mar 24, 2026 21:39:21.437 [281473221845216] DEBUG - Completed: [192.168.147.1:47886] 200 GET /:/timeline?ratingKey=1&key=%2Flibrary%2Fmetadata%2F1&playbackTime=0&playQueueItemID=1&state=paused&hasMDE=1&time=15000&duration=6739000 (7 live) #a74 GZIP 2ms 882 bytes (pipelined: 13)
Mar 24, 2026 21:39:30.702 [281473183813856] DEBUG - [Req#a8e/Transcode/qohz2715ytpq69580gp2zoou/4207d6d6-1987-4867-b3bd-2d852c95a852] Transcoder segment range: 0 - 51 (51)
Mar 24, 2026 21:39:30.856 [281473175224544] DEBUG - Request: [192.168.147.1:47886 (Subnet)] GET /:/timeline?ratingKey=1&key=%2Flibrary%2Fmetadata%2F1&playbackTime=0&playQueueItemID=1&state=paused&hasMDE=1&time=15000&duration=6739000 (5 live) #a9d GZIP Signed-in Token (oscaarp)
Mar 24, 2026 21:39:30.862 [281473175224544] DEBUG - [Req#a9d] Client [vkjphyua8spggnvg82dvmqg3] reporting timeline state paused, progress of 15000/6739000ms for guid=, playbackTime=0ms ratingKey=1 url=, key=/library/metadata/1, containerKey=, metadataId=1, source=
Mar 24, 2026 21:39:30.863 [281473183813856] DEBUG - Request: [192.168.147.1:63858 (Subnet)] GET /video/:/transcode/universal/ping?session=qohz2715ytpq69580gp2zoou (6 live) #ab7 GZIP Signed-in Token (oscaarp)
Mar 24, 2026 21:39:30.863 [281473175224544] DEBUG - [Req#a9d] [Now] User is oscaarp (ID: 1)
Mar 24, 2026 21:39:30.863 [281473175224544] DEBUG - [Req#a9d] [Now] Device is Safari (Safari).
Mar 24, 2026 21:39:30.863 [281473175224544] DEBUG - [Req#a9d] [Now] Profile is Web
Mar 24, 2026 21:39:30.863 [281473175224544] DEBUG - [Req#a9d] [Now] Updated play state for /library/metadata/1.
Mar 24, 2026 21:39:30.864 [281473175224544] DEBUG - [Req#a9d] Statistics: (qjt50inxtzsqjpbem7hjo0tw) Reporting active playback in state 1 of type 1 (scrobble: 0) for account 1
Mar 24, 2026 21:39:30.865 [281473183813856] DEBUG - [Req#ab7/Transcode] [Now] Freshening session based on ping for vkjphyua8spggnvg82dvmqg3_Video
Mar 24, 2026 21:39:30.865 [281473183813856] DEBUG - [Req#ab7/Transcode] Received transcode session ping for session qohz2715ytpq69580gp2zoou.
Mar 24, 2026 21:39:30.865 [281473221845216] DEBUG - Completed: [192.168.147.1:63858] 200 GET /video/:/transcode/universal/ping?session=qohz2715ytpq69580gp2zoou (6 live) #ab7 GZIP 2ms 323 bytes (pipelined: 1)
Mar 24, 2026 21:39:30.867 [281473221845216] DEBUG - Completed: [192.168.147.1:47886] 200 GET /:/timeline?ratingKey=1&key=%2Flibrary%2Fmetadata%2F1&playbackTime=0&playQueueItemID=1&state=paused&hasMDE=1&time=15000&duration=6739000 (6 live) #a9d GZIP 10ms 879 bytes (pipelined: 14)
Mar 24, 2026 21:40:17.318 [281473185923296] DEBUG - [Req#ab8/Transcode/qohz2715ytpq69580gp2zoou/4207d6d6-1987-4867-b3bd-2d852c95a852] Transcoder segment range: 0 - 52 (52)
Mar 24, 2026 21:40:58.226 [281473175224544] DEBUG - [Req#b2b/Transcode/qohz2715ytpq69580gp2zoou/4207d6d6-1987-4867-b3bd-2d852c95a852] Transcoder segment range: 0 - 53 (53)
Mar 24, 2026 21:41:21.386 [281473185923296] DEBUG - Request: [192.168.147.1:36962 (Subnet)] GET /:/timeline?ratingKey=1&key=%2Flibrary%2Fmetadata%2F1&playbackTime=0&playQueueItemID=1&state=paused&hasMDE=1&time=15000&duration=6739000 (4 live) #b8c GZIP Signed-in Token (oscaarp)
Mar 24, 2026 21:41:21.424 [281473185923296] DEBUG - [Req#b8c] Client [vkjphyua8spggnvg82dvmqg3] reporting timeline state paused, progress of 15000/6739000ms for guid=, playbackTime=0ms ratingKey=1 url=, key=/library/metadata/1, containerKey=, metadataId=1, source=
Mar 24, 2026 21:41:21.424 [281473185923296] DEBUG - [Req#b8c] [Now] User is oscaarp (ID: 1)
Mar 24, 2026 21:41:21.429 [281473185923296] DEBUG - [Req#b8c] [Now] Device is Safari (Safari).
Mar 24, 2026 21:41:21.429 [281473185923296] DEBUG - [Req#b8c] [Now] Profile is Web
Mar 24, 2026 21:41:21.429 [281473185923296] DEBUG - [Req#b8c] [Now] Updated play state for /library/metadata/1.
Mar 24, 2026 21:41:21.429 [281473185923296] DEBUG - [Req#b8c] Statistics: (qjt50inxtzsqjpbem7hjo0tw) Reporting active playback in state 1 of type 1 (scrobble: 0) for account 1
Mar 24, 2026 21:41:21.438 [281473221845216] DEBUG - Completed: [192.168.147.1:36962] 200 GET /:/timeline?ratingKey=1&key=%2Flibrary%2Fmetadata%2F1&playbackTime=0&playQueueItemID=1&state=paused&hasMDE=1&time=15000&duration=6739000 (4 live) #b8c GZIP 62ms 869 bytes (pipelined: 1)
Mar 24, 2026 21:41:40.318 [281473175224544] DEBUG - [Req#bc2/Transcode/qohz2715ytpq69580gp2zoou/4207d6d6-1987-4867-b3bd-2d852c95a852] Transcoder segment range: 0 - 54 (54)
Mar 24, 2026 21:42:25.647 [281473175224544] DEBUG - [Req#bf3/Transcode/qohz2715ytpq69580gp2zoou/4207d6d6-1987-4867-b3bd-2d852c95a852] Transcoder segment range: 0 - 55 (55)
Mar 24, 2026 21:43:02.075 [281473183813856] DEBUG - [Req#c5f/Transcode/qohz2715ytpq69580gp2zoou/4207d6d6-1987-4867-b3bd-2d852c95a852] Transcoder segment range: 0 - 56 (56)
Mar 24, 2026 21:43:48.661 [281473175224544] DEBUG - [Req#cb5/Transcode/qohz2715ytpq69580gp2zoou/4207d6d6-1987-4867-b3bd-2d852c95a852] Transcoder segment range: 0 - 57 (57)
Mar 24, 2026 21:44:12.831 [281473183813856] DEBUG - Request: [192.168.147.1:49238 (Subnet)] GET /media/providers (4 live) #d22 TLS GZIP Signed-in Token (oscaarp)
Mar 24, 2026 21:44:12.874 [281473221845216] DEBUG - Completed: [192.168.147.1:49238] 200 GET /media/providers (4 live) #d22 TLS GZIP 44ms 4455 bytes (pipelined: 1)
Mar 24, 2026 21:44:22.720 [281473177452768] DEBUG - Shutting down idle session qohz2715ytpq69580gp2zoou (idle time is 180 seconds)
Mar 24, 2026 21:44:22.722 [281473177452768] DEBUG - Killing job.
Mar 24, 2026 21:44:22.722 [281473177452768] DEBUG - Signalling job ID 347 with 9
Mar 24, 2026 21:44:22.722 [281473177452768] DEBUG - Job was already killed, not killing again.
Mar 24, 2026 21:44:22.722 [281473177452768] DEBUG - Stopping transcode session qohz2715ytpq69580gp2zoou
Mar 24, 2026 21:44:22.722 [281473138962656] DEBUG - Cleaning directory for session qohz2715ytpq69580gp2zoou (/config/Library/Application Support/Plex Media Server/Cache/Transcode/Sessions/plex-transcode-qohz2715ytpq69580gp2zoou-4207d6d6-1987-4867-b3bd-2d852c95a852)
Mar 24, 2026 21:44:22.729 [281473232089312] DEBUG - Jobs: '/usr/lib/plexmediaserver/Plex Transcoder' exit code for process 347 is -9 (signal: Killed)
Mar 24, 2026 21:44:22.735 [281473177452768] DEBUG - Transcoder: Cleaning old transcode directories.
Mar 24, 2026 21:44:22.737 [281473177452768] DEBUG - Transcoder: Cleaning old transcode directory: "/config/Library/Application Support/Plex Media Server/Cache/Transcode/Sessions/plex-transcode-qohz2715ytpq69580gp2zoou-4207d6d6-1987-4867-b3bd-2d852c95a852"
Mar 24, 2026 21:44:22.768 [281473177452768] DEBUG - Whacked session qohz2715ytpq69580gp2zoou, 0 remaining.
Mar 24, 2026 21:44:22.768 [281473177452768] DEBUG - Killed 1 idle sessions out of a total of 1.
Mar 24, 2026 21:44:22.768 [281473138962656] DEBUG - Deleting stale file "/run/plex-temp/pms-fc53ad29-caaf-4dcc-9343-1bee7a4f9643/EasyAudioEncoder/Convert to WAV (to 8ch or less)/qohz2715ytpq69580gp2zoou_347-0-484.ec3"
Mar 24, 2026 21:44:22.768 [281473138962656] DEBUG - Deleting stale file "/run/plex-temp/pms-fc53ad29-caaf-4dcc-9343-1bee7a4f9643/EasyAudioEncoder/Convert to WAV (to 8ch or less)/qohz2715ytpq69580gp2zoou_347-0-484.wav"
Mar 24, 2026 21:44:26.849 [281473136853216] DEBUG - [Now] Removing idle session for device vkjphyua8spggnvg82dvmqg3_Video.
Mar 24, 2026 21:44:26.849 [281473136853216] DEBUG - Statistics: (qjt50inxtzsqjpbem7hjo0tw) Reporting active playback in state 3 of type 1 (scrobble: 0) for account 1
Mar 24, 2026 21:44:26.851 [281473136853216] DEBUG - Cleaning directory for session qohz2715ytpq69580gp2zoou (/config/Library/Application Support/Plex Media Server/Cache/Transcode/Sessions/plex-transcode-qohz2715ytpq69580gp2zoou-4207d6d6-1987-4867-b3bd-2d852c95a852)
Mar 24, 2026 21:44:29.986 [281473160417504] DEBUG - [Req#27/Transcode] Streaming Resource: Timing out session 0xffff954856b8:vkjphyua8spggnvg82dvmqg3
Mar 24, 2026 21:44:29.997 [281473160417504] DEBUG - [Req#27/Transcode] Streaming Resource: Terminated session 0xffff954856b8:vkjphyua8spggnvg82dvmqg3 with reason Client stopped playback.
Mar 24, 2026 21:44:29.997 [281473160417504] DEBUG - [Req#27/Transcode] Streaming Resource: Removing session 0xffff954856b8:vkjphyua8spggnvg82dvmqg3
Mar 24, 2026 21:44:40.706 [281473219735776] DEBUG - Auth: Refreshing tokens inside the token-based authentication filter.
Mar 24, 2026 21:44:40.708 [281473219735776] DEBUG - [HCl#37] HTTP requesting GET https://plex.tv/api/v2/server/access_tokens?auth_token=xxxxxxxxxxxxxxxxxxxx&unknownToken=xxxxxxxxxxxxxxxxxxxx
Mar 24, 2026 21:44:41.223 [281473193701600] DEBUG - [HttpClient/HCl#37] HTTP/1.1 (0.5s) 200 response from GET https://plex.tv/api/v2/server/access_tokens?auth_token=xxxxxxxxxxxxxxxxxxxx&unknownToken=xxxxxxxxxxxxxxxxxxxx
Mar 24, 2026 21:44:41.226 [281473219735776] DEBUG - MyPlex: updating with 8 access tokens
Mar 24, 2026 21:44:41.227 [281473219735776] DEBUG - [HCl#38] HTTP requesting GET https://plex.tv/api/v2/server/users?auth_token=xxxxxxxxxxxxxxxxxxxx
Mar 24, 2026 21:44:41.413 [281473193701600] DEBUG - [HttpClient/HCl#38] HTTP/1.1 (0.2s) 200 response from GET https://plex.tv/api/v2/server/users?auth_token=xxxxxxxxxxxxxxxxxxxx (reused)
Mar 24, 2026 21:44:41.417 [281473183813856] DEBUG - [HCl#39] HTTP requesting GET https://plex.tv/api/v2/server/users/subscriptions?auth_token=xxxxxxxxxxxxxxxxxxxx
Mar 24, 2026 21:44:41.541 [281473193701600] DEBUG - [HttpClient/HCl#39] HTTP/1.1 (0.1s) 200 response from GET https://plex.tv/api/v2/server/users/subscriptions?auth_token=xxxxxxxxxxxxxxxxxxxx (reused)
Mar 24, 2026 21:44:41.546 [281473183813856] DEBUG - MyPlex: using cached data for request for https://plex.tv/api/v2/server/users/services?auth_token=xxxxxxxxxxxxxxxxxxxx
Mar 24, 2026 21:44:41.548 [281473219735776] DEBUG - Auth: authenticated user 1 as oscaarp
Mar 24, 2026 21:44:41.548 [281473221845216] DEBUG - Auth: authenticated user 1 as oscaarp
Mar 24, 2026 21:44:41.548 [281473185923296] DEBUG - Request: [192.168.147.1:42632 (Subnet)] GET /media/providers?includePreferences=1 (4 live) #d5a GZIP Signed-in Token (oscaarp)
Mar 24, 2026 21:44:41.548 [281473175224544] DEBUG - Request: [192.168.147.1:18991 (Subnet)] GET /media/providers?includePreferences=1 (4 live) #d7d TLS GZIP Signed-in Token (oscaarp)
Mar 24, 2026 21:44:41.578 [281473221845216] DEBUG - Completed: [192.168.147.1:18991] 200 GET /media/providers?includePreferences=1 (4 live) #d7d TLS GZIP 29ms 8307 bytes (pipelined: 1)
Mar 24, 2026 21:44:41.578 [281473221845216] DEBUG - Completed: [192.168.147.1:42632] 200 GET /media/providers?includePreferences=1 (4 live) #d5a GZIP 29ms 8307 bytes (pipelined: 1)
Mar 24, 2026 21:44:41.599 [281473185923296] DEBUG - Request: [192.168.147.1:24172 (Subnet)] GET /:/websockets/notifications (5 live) #d7e GZIP Signed-in Token (oscaarp)
Mar 24, 2026 21:44:41.600 [281473185923296] DEBUG - WebSocket: Performing handshake from origin file://
Mar 24, 2026 21:44:41.600 [281473185923296] DEBUG - Beginning read from WebSocket
Mar 24, 2026 21:44:41.621 [281473175224544] DEBUG - Request: [192.168.147.1:42632 (Subnet)] GET /player/proxy/poll?deviceClass=pc&protocolVersion=2&protocolCapabilities=timeline%2Cplayback%2Cnavigation%2Cplayqueues%2Cprovider-playback&timeout=1 (5 live) #d82 GZIP Signed-in Token (oscaarp)
Mar 24, 2026 21:44:41.621 [281473175224544] DEBUG - [Req#d82/CompanionProxy] registered new player: xam579evnt45h5kjfj02yqja (192.168.147.1)
Mar 24, 2026 21:44:42.632 [281473171005664] DEBUG - [NSB] NetworkServiceBrowser: PLAYER arrived: 127.0.0.1
Mar 24, 2026 21:44:43.873 [281473185923296] DEBUG - Request: [192.168.147.1:18991 (Subnet)] GET /media/providers?includePreferences=1 (5 live) #d81 TLS GZIP Signed-in Token (oscaarp)
Mar 24, 2026 21:44:43.877 [281473175224544] DEBUG - Request: [192.168.147.1:33190 (Subnet)] GET /media/providers?includePreferences=1 (6 live) #d83 GZIP Signed-in Token (oscaarp)
Mar 24, 2026 21:44:43.882 [281473221845216] DEBUG - Completed: [192.168.147.1:18991] 200 GET /media/providers?includePreferences=1 (6 live) #d81 TLS GZIP 9ms 8308 bytes (pipelined: 2)
Mar 24, 2026 21:44:43.884 [281473221845216] DEBUG - Completed: [192.168.147.1:33190] 200 GET /media/providers?includePreferences=1 (6 live) #d83 GZIP 7ms 8308 bytes (pipelined: 1)
Mar 24, 2026 21:44:44.096 [281473185923296] DEBUG - Request: [192.168.147.1:16502 (Subnet)] GET /:/websockets/notifications (7 live) #d84 GZIP Signed-in Token (oscaarp)
Mar 24, 2026 21:44:44.096 [281473185923296] DEBUG - WebSocket: Performing handshake from origin file://
Mar 24, 2026 21:44:44.096 [281473185923296] DEBUG - Beginning read from WebSocket
Mar 24, 2026 21:44:44.227 [281473138962656] DEBUG - [MediaProviderManager] Refreshing media providers
Mar 24, 2026 21:44:44.227 [281473138962656] DEBUG - [MediaProviderManager/Response::fetch/HCl#3a] HTTP requesting GET https://plex.tv/media/providers
Mar 24, 2026 21:44:44.519 [281473193701600] DEBUG - [HttpClient/HCl#3a] HTTP/1.1 (0.3s) 200 response from GET https://plex.tv/media/providers (reused)
Mar 24, 2026 21:44:44.519 [281473175224544] DEBUG - Request: [192.168.147.1:33190 (Subnet)] GET /hubs/continueWatching?contentDirectoryID=1&excludeElements=Actor%2CCollection%2CCountry%2CLabel%2CMood%2CPart%2CProducer%2CSimilar%2CPhoto%2CVast%2CTopic&excludeFields=file%2Ctagline&includeDetails=1 (7 live) #d88 GZIP Signed-in Token (oscaarp)
Mar 24, 2026 21:44:44.519 [281473138962656] DEBUG - [MediaProviderManager] discovered cloud provider (Movies & Shows)
Mar 24, 2026 21:44:44.519 [281473138962656] DEBUG - [MediaProviderManager] discovered cloud provider (Metadata)
Mar 24, 2026 21:44:44.519 [281473138962656] DEBUG - [MediaProviderManager] loading cloud provider details (Metadata) (alive: 1)
Mar 24, 2026 21:44:44.519 [281473138962656] DEBUG - [MediaProviderManager] loading cloud provider details (Movies & Shows) (alive: 1)
Mar 24, 2026 21:44:44.519 [281473138962656] DEBUG - [MediaProviderManager] we had 2 cloud providers online, we now have 2
Mar 24, 2026 21:44:44.519 [281473138962656] DEBUG - [MediaProviderManager] cloud provider (Metadata) is online and available
Mar 24, 2026 21:44:44.519 [281473138962656] DEBUG - [MediaProviderManager] cloud provider (Movies & Shows) is online and available
Mar 24, 2026 21:44:44.520 [281473138962656] DEBUG - [MediaProviderManager] Media provider refresh complete
Mar 24, 2026 21:44:44.520 [281473175224544] DEBUG - [Req#d88] HubCache: Adding '1/continueWatching/1/hubs/continueWatching/esexternal-media,indirect-media/contentDirectoryID=1&excludeElements=Actor%2CCollection%2CCountry%2CLabel%2CMood%2CPart%2CProducer%2CSimilar%2CPhoto%2CVast%2CTopic&excludeFields=file%2Ctagline&includeDetails=1' to the cache (1/continueWatching/1/hubs/continueWatching/esexternal-media,indirect-media/contentDirectoryID=1&excludeElements=Actor%2CCollection%2CCountry%2CLabel%2CMood%2CPart%2CProducer%2CSimilar%2CPhoto%2CVast%2CTopic&excludeFields=file%2Ctagline&includeDetails=1).
Mar 24, 2026 21:44:44.524 [281473185923296] DEBUG - Request: [192.168.147.1:25512 (Subnet)] GET /hubs/promoted?includeMeta=1&excludeContinueWatching=1&excludeElements=Actor%2CCollection%2CCountry%2CLabel%2CMood%2CPart%2CProducer%2CSimilar%2CPhoto%2CVast%2CTopic&excludeFields=file%2Ctagline&includeRecentChannels=1&includeDetails=1&count=10&contentDirectoryID=1&pinnedContentDirectoryID=1 (9 live) #d89 GZIP Signed-in Token (oscaarp)
Mar 24, 2026 21:44:44.524 [281473185923296] DEBUG - [Req#d89] HubCache: Adding '1/home.continue/1/hubs/promoted/esexternal-media,indirect-media/contentDirectoryID=1&count=10&excludeContinueWatching=1&excludeElements=Actor%2CCollection%2CCountry%2CLabel%2CMood%2CPart%2CProducer%2CSimilar%2CPhoto%2CVast%2CTopic&excludeFields=file%2Ctagline&includeDetails=1&includeMeta=1&includeRecentChannels=1&pinnedContentDirectoryID=1' to the cache (1/home.continue/1/hubs/promoted/esexternal-media,indirect-media/contentDirectoryID=1&count=10&excludeContinueWatching=1&excludeElements=Actor%2CCollection%2CCountry%2CLabel%2CMood%2CPart%2CProducer%2CSimilar%2CPhoto%2CVast%2CTopic&excludeFields=file%2Ctagline&includeDetails=1&includeMeta=1&includeRecentChannels=1&pinnedContentDirectoryID=1).
Mar 24, 2026 21:44:44.524 [281473185923296] DEBUG - [Req#d89] HubCache: 11 hubs cached, 0.0% hit ratio.
Mar 24, 2026 21:44:44.524 [281473185923296] DEBUG - [Req#d89] HubCache: Adding '1/home.ondeck/1/hubs/promoted/esexternal-media,indirect-media/contentDirectoryID=1&count=10&excludeContinueWatching=1&excludeElements=Actor%2CCollection%2CCountry%2CLabel%2CMood%2CPart%2CProducer%2CSimilar%2CPhoto%2CVast%2CTopic&excludeFields=file%2Ctagline&includeDetails=1&includeMeta=1&includeRecentChannels=1&pinnedContentDirectoryID=1' to the cache (1/home.ondeck/1/hubs/promoted/esexternal-media,indirect-media/contentDirectoryID=1&count=10&excludeContinueWatching=1&excludeElements=Actor%2CCollection%2CCountry%2CLabel%2CMood%2CPart%2CProducer%2CSimilar%2CPhoto%2CVast%2CTopic&excludeFields=file%2Ctagline&includeDetails=1&includeMeta=1&includeRecentChannels=1&pinnedContentDirectoryID=1).
Mar 24, 2026 21:44:44.525 [281473164636384] DEBUG - Request: [192.168.147.1:31055 (Subnet)] GET /hubs/continueWatching?contentDirectoryID=1&excludeElements=Actor%2CCollection%2CCountry%2CLabel%2CMood%2CPart%2CProducer%2CSimilar%2CPhoto%2CVast%2CTopic&excludeFields=file%2Ctagline&includeDetails=1 (9 live) #d8b GZIP Signed-in Token (oscaarp)
Mar 24, 2026 21:44:44.525 [281473164636384] DEBUG - [Req#d8b] HubCache: Retrieving '1/continueWatching/1/hubs/continueWatching/esexternal-media,indirect-media/contentDirectoryID=1&excludeElements=Actor%2CCollection%2CCountry%2CLabel%2CMood%2CPart%2CProducer%2CSimilar%2CPhoto%2CVast%2CTopic&excludeFields=file%2Ctagline&includeDetails=1' from the cache.
Mar 24, 2026 21:44:44.526 [281473162526944] DEBUG - Request: [192.168.147.1:34221 (Subnet)] GET /hubs/promoted?includeMeta=1&excludeContinueWatching=1&excludeElements=Actor%2CCollection%2CCountry%2CLabel%2CMood%2CPart%2CProducer%2CSimilar%2CPhoto%2CVast%2CTopic&excludeFields=file%2Ctagline&includeRecentChannels=1&includeDetails=1&count=10&contentDirectoryID=1&pinnedContentDirectoryID=1 (10 live) #d8c GZIP Signed-in Token (oscaarp)
Mar 24, 2026 21:44:44.527 [281473162526944] DEBUG - [Req#d8c] HubCache: Retrieving '1/home.continue/1/hubs/promoted/esexternal-media,indirect-media/contentDirectoryID=1&count=10&excludeContinueWatching=1&excludeElements=Actor%2CCollection%2CCountry%2CLabel%2CMood%2CPart%2CProducer%2CSimilar%2CPhoto%2CVast%2CTopic&excludeFields=file%2Ctagline&includeDetails=1&includeMeta=1&includeRecentChannels=1&pinnedContentDirectoryID=1' from the cache.
Mar 24, 2026 21:44:44.527 [281473162526944] DEBUG - [Req#d8c] HubCache: Retrieving '1/home.ondeck/1/hubs/promoted/esexternal-media,indirect-media/contentDirectoryID=1&count=10&excludeContinueWatching=1&excludeElements=Actor%2CCollection%2CCountry%2CLabel%2CMood%2CPart%2CProducer%2CSimilar%2CPhoto%2CVast%2CTopic&excludeFields=file%2Ctagline&includeDetails=1&includeMeta=1&includeRecentChannels=1&pinnedContentDirectoryID=1' from the cache.
Mar 24, 2026 21:44:44.527 [281473185923296] DEBUG - [Req#d89] HubCache: Adding '1/movie.recentlyadded.1/1/hubs/promoted/esexternal-media,indirect-media/contentDirectoryID=1&count=10&excludeContinueWatching=1&excludeElements=Actor%2CCollection%2CCountry%2CLabel%2CMood%2CPart%2CProducer%2CSimilar%2CPhoto%2CVast%2CTopic&excludeFields=file%2Ctagline&includeDetails=1&includeMeta=1&includeRecentChannels=1&pinnedContentDirectoryID=1' to the cache (1/movie.recentlyadded.1/1/hubs/promoted/esexternal-media,indirect-media/contentDirectoryID=1&count=10&excludeContinueWatching=1&excludeElements=Actor%2CCollection%2CCountry%2CLabel%2CMood%2CPart%2CProducer%2CSimilar%2CPhoto%2CVast%2CTopic&excludeFields=file%2Ctagline&includeDetails=1&includeMeta=1&includeRecentChannels=1&pinnedContentDirectoryID=1).
Mar 24, 2026 21:44:44.529 [281473175224544] DEBUG - [Req#d88] HubCache: Computed '1/continueWatching/1/hubs/continueWatching/esexternal-media,indirect-media/contentDirectoryID=1&excludeElements=Actor%2CCollection%2CCountry%2CLabel%2CMood%2CPart%2CProducer%2CSimilar%2CPhoto%2CVast%2CTopic&excludeFields=file%2Ctagline&includeDetails=1' in 8 ms.
Mar 24, 2026 21:44:44.530 [281473221845216] DEBUG - Completed: [192.168.147.1:33190] 200 GET /hubs/continueWatching?contentDirectoryID=1&excludeElements=Actor%2CCollection%2CCountry%2CLabel%2CMood%2CPart%2CProducer%2CSimilar%2CPhoto%2CVast%2CTopic&excludeFields=file%2Ctagline&includeDetails=1 (10 live) #d88 GZIP 10ms 508 bytes (pipelined: 2)
Mar 24, 2026 21:44:44.530 [281473221845216] DEBUG - Completed: [192.168.147.1:31055] 200 GET /hubs/continueWatching?contentDirectoryID=1&excludeElements=Actor%2CCollection%2CCountry%2CLabel%2CMood%2CPart%2CProducer%2CSimilar%2CPhoto%2CVast%2CTopic&excludeFields=file%2Ctagline&includeDetails=1 (10 live) #d8b GZIP 6ms 508 bytes (pipelined: 1)
Mar 24, 2026 21:44:44.531 [281473162526944] DEBUG - [Req#d8c] HubCache: Retrieving '1/movie.recentlyadded.1/1/hubs/promoted/esexternal-media,indirect-media/contentDirectoryID=1&count=10&excludeContinueWatching=1&excludeElements=Actor%2CCollection%2CCountry%2CLabel%2CMood%2CPart%2CProducer%2CSimilar%2CPhoto%2CVast%2CTopic&excludeFields=file%2Ctagline&includeDetails=1&includeMeta=1&includeRecentChannels=1&pinnedContentDirectoryID=1' from the cache.
Mar 24, 2026 21:44:44.533 [281473185923296] DEBUG - [Req#d89] HubCache: Computed '1/movie.recentlyadded.1/1/hubs/promoted/esexternal-media,indirect-media/contentDirectoryID=1&count=10&excludeContinueWatching=1&excludeElements=Actor%2CCollection%2CCountry%2CLabel%2CMood%2CPart%2CProducer%2CSimilar%2CPhoto%2CVast%2CTopic&excludeFields=file%2Ctagline&includeDetails=1&includeMeta=1&includeRecentChannels=1&pinnedContentDirectoryID=1' in 6 ms.
Mar 24, 2026 21:44:44.533 [281473185923296] DEBUG - [Req#d89] HubCache: Adding '1/movie.curated.1/1/hubs/promoted/esexternal-media,indirect-media/contentDirectoryID=1&count=10&excludeContinueWatching=1&excludeElements=Actor%2CCollection%2CCountry%2CLabel%2CMood%2CPart%2CProducer%2CSimilar%2CPhoto%2CVast%2CTopic&excludeFields=file%2Ctagline&includeDetails=1&includeMeta=1&includeRecentChannels=1&pinnedContentDirectoryID=1' to the cache (1/movie.curated.1/1/hubs/promoted/esexternal-media,indirect-media/contentDirectoryID=1&count=10&excludeContinueWatching=1&excludeElements=Actor%2CCollection%2CCountry%2CLabel%2CMood%2CPart%2CProducer%2CSimilar%2CPhoto%2CVast%2CTopic&excludeFields=file%2Ctagline&includeDetails=1&includeMeta=1&includeRecentChannels=1&pinnedContentDirectoryID=1).
Mar 24, 2026 21:44:44.533 [281473162526944] DEBUG - [Req#d8c] HubCache: Retrieving '1/movie.curated.1/1/hubs/promoted/esexternal-media,indirect-media/contentDirectoryID=1&count=10&excludeContinueWatching=1&excludeElements=Actor%2CCollection%2CCountry%2CLabel%2CMood%2CPart%2CProducer%2CSimilar%2CPhoto%2CVast%2CTopic&excludeFields=file%2Ctagline&includeDetails=1&includeMeta=1&includeRecentChannels=1&pinnedContentDirectoryID=1' from the cache.
Mar 24, 2026 21:44:44.534 [281473219735776] DEBUG - Completed: [192.168.147.1:25512] 200 GET /hubs/promoted?includeMeta=1&excludeContinueWatching=1&excludeElements=Actor%2CCollection%2CCountry%2CLabel%2CMood%2CPart%2CProducer%2CSimilar%2CPhoto%2CVast%2CTopic&excludeFields=file%2Ctagline&includeRecentChannels=1&includeDetails=1&count=10&contentDirectoryID=1&pinnedContentDirectoryID=1 (10 live) #d89 GZIP 10ms 1400 bytes (pipelined: 1)
Mar 24, 2026 21:44:44.535 [281473221845216] DEBUG - Completed: [192.168.147.1:34221] 200 GET /hubs/promoted?includeMeta=1&excludeContinueWatching=1&excludeElements=Actor%2CCollection%2CCountry%2CLabel%2CMood%2CPart%2CProducer%2CSimilar%2CPhoto%2CVast%2CTopic&excludeFields=file%2Ctagline&includeRecentChannels=1&includeDetails=1&count=10&contentDirectoryID=1&pinnedContentDirectoryID=1 (10 live) #d8c GZIP 8ms 1400 bytes (pipelined: 1)
Mar 24, 2026 21:44:44.695 [281473175224544] DEBUG - Request: [192.168.147.1:25512 (Subnet)] GET /hubs/continueWatching?contentDirectoryID=1&excludeElements=Actor%2CCollection%2CCountry%2CLabel%2CMood%2CPart%2CProducer%2CSimilar%2CPhoto%2CVast%2CTopic&excludeFields=file%2Ctagline&includeDetails=1 (10 live) #d93 GZIP Signed-in Token (oscaarp)
Mar 24, 2026 21:44:44.695 [281473175224544] DEBUG - [Req#d93] HubCache: Retrieving '1/continueWatching/1/hubs/continueWatching/esexternal-media,indirect-media/contentDirectoryID=1&excludeElements=Actor%2CCollection%2CCountry%2CLabel%2CMood%2CPart%2CProducer%2CSimilar%2CPhoto%2CVast%2CTopic&excludeFields=file%2Ctagline&includeDetails=1' from the cache.
Mar 24, 2026 21:44:44.696 [281473219735776] DEBUG - Completed: [192.168.147.1:25512] 200 GET /hubs/continueWatching?contentDirectoryID=1&excludeElements=Actor%2CCollection%2CCountry%2CLabel%2CMood%2CPart%2CProducer%2CSimilar%2CPhoto%2CVast%2CTopic&excludeFields=file%2Ctagline&includeDetails=1 (10 live) #d93 GZIP 1ms 508 bytes (pipelined: 2)
Mar 24, 2026 21:44:44.704 [281473164636384] DEBUG - Request: [192.168.147.1:34221 (Subnet)] GET /hubs/promoted?includeMeta=1&excludeContinueWatching=1&excludeElements=Actor%2CCollection%2CCountry%2CLabel%2CMood%2CPart%2CProducer%2CSimilar%2CPhoto%2CVast%2CTopic&excludeFields=file%2Ctagline&includeRecentChannels=1&includeDetails=1&count=10&contentDirectoryID=1&pinnedContentDirectoryID=1 (10 live) #d94 GZIP Signed-in Token (oscaarp)
Mar 24, 2026 21:44:44.704 [281473164636384] DEBUG - [Req#d94] HubCache: Retrieving '1/home.continue/1/hubs/promoted/esexternal-media,indirect-media/contentDirectoryID=1&count=10&excludeContinueWatching=1&excludeElements=Actor%2CCollection%2CCountry%2CLabel%2CMood%2CPart%2CProducer%2CSimilar%2CPhoto%2CVast%2CTopic&excludeFields=file%2Ctagline&includeDetails=1&includeMeta=1&includeRecentChannels=1&pinnedContentDirectoryID=1' from the cache.
Mar 24, 2026 21:44:44.704 [281473164636384] DEBUG - [Req#d94] HubCache: Retrieving '1/home.ondeck/1/hubs/promoted/esexternal-media,indirect-media/contentDirectoryID=1&count=10&excludeContinueWatching=1&excludeElements=Actor%2CCollection%2CCountry%2CLabel%2CMood%2CPart%2CProducer%2CSimilar%2CPhoto%2CVast%2CTopic&excludeFields=file%2Ctagline&includeDetails=1&includeMeta=1&includeRecentChannels=1&pinnedContentDirectoryID=1' from the cache.
Mar 24, 2026 21:44:44.705 [281473164636384] DEBUG - [Req#d94] HubCache: Retrieving '1/movie.recentlyadded.1/1/hubs/promoted/esexternal-media,indirect-media/contentDirectoryID=1&count=10&excludeContinueWatching=1&excludeElements=Actor%2CCollection%2CCountry%2CLabel%2CMood%2CPart%2CProducer%2CSimilar%2CPhoto%2CVast%2CTopic&excludeFields=file%2Ctagline&includeDetails=1&includeMeta=1&includeRecentChannels=1&pinnedContentDirectoryID=1' from the cache.
Mar 24, 2026 21:44:44.705 [281473164636384] DEBUG - [Req#d94] HubCache: Retrieving '1/movie.curated.1/1/hubs/promoted/esexternal-media,indirect-media/contentDirectoryID=1&count=10&excludeContinueWatching=1&excludeElements=Actor%2CCollection%2CCountry%2CLabel%2CMood%2CPart%2CProducer%2CSimilar%2CPhoto%2CVast%2CTopic&excludeFields=file%2Ctagline&includeDetails=1&includeMeta=1&includeRecentChannels=1&pinnedContentDirectoryID=1' from the cache.
Mar 24, 2026 21:44:44.706 [281473219735776] DEBUG - Completed: [192.168.147.1:34221] 200 GET /hubs/promoted?includeMeta=1&excludeContinueWatching=1&excludeElements=Actor%2CCollection%2CCountry%2CLabel%2CMood%2CPart%2CProducer%2CSimilar%2CPhoto%2CVast%2CTopic&excludeFields=file%2Ctagline&includeRecentChannels=1&includeDetails=1&count=10&contentDirectoryID=1&pinnedContentDirectoryID=1 (10 live) #d94 GZIP 2ms 1400 bytes (pipelined: 2)
Mar 24, 2026 21:44:44.722 [281473185923296] DEBUG - Request: [192.168.147.1:25512 (Subnet)] GET /hubs/continueWatching?contentDirectoryID=1&excludeElements=Actor%2CCollection%2CCountry%2CLabel%2CMood%2CPart%2CProducer%2CSimilar%2CPhoto%2CVast%2CTopic&excludeFields=file%2Ctagline&includeDetails=1 (10 live) #d95 GZIP Signed-in Token (oscaarp)
Mar 24, 2026 21:44:44.722 [281473185923296] DEBUG - [Req#d95] HubCache: Retrieving '1/continueWatching/1/hubs/continueWatching/esexternal-media,indirect-media/contentDirectoryID=1&excludeElements=Actor%2CCollection%2CCountry%2CLabel%2CMood%2CPart%2CProducer%2CSimilar%2CPhoto%2CVast%2CTopic&excludeFields=file%2Ctagline&includeDetails=1' from the cache.
Mar 24, 2026 21:44:44.722 [281473221845216] DEBUG - Completed: [192.168.147.1:25512] 200 GET /hubs/continueWatching?contentDirectoryID=1&excludeElements=Actor%2CCollection%2CCountry%2CLabel%2CMood%2CPart%2CProducer%2CSimilar%2CPhoto%2CVast%2CTopic&excludeFields=file%2Ctagline&includeDetails=1 (10 live) #d95 GZIP 0ms 508 bytes (pipelined: 3)
Mar 24, 2026 21:44:44.725 [281473162526944] DEBUG - Request: [192.168.147.1:34221 (Subnet)] GET /hubs/promoted?includeMeta=1&excludeContinueWatching=1&excludeElements=Actor%2CCollection%2CCountry%2CLabel%2CMood%2CPart%2CProducer%2CSimilar%2CPhoto%2CVast%2CTopic&excludeFields=file%2Ctagline&includeRecentChannels=1&includeDetails=1&count=10&contentDirectoryID=1&pinnedContentDirectoryID=1 (10 live) #d96 GZIP Signed-in Token (oscaarp)
Mar 24, 2026 21:44:44.725 [281473162526944] DEBUG - [Req#d96] HubCache: Retrieving '1/home.continue/1/hubs/promoted/esexternal-media,indirect-media/contentDirectoryID=1&count=10&excludeContinueWatching=1&excludeElements=Actor%2CCollection%2CCountry%2CLabel%2CMood%2CPart%2CProducer%2CSimilar%2CPhoto%2CVast%2CTopic&excludeFields=file%2Ctagline&includeDetails=1&includeMeta=1&includeRecentChannels=1&pinnedContentDirectoryID=1' from the cache.
Mar 24, 2026 21:44:44.725 [281473162526944] DEBUG - [Req#d96] HubCache: Retrieving '1/home.ondeck/1/hubs/promoted/esexternal-media,indirect-media/contentDirectoryID=1&count=10&excludeContinueWatching=1&excludeElements=Actor%2CCollection%2CCountry%2CLabel%2CMood%2CPart%2CProducer%2CSimilar%2CPhoto%2CVast%2CTopic&excludeFields=file%2Ctagline&includeDetails=1&includeMeta=1&includeRecentChannels=1&pinnedContentDirectoryID=1' from the cache.
Mar 24, 2026 21:44:44.726 [281473162526944] DEBUG - [Req#d96] HubCache: Retrieving '1/movie.recentlyadded.1/1/hubs/promoted/esexternal-media,indirect-media/contentDirectoryID=1&count=10&excludeContinueWatching=1&excludeElements=Actor%2CCollection%2CCountry%2CLabel%2CMood%2CPart%2CProducer%2CSimilar%2CPhoto%2CVast%2CTopic&excludeFields=file%2Ctagline&includeDetails=1&includeMeta=1&includeRecentChannels=1&pinnedContentDirectoryID=1' from the cache.
Mar 24, 2026 21:44:44.726 [281473162526944] DEBUG - [Req#d96] HubCache: Retrieving '1/movie.curated.1/1/hubs/promoted/esexternal-media,indirect-media/contentDirectoryID=1&count=10&excludeContinueWatching=1&excludeElements=Actor%2CCollection%2CCountry%2CLabel%2CMood%2CPart%2CProducer%2CSimilar%2CPhoto%2CVast%2CTopic&excludeFields=file%2Ctagline&includeDetails=1&includeMeta=1&includeRecentChannels=1&pinnedContentDirectoryID=1' from the cache.
Mar 24, 2026 21:44:44.727 [281473219735776] DEBUG - Completed: [192.168.147.1:34221] 200 GET /hubs/promoted?includeMeta=1&excludeContinueWatching=1&excludeElements=Actor%2CCollection%2CCountry%2CLabel%2CMood%2CPart%2CProducer%2CSimilar%2CPhoto%2CVast%2CTopic&excludeFields=file%2Ctagline&includeRecentChannels=1&includeDetails=1&count=10&contentDirectoryID=1&pinnedContentDirectoryID=1 (10 live) #d96 GZIP 2ms 1400 bytes (pipelined: 3)
Mar 24, 2026 21:44:45.613 [281473175224544] DEBUG - Request: [192.168.147.1:34221 (Subnet)] GET /photo/:/transcode?url=%2Flibrary%2Fmetadata%2F1%2Fart%2F1774383036&width=1232&height=693&minSize=1&upscale=1 (10 live) #d98 GZIP Signed-in Token (oscaarp)
Mar 24, 2026 21:44:45.613 [281473164636384] DEBUG - Request: [192.168.147.1:31055 (Subnet)] GET /photo/:/transcode?width=240&height=360&url=%2Flibrary%2Fmetadata%2F1%2Fthumb%2F1774383036&minSize=1&upscale=1 (10 live) #d91 GZIP Signed-in Token (oscaarp)
Mar 24, 2026 21:44:45.613 [281473175224544] DEBUG - [Req#d98/PhotoTranscoder] Request for url [/library/metadata/1/art/1774383036] (is local: 1 upscaled: 1)
Mar 24, 2026 21:44:45.613 [281473164636384] DEBUG - [Req#d91/PhotoTranscoder] Request for url [/library/metadata/1/thumb/1774383036] (is local: 1 upscaled: 1)
Mar 24, 2026 21:44:45.614 [281473185923296] DEBUG - Request: [192.168.147.1:25512 (Subnet)] GET /photo/:/transcode?url=%2Flibrary%2Fmetadata%2F1%2Fart%2F1774383036&width=240&height=240&minSize=0&upscale=1&crop=center (10 live) #d97 GZIP Signed-in Token (oscaarp)
Mar 24, 2026 21:44:45.614 [281473185923296] DEBUG - [Req#d97/PhotoTranscoder] Request for url [/library/metadata/1/art/1774383036] (is local: 1 upscaled: 1)
Mar 24, 2026 21:44:45.629 [281473164636384] DEBUG - [Req#d91/PhotoTranscoder/Req#d99] Calculated media file path for path [metadata://posters/tv.plex.agents.movie_a2b7b154089a1702731f4048c056e9ce9c879ef4]: ["/config/Library/Application Support/Plex Media Server/Metadata/Movies/d/98625e8e4cc3894f298e3aeee150517f8815506.bundle/Contents/_combined/posters/tv.plex.agents.movie_a2b7b154089a1702731f4048c056e9ce9c879ef4"]
Mar 24, 2026 21:44:45.629 [281473185923296] DEBUG - [Req#d97/PhotoTranscoder/Req#d9a] Calculated media file path for path [metadata://art/tv.plex.agents.movie_1bc1ee48810f9e27961e69385d8d6610bbddc601]: ["/config/Library/Application Support/Plex Media Server/Metadata/Movies/d/98625e8e4cc3894f298e3aeee150517f8815506.bundle/Contents/_combined/art/tv.plex.agents.movie_1bc1ee48810f9e27961e69385d8d6610bbddc601"]
Mar 24, 2026 21:44:45.629 [281473164636384] DEBUG - [Req#d91/PhotoTranscoder] Calling back into ourselves for photo to transcode, optimizing the process (status: -1)
Mar 24, 2026 21:44:45.629 [281473185923296] DEBUG - [Req#d97/PhotoTranscoder] Calling back into ourselves for photo to transcode, optimizing the process (status: -1)
Mar 24, 2026 21:44:45.630 [281473175224544] DEBUG - [Req#d98/PhotoTranscoder/Req#d9b] Calculated media file path for path [metadata://art/tv.plex.agents.movie_1bc1ee48810f9e27961e69385d8d6610bbddc601]: ["/config/Library/Application Support/Plex Media Server/Metadata/Movies/d/98625e8e4cc3894f298e3aeee150517f8815506.bundle/Contents/_combined/art/tv.plex.agents.movie_1bc1ee48810f9e27961e69385d8d6610bbddc601"]
Mar 24, 2026 21:44:45.630 [281473164636384] DEBUG - [Req#d91/PhotoTranscoder] Photo cache obtained 97124 bytes from /library/metadata/1/thumb/1774383036
Mar 24, 2026 21:44:45.630 [281473175224544] DEBUG - [Req#d98/PhotoTranscoder] Calling back into ourselves for photo to transcode, optimizing the process (status: -1)
Mar 24, 2026 21:44:45.631 [281473185923296] DEBUG - [Req#d97/PhotoTranscoder] Photo cache obtained 277306 bytes from /library/metadata/1/art/1774383036
Mar 24, 2026 21:44:45.631 [281473175224544] DEBUG - [Req#d98/PhotoTranscoder] Photo cache obtained 277306 bytes from /library/metadata/1/art/1774383036
Mar 24, 2026 21:44:45.667 [281473164636384] DEBUG - [Req#d91/PhotoTranscoder] Created thumbnail of size 240x360, has pixels: 1
Mar 24, 2026 21:44:45.673 [281473221845216] DEBUG - Completed: [192.168.147.1:31055] 200 GET /photo/:/transcode?width=240&height=360&url=%2Flibrary%2Fmetadata%2F1%2Fthumb%2F1774383036&minSize=1&upscale=1 (10 live) #d91 GZIP 59ms 13926 bytes (pipelined: 2)
Mar 24, 2026 21:44:45.674 [281473162526944] DEBUG - Request: [192.168.147.1:33190 (Subnet)] GET /photo/:/transcode?width=240&height=360&url=%2Flibrary%2Fmetadata%2F1%2Fthumb%2F1774383036&minSize=1&upscale=1 (9 live) #d90 GZIP Signed-in Token (oscaarp)
Mar 24, 2026 21:44:45.674 [281473162526944] DEBUG - [Req#d90/PhotoTranscoder] Request for url [/library/metadata/1/thumb/1774383036] (is local: 1 upscaled: 1)
Mar 24, 2026 21:44:45.674 [281473162526944] DEBUG - Content-Length of /config/Library/Application Support/Plex Media Server/Cache/PhotoTranscoder/a0/a06ee42e9c09d6126c202c6686f1b76cb85c6c02.jpg is 13691 (of total: 13691).
Mar 24, 2026 21:44:45.675 [281473221845216] DEBUG - Completed: [192.168.147.1:33190] 200 GET /photo/:/transcode?width=240&height=360&url=%2Flibrary%2Fmetadata%2F1%2Fthumb%2F1774383036&minSize=1&upscale=1 (9 live) #d90 GZIP 0ms 13691 bytes (pipelined: 3)
Mar 24, 2026 21:44:45.679 [281473185923296] DEBUG - [Req#d97/PhotoTranscoder] Created thumbnail of size 240x135, has pixels: 1
Mar 24, 2026 21:44:45.681 [281473221845216] DEBUG - Completed: [192.168.147.1:25512] 200 GET /photo/:/transcode?url=%2Flibrary%2Fmetadata%2F1%2Fart%2F1774383036&width=240&height=240&minSize=0&upscale=1&crop=center (9 live) #d97 GZIP 66ms 3940 bytes (pipelined: 4)
Mar 24, 2026 21:44:45.700 [281473175224544] DEBUG - [Req#d98/PhotoTranscoder] Created thumbnail of size 1232x693, has pixels: 1
Mar 24, 2026 21:44:45.718 [281473221845216] DEBUG - Completed: [192.168.147.1:34221] 200 GET /photo/:/transcode?url=%2Flibrary%2Fmetadata%2F1%2Fart%2F1774383036&width=1232&height=693&minSize=1&upscale=1 (9 live) #d98 GZIP 105ms 45836 bytes (pipelined: 4)
Mar 24, 2026 21:44:47.039 [281473160417504] DEBUG - player xam579evnt45h5kjfj02yqja was last refreshed 6 seconds ago
Mar 24, 2026 21:44:51.227 [281473138962656] DEBUG - [HCl#3b] HTTP requesting GET https://plex.tv/api/v2/features?X-Plex-Token=xxxxxxxxxxxxxxxxxxxx
Mar 24, 2026 21:44:51.429 [281473193701600] DEBUG - [HttpClient/HCl#3b] HTTP/1.1 (0.2s) 200 response from GET https://plex.tv/api/v2/features?X-Plex-Token=xxxxxxxxxxxxxxxxxxxx (reused)
Mar 24, 2026 21:44:51.435 [281473138962656] DEBUG - [HCl#3c] HTTP requesting GET https://plex.tv/api/v2/server/users/features
Mar 24, 2026 21:44:51.567 [281473193701600] DEBUG - [HttpClient/HCl#3c] HTTP/1.1 (0.1s) 200 response from GET https://plex.tv/api/v2/server/users/features (reused)
Mar 24, 2026 21:44:57.041 [281473138962656] DEBUG - player xam579evnt45h5kjfj02yqja was last refreshed 16 seconds ago
Mar 24, 2026 21:45:02.900 [281473175224544] DEBUG - Request: [192.168.147.1:41948 (Subnet)] GET /status/sessions (10 live) #d8d GZIP Signed-in Token (oscaarp)
Mar 24, 2026 21:45:02.904 [281473175224544] DEBUG - [Req#d8d] [Now] Adding 0 sessions.
Mar 24, 2026 21:45:02.907 [281473221845216] DEBUG - Completed: [192.168.147.1:41948] 200 GET /status/sessions (10 live) #d8d GZIP 7ms 478 bytes (pipelined: 1)
Mar 24, 2026 21:45:07.042 [281473160417504] DEBUG - player xam579evnt45h5kjfj02yqja was last refreshed 26 seconds ago
Mar 24, 2026 21:45:10.776 [281473175224544] DEBUG - Request: [192.168.147.1:41948 (Subnet)] GET /:/timeline?ratingKey=1&key=%2Flibrary%2Fmetadata%2F1&playbackTime=0&playQueueItemID=1&state=paused&hasMDE=1&time=15000&duration=6739000 (6 live) #da5 GZIP Signed-in Token (oscaarp)
Mar 24, 2026 21:45:10.783 [281473175224544] DEBUG - [Req#da5] Client [vkjphyua8spggnvg82dvmqg3] reporting timeline state paused, progress of 15000/6739000ms for guid=, playbackTime=0ms ratingKey=1 url=, key=/library/metadata/1, containerKey=, metadataId=1, source=
Mar 24, 2026 21:45:10.792 [281473175224544] DEBUG - [Req#da5] We're going to try to auto-select an audio stream for account 1.
Mar 24, 2026 21:45:10.792 [281473175224544] DEBUG - [Req#da5] Selecting best audio stream for part ID 1 (language: )
Mar 24, 2026 21:45:10.792 [281473175224544] DEBUG - [Req#da5] We're going to try to auto-select a subtitle for account 1.
Mar 24, 2026 21:45:10.792 [281473175224544] DEBUG - [Req#da5] Audio Stream: 2, Subtitle Stream: -1
Mar 24, 2026 21:45:10.797 [281473175224544] DEBUG - [Req#da5] [Now] User is oscaarp (ID: 1)
Mar 24, 2026 21:45:10.803 [281473175224544] DEBUG - [Req#da5] [Now] Device is Safari (Safari).
Mar 24, 2026 21:45:10.804 [281473175224544] DEBUG - [Req#da5] [Now] Profile is Web
Mar 24, 2026 21:45:10.804 [281473175224544] DEBUG - [Req#da5] [Now] Updated play state for /library/metadata/1.
Mar 24, 2026 21:45:10.804 [281473175224544] DEBUG - [Req#da5] Statistics: (qjt50inxtzsqjpbem7hjo0tw) Reporting active playback in state 1 of type 1 (scrobble: 0) for account 1
Mar 24, 2026 21:45:10.807 [281473219735776] DEBUG - Completed: [192.168.147.1:41948] 200 GET /:/timeline?ratingKey=1&key=%2Flibrary%2Fmetadata%2F1&playbackTime=0&playQueueItemID=1&state=paused&hasMDE=1&time=15000&duration=6739000 (6 live) #da5 GZIP 31ms 502 bytes (pipelined: 2)
Mar 24, 2026 21:45:10.817 [281473175224544] DEBUG - Request: [192.168.147.1:41948 (Subnet)] GET /status/sessions (6 live) #db2 GZIP Signed-in Token (oscaarp)
Mar 24, 2026 21:45:10.817 [281473175224544] DEBUG - [Req#db2] [Now] Adding 1 sessions.
Mar 24, 2026 21:45:10.817 [281473221845216] DEBUG - Completed: [192.168.147.1:41948] 200 GET /status/sessions (6 live) #db2 GZIP 0ms 478 bytes (pipelined: 3)
Mar 24, 2026 21:45:10.835 [281473175224544] DEBUG - Request: [192.168.147.1:50448 (Subnet)] GET /library/metadata/1?includeUserState=1 (6 live) #da4 GZIP Signed-in Token (oscaarp)
Mar 24, 2026 21:45:10.839 [281473175224544] DEBUG - We're going to try to auto-select an audio stream for account 1.
Mar 24, 2026 21:45:10.839 [281473175224544] DEBUG - Selecting best audio stream for part ID 1 (language: )
Mar 24, 2026 21:45:10.839 [281473175224544] DEBUG - We're going to try to auto-select a subtitle for account 1.
Mar 24, 2026 21:45:10.839 [281473175224544] DEBUG - Audio Stream: 2, Subtitle Stream: -1
Mar 24, 2026 21:45:10.840 [281473219735776] DEBUG - Completed: [192.168.147.1:50448] 200 GET /library/metadata/1?includeUserState=1 (7 live) #da4 GZIP 5ms 4490 bytes (pipelined: 1)
Mar 24, 2026 21:45:12.631 [281473175224544] DEBUG - Request: [192.168.147.1:50448 (Subnet)] GET /player/proxy/poll?deviceClass=pc&protocolVersion=2&protocolCapabilities=timeline%2Cplayback%2Cnavigation%2Cplayqueues%2Cprovider-playback&timeout=1 (7 live) #db5 GZIP Signed-in Token (oscaarp)
Mar 24, 2026 21:45:12.631 [281473221845216] DEBUG - Completed: [192.168.147.1:42632] 204 GET /player/proxy/poll?deviceClass=pc&protocolVersion=2&protocolCapabilities=timeline%2Cplayback%2Cnavigation%2Cplayqueues%2Cprovider-playback&timeout=1 (7 live) #d82 GZIP 31010ms 203 bytes (pipelined: 2)
Mar 24, 2026 21:45:17.046 [281473136853216] DEBUG - player xam579evnt45h5kjfj02yqja was last refreshed 5 seconds ago
Mar 24, 2026 21:45:20.766 [281473175224544] DEBUG - Request: [192.168.147.1:41948 (Subnet)] GET /:/timeline?ratingKey=1&key=%2Flibrary%2Fmetadata%2F1&playbackTime=0&playQueueItemID=1&state=paused&hasMDE=1&time=15000&duration=6739000 (6 live) #db3 GZIP Signed-in Token (oscaarp)
Mar 24, 2026 21:45:20.768 [281473175224544] DEBUG - [Req#db3] Client [vkjphyua8spggnvg82dvmqg3] reporting timeline state paused, progress of 15000/6739000ms for guid=, playbackTime=0ms ratingKey=1 url=, key=/library/metadata/1, containerKey=, metadataId=1, source=
Mar 24, 2026 21:45:20.768 [281473175224544] DEBUG - [Req#db3] [Now] User is oscaarp (ID: 1)
Mar 24, 2026 21:45:20.768 [281473175224544] DEBUG - [Req#db3] [Now] Device is Safari (Safari).
Mar 24, 2026 21:45:20.769 [281473175224544] DEBUG - [Req#db3] [Now] Profile is Web
Mar 24, 2026 21:45:20.769 [281473175224544] DEBUG - [Req#db3] [Now] Updated play state for /library/metadata/1.
Mar 24, 2026 21:45:20.770 [281473175224544] DEBUG - [Req#db3] Statistics: (qjt50inxtzsqjpbem7hjo0tw) Reporting active playback in state 1 of type 1 (scrobble: 0) for account 1
Mar 24, 2026 21:45:20.772 [281473219735776] DEBUG - Completed: [192.168.147.1:41948] 200 GET /:/timeline?ratingKey=1&key=%2Flibrary%2Fmetadata%2F1&playbackTime=0&playQueueItemID=1&state=paused&hasMDE=1&time=15000&duration=6739000 (6 live) #db3 GZIP 5ms 502 bytes (pipelined: 4)
Mar 24, 2026 21:45:20.782 [281473175224544] DEBUG - Request: [192.168.147.1:46679 (Subnet)] GET /library/metadata/1?includeUserState=1 (7 live) #db4 GZIP Signed-in Token (oscaarp)
Mar 24, 2026 21:45:20.783 [281473183813856] DEBUG - Request: [192.168.147.1:41948 (Subnet)] GET /status/sessions (7 live) #dbe GZIP Signed-in Token (oscaarp)
Mar 24, 2026 21:45:20.783 [281473183813856] DEBUG - [Req#dbe] [Now] Adding 1 sessions.
Mar 24, 2026 21:45:20.784 [281473221845216] DEBUG - Completed: [192.168.147.1:41948] 200 GET /status/sessions (7 live) #dbe GZIP 1ms 478 bytes (pipelined: 5)
Mar 24, 2026 21:45:20.787 [281473175224544] DEBUG - We're going to try to auto-select an audio stream for account 1.
Mar 24, 2026 21:45:20.787 [281473175224544] DEBUG - Selecting best audio stream for part ID 1 (language: )
Mar 24, 2026 21:45:20.787 [281473175224544] DEBUG - We're going to try to auto-select a subtitle for account 1.
Mar 24, 2026 21:45:20.788 [281473175224544] DEBUG - Audio Stream: 2, Subtitle Stream: -1
Mar 24, 2026 21:45:20.790 [281473221845216] DEBUG - Completed: [192.168.147.1:46679] 200 GET /library/metadata/1?includeUserState=1 (7 live) #db4 GZIP 7ms 4490 bytes (pipelined: 1)
Mar 24, 2026 21:45:27.050 [281473168896224] DEBUG - player xam579evnt45h5kjfj02yqja was last refreshed 15 seconds ago
Mar 24, 2026 21:45:30.766 [281473183813856] DEBUG - Request: [192.168.147.1:41948 (Subnet)] GET /:/timeline?ratingKey=1&key=%2Flibrary%2Fmetadata%2F1&playbackTime=0&playQueueItemID=1&state=paused&hasMDE=1&time=15000&duration=6739000 (7 live) #dc0 GZIP Signed-in Token (oscaarp)
Mar 24, 2026 21:45:30.767 [281473183813856] DEBUG - [Req#dc0] Client [vkjphyua8spggnvg82dvmqg3] reporting timeline state paused, progress of 15000/6739000ms for guid=, playbackTime=0ms ratingKey=1 url=, key=/library/metadata/1, containerKey=, metadataId=1, source=
Mar 24, 2026 21:45:30.767 [281473183813856] DEBUG - [Req#dc0] [Now] User is oscaarp (ID: 1)
Mar 24, 2026 21:45:30.767 [281473183813856] DEBUG - [Req#dc0] [Now] Device is Safari (Safari).
Mar 24, 2026 21:45:30.768 [281473183813856] DEBUG - [Req#dc0] [Now] Profile is Web
Mar 24, 2026 21:45:30.768 [281473183813856] DEBUG - [Req#dc0] [Now] Updated play state for /library/metadata/1.
Mar 24, 2026 21:45:30.768 [281473183813856] DEBUG - [Req#dc0] Statistics: (qjt50inxtzsqjpbem7hjo0tw) Reporting active playback in state 1 of type 1 (scrobble: 0) for account 1
Mar 24, 2026 21:45:30.770 [281473219735776] DEBUG - Completed: [192.168.147.1:41948] 200 GET /:/timeline?ratingKey=1&key=%2Flibrary%2Fmetadata%2F1&playbackTime=0&playQueueItemID=1&state=paused&hasMDE=1&time=15000&duration=6739000 (7 live) #dc0 GZIP 3ms 502 bytes (pipelined: 6)
Mar 24, 2026 21:45:30.776 [281473175224544] DEBUG - Request: [192.168.147.1:41948 (Subnet)] GET /video/:/transcode/universal/ping?session=qohz2715ytpq69580gp2zoou (7 live) #dc8 GZIP Signed-in Token (oscaarp)
Mar 24, 2026 21:45:30.776 [281473175224544] WARN - [Req#dc8/Transcode] Got a transcode session ping without a valid session ID.
Mar 24, 2026 21:45:30.777 [281473183813856] DEBUG - Request: [192.168.147.1:46679 (Subnet)] GET /library/metadata/1?includeUserState=1 (7 live) #dc1 GZIP Signed-in Token (oscaarp)
Mar 24, 2026 21:45:30.777 [281473221845216] DEBUG - Completed: [192.168.147.1:41948] 404 GET /video/:/transcode/universal/ping?session=qohz2715ytpq69580gp2zoou (7 live) #dc8 GZIP 1ms 507 bytes (pipelined: 7)
Mar 24, 2026 21:45:30.781 [281473183813856] DEBUG - We're going to try to auto-select an audio stream for account 1.
Mar 24, 2026 21:45:30.781 [281473183813856] DEBUG - Selecting best audio stream for part ID 1 (language: )
Mar 24, 2026 21:45:30.781 [281473183813856] DEBUG - We're going to try to auto-select a subtitle for account 1.
Mar 24, 2026 21:45:30.781 [281473183813856] DEBUG - Audio Stream: 2, Subtitle Stream: -1
Mar 24, 2026 21:45:30.781 [281473175224544] DEBUG - Request: [192.168.147.1:41948 (Subnet)] GET /status/sessions (7 live) #dc9 GZIP Signed-in Token (oscaarp)
Mar 24, 2026 21:45:30.781 [281473175224544] DEBUG - [Req#dc9] [Now] Adding 1 sessions.
Mar 24, 2026 21:45:30.782 [281473219735776] DEBUG - Completed: [192.168.147.1:41948] 200 GET /status/sessions (7 live) #dc9 GZIP 0ms 478 bytes (pipelined: 8)
Mar 24, 2026 21:45:30.782 [281473219735776] DEBUG - Completed: [192.168.147.1:46679] 200 GET /library/metadata/1?includeUserState=1 (7 live) #dc1 GZIP 6ms 4490 bytes (pipelined: 2)
Mar 24, 2026 21:45:30.857 [281473175224544] DEBUG - Request: [192.168.147.1:41948 (Subnet)] GET /video/:/transcode/universal/decision?hasMDE=1&path=%2Flibrary%2Fmetadata%2F1&mediaIndex=0&partIndex=0&protocol=dash&fastSeek=1&directPlay=0&directStream=1&subtitleSize=100&audioBoost=100&location=lan&addDebugOverlay=0&autoAdjustQuality=0&directStreamAudio=0&mediaBufferSize=102400&session=8u64il5igz554kxo20fas27s&subtitles=burn&Accept-Language=es (7 live) #dca GZIP Signed-in Token (oscaarp)
Mar 24, 2026 21:45:30.857 [281473175224544] DEBUG - [Req#dca/Transcode] Found session GUID of 8u64il5igz554kxo20fas27s in session start.
Mar 24, 2026 21:45:30.858 [281473175224544] DEBUG - [Req#dca/Transcode] TranscodeUniversalRequest: adapting profile with augmentation data: add-limitation(scope=videoCodec&scopeName=*&type=upperBound&name=video.frameRate&value=60&replace=true)+append-transcode-target-codec(type=videoProfile&context=streaming&videoCodec=h264%2Chevc&audioCodec=aac&protocol=dash)
Mar 24, 2026 21:45:30.858 [281473175224544] DEBUG - [Req#dca/Transcode] TranscodeUniversalRequest: using augmented profile Web
Mar 24, 2026 21:45:30.858 [281473175224544] DEBUG - [Req#dca/Transcode] Downloading document http://127.0.0.1:32400/library/metadata/1?includeBandwidths=1&offset=-1&X-Plex-Incomplete-Segments=1&X-Plex-Session-Identifier=vkjphyua8spggnvg82dvmqg3
Mar 24, 2026 21:45:30.863 [281473175224544] DEBUG - [Req#dca/Transcode] We're going to try to auto-select an audio stream for account 1.
Mar 24, 2026 21:45:30.863 [281473175224544] DEBUG - [Req#dca/Transcode] Selecting best audio stream for part ID 1 (language: )
Mar 24, 2026 21:45:30.863 [281473175224544] DEBUG - [Req#dca/Transcode] We're going to try to auto-select a subtitle for account 1.
Mar 24, 2026 21:45:30.863 [281473175224544] DEBUG - [Req#dca/Transcode] Audio Stream: 2, Subtitle Stream: -1
Mar 24, 2026 21:45:30.871 [281473175224544] DEBUG - [Req#dca/Transcode] MDE: Selected protocol dash; container: mp4
Mar 24, 2026 21:45:30.871 [281473175224544] DEBUG - [Req#dca/Transcode] MDE: analyzing media item 1
Mar 24, 2026 21:45:30.871 [281473175224544] DEBUG - [Req#dca/Transcode] MDE: Los domingos (2025): Direct Play is disabled
Mar 24, 2026 21:45:30.871 [281473175224544] DEBUG - [Req#dca/Transcode] MDE: Los domingos (2025): media must be transcoded in order to use the dash protocol
Mar 24, 2026 21:45:30.871 [281473175224544] DEBUG - [Req#dca/Transcode] MDE: Los domingos (2025): no direct play video profile exists for http/mkv/h264
Mar 24, 2026 21:45:30.871 [281473175224544] DEBUG - [Req#dca/Transcode] MDE: Los domingos (2025): no direct play video profile exists for http/mkv/h264/eac3
Mar 24, 2026 21:45:30.871 [281473175224544] DEBUG - [Req#dca/Transcode] MDE: Los domingos (2025): no direct play video profile exists for http/mkv/h264/ac3
Mar 24, 2026 21:45:30.872 [281473175224544] DEBUG - [Req#dca/Transcode] MDE: Los domingos (2025): Audio Direct Streaming is disabled, so video's audio stream will be transcoded
Mar 24, 2026 21:45:30.872 [281473175224544] DEBUG - [Req#dca/Transcode] MDE: Cannot direct stream audio stream due to profile or setting limitations
Mar 24, 2026 21:45:30.872 [281473175224544] DEBUG - [Req#dca/Transcode] MDE: Los domingos (2025): selected media 0 / 1
Mar 24, 2026 21:45:30.872 [281473175224544] DEBUG - [Req#dca/Transcode] Streaming Resource: Added session 0xffff92ec4f78:vkjphyua8spggnvg82dvmqg3
Mar 24, 2026 21:45:30.872 [281473175224544] DEBUG - [Req#dca/Transcode] Streaming Resource: Reached Decision id=1 codes=(General=1001,Direct play not available; Conversion OK. Direct Play=3000,App cannot direct play this item. Direct play is disabled. Transcode=1001,Direct play not available; Conversion OK.) media=(id=1 part=(id=1 decision=transcode container=mp4 protocol=dash streams=(Video=(id=1 decision=copy width=1920 height=1080) Audio=(id=2 decision=transcode bitrate=256 encoder=aac channels=2 rate=48000))))
Mar 24, 2026 21:45:30.875 [281473221845216] DEBUG - Completed: [192.168.147.1:41948] 200 GET /video/:/transcode/universal/decision?hasMDE=1&path=%2Flibrary%2Fmetadata%2F1&mediaIndex=0&partIndex=0&protocol=dash&fastSeek=1&directPlay=0&directStream=1&subtitleSize=100&audioBoost=100&location=lan&addDebugOverlay=0&autoAdjustQuality=0&directStreamAudio=0&mediaBufferSize=102400&session=8u64il5igz554kxo20fas27s&subtitles=burn&Accept-Language=es (7 live) #dca GZIP 18ms 4644 bytes (pipelined: 9)
Mar 24, 2026 21:45:30.924 [281473183813856] DEBUG - Request: [192.168.147.1:41948 (Subnet)] GET /video/:/transcode/universal/start.mpd?hasMDE=1&path=%2Flibrary%2Fmetadata%2F1&mediaIndex=0&partIndex=0&protocol=dash&fastSeek=1&directPlay=0&directStream=1&subtitleSize=100&audioBoost=100&location=lan&addDebugOverlay=0&autoAdjustQuality=0&directStreamAudio=0&mediaBufferSize=102400&session=8u64il5igz554kxo20fas27s&subtitles=burn&Accept-Language=es (7 live) #dce GZIP Signed-in Token (oscaarp)
Mar 24, 2026 21:45:30.924 [281473183813856] DEBUG - [Req#dce/Transcode] Found session GUID of 8u64il5igz554kxo20fas27s in session start.
Mar 24, 2026 21:45:30.925 [281473183813856] DEBUG - [Req#dce/Transcode] TranscodeUniversalRequest: adapting profile with augmentation data: add-limitation(scope=videoCodec&scopeName=*&type=upperBound&name=video.frameRate&value=60&replace=true)+append-transcode-target-codec(type=videoProfile&context=streaming&videoCodec=h264%2Chevc&audioCodec=aac&protocol=dash)
Mar 24, 2026 21:45:30.925 [281473183813856] DEBUG - [Req#dce/Transcode] TranscodeUniversalRequest: using augmented profile Web
Mar 24, 2026 21:45:30.925 [281473183813856] DEBUG - [Req#dce/Transcode] Downloading document http://127.0.0.1:32400/library/metadata/1?checkFiles=1&includeBandwidths=1&offset=-1&X-Plex-Incomplete-Segments=1&X-Plex-Session-Identifier=vkjphyua8spggnvg82dvmqg3
Mar 24, 2026 21:45:30.932 [281473183813856] DEBUG - [Req#dce/Transcode] We're going to try to auto-select an audio stream for account 1.
Mar 24, 2026 21:45:30.932 [281473183813856] DEBUG - [Req#dce/Transcode] Selecting best audio stream for part ID 1 (language: )
Mar 24, 2026 21:45:30.932 [281473183813856] DEBUG - [Req#dce/Transcode] We're going to try to auto-select a subtitle for account 1.
Mar 24, 2026 21:45:30.932 [281473183813856] DEBUG - [Req#dce/Transcode] Audio Stream: 2, Subtitle Stream: -1
Mar 24, 2026 21:45:30.935 [281473183813856] DEBUG - [Req#dce/Transcode] Found session GUID of 8u64il5igz554kxo20fas27s in session start.
Mar 24, 2026 21:45:30.935 [281473183813856] DEBUG - [Req#dce/Transcode] Cleaning directory for session 8u64il5igz554kxo20fas27s ()
Mar 24, 2026 21:45:30.935 [281473183813856] DEBUG - [Req#dce/Transcode] Starting a transcode session 8u64il5igz554kxo20fas27s at offset -1.0 (state=3)
Mar 24, 2026 21:45:30.939 [281473183813856] DEBUG - [Req#dce/Transcode] [Universal] Using local file path instead of URL: /movies/Los domingos (2025).mkv
Mar 24, 2026 21:45:30.940 [281473183813856] DEBUG - [Req#dce/Transcode/JobRunner] Job running: EAE_ROOT=/run/plex-temp/pms-fc53ad29-caaf-4dcc-9343-1bee7a4f9643/EasyAudioEncoder FFMPEG_EXTERNAL_LIBS='/config/Library/Application\ Support/Plex\ Media\ Server/Codecs/74455c4-a119aa85fdef32b7dbfbf8a2-linux-aarch64/' X_PLEX_TOKEN=xxxxxxxxxxxxxxxxxxxxxxxxxxxxxxxxxxxxxxxxxx "/usr/lib/plexmediaserver/Plex Transcoder" -codec:0 h264 -codec:1 eac3_eae -eae_prefix:1 8u64il5igz554kxo20fas27s_ -ss 0 -noaccurate_seek -analyzeduration 20000000 -probesize 20000000 -i "/movies/Los domingos (2025).mkv" -start_at_zero -copyts -fps_mode cfr -y -nostats -loglevel quiet -loglevel_plex error -progressurl http://127.0.0.1:32400/video/:/transcode/session/8u64il5igz554kxo20fas27s/a1741535-7d37-4f3c-b4ed-31e52f32092e/progress -map 0:0 -metadata:s:0 language=spa -codec:0 copy -filter_complex "[0:1] aresample=async=1:ochl='stereo':rematrix_maxval=0.000000dB:osr=48000[0]" -map "[0]" -metadata:s:1 language=spa -codec:1 aac -b:1 256k -f dash -seg_duration 5 -dash_segment_type mp4 -init_seg_name 'init-stream$RepresentationID$.m4s' -media_seg_name 'chunk-stream$RepresentationID$-$Number%05d$.m4s' -window_size 5 -delete_removed false -skip_to_segment 1 -manifest_name "http://127.0.0.1:32400/video/:/transcode/session/8u64il5igz554kxo20fas27s/a1741535-7d37-4f3c-b4ed-31e52f32092e/manifest?X-Plex-Http-Pipeline=infinite" -avoid_negative_ts disabled -map_metadata -1 -map_chapters -1 dash
Mar 24, 2026 21:45:30.940 [281473183813856] DEBUG - [Req#dce/Transcode/JobRunner] In directory: "/config/Library/Application Support/Plex Media Server/Cache/Transcode/Sessions/plex-transcode-8u64il5igz554kxo20fas27s-a1741535-7d37-4f3c-b4ed-31e52f32092e"
Mar 24, 2026 21:45:30.942 [281473183813856] DEBUG - [Req#dce/Transcode/JobRunner] Jobs: Starting child process with pid 410
Mar 24, 2026 21:45:30.991 [281473175224544] DEBUG - Request: [127.0.0.1:45886 (Loopback)] PUT /video/:/transcode/session/8u64il5igz554kxo20fas27s/a1741535-7d37-4f3c-b4ed-31e52f32092e/progress/stream?index=0&id=0&codec=h264&type=video (7 live) #dbf Signed-in Token (oscaarp) (range: bytes=0-) 
Mar 24, 2026 21:45:30.991 [281473219735776] DEBUG - Completed: [127.0.0.1:45886] 200 PUT /video/:/transcode/session/8u64il5igz554kxo20fas27s/a1741535-7d37-4f3c-b4ed-31e52f32092e/progress/stream?index=0&id=0&codec=h264&type=video (8 live) #dbf 0ms 195 bytes (pipelined: 1) (range: bytes=0-) 
Mar 24, 2026 21:45:30.991 [281473175224544] DEBUG - Request: [127.0.0.1:45886 (Loopback)] PUT /video/:/transcode/session/8u64il5igz554kxo20fas27s/a1741535-7d37-4f3c-b4ed-31e52f32092e/progress/stream?index=1&id=0&codec=eac3&type=audio (8 live) #dd2 Signed-in Token (oscaarp) (range: bytes=0-) 
Mar 24, 2026 21:45:30.991 [281473221845216] DEBUG - Completed: [127.0.0.1:45886] 200 PUT /video/:/transcode/session/8u64il5igz554kxo20fas27s/a1741535-7d37-4f3c-b4ed-31e52f32092e/progress/stream?index=1&id=0&codec=eac3&type=audio (8 live) #dd2 0ms 195 bytes (pipelined: 2) (range: bytes=0-) 
Mar 24, 2026 21:45:30.991 [281473175224544] DEBUG - Request: [127.0.0.1:45886 (Loopback)] PUT /video/:/transcode/session/8u64il5igz554kxo20fas27s/a1741535-7d37-4f3c-b4ed-31e52f32092e/progress/stream?index=2&id=0&codec=ac3&type=audio (8 live) #dd3 Signed-in Token (oscaarp) (range: bytes=0-) 
Mar 24, 2026 21:45:30.994 [281473219735776] DEBUG - Completed: [127.0.0.1:45886] 200 PUT /video/:/transcode/session/8u64il5igz554kxo20fas27s/a1741535-7d37-4f3c-b4ed-31e52f32092e/progress/stream?index=2&id=0&codec=ac3&type=audio (8 live) #dd3 2ms 195 bytes (pipelined: 3) (range: bytes=0-) 
Mar 24, 2026 21:45:31.013 [281473175224544] DEBUG - Request: [127.0.0.1:45886 (Loopback)] PUT /video/:/transcode/session/8u64il5igz554kxo20fas27s/a1741535-7d37-4f3c-b4ed-31e52f32092e/progress/streamDetail?index=0&id=0&codec=h264&type=video&profile=Main&language=spa&width=1920&height=1080&interlaced=0&level=42&frameRate=50.000&disp_default=1 (8 live) #dd4 Signed-in Token (oscaarp) (range: bytes=0-) 
Mar 24, 2026 21:45:31.013 [281473221845216] DEBUG - Completed: [127.0.0.1:45886] 200 PUT /video/:/transcode/session/8u64il5igz554kxo20fas27s/a1741535-7d37-4f3c-b4ed-31e52f32092e/progress/streamDetail?index=0&id=0&codec=h264&type=video&profile=Main&language=spa&width=1920&height=1080&interlaced=0&level=42&frameRate=50.000&disp_default=1 (8 live) #dd4 0ms 195 bytes (pipelined: 4) (range: bytes=0-) 
Mar 24, 2026 21:45:31.013 [281473175224544] DEBUG - Request: [127.0.0.1:45886 (Loopback)] PUT /video/:/transcode/session/8u64il5igz554kxo20fas27s/a1741535-7d37-4f3c-b4ed-31e52f32092e/progress/streamDetail?index=1&id=0&codec=eac3&type=audio&bitrate=576000&language=spa&channels=6&layout=5.1%28side%29&sampleRate=48000 (8 live) #dd5 Signed-in Token (oscaarp) (range: bytes=0-) 
Mar 24, 2026 21:45:31.013 [281473221845216] DEBUG - Completed: [127.0.0.1:45886] 200 PUT /video/:/transcode/session/8u64il5igz554kxo20fas27s/a1741535-7d37-4f3c-b4ed-31e52f32092e/progress/streamDetail?index=1&id=0&codec=eac3&type=audio&bitrate=576000&language=spa&channels=6&layout=5.1%28side%29&sampleRate=48000 (8 live) #dd5 0ms 195 bytes (pipelined: 5) (range: bytes=0-) 
Mar 24, 2026 21:45:31.013 [281473175224544] DEBUG - Request: [127.0.0.1:45886 (Loopback)] PUT /video/:/transcode/session/8u64il5igz554kxo20fas27s/a1741535-7d37-4f3c-b4ed-31e52f32092e/progress/streamDetail?index=2&id=0&codec=ac3&type=audio&bitrate=640000&language=spa&channels=6&layout=5.1%28side%29&sampleRate=48000&disp_default=1 (8 live) #dd6 Signed-in Token (oscaarp) (range: bytes=0-) 
Mar 24, 2026 21:45:31.013 [281473219735776] DEBUG - Completed: [127.0.0.1:45886] 200 PUT /video/:/transcode/session/8u64il5igz554kxo20fas27s/a1741535-7d37-4f3c-b4ed-31e52f32092e/progress/streamDetail?index=2&id=0&codec=ac3&type=audio&bitrate=640000&language=spa&channels=6&layout=5.1%28side%29&sampleRate=48000&disp_default=1 (8 live) #dd6 0ms 195 bytes (pipelined: 6) (range: bytes=0-) 
Mar 24, 2026 21:45:31.013 [281473175224544] DEBUG - Request: [127.0.0.1:45886 (Loopback)] PUT /video/:/transcode/session/8u64il5igz554kxo20fas27s/a1741535-7d37-4f3c-b4ed-31e52f32092e/progress/streamDetail?index=3&id=0&codec=subrip&type=subtitle&language=spa (8 live) #dd7 Signed-in Token (oscaarp) (range: bytes=0-) 
Mar 24, 2026 21:45:31.014 [281473219735776] DEBUG - Completed: [127.0.0.1:45886] 200 PUT /video/:/transcode/session/8u64il5igz554kxo20fas27s/a1741535-7d37-4f3c-b4ed-31e52f32092e/progress/streamDetail?index=3&id=0&codec=subrip&type=subtitle&language=spa (8 live) #dd7 0ms 195 bytes (pipelined: 7) (range: bytes=0-) 
Mar 24, 2026 21:45:31.019 [281473175224544] DEBUG - Request: [127.0.0.1:45886 (Loopback)] PUT /video/:/transcode/session/8u64il5igz554kxo20fas27s/a1741535-7d37-4f3c-b4ed-31e52f32092e/progress?duration=6739.580000 (8 live) #dd8 Signed-in Token (oscaarp) (range: bytes=0-) 
Mar 24, 2026 21:45:31.019 [281473219735776] DEBUG - Completed: [127.0.0.1:45886] 204 PUT /video/:/transcode/session/8u64il5igz554kxo20fas27s/a1741535-7d37-4f3c-b4ed-31e52f32092e/progress?duration=6739.580000 (8 live) #dd8 0ms 203 bytes (pipelined: 8) (range: bytes=0-) 
Mar 24, 2026 21:45:31.019 [281473183813856] DEBUG - [Req#dce/Transcode] Started session successfully: 8u64il5igz554kxo20fas27s
Mar 24, 2026 21:45:31.020 [281473221845216] DEBUG - Completed: [192.168.147.1:41948] 200 GET /video/:/transcode/universal/start.mpd?hasMDE=1&path=%2Flibrary%2Fmetadata%2F1&mediaIndex=0&partIndex=0&protocol=dash&fastSeek=1&directPlay=0&directStream=1&subtitleSize=100&audioBoost=100&location=lan&addDebugOverlay=0&autoAdjustQuality=0&directStreamAudio=0&mediaBufferSize=102400&session=8u64il5igz554kxo20fas27s&subtitles=burn&Accept-Language=es (8 live) #dce GZIP 95ms 1080 bytes (pipelined: 10)
Mar 24, 2026 21:45:31.020 [281473175224544] DEBUG - Request: [127.0.0.1:45886 (Loopback)] PUT /video/:/transcode/session/8u64il5igz554kxo20fas27s/a1741535-7d37-4f3c-b4ed-31e52f32092e/progress?width=1920&height=1080 (8 live) #dd9 Signed-in Token (oscaarp) (range: bytes=0-) 
Mar 24, 2026 21:45:31.020 [281473221845216] DEBUG - Completed: [127.0.0.1:45886] 206 PUT /video/:/transcode/session/8u64il5igz554kxo20fas27s/a1741535-7d37-4f3c-b4ed-31e52f32092e/progress?width=1920&height=1080 (8 live) #dd9 0ms 355 bytes (pipelined: 9) (range: bytes=0-) 
Mar 24, 2026 21:45:31.025 [281473183813856] DEBUG - Request: [192.168.147.1:41948 (Subnet)] GET /status/sessions (8 live) #de0 GZIP Signed-in Token (oscaarp)
Mar 24, 2026 21:45:31.025 [281473183813856] DEBUG - [Req#de0] [Now] Adding 1 sessions.
Mar 24, 2026 21:45:31.026 [281473219735776] DEBUG - Completed: [192.168.147.1:41948] 200 GET /status/sessions (8 live) #de0 GZIP 0ms 478 bytes (pipelined: 11)
Mar 24, 2026 21:45:31.038 [281473183813856] DEBUG - Request: [192.168.147.1:41948 (Subnet)] GET /video/:/transcode/universal/session/8u64il5igz554kxo20fas27s/1/header (8 live) #de2 GZIP Signed-in
Mar 24, 2026 21:45:31.039 [281473175224544] DEBUG - Request: [192.168.147.1:32528 (Subnet)] GET /video/:/transcode/universal/session/8u64il5igz554kxo20fas27s/0/header (8 live) #dd1 GZIP Signed-in
Mar 24, 2026 21:45:31.118 [281473185923296] DEBUG - [Req#de4/Transcode/8u64il5igz554kxo20fas27s/a1741535-7d37-4f3c-b4ed-31e52f32092e] Transcoder segment range: 0 - 0 (0)
Mar 24, 2026 21:45:31.138 [281473183813856] DEBUG - [Req#de2/Transcode/8u64il5igz554kxo20fas27s] Exists("/config/Library/Application Support/Plex Media Server/Cache/Transcode/Sessions/plex-transcode-8u64il5igz554kxo20fas27s-a1741535-7d37-4f3c-b4ed-31e52f32092e/init-stream1.m4s") => 1
Mar 24, 2026 21:45:31.138 [281473183813856] DEBUG - Content-Length of /config/Library/Application Support/Plex Media Server/Cache/Transcode/Sessions/plex-transcode-8u64il5igz554kxo20fas27s-a1741535-7d37-4f3c-b4ed-31e52f32092e/init-stream1.m4s is 765 (of total: 765).
Mar 24, 2026 21:45:31.142 [281473221845216] DEBUG - Completed: [192.168.147.1:41948] 200 GET /video/:/transcode/universal/session/8u64il5igz554kxo20fas27s/1/header (9 live) #de2 GZIP 103ms 765 bytes (pipelined: 12)
Mar 24, 2026 21:45:31.142 [281473175224544] DEBUG - [Req#dd1/Transcode/8u64il5igz554kxo20fas27s] Exists("/config/Library/Application Support/Plex Media Server/Cache/Transcode/Sessions/plex-transcode-8u64il5igz554kxo20fas27s-a1741535-7d37-4f3c-b4ed-31e52f32092e/init-stream0.m4s") => 1
Mar 24, 2026 21:45:31.142 [281473175224544] DEBUG - Content-Length of /config/Library/Application Support/Plex Media Server/Cache/Transcode/Sessions/plex-transcode-8u64il5igz554kxo20fas27s-a1741535-7d37-4f3c-b4ed-31e52f32092e/init-stream0.m4s is 830 (of total: 830).
Mar 24, 2026 21:45:31.142 [281473221845216] DEBUG - Completed: [192.168.147.1:32528] 200 GET /video/:/transcode/universal/session/8u64il5igz554kxo20fas27s/0/header (9 live) #dd1 GZIP 102ms 830 bytes (pipelined: 1)
Mar 24, 2026 21:45:31.162 [281473185923296] DEBUG - Request: [192.168.147.1:41948 (Subnet)] GET /video/:/transcode/universal/session/8u64il5igz554kxo20fas27s/0/2.m4s (9 live) #de7 GZIP Signed-in
Mar 24, 2026 21:45:31.162 [281473183813856] DEBUG - Request: [192.168.147.1:32528 (Subnet)] GET /video/:/transcode/universal/session/8u64il5igz554kxo20fas27s/1/2.m4s (9 live) #de8 GZIP Signed-in
Mar 24, 2026 21:45:31.162 [281473183813856] DEBUG - [Req#de8/Transcode/8u64il5igz554kxo20fas27s] Asked for segment 2 from session.
Mar 24, 2026 21:45:31.162 [281473185923296] DEBUG - [Req#de7/Transcode/8u64il5igz554kxo20fas27s] Asked for segment 2 from session.
Mar 24, 2026 21:45:31.201 [281473175224544] DEBUG - [Req#de5/Transcode/8u64il5igz554kxo20fas27s/a1741535-7d37-4f3c-b4ed-31e52f32092e] Transcoder segment range: 0 - 1 (1)
Mar 24, 2026 21:45:31.317 [281473175224544] DEBUG - [Req#de9/Transcode/8u64il5igz554kxo20fas27s/a1741535-7d37-4f3c-b4ed-31e52f32092e] Transcoder segment range: 0 - 2 (2)
Mar 24, 2026 21:45:31.367 [281473185923296] DEBUG - [Req#de7/Transcode/8u64il5igz554kxo20fas27s] Returning segment 2 from session
Mar 24, 2026 21:45:31.368 [281473185923296] DEBUG - Content-Length of /config/Library/Application Support/Plex Media Server/Cache/Transcode/Sessions/plex-transcode-8u64il5igz554kxo20fas27s-a1741535-7d37-4f3c-b4ed-31e52f32092e/init-stream0.m4s,/config/Library/Application Support/Plex Media Server/Cache/Transcode/Sessions/plex-transcode-8u64il5igz554kxo20fas27s-a1741535-7d37-4f3c-b4ed-31e52f32092e/chunk-stream0-00003.m4s is 440253 (of total: 440253).
Mar 24, 2026 21:45:31.368 [281473221845216] DEBUG - Completed: [192.168.147.1:41948] 200 GET /video/:/transcode/universal/session/8u64il5igz554kxo20fas27s/0/2.m4s (9 live) #de7 GZIP 206ms 440253 bytes (pipelined: 13)
Mar 24, 2026 21:45:31.368 [281473183813856] DEBUG - [Req#de8/Transcode/8u64il5igz554kxo20fas27s] Returning segment 2 from session
Mar 24, 2026 21:45:31.368 [281473183813856] DEBUG - Content-Length of /config/Library/Application Support/Plex Media Server/Cache/Transcode/Sessions/plex-transcode-8u64il5igz554kxo20fas27s-a1741535-7d37-4f3c-b4ed-31e52f32092e/init-stream1.m4s,/config/Library/Application Support/Plex Media Server/Cache/Transcode/Sessions/plex-transcode-8u64il5igz554kxo20fas27s-a1741535-7d37-4f3c-b4ed-31e52f32092e/chunk-stream1-00003.m4s is 153793 (of total: 153793).
Mar 24, 2026 21:45:31.369 [281473221845216] DEBUG - Completed: [192.168.147.1:32528] 200 GET /video/:/transcode/universal/session/8u64il5igz554kxo20fas27s/1/2.m4s (9 live) #de8 GZIP 207ms 153793 bytes (pipelined: 2)
Mar 24, 2026 21:45:31.375 [281473175224544] DEBUG - Request: [192.168.147.1:41948 (Subnet)] GET /video/:/transcode/universal/session/8u64il5igz554kxo20fas27s/1/3.m4s (9 live) #ded GZIP Signed-in
Mar 24, 2026 21:45:31.376 [281473175224544] DEBUG - [Req#ded/Transcode/8u64il5igz554kxo20fas27s] Asked for segment 3 from session.
Mar 24, 2026 21:45:31.376 [281473185923296] DEBUG - Request: [192.168.147.1:32528 (Subnet)] GET /video/:/transcode/universal/session/8u64il5igz554kxo20fas27s/0/3.m4s (9 live) #dee GZIP Signed-in
Mar 24, 2026 21:45:31.376 [281473185923296] DEBUG - [Req#dee/Transcode/8u64il5igz554kxo20fas27s] Asked for segment 3 from session.
Mar 24, 2026 21:45:31.471 [281473183813856] DEBUG - [Req#deb/Transcode/8u64il5igz554kxo20fas27s/a1741535-7d37-4f3c-b4ed-31e52f32092e] Transcoder segment range: 0 - 3 (3)
Mar 24, 2026 21:45:31.476 [281473175224544] DEBUG - [Req#ded/Transcode/8u64il5igz554kxo20fas27s] Returning segment 3 from session
Mar 24, 2026 21:45:31.476 [281473175224544] DEBUG - Content-Length of /config/Library/Application Support/Plex Media Server/Cache/Transcode/Sessions/plex-transcode-8u64il5igz554kxo20fas27s-a1741535-7d37-4f3c-b4ed-31e52f32092e/init-stream1.m4s,/config/Library/Application Support/Plex Media Server/Cache/Transcode/Sessions/plex-transcode-8u64il5igz554kxo20fas27s-a1741535-7d37-4f3c-b4ed-31e52f32092e/chunk-stream1-00004.m4s is 143639 (of total: 143639).
Mar 24, 2026 21:45:31.476 [281473185923296] DEBUG - [Req#dee/Transcode/8u64il5igz554kxo20fas27s] Returning segment 3 from session
Mar 24, 2026 21:45:31.476 [281473185923296] DEBUG - Content-Length of /config/Library/Application Support/Plex Media Server/Cache/Transcode/Sessions/plex-transcode-8u64il5igz554kxo20fas27s-a1741535-7d37-4f3c-b4ed-31e52f32092e/init-stream0.m4s,/config/Library/Application Support/Plex Media Server/Cache/Transcode/Sessions/plex-transcode-8u64il5igz554kxo20fas27s-a1741535-7d37-4f3c-b4ed-31e52f32092e/chunk-stream0-00004.m4s is 1323808 (of total: 1323808).
Mar 24, 2026 21:45:31.476 [281473221845216] DEBUG - Completed: [192.168.147.1:41948] 200 GET /video/:/transcode/universal/session/8u64il5igz554kxo20fas27s/1/3.m4s (9 live) #ded GZIP 101ms 143639 bytes (pipelined: 14)
Mar 24, 2026 21:45:31.479 [281473221845216] DEBUG - Completed: [192.168.147.1:32528] 200 GET /video/:/transcode/universal/session/8u64il5igz554kxo20fas27s/0/3.m4s (9 live) #dee GZIP 103ms 1323808 bytes (pipelined: 3)
Mar 24, 2026 21:45:31.482 [281473183813856] DEBUG - Request: [192.168.147.1:41948 (Subnet)] GET /video/:/transcode/universal/session/8u64il5igz554kxo20fas27s/1/4.m4s (9 live) #df1 GZIP Signed-in
Mar 24, 2026 21:45:31.482 [281473183813856] DEBUG - [Req#df1/Transcode/8u64il5igz554kxo20fas27s] Asked for segment 4 from session.
Mar 24, 2026 21:45:31.485 [281473175224544] DEBUG - Request: [192.168.147.1:32528 (Subnet)] GET /video/:/transcode/universal/session/8u64il5igz554kxo20fas27s/0/4.m4s (9 live) #df2 GZIP Signed-in
Mar 24, 2026 21:45:31.485 [281473175224544] DEBUG - [Req#df2/Transcode/8u64il5igz554kxo20fas27s] Asked for segment 4 from session.
Mar 24, 2026 21:45:31.588 [281473185923296] DEBUG - [Req#def/Transcode/8u64il5igz554kxo20fas27s/a1741535-7d37-4f3c-b4ed-31e52f32092e] Transcoder segment range: 0 - 4 (4)
Mar 24, 2026 21:45:31.683 [281473183813856] DEBUG - [Req#df1/Transcode/8u64il5igz554kxo20fas27s] Returning segment 4 from session
Mar 24, 2026 21:45:31.684 [281473183813856] DEBUG - Content-Length of /config/Library/Application Support/Plex Media Server/Cache/Transcode/Sessions/plex-transcode-8u64il5igz554kxo20fas27s-a1741535-7d37-4f3c-b4ed-31e52f32092e/init-stream1.m4s,/config/Library/Application Support/Plex Media Server/Cache/Transcode/Sessions/plex-transcode-8u64il5igz554kxo20fas27s-a1741535-7d37-4f3c-b4ed-31e52f32092e/chunk-stream1-00005.m4s is 172270 (of total: 172270).
Mar 24, 2026 21:45:31.684 [281473221845216] DEBUG - Completed: [192.168.147.1:41948] 200 GET /video/:/transcode/universal/session/8u64il5igz554kxo20fas27s/1/4.m4s (9 live) #df1 GZIP 201ms 172270 bytes (pipelined: 15)
Mar 24, 2026 21:45:31.685 [281473175224544] DEBUG - [Req#df2/Transcode/8u64il5igz554kxo20fas27s] Returning segment 4 from session
Mar 24, 2026 21:45:31.685 [281473175224544] DEBUG - Content-Length of /config/Library/Application Support/Plex Media Server/Cache/Transcode/Sessions/plex-transcode-8u64il5igz554kxo20fas27s-a1741535-7d37-4f3c-b4ed-31e52f32092e/init-stream0.m4s,/config/Library/Application Support/Plex Media Server/Cache/Transcode/Sessions/plex-transcode-8u64il5igz554kxo20fas27s-a1741535-7d37-4f3c-b4ed-31e52f32092e/chunk-stream0-00005.m4s is 2940523 (of total: 2940523).
Mar 24, 2026 21:45:31.687 [281473221845216] DEBUG - Completed: [192.168.147.1:32528] 200 GET /video/:/transcode/universal/session/8u64il5igz554kxo20fas27s/0/4.m4s (9 live) #df2 GZIP 202ms 2940523 bytes (pipelined: 4)
Mar 24, 2026 21:45:31.696 [281473185923296] DEBUG - Request: [192.168.147.1:41948 (Subnet)] GET /video/:/transcode/universal/session/8u64il5igz554kxo20fas27s/1/5.m4s (9 live) #df6 GZIP Signed-in
Mar 24, 2026 21:45:31.696 [281473185923296] DEBUG - [Req#df6/Transcode/8u64il5igz554kxo20fas27s] Asked for segment 5 from session.
Mar 24, 2026 21:45:31.698 [281473183813856] DEBUG - Request: [192.168.147.1:32528 (Subnet)] GET /video/:/transcode/universal/session/8u64il5igz554kxo20fas27s/0/5.m4s (9 live) #df7 GZIP Signed-in
Mar 24, 2026 21:45:31.698 [281473183813856] DEBUG - [Req#df7/Transcode/8u64il5igz554kxo20fas27s] Asked for segment 5 from session.
Mar 24, 2026 21:45:31.772 [281473175224544] DEBUG - [Req#df4/Transcode/8u64il5igz554kxo20fas27s/a1741535-7d37-4f3c-b4ed-31e52f32092e] Transcoder segment range: 0 - 5 (5)
Mar 24, 2026 21:45:31.796 [281473185923296] DEBUG - [Req#df6/Transcode/8u64il5igz554kxo20fas27s] Returning segment 5 from session
Mar 24, 2026 21:45:31.796 [281473185923296] DEBUG - Content-Length of /config/Library/Application Support/Plex Media Server/Cache/Transcode/Sessions/plex-transcode-8u64il5igz554kxo20fas27s-a1741535-7d37-4f3c-b4ed-31e52f32092e/init-stream1.m4s,/config/Library/Application Support/Plex Media Server/Cache/Transcode/Sessions/plex-transcode-8u64il5igz554kxo20fas27s-a1741535-7d37-4f3c-b4ed-31e52f32092e/chunk-stream1-00006.m4s is 118389 (of total: 118389).
Mar 24, 2026 21:45:31.797 [281473221845216] DEBUG - Completed: [192.168.147.1:41948] 200 GET /video/:/transcode/universal/session/8u64il5igz554kxo20fas27s/1/5.m4s (9 live) #df6 GZIP 101ms 118389 bytes (pipelined: 16)
Mar 24, 2026 21:45:31.798 [281473183813856] DEBUG - [Req#df7/Transcode/8u64il5igz554kxo20fas27s] Returning segment 5 from session
Mar 24, 2026 21:45:31.798 [281473183813856] DEBUG - Content-Length of /config/Library/Application Support/Plex Media Server/Cache/Transcode/Sessions/plex-transcode-8u64il5igz554kxo20fas27s-a1741535-7d37-4f3c-b4ed-31e52f32092e/init-stream0.m4s,/config/Library/Application Support/Plex Media Server/Cache/Transcode/Sessions/plex-transcode-8u64il5igz554kxo20fas27s-a1741535-7d37-4f3c-b4ed-31e52f32092e/chunk-stream0-00006.m4s is 613379 (of total: 613379).
Mar 24, 2026 21:45:31.799 [281473221845216] DEBUG - Completed: [192.168.147.1:32528] 200 GET /video/:/transcode/universal/session/8u64il5igz554kxo20fas27s/0/5.m4s (9 live) #df7 GZIP 101ms 613379 bytes (pipelined: 5)
Mar 24, 2026 21:45:31.809 [281473175224544] DEBUG - Request: [192.168.147.1:41948 (Subnet)] GET /video/:/transcode/universal/session/8u64il5igz554kxo20fas27s/1/6.m4s (9 live) #dfa GZIP Signed-in
Mar 24, 2026 21:45:31.809 [281473175224544] DEBUG - [Req#dfa/Transcode/8u64il5igz554kxo20fas27s] Asked for segment 6 from session.
Mar 24, 2026 21:45:31.811 [281473185923296] DEBUG - Request: [192.168.147.1:32528 (Subnet)] GET /video/:/transcode/universal/session/8u64il5igz554kxo20fas27s/0/6.m4s (9 live) #dfb GZIP Signed-in
Mar 24, 2026 21:45:31.811 [281473185923296] DEBUG - [Req#dfb/Transcode/8u64il5igz554kxo20fas27s] Asked for segment 6 from session.
Mar 24, 2026 21:45:31.875 [281473183813856] DEBUG - [Req#df8/Transcode/8u64il5igz554kxo20fas27s/a1741535-7d37-4f3c-b4ed-31e52f32092e] Transcoder segment range: 0 - 6 (6)
Mar 24, 2026 21:45:31.909 [281473175224544] DEBUG - [Req#dfa/Transcode/8u64il5igz554kxo20fas27s] Returning segment 6 from session
Mar 24, 2026 21:45:31.909 [281473175224544] DEBUG - Content-Length of /config/Library/Application Support/Plex Media Server/Cache/Transcode/Sessions/plex-transcode-8u64il5igz554kxo20fas27s-a1741535-7d37-4f3c-b4ed-31e52f32092e/init-stream1.m4s,/config/Library/Application Support/Plex Media Server/Cache/Transcode/Sessions/plex-transcode-8u64il5igz554kxo20fas27s-a1741535-7d37-4f3c-b4ed-31e52f32092e/chunk-stream1-00007.m4s is 152549 (of total: 152549).
Mar 24, 2026 21:45:31.909 [281473221845216] DEBUG - Completed: [192.168.147.1:41948] 200 GET /video/:/transcode/universal/session/8u64il5igz554kxo20fas27s/1/6.m4s (9 live) #dfa GZIP 100ms 152549 bytes (pipelined: 17)
Mar 24, 2026 21:45:31.911 [281473185923296] DEBUG - [Req#dfb/Transcode/8u64il5igz554kxo20fas27s] Returning segment 6 from session
Mar 24, 2026 21:45:31.911 [281473185923296] DEBUG - Content-Length of /config/Library/Application Support/Plex Media Server/Cache/Transcode/Sessions/plex-transcode-8u64il5igz554kxo20fas27s-a1741535-7d37-4f3c-b4ed-31e52f32092e/init-stream0.m4s,/config/Library/Application Support/Plex Media Server/Cache/Transcode/Sessions/plex-transcode-8u64il5igz554kxo20fas27s-a1741535-7d37-4f3c-b4ed-31e52f32092e/chunk-stream0-00007.m4s is 607685 (of total: 607685).
Mar 24, 2026 21:45:31.912 [281473221845216] DEBUG - Completed: [192.168.147.1:32528] 200 GET /video/:/transcode/universal/session/8u64il5igz554kxo20fas27s/0/6.m4s (9 live) #dfb GZIP 101ms 607685 bytes (pipelined: 6)
Mar 24, 2026 21:45:31.921 [281473183813856] DEBUG - Request: [192.168.147.1:41948 (Subnet)] GET /video/:/transcode/universal/session/8u64il5igz554kxo20fas27s/1/7.m4s (9 live) #dfe GZIP Signed-in
Mar 24, 2026 21:45:31.922 [281473183813856] DEBUG - [Req#dfe/Transcode/8u64il5igz554kxo20fas27s] Asked for segment 7 from session.
Mar 24, 2026 21:45:31.924 [281473175224544] DEBUG - Request: [192.168.147.1:32528 (Subnet)] GET /video/:/transcode/universal/session/8u64il5igz554kxo20fas27s/0/7.m4s (9 live) #dff GZIP Signed-in
Mar 24, 2026 21:45:31.924 [281473175224544] DEBUG - [Req#dff/Transcode/8u64il5igz554kxo20fas27s] Asked for segment 7 from session.
Mar 24, 2026 21:45:31.967 [281473185923296] DEBUG - [Req#dfc/Transcode/8u64il5igz554kxo20fas27s/a1741535-7d37-4f3c-b4ed-31e52f32092e] Transcoder segment range: 0 - 7 (7)
Mar 24, 2026 21:45:32.022 [281473183813856] DEBUG - [Req#dfe/Transcode/8u64il5igz554kxo20fas27s] Returning segment 7 from session
Mar 24, 2026 21:45:32.022 [281473183813856] DEBUG - Content-Length of /config/Library/Application Support/Plex Media Server/Cache/Transcode/Sessions/plex-transcode-8u64il5igz554kxo20fas27s-a1741535-7d37-4f3c-b4ed-31e52f32092e/init-stream1.m4s,/config/Library/Application Support/Plex Media Server/Cache/Transcode/Sessions/plex-transcode-8u64il5igz554kxo20fas27s-a1741535-7d37-4f3c-b4ed-31e52f32092e/chunk-stream1-00008.m4s is 167658 (of total: 167658).
Mar 24, 2026 21:45:32.022 [281473219735776] DEBUG - Completed: [192.168.147.1:41948] 200 GET /video/:/transcode/universal/session/8u64il5igz554kxo20fas27s/1/7.m4s (9 live) #dfe GZIP 100ms 167658 bytes (pipelined: 18)
Mar 24, 2026 21:45:32.024 [281473175224544] DEBUG - [Req#dff/Transcode/8u64il5igz554kxo20fas27s] Returning segment 7 from session
Mar 24, 2026 21:45:32.024 [281473175224544] DEBUG - Content-Length of /config/Library/Application Support/Plex Media Server/Cache/Transcode/Sessions/plex-transcode-8u64il5igz554kxo20fas27s-a1741535-7d37-4f3c-b4ed-31e52f32092e/init-stream0.m4s,/config/Library/Application Support/Plex Media Server/Cache/Transcode/Sessions/plex-transcode-8u64il5igz554kxo20fas27s-a1741535-7d37-4f3c-b4ed-31e52f32092e/chunk-stream0-00008.m4s is 421055 (of total: 421055).
Mar 24, 2026 21:45:32.026 [281473219735776] DEBUG - Completed: [192.168.147.1:32528] 200 GET /video/:/transcode/universal/session/8u64il5igz554kxo20fas27s/0/7.m4s (9 live) #dff GZIP 102ms 421055 bytes (pipelined: 7)
Mar 24, 2026 21:45:32.027 [281473185923296] DEBUG - Request: [192.168.147.1:41948 (Subnet)] GET /video/:/transcode/universal/session/8u64il5igz554kxo20fas27s/1/8.m4s (9 live) #e02 GZIP Signed-in
Mar 24, 2026 21:45:32.027 [281473185923296] DEBUG - [Req#e02/Transcode/8u64il5igz554kxo20fas27s] Asked for segment 8 from session.
Mar 24, 2026 21:45:32.030 [281473183813856] DEBUG - Request: [192.168.147.1:32528 (Subnet)] GET /video/:/transcode/universal/session/8u64il5igz554kxo20fas27s/0/8.m4s (9 live) #e03 GZIP Signed-in
Mar 24, 2026 21:45:32.030 [281473183813856] DEBUG - [Req#e03/Transcode/8u64il5igz554kxo20fas27s] Asked for segment 8 from session.
Mar 24, 2026 21:45:32.061 [281473175224544] DEBUG - [Req#e00/Transcode/8u64il5igz554kxo20fas27s/a1741535-7d37-4f3c-b4ed-31e52f32092e] Transcoder segment range: 0 - 8 (8)
Mar 24, 2026 21:45:32.128 [281473185923296] DEBUG - [Req#e02/Transcode/8u64il5igz554kxo20fas27s] Returning segment 8 from session
Mar 24, 2026 21:45:32.128 [281473185923296] DEBUG - Content-Length of /config/Library/Application Support/Plex Media Server/Cache/Transcode/Sessions/plex-transcode-8u64il5igz554kxo20fas27s-a1741535-7d37-4f3c-b4ed-31e52f32092e/init-stream1.m4s,/config/Library/Application Support/Plex Media Server/Cache/Transcode/Sessions/plex-transcode-8u64il5igz554kxo20fas27s-a1741535-7d37-4f3c-b4ed-31e52f32092e/chunk-stream1-00009.m4s is 153370 (of total: 153370).
Mar 24, 2026 21:45:32.128 [281473219735776] DEBUG - Completed: [192.168.147.1:41948] 200 GET /video/:/transcode/universal/session/8u64il5igz554kxo20fas27s/1/8.m4s (9 live) #e02 GZIP 100ms 153370 bytes (pipelined: 19)
Mar 24, 2026 21:45:32.130 [281473183813856] DEBUG - [Req#e03/Transcode/8u64il5igz554kxo20fas27s] Returning segment 8 from session
Mar 24, 2026 21:45:32.130 [281473183813856] DEBUG - Content-Length of /config/Library/Application Support/Plex Media Server/Cache/Transcode/Sessions/plex-transcode-8u64il5igz554kxo20fas27s-a1741535-7d37-4f3c-b4ed-31e52f32092e/init-stream0.m4s,/config/Library/Application Support/Plex Media Server/Cache/Transcode/Sessions/plex-transcode-8u64il5igz554kxo20fas27s-a1741535-7d37-4f3c-b4ed-31e52f32092e/chunk-stream0-00009.m4s is 458449 (of total: 458449).
Mar 24, 2026 21:45:32.131 [281473219735776] DEBUG - Completed: [192.168.147.1:32528] 200 GET /video/:/transcode/universal/session/8u64il5igz554kxo20fas27s/0/8.m4s (9 live) #e03 GZIP 100ms 458449 bytes (pipelined: 8)
Mar 24, 2026 21:45:32.142 [281473175224544] DEBUG - Request: [192.168.147.1:41948 (Subnet)] GET /video/:/transcode/universal/session/8u64il5igz554kxo20fas27s/1/9.m4s (9 live) #e07 GZIP Signed-in
Mar 24, 2026 21:45:32.143 [281473175224544] DEBUG - [Req#e07/Transcode/8u64il5igz554kxo20fas27s] Asked for segment 9 from session.
Mar 24, 2026 21:45:32.143 [281473185923296] DEBUG - Request: [192.168.147.1:32528 (Subnet)] GET /video/:/transcode/universal/session/8u64il5igz554kxo20fas27s/0/9.m4s (9 live) #e08 GZIP Signed-in
Mar 24, 2026 21:45:32.143 [281473185923296] DEBUG - [Req#e08/Transcode/8u64il5igz554kxo20fas27s] Asked for segment 9 from session.
Mar 24, 2026 21:45:32.152 [281473183813856] DEBUG - [Req#e05/Transcode/8u64il5igz554kxo20fas27s/a1741535-7d37-4f3c-b4ed-31e52f32092e] Transcoder segment range: 0 - 9 (9)
Mar 24, 2026 21:45:32.245 [281473183813856] DEBUG - [Req#e09/Transcode/8u64il5igz554kxo20fas27s/a1741535-7d37-4f3c-b4ed-31e52f32092e] Transcoder segment range: 0 - 10 (10)
Mar 24, 2026 21:45:32.245 [281473175224544] DEBUG - [Req#e07/Transcode/8u64il5igz554kxo20fas27s] Returning segment 9 from session
Mar 24, 2026 21:45:32.245 [281473175224544] DEBUG - Content-Length of /config/Library/Application Support/Plex Media Server/Cache/Transcode/Sessions/plex-transcode-8u64il5igz554kxo20fas27s-a1741535-7d37-4f3c-b4ed-31e52f32092e/init-stream1.m4s,/config/Library/Application Support/Plex Media Server/Cache/Transcode/Sessions/plex-transcode-8u64il5igz554kxo20fas27s-a1741535-7d37-4f3c-b4ed-31e52f32092e/chunk-stream1-00010.m4s is 169985 (of total: 169985).
Mar 24, 2026 21:45:32.245 [281473219735776] DEBUG - Completed: [192.168.147.1:41948] 200 GET /video/:/transcode/universal/session/8u64il5igz554kxo20fas27s/1/9.m4s (9 live) #e07 GZIP 102ms 169985 bytes (pipelined: 20)
Mar 24, 2026 21:45:32.245 [281473185923296] DEBUG - [Req#e08/Transcode/8u64il5igz554kxo20fas27s] Returning segment 9 from session
Mar 24, 2026 21:45:32.245 [281473185923296] DEBUG - Content-Length of /config/Library/Application Support/Plex Media Server/Cache/Transcode/Sessions/plex-transcode-8u64il5igz554kxo20fas27s-a1741535-7d37-4f3c-b4ed-31e52f32092e/init-stream0.m4s,/config/Library/Application Support/Plex Media Server/Cache/Transcode/Sessions/plex-transcode-8u64il5igz554kxo20fas27s-a1741535-7d37-4f3c-b4ed-31e52f32092e/chunk-stream0-00010.m4s is 530210 (of total: 530210).
Mar 24, 2026 21:45:32.247 [281473221845216] DEBUG - Completed: [192.168.147.1:32528] 200 GET /video/:/transcode/universal/session/8u64il5igz554kxo20fas27s/0/9.m4s (9 live) #e08 GZIP 104ms 530210 bytes (pipelined: 9)
Mar 24, 2026 21:45:32.259 [281473183813856] DEBUG - Request: [192.168.147.1:41948 (Subnet)] GET /video/:/transcode/universal/session/8u64il5igz554kxo20fas27s/1/10.m4s (9 live) #e0d GZIP Signed-in
Mar 24, 2026 21:45:32.259 [281473183813856] DEBUG - [Req#e0d/Transcode/8u64il5igz554kxo20fas27s] Asked for segment 10 from session.
Mar 24, 2026 21:45:32.259 [281473183813856] DEBUG - [Req#e0d/Transcode/8u64il5igz554kxo20fas27s] Returning segment 10 from session
Mar 24, 2026 21:45:32.259 [281473183813856] DEBUG - Content-Length of /config/Library/Application Support/Plex Media Server/Cache/Transcode/Sessions/plex-transcode-8u64il5igz554kxo20fas27s-a1741535-7d37-4f3c-b4ed-31e52f32092e/init-stream1.m4s,/config/Library/Application Support/Plex Media Server/Cache/Transcode/Sessions/plex-transcode-8u64il5igz554kxo20fas27s-a1741535-7d37-4f3c-b4ed-31e52f32092e/chunk-stream1-00011.m4s is 153833 (of total: 153833).
Mar 24, 2026 21:45:32.259 [281473221845216] DEBUG - Completed: [192.168.147.1:41948] 200 GET /video/:/transcode/universal/session/8u64il5igz554kxo20fas27s/1/10.m4s (9 live) #e0d GZIP 0ms 153833 bytes (pipelined: 21)
Mar 24, 2026 21:45:32.259 [281473185923296] DEBUG - Request: [192.168.147.1:32528 (Subnet)] GET /video/:/transcode/universal/session/8u64il5igz554kxo20fas27s/0/10.m4s (9 live) #e0e GZIP Signed-in
Mar 24, 2026 21:45:32.260 [281473185923296] DEBUG - [Req#e0e/Transcode/8u64il5igz554kxo20fas27s] Asked for segment 10 from session.
Mar 24, 2026 21:45:32.260 [281473185923296] DEBUG - [Req#e0e/Transcode/8u64il5igz554kxo20fas27s] Returning segment 10 from session
Mar 24, 2026 21:45:32.260 [281473185923296] DEBUG - Content-Length of /config/Library/Application Support/Plex Media Server/Cache/Transcode/Sessions/plex-transcode-8u64il5igz554kxo20fas27s-a1741535-7d37-4f3c-b4ed-31e52f32092e/init-stream0.m4s,/config/Library/Application Support/Plex Media Server/Cache/Transcode/Sessions/plex-transcode-8u64il5igz554kxo20fas27s-a1741535-7d37-4f3c-b4ed-31e52f32092e/chunk-stream0-00011.m4s is 1427047 (of total: 1427047).
Mar 24, 2026 21:45:32.262 [281473221845216] DEBUG - Completed: [192.168.147.1:32528] 200 GET /video/:/transcode/universal/session/8u64il5igz554kxo20fas27s/0/10.m4s (9 live) #e0e GZIP 3ms 1427047 bytes (pipelined: 10)
Mar 24, 2026 21:45:32.265 [281473175224544] DEBUG - Request: [192.168.147.1:41948 (Subnet)] GET /video/:/transcode/universal/session/8u64il5igz554kxo20fas27s/1/11.m4s (9 live) #e0f GZIP Signed-in
Mar 24, 2026 21:45:32.265 [281473175224544] DEBUG - [Req#e0f/Transcode/8u64il5igz554kxo20fas27s] Asked for segment 11 from session.
Mar 24, 2026 21:45:32.268 [281473183813856] DEBUG - Request: [192.168.147.1:32528 (Subnet)] GET /video/:/transcode/universal/session/8u64il5igz554kxo20fas27s/0/11.m4s (9 live) #e10 GZIP Signed-in
Mar 24, 2026 21:45:32.268 [281473183813856] DEBUG - [Req#e10/Transcode/8u64il5igz554kxo20fas27s] Asked for segment 11 from session.
Mar 24, 2026 21:45:32.339 [281473185923296] DEBUG - [Req#e0b/Transcode/8u64il5igz554kxo20fas27s/a1741535-7d37-4f3c-b4ed-31e52f32092e] Transcoder segment range: 0 - 11 (11)
Mar 24, 2026 21:45:32.367 [281473175224544] DEBUG - [Req#e0f/Transcode/8u64il5igz554kxo20fas27s] Returning segment 11 from session
Mar 24, 2026 21:45:32.367 [281473175224544] DEBUG - Content-Length of /config/Library/Application Support/Plex Media Server/Cache/Transcode/Sessions/plex-transcode-8u64il5igz554kxo20fas27s-a1741535-7d37-4f3c-b4ed-31e52f32092e/init-stream1.m4s,/config/Library/Application Support/Plex Media Server/Cache/Transcode/Sessions/plex-transcode-8u64il5igz554kxo20fas27s-a1741535-7d37-4f3c-b4ed-31e52f32092e/chunk-stream1-00012.m4s is 147859 (of total: 147859).
Mar 24, 2026 21:45:32.368 [281473219735776] DEBUG - Completed: [192.168.147.1:41948] 200 GET /video/:/transcode/universal/session/8u64il5igz554kxo20fas27s/1/11.m4s (9 live) #e0f GZIP 102ms 147859 bytes (pipelined: 22)
Mar 24, 2026 21:45:32.368 [281473183813856] DEBUG - [Req#e10/Transcode/8u64il5igz554kxo20fas27s] Returning segment 11 from session
Mar 24, 2026 21:45:32.368 [281473183813856] DEBUG - Content-Length of /config/Library/Application Support/Plex Media Server/Cache/Transcode/Sessions/plex-transcode-8u64il5igz554kxo20fas27s-a1741535-7d37-4f3c-b4ed-31e52f32092e/init-stream0.m4s,/config/Library/Application Support/Plex Media Server/Cache/Transcode/Sessions/plex-transcode-8u64il5igz554kxo20fas27s-a1741535-7d37-4f3c-b4ed-31e52f32092e/chunk-stream0-00012.m4s is 2512261 (of total: 2512261).
Mar 24, 2026 21:45:32.372 [281473219735776] DEBUG - Completed: [192.168.147.1:32528] 200 GET /video/:/transcode/universal/session/8u64il5igz554kxo20fas27s/0/11.m4s (9 live) #e10 GZIP 103ms 2512261 bytes (pipelined: 11)
Mar 24, 2026 21:45:32.379 [281473185923296] DEBUG - Request: [192.168.147.1:41948 (Subnet)] GET /video/:/transcode/universal/session/8u64il5igz554kxo20fas27s/1/12.m4s (9 live) #e13 GZIP Signed-in
Mar 24, 2026 21:45:32.379 [281473185923296] DEBUG - [Req#e13/Transcode/8u64il5igz554kxo20fas27s] Asked for segment 12 from session.
Mar 24, 2026 21:45:32.381 [281473175224544] DEBUG - Request: [192.168.147.1:32528 (Subnet)] GET /video/:/transcode/universal/session/8u64il5igz554kxo20fas27s/0/12.m4s (9 live) #e14 GZIP Signed-in
Mar 24, 2026 21:45:32.381 [281473175224544] DEBUG - [Req#e14/Transcode/8u64il5igz554kxo20fas27s] Asked for segment 12 from session.
Mar 24, 2026 21:45:32.467 [281473183813856] DEBUG - [Req#e11/Transcode/8u64il5igz554kxo20fas27s/a1741535-7d37-4f3c-b4ed-31e52f32092e] Transcoder segment range: 0 - 12 (12)
Mar 24, 2026 21:45:32.479 [281473185923296] DEBUG - [Req#e13/Transcode/8u64il5igz554kxo20fas27s] Returning segment 12 from session
Mar 24, 2026 21:45:32.479 [281473185923296] DEBUG - Content-Length of /config/Library/Application Support/Plex Media Server/Cache/Transcode/Sessions/plex-transcode-8u64il5igz554kxo20fas27s-a1741535-7d37-4f3c-b4ed-31e52f32092e/init-stream1.m4s,/config/Library/Application Support/Plex Media Server/Cache/Transcode/Sessions/plex-transcode-8u64il5igz554kxo20fas27s-a1741535-7d37-4f3c-b4ed-31e52f32092e/chunk-stream1-00013.m4s is 161913 (of total: 161913).
Mar 24, 2026 21:45:32.481 [281473221845216] DEBUG - Completed: [192.168.147.1:41948] 200 GET /video/:/transcode/universal/session/8u64il5igz554kxo20fas27s/1/12.m4s (9 live) #e13 GZIP 102ms 161913 bytes (pipelined: 23)
Mar 24, 2026 21:45:32.481 [281473175224544] DEBUG - [Req#e14/Transcode/8u64il5igz554kxo20fas27s] Returning segment 12 from session
Mar 24, 2026 21:45:32.481 [281473175224544] DEBUG - Content-Length of /config/Library/Application Support/Plex Media Server/Cache/Transcode/Sessions/plex-transcode-8u64il5igz554kxo20fas27s-a1741535-7d37-4f3c-b4ed-31e52f32092e/init-stream0.m4s,/config/Library/Application Support/Plex Media Server/Cache/Transcode/Sessions/plex-transcode-8u64il5igz554kxo20fas27s-a1741535-7d37-4f3c-b4ed-31e52f32092e/chunk-stream0-00013.m4s is 2785028 (of total: 2785028).
Mar 24, 2026 21:45:32.490 [281473183813856] DEBUG - Request: [192.168.147.1:41948 (Subnet)] GET /video/:/transcode/universal/session/8u64il5igz554kxo20fas27s/1/13.m4s (9 live) #e17 GZIP Signed-in
Mar 24, 2026 21:45:32.490 [281473183813856] DEBUG - [Req#e17/Transcode/8u64il5igz554kxo20fas27s] Asked for segment 13 from session.
Mar 24, 2026 21:45:32.491 [281473221845216] DEBUG - Completed: [192.168.147.1:32528] 200 GET /video/:/transcode/universal/session/8u64il5igz554kxo20fas27s/0/12.m4s (9 live) #e14 GZIP 110ms 2785028 bytes (pipelined: 12)
Mar 24, 2026 21:45:32.500 [281473185923296] DEBUG - Request: [192.168.147.1:32528 (Subnet)] GET /video/:/transcode/universal/session/8u64il5igz554kxo20fas27s/0/13.m4s (9 live) #e18 GZIP Signed-in
Mar 24, 2026 21:45:32.500 [281473185923296] DEBUG - [Req#e18/Transcode/8u64il5igz554kxo20fas27s] Asked for segment 13 from session.
Mar 24, 2026 21:45:32.590 [281473175224544] DEBUG - [Req#e15/Transcode/8u64il5igz554kxo20fas27s/a1741535-7d37-4f3c-b4ed-31e52f32092e] Transcoder segment range: 0 - 13 (13)
Mar 24, 2026 21:45:32.591 [281473183813856] DEBUG - [Req#e17/Transcode/8u64il5igz554kxo20fas27s] Returning segment 13 from session
Mar 24, 2026 21:45:32.591 [281473183813856] DEBUG - Content-Length of /config/Library/Application Support/Plex Media Server/Cache/Transcode/Sessions/plex-transcode-8u64il5igz554kxo20fas27s-a1741535-7d37-4f3c-b4ed-31e52f32092e/init-stream1.m4s,/config/Library/Application Support/Plex Media Server/Cache/Transcode/Sessions/plex-transcode-8u64il5igz554kxo20fas27s-a1741535-7d37-4f3c-b4ed-31e52f32092e/chunk-stream1-00014.m4s is 147770 (of total: 147770).
Mar 24, 2026 21:45:32.592 [281473221845216] DEBUG - Completed: [192.168.147.1:41948] 200 GET /video/:/transcode/universal/session/8u64il5igz554kxo20fas27s/1/13.m4s (9 live) #e17 GZIP 102ms 147770 bytes (pipelined: 24)
Mar 24, 2026 21:45:32.597 [281473175224544] DEBUG - Request: [192.168.147.1:41948 (Subnet)] GET /video/:/transcode/universal/session/8u64il5igz554kxo20fas27s/1/14.m4s (9 live) #e1c GZIP Signed-in
Mar 24, 2026 21:45:32.597 [281473175224544] DEBUG - [Req#e1c/Transcode/8u64il5igz554kxo20fas27s] Asked for segment 14 from session.
Mar 24, 2026 21:45:32.600 [281473185923296] DEBUG - [Req#e18/Transcode/8u64il5igz554kxo20fas27s] Returning segment 13 from session
Mar 24, 2026 21:45:32.600 [281473185923296] DEBUG - Content-Length of /config/Library/Application Support/Plex Media Server/Cache/Transcode/Sessions/plex-transcode-8u64il5igz554kxo20fas27s-a1741535-7d37-4f3c-b4ed-31e52f32092e/init-stream0.m4s,/config/Library/Application Support/Plex Media Server/Cache/Transcode/Sessions/plex-transcode-8u64il5igz554kxo20fas27s-a1741535-7d37-4f3c-b4ed-31e52f32092e/chunk-stream0-00014.m4s is 2725855 (of total: 2725855).
Mar 24, 2026 21:45:32.604 [281473219735776] DEBUG - Completed: [192.168.147.1:32528] 200 GET /video/:/transcode/universal/session/8u64il5igz554kxo20fas27s/0/13.m4s (9 live) #e18 GZIP 103ms 2725855 bytes (pipelined: 13)
Mar 24, 2026 21:45:32.612 [281473183813856] DEBUG - Request: [192.168.147.1:32528 (Subnet)] GET /video/:/transcode/universal/session/8u64il5igz554kxo20fas27s/0/14.m4s (9 live) #e1d GZIP Signed-in
Mar 24, 2026 21:45:32.612 [281473183813856] DEBUG - [Req#e1d/Transcode/8u64il5igz554kxo20fas27s] Asked for segment 14 from session.
Mar 24, 2026 21:45:32.733 [281473185923296] DEBUG - [Req#e1a/Transcode/8u64il5igz554kxo20fas27s/a1741535-7d37-4f3c-b4ed-31e52f32092e] Transcoder segment range: 0 - 14 (14)
Mar 24, 2026 21:45:32.807 [281473175224544] DEBUG - [Req#e1c/Transcode/8u64il5igz554kxo20fas27s] Returning segment 14 from session
Mar 24, 2026 21:45:32.807 [281473175224544] DEBUG - Content-Length of /config/Library/Application Support/Plex Media Server/Cache/Transcode/Sessions/plex-transcode-8u64il5igz554kxo20fas27s-a1741535-7d37-4f3c-b4ed-31e52f32092e/init-stream1.m4s,/config/Library/Application Support/Plex Media Server/Cache/Transcode/Sessions/plex-transcode-8u64il5igz554kxo20fas27s-a1741535-7d37-4f3c-b4ed-31e52f32092e/chunk-stream1-00015.m4s is 164713 (of total: 164713).
Mar 24, 2026 21:45:32.808 [281473219735776] DEBUG - Completed: [192.168.147.1:41948] 200 GET /video/:/transcode/universal/session/8u64il5igz554kxo20fas27s/1/14.m4s (9 live) #e1c GZIP 210ms 164713 bytes (pipelined: 25)
Mar 24, 2026 21:45:32.819 [281473185923296] DEBUG - Request: [192.168.147.1:41948 (Subnet)] GET /video/:/transcode/universal/session/8u64il5igz554kxo20fas27s/1/15.m4s (9 live) #e20 GZIP Signed-in
Mar 24, 2026 21:45:32.819 [281473185923296] DEBUG - [Req#e20/Transcode/8u64il5igz554kxo20fas27s] Asked for segment 15 from session.
Mar 24, 2026 21:45:32.819 [281473183813856] DEBUG - [Req#e1d/Transcode/8u64il5igz554kxo20fas27s] Returning segment 14 from session
Mar 24, 2026 21:45:32.819 [281473183813856] DEBUG - Content-Length of /config/Library/Application Support/Plex Media Server/Cache/Transcode/Sessions/plex-transcode-8u64il5igz554kxo20fas27s-a1741535-7d37-4f3c-b4ed-31e52f32092e/init-stream0.m4s,/config/Library/Application Support/Plex Media Server/Cache/Transcode/Sessions/plex-transcode-8u64il5igz554kxo20fas27s-a1741535-7d37-4f3c-b4ed-31e52f32092e/chunk-stream0-00015.m4s is 2662002 (of total: 2662002).
Mar 24, 2026 21:45:32.822 [281473219735776] DEBUG - Completed: [192.168.147.1:32528] 200 GET /video/:/transcode/universal/session/8u64il5igz554kxo20fas27s/0/14.m4s (9 live) #e1d GZIP 209ms 2662002 bytes (pipelined: 14)
Mar 24, 2026 21:45:32.825 [281473175224544] DEBUG - [Req#e1e/Transcode/8u64il5igz554kxo20fas27s/a1741535-7d37-4f3c-b4ed-31e52f32092e] Transcoder segment range: 0 - 15 (15)
Mar 24, 2026 21:45:32.833 [281473183813856] DEBUG - Request: [192.168.147.1:32528 (Subnet)] GET /video/:/transcode/universal/session/8u64il5igz554kxo20fas27s/0/15.m4s (9 live) #e21 GZIP Signed-in
Mar 24, 2026 21:45:32.833 [281473183813856] DEBUG - [Req#e21/Transcode/8u64il5igz554kxo20fas27s] Asked for segment 15 from session.
Mar 24, 2026 21:45:32.833 [281473183813856] DEBUG - [Req#e21/Transcode/8u64il5igz554kxo20fas27s] Returning segment 15 from session
Mar 24, 2026 21:45:32.833 [281473183813856] DEBUG - Content-Length of /config/Library/Application Support/Plex Media Server/Cache/Transcode/Sessions/plex-transcode-8u64il5igz554kxo20fas27s-a1741535-7d37-4f3c-b4ed-31e52f32092e/init-stream0.m4s,/config/Library/Application Support/Plex Media Server/Cache/Transcode/Sessions/plex-transcode-8u64il5igz554kxo20fas27s-a1741535-7d37-4f3c-b4ed-31e52f32092e/chunk-stream0-00016.m4s is 2614071 (of total: 2614071).
Mar 24, 2026 21:45:32.836 [281473219735776] DEBUG - Completed: [192.168.147.1:32528] 200 GET /video/:/transcode/universal/session/8u64il5igz554kxo20fas27s/0/15.m4s (9 live) #e21 GZIP 2ms 2614071 bytes (pipelined: 15)
Mar 24, 2026 21:45:32.842 [281473175224544] DEBUG - Request: [192.168.147.1:32528 (Subnet)] GET /video/:/transcode/universal/session/8u64il5igz554kxo20fas27s/0/16.m4s (9 live) #e24 GZIP Signed-in
Mar 24, 2026 21:45:32.842 [281473175224544] DEBUG - [Req#e24/Transcode/8u64il5igz554kxo20fas27s] Asked for segment 16 from session.
Mar 24, 2026 21:45:32.920 [281473185923296] DEBUG - [Req#e20/Transcode/8u64il5igz554kxo20fas27s] Returning segment 15 from session
Mar 24, 2026 21:45:32.920 [281473185923296] DEBUG - Content-Length of /config/Library/Application Support/Plex Media Server/Cache/Transcode/Sessions/plex-transcode-8u64il5igz554kxo20fas27s-a1741535-7d37-4f3c-b4ed-31e52f32092e/init-stream1.m4s,/config/Library/Application Support/Plex Media Server/Cache/Transcode/Sessions/plex-transcode-8u64il5igz554kxo20fas27s-a1741535-7d37-4f3c-b4ed-31e52f32092e/chunk-stream1-00016.m4s is 146600 (of total: 146600).
Mar 24, 2026 21:45:32.920 [281473221845216] DEBUG - Completed: [192.168.147.1:41948] 200 GET /video/:/transcode/universal/session/8u64il5igz554kxo20fas27s/1/15.m4s (9 live) #e20 GZIP 101ms 146600 bytes (pipelined: 26)
Mar 24, 2026 21:45:32.930 [281473183813856] DEBUG - Request: [192.168.147.1:41948 (Subnet)] GET /video/:/transcode/universal/session/8u64il5igz554kxo20fas27s/1/16.m4s (9 live) #e25 GZIP Signed-in
Mar 24, 2026 21:45:32.930 [281473183813856] DEBUG - [Req#e25/Transcode/8u64il5igz554kxo20fas27s] Asked for segment 16 from session.
Mar 24, 2026 21:45:32.959 [281473185923296] DEBUG - [Req#e22/Transcode/8u64il5igz554kxo20fas27s/a1741535-7d37-4f3c-b4ed-31e52f32092e] Transcoder segment range: 0 - 16 (16)
Mar 24, 2026 21:45:33.034 [281473183813856] DEBUG - [Req#e25/Transcode/8u64il5igz554kxo20fas27s] Returning segment 16 from session
Mar 24, 2026 21:45:33.034 [281473183813856] DEBUG - Content-Length of /config/Library/Application Support/Plex Media Server/Cache/Transcode/Sessions/plex-transcode-8u64il5igz554kxo20fas27s-a1741535-7d37-4f3c-b4ed-31e52f32092e/init-stream1.m4s,/config/Library/Application Support/Plex Media Server/Cache/Transcode/Sessions/plex-transcode-8u64il5igz554kxo20fas27s-a1741535-7d37-4f3c-b4ed-31e52f32092e/chunk-stream1-00017.m4s is 163877 (of total: 163877).
Mar 24, 2026 21:45:33.034 [281473221845216] DEBUG - Completed: [192.168.147.1:41948] 200 GET /video/:/transcode/universal/session/8u64il5igz554kxo20fas27s/1/16.m4s (9 live) #e25 GZIP 104ms 163877 bytes (pipelined: 27)
Mar 24, 2026 21:45:33.045 [281473175224544] DEBUG - [Req#e24/Transcode/8u64il5igz554kxo20fas27s] Returning segment 16 from session
Mar 24, 2026 21:45:33.045 [281473175224544] DEBUG - Content-Length of /config/Library/Application Support/Plex Media Server/Cache/Transcode/Sessions/plex-transcode-8u64il5igz554kxo20fas27s-a1741535-7d37-4f3c-b4ed-31e52f32092e/init-stream0.m4s,/config/Library/Application Support/Plex Media Server/Cache/Transcode/Sessions/plex-transcode-8u64il5igz554kxo20fas27s-a1741535-7d37-4f3c-b4ed-31e52f32092e/chunk-stream0-00017.m4s is 2844525 (of total: 2844525).
Mar 24, 2026 21:45:33.048 [281473221845216] DEBUG - Completed: [192.168.147.1:32528] 200 GET /video/:/transcode/universal/session/8u64il5igz554kxo20fas27s/0/16.m4s (9 live) #e24 GZIP 205ms 2844525 bytes (pipelined: 16)
Mar 24, 2026 21:45:33.093 [281473183813856] DEBUG - [Req#e26/Transcode/8u64il5igz554kxo20fas27s/a1741535-7d37-4f3c-b4ed-31e52f32092e] Transcoder segment range: 0 - 17 (17)
Mar 24, 2026 21:45:33.201 [281473185923296] DEBUG - [Req#e2b/Transcode/8u64il5igz554kxo20fas27s/a1741535-7d37-4f3c-b4ed-31e52f32092e] Transcoder segment range: 0 - 18 (18)
Mar 24, 2026 21:45:33.332 [281473175224544] DEBUG - [Req#e2d/Transcode/8u64il5igz554kxo20fas27s/a1741535-7d37-4f3c-b4ed-31e52f32092e] Transcoder segment range: 0 - 19 (19)
Mar 24, 2026 21:45:33.447 [281473183813856] DEBUG - [Req#e2e/Transcode/8u64il5igz554kxo20fas27s/a1741535-7d37-4f3c-b4ed-31e52f32092e] Transcoder segment range: 0 - 20 (20)
Mar 24, 2026 21:45:33.566 [281473175224544] DEBUG - [Req#e2f/Transcode/8u64il5igz554kxo20fas27s/a1741535-7d37-4f3c-b4ed-31e52f32092e] Transcoder segment range: 0 - 21 (21)
Mar 24, 2026 21:45:33.672 [281473185923296] DEBUG - [Req#e31/Transcode/8u64il5igz554kxo20fas27s/a1741535-7d37-4f3c-b4ed-31e52f32092e] Transcoder segment range: 0 - 22 (22)
Mar 24, 2026 21:45:33.760 [281473175224544] DEBUG - [Req#e33/Transcode/8u64il5igz554kxo20fas27s/a1741535-7d37-4f3c-b4ed-31e52f32092e] Transcoder segment range: 0 - 23 (23)
Mar 24, 2026 21:45:33.864 [281473183813856] DEBUG - [Req#e35/Transcode/8u64il5igz554kxo20fas27s/a1741535-7d37-4f3c-b4ed-31e52f32092e] Transcoder segment range: 0 - 24 (24)
Mar 24, 2026 21:45:33.973 [281473185923296] DEBUG - [Req#e37/Transcode/8u64il5igz554kxo20fas27s/a1741535-7d37-4f3c-b4ed-31e52f32092e] Transcoder segment range: 0 - 25 (25)
Mar 24, 2026 21:45:34.091 [281473183813856] DEBUG - [Req#e39/Transcode/8u64il5igz554kxo20fas27s/a1741535-7d37-4f3c-b4ed-31e52f32092e] Transcoder segment range: 0 - 26 (26)
Mar 24, 2026 21:45:34.211 [281473185923296] DEBUG - [Req#e3c/Transcode/8u64il5igz554kxo20fas27s/a1741535-7d37-4f3c-b4ed-31e52f32092e] Transcoder segment range: 0 - 27 (27)
Mar 24, 2026 21:45:34.323 [281473183813856] DEBUG - [Req#e3e/Transcode/8u64il5igz554kxo20fas27s/a1741535-7d37-4f3c-b4ed-31e52f32092e] Transcoder segment range: 0 - 28 (28)
Mar 24, 2026 21:45:34.409 [281473185923296] DEBUG - [Req#e3f/Transcode/8u64il5igz554kxo20fas27s/a1741535-7d37-4f3c-b4ed-31e52f32092e] Transcoder segment range: 0 - 29 (29)
Mar 24, 2026 21:45:34.492 [281473175224544] DEBUG - [Req#e41/Transcode/8u64il5igz554kxo20fas27s/a1741535-7d37-4f3c-b4ed-31e52f32092e] Transcoder segment range: 0 - 30 (30)
Mar 24, 2026 21:45:34.554 [281473183813856] DEBUG - [Req#e3b/Transcode/8u64il5igz554kxo20fas27s/a1741535-7d37-4f3c-b4ed-31e52f32092e] Session 8u64il5igz554kxo20fas27s (4) is throttling
Mar 24, 2026 21:45:34.554 [281473185923296] DEBUG - [Req#e45/Transcode/8u64il5igz554kxo20fas27s/a1741535-7d37-4f3c-b4ed-31e52f32092e] Throttle - Going into sloth mode.
Mar 24, 2026 21:45:37.054 [281473119977696] DEBUG - player xam579evnt45h5kjfj02yqja was last refreshed 25 seconds ago
Mar 24, 2026 21:45:41.406 [281473185923296] DEBUG - Request: [192.168.147.1:41948 (Subnet)] GET /:/timeline?ratingKey=1&key=%2Flibrary%2Fmetadata%2F1&playbackTime=0&playQueueItemID=1&state=paused&hasMDE=1&time=15000&duration=6739000 (9 live) #e28 GZIP Signed-in Token (oscaarp)
Mar 24, 2026 21:45:41.434 [281473185923296] DEBUG - [Req#e28] Client [vkjphyua8spggnvg82dvmqg3] reporting timeline state paused, progress of 15000/6739000ms for guid=, playbackTime=0ms ratingKey=1 url=, key=/library/metadata/1, containerKey=, metadataId=1, source=
Mar 24, 2026 21:45:41.444 [281473185923296] DEBUG - [Req#e28] [Now] User is oscaarp (ID: 1)
Mar 24, 2026 21:45:41.444 [281473185923296] DEBUG - [Req#e28] [Now] Device is Safari (Safari).
Mar 24, 2026 21:45:41.444 [281473185923296] DEBUG - [Req#e28] [Now] Profile is Web
Mar 24, 2026 21:45:41.444 [281473185923296] DEBUG - [Req#e28] [Now] Updated play state for /library/metadata/1.
Mar 24, 2026 21:45:41.445 [281473185923296] DEBUG - [Req#e28] Statistics: (qjt50inxtzsqjpbem7hjo0tw) Reporting active playback in state 1 of type 1 (scrobble: 0) for account 1
Mar 24, 2026 21:45:41.447 [281473219735776] DEBUG - Completed: [192.168.147.1:41948] 200 GET /:/timeline?ratingKey=1&key=%2Flibrary%2Fmetadata%2F1&playbackTime=0&playQueueItemID=1&state=paused&hasMDE=1&time=15000&duration=6739000 (9 live) #e28 GZIP 40ms 883 bytes (pipelined: 28)
Mar 24, 2026 21:45:41.452 [281473183813856] DEBUG - Request: [192.168.147.1:46679 (Subnet)] GET /library/metadata/1?includeUserState=1 (9 live) #dcb GZIP Signed-in Token (oscaarp)
Mar 24, 2026 21:45:41.458 [281473183813856] DEBUG - We're going to try to auto-select an audio stream for account 1.
Mar 24, 2026 21:45:41.458 [281473183813856] DEBUG - Selecting best audio stream for part ID 1 (language: )
Mar 24, 2026 21:45:41.458 [281473183813856] DEBUG - We're going to try to auto-select a subtitle for account 1.
Mar 24, 2026 21:45:41.458 [281473183813856] DEBUG - Audio Stream: 2, Subtitle Stream: -1
Mar 24, 2026 21:45:41.460 [281473175224544] DEBUG - Request: [192.168.147.1:32528 (Subnet)] GET /status/sessions (9 live) #e2a GZIP Signed-in Token (oscaarp)
Mar 24, 2026 21:45:41.460 [281473175224544] DEBUG - [Req#e2a] [Now] Adding 1 sessions.
Mar 24, 2026 21:45:41.462 [281473221845216] DEBUG - Completed: [192.168.147.1:32528] 200 GET /status/sessions (9 live) #e2a GZIP 1ms 4933 bytes (pipelined: 17)
Mar 24, 2026 21:45:41.494 [281473221845216] DEBUG - Completed: [192.168.147.1:46679] 200 GET /library/metadata/1?includeUserState=1 (9 live) #dcb GZIP 42ms 4490 bytes (pipelined: 3)
Mar 24, 2026 21:45:43.675 [281473185923296] DEBUG - Request: [192.168.147.1:46679 (Subnet)] GET /player/proxy/poll?deviceClass=pc&protocolVersion=2&protocolCapabilities=timeline%2Cplayback%2Cnavigation%2Cplayqueues%2Cprovider-playback&timeout=1 (9 live) #e6d GZIP Signed-in Token (oscaarp)
Mar 24, 2026 21:45:43.676 [281473221845216] DEBUG - Completed: [192.168.147.1:50448] 204 GET /player/proxy/poll?deviceClass=pc&protocolVersion=2&protocolCapabilities=timeline%2Cplayback%2Cnavigation%2Cplayqueues%2Cprovider-playback&timeout=1 (9 live) #db5 GZIP 31045ms 203 bytes (pipelined: 2)
Mar 24, 2026 21:45:47.056 [281473164636384] DEBUG - player xam579evnt45h5kjfj02yqja was last refreshed 4 seconds ago
Mar 24, 2026 21:45:50.321 [281473185923296] DEBUG - [Req#e43/Transcode/8u64il5igz554kxo20fas27s/a1741535-7d37-4f3c-b4ed-31e52f32092e] Transcoder segment range: 0 - 31 (31)
Mar 24, 2026 21:45:51.406 [281473175224544] DEBUG - Request: [192.168.147.1:41948 (Subnet)] GET /:/timeline?ratingKey=1&key=%2Flibrary%2Fmetadata%2F1&playbackTime=0&playQueueItemID=1&state=paused&hasMDE=1&time=15000&duration=6739000 (8 live) #e6b GZIP Signed-in Token (oscaarp)
Mar 24, 2026 21:45:51.407 [281473175224544] DEBUG - [Req#e6b] Client [vkjphyua8spggnvg82dvmqg3] reporting timeline state paused, progress of 15000/6739000ms for guid=, playbackTime=0ms ratingKey=1 url=, key=/library/metadata/1, containerKey=, metadataId=1, source=
Mar 24, 2026 21:45:51.407 [281473175224544] DEBUG - [Req#e6b] [Now] User is oscaarp (ID: 1)
Mar 24, 2026 21:45:51.408 [281473175224544] DEBUG - [Req#e6b] [Now] Device is Safari (Safari).
Mar 24, 2026 21:45:51.408 [281473175224544] DEBUG - [Req#e6b] [Now] Profile is Web
Mar 24, 2026 21:45:51.408 [281473175224544] DEBUG - [Req#e6b] [Now] Updated play state for /library/metadata/1.
Mar 24, 2026 21:45:51.408 [281473175224544] DEBUG - [Req#e6b] Statistics: (qjt50inxtzsqjpbem7hjo0tw) Reporting active playback in state 1 of type 1 (scrobble: 0) for account 1
Mar 24, 2026 21:45:51.411 [281473219735776] DEBUG - Completed: [192.168.147.1:41948] 200 GET /:/timeline?ratingKey=1&key=%2Flibrary%2Fmetadata%2F1&playbackTime=0&playQueueItemID=1&state=paused&hasMDE=1&time=15000&duration=6739000 (8 live) #e6b GZIP 4ms 884 bytes (pipelined: 29)
Mar 24, 2026 21:45:57.057 [281473126306016] DEBUG - player xam579evnt45h5kjfj02yqja was last refreshed 14 seconds ago
Mar 24, 2026 21:46:01.358 [281473185923296] DEBUG - Request: [192.168.147.1:36143 (Subnet)] GET /library/all?guid=plex%3A%2F%2Fmovie%2F6692882d50100e74bfc21ce5&type=1 (8 live) #e87 GZIP Signed-in Token (oscaarp)
Mar 24, 2026 21:46:01.364 [281473219735776] DEBUG - Completed: [192.168.147.1:36143] 200 GET /library/all?guid=plex%3A%2F%2Fmovie%2F6692882d50100e74bfc21ce5&type=1 (8 live) #e87 GZIP 6ms 457 bytes (pipelined: 1)
Mar 24, 2026 21:46:01.411 [281473175224544] DEBUG - Request: [192.168.147.1:41948 (Subnet)] GET /:/timeline?ratingKey=1&key=%2Flibrary%2Fmetadata%2F1&playbackTime=0&playQueueItemID=1&state=paused&hasMDE=1&time=15000&duration=6739000 (8 live) #e91 GZIP Signed-in Token (oscaarp)
Mar 24, 2026 21:46:01.412 [281473175224544] DEBUG - [Req#e91] Client [vkjphyua8spggnvg82dvmqg3] reporting timeline state paused, progress of 15000/6739000ms for guid=, playbackTime=0ms ratingKey=1 url=, key=/library/metadata/1, containerKey=, metadataId=1, source=
Mar 24, 2026 21:46:01.412 [281473175224544] DEBUG - [Req#e91] [Now] User is oscaarp (ID: 1)
Mar 24, 2026 21:46:01.412 [281473175224544] DEBUG - [Req#e91] [Now] Device is Safari (Safari).
Mar 24, 2026 21:46:01.412 [281473175224544] DEBUG - [Req#e91] [Now] Profile is Web
Mar 24, 2026 21:46:01.412 [281473175224544] DEBUG - [Req#e91] [Now] Updated play state for /library/metadata/1.
Mar 24, 2026 21:46:01.413 [281473175224544] DEBUG - [Req#e91] Statistics: (qjt50inxtzsqjpbem7hjo0tw) Reporting active playback in state 1 of type 1 (scrobble: 0) for account 1
Mar 24, 2026 21:46:01.414 [281473183813856] DEBUG - Request: [192.168.147.1:60143 (Subnet)] GET /video/:/transcode/universal/ping?session=8u64il5igz554kxo20fas27s (9 live) #eb2 GZIP Signed-in Token (oscaarp)
Mar 24, 2026 21:46:01.414 [281473183813856] DEBUG - [Req#eb2/Transcode] [Now] Freshening session based on ping for vkjphyua8spggnvg82dvmqg3_Video
Mar 24, 2026 21:46:01.414 [281473183813856] DEBUG - [Req#eb2/Transcode] Received transcode session ping for session 8u64il5igz554kxo20fas27s.
Mar 24, 2026 21:46:01.414 [281473221845216] DEBUG - Completed: [192.168.147.1:60143] 200 GET /video/:/transcode/universal/ping?session=8u64il5igz554kxo20fas27s (9 live) #eb2 GZIP 0ms 323 bytes (pipelined: 1)
Mar 24, 2026 21:46:01.414 [281473221845216] DEBUG - Completed: [192.168.147.1:41948] 200 GET /:/timeline?ratingKey=1&key=%2Flibrary%2Fmetadata%2F1&playbackTime=0&playQueueItemID=1&state=paused&hasMDE=1&time=15000&duration=6739000 (9 live) #e91 GZIP 2ms 884 bytes (pipelined: 30)
Mar 24, 2026 21:46:02.487 [281473185923296] DEBUG - Request: [192.168.147.1:36143 (Subnet)] GET /library/all?guid=plex%3A%2F%2Fmovie%2F6692882d50100e74bfc21ce5&type=1 (9 live) #eb3 GZIP Signed-in Token (oscaarp)
Mar 24, 2026 21:46:02.491 [281473219735776] DEBUG - Completed: [192.168.147.1:36143] 200 GET /library/all?guid=plex%3A%2F%2Fmovie%2F6692882d50100e74bfc21ce5&type=1 (9 live) #eb3 GZIP 4ms 457 bytes (pipelined: 2)
Mar 24, 2026 21:46:07.060 [281473164636384] DEBUG - player xam579evnt45h5kjfj02yqja was last refreshed 24 seconds ago
Mar 24, 2026 21:46:11.415 [281473183813856] DEBUG - Request: [192.168.147.1:60143 (Subnet)] GET /:/timeline?ratingKey=1&key=%2Flibrary%2Fmetadata%2F1&playbackTime=0&playQueueItemID=1&state=paused&hasMDE=1&time=15000&duration=6739000 (9 live) #ebb GZIP Signed-in Token (oscaarp)
Mar 24, 2026 21:46:11.416 [281473183813856] DEBUG - [Req#ebb] Client [vkjphyua8spggnvg82dvmqg3] reporting timeline state paused, progress of 15000/6739000ms for guid=, playbackTime=0ms ratingKey=1 url=, key=/library/metadata/1, containerKey=, metadataId=1, source=
Mar 24, 2026 21:46:11.416 [281473183813856] DEBUG - [Req#ebb] [Now] User is oscaarp (ID: 1)
Mar 24, 2026 21:46:11.416 [281473183813856] DEBUG - [Req#ebb] [Now] Device is Safari (Safari).
Mar 24, 2026 21:46:11.416 [281473183813856] DEBUG - [Req#ebb] [Now] Profile is Web
Mar 24, 2026 21:46:11.416 [281473183813856] DEBUG - [Req#ebb] [Now] Updated play state for /library/metadata/1.
Mar 24, 2026 21:46:11.416 [281473183813856] DEBUG - [Req#ebb] Statistics: (qjt50inxtzsqjpbem7hjo0tw) Reporting active playback in state 1 of type 1 (scrobble: 0) for account 1
Mar 24, 2026 21:46:11.418 [281473219735776] DEBUG - Completed: [192.168.147.1:60143] 200 GET /:/timeline?ratingKey=1&key=%2Flibrary%2Fmetadata%2F1&playbackTime=0&playQueueItemID=1&state=paused&hasMDE=1&time=15000&duration=6739000 (9 live) #ebb GZIP 3ms 884 bytes (pipelined: 2)
Mar 24, 2026 21:46:14.693 [281473185923296] DEBUG - Request: [192.168.147.1:36143 (Subnet)] GET /player/proxy/poll?deviceClass=pc&protocolVersion=2&protocolCapabilities=timeline%2Cplayback%2Cnavigation%2Cplayqueues%2Cprovider-playback&timeout=1 (9 live) #ec5 GZIP Signed-in Token (oscaarp)
Mar 24, 2026 21:46:14.694 [281473221845216] DEBUG - Completed: [192.168.147.1:46679] 204 GET /player/proxy/poll?deviceClass=pc&protocolVersion=2&protocolCapabilities=timeline%2Cplayback%2Cnavigation%2Cplayqueues%2Cprovider-playback&timeout=1 (9 live) #e6d GZIP 31018ms 203 bytes (pipelined: 4)
Mar 24, 2026 21:46:17.060 [281473160417504] DEBUG - player xam579evnt45h5kjfj02yqja was last refreshed 3 seconds ago
Mar 24, 2026 21:46:21.417 [281473175224544] DEBUG - Request: [192.168.147.1:60143 (Subnet)] GET /:/timeline?ratingKey=1&key=%2Flibrary%2Fmetadata%2F1&playbackTime=0&playQueueItemID=1&state=paused&hasMDE=1&time=15000&duration=6739000 (7 live) #ee3 GZIP Signed-in Token (oscaarp)
Mar 24, 2026 21:46:21.417 [281473175224544] DEBUG - [Req#ee3] Client [vkjphyua8spggnvg82dvmqg3] reporting timeline state paused, progress of 15000/6739000ms for guid=, playbackTime=0ms ratingKey=1 url=, key=/library/metadata/1, containerKey=, metadataId=1, source=
Mar 24, 2026 21:46:21.418 [281473175224544] DEBUG - [Req#ee3] [Now] User is oscaarp (ID: 1)
Mar 24, 2026 21:46:21.418 [281473175224544] DEBUG - [Req#ee3] [Now] Device is Safari (Safari).
Mar 24, 2026 21:46:21.418 [281473175224544] DEBUG - [Req#ee3] [Now] Profile is Web
Mar 24, 2026 21:46:21.418 [281473175224544] DEBUG - [Req#ee3] [Now] Updated play state for /library/metadata/1.
Mar 24, 2026 21:46:21.418 [281473175224544] DEBUG - [Req#ee3] Statistics: (qjt50inxtzsqjpbem7hjo0tw) Reporting active playback in state 1 of type 1 (scrobble: 0) for account 1
Mar 24, 2026 21:46:21.420 [281473219735776] DEBUG - Completed: [192.168.147.1:60143] 200 GET /:/timeline?ratingKey=1&key=%2Flibrary%2Fmetadata%2F1&playbackTime=0&playQueueItemID=1&state=paused&hasMDE=1&time=15000&duration=6739000 (7 live) #ee3 GZIP 3ms 884 bytes (pipelined: 3)
Mar 24, 2026 21:46:27.061 [281473136853216] DEBUG - player xam579evnt45h5kjfj02yqja was last refreshed 13 seconds ago
Mar 24, 2026 21:46:30.965 [281473175224544] DEBUG - [Req#eba/Transcode/8u64il5igz554kxo20fas27s/a1741535-7d37-4f3c-b4ed-31e52f32092e] Transcoder segment range: 0 - 32 (32)
Mar 24, 2026 21:46:31.425 [281473183813856] DEBUG - Request: [192.168.147.1:60143 (Subnet)] GET /:/timeline?ratingKey=1&key=%2Flibrary%2Fmetadata%2F1&playbackTime=0&playQueueItemID=1&state=paused&hasMDE=1&time=15000&duration=6739000 (9 live) #f0d GZIP Signed-in Token (oscaarp)
Mar 24, 2026 21:46:31.426 [281473175224544] DEBUG - Request: [192.168.147.1:28217 (Subnet)] GET /video/:/transcode/universal/ping?session=8u64il5igz554kxo20fas27s (9 live) #f2c GZIP Signed-in Token (oscaarp)
Mar 24, 2026 21:46:31.427 [281473175224544] DEBUG - [Req#f2c/Transcode] [Now] Freshening session based on ping for vkjphyua8spggnvg82dvmqg3_Video
Mar 24, 2026 21:46:31.427 [281473175224544] DEBUG - [Req#f2c/Transcode] Received transcode session ping for session 8u64il5igz554kxo20fas27s.
Mar 24, 2026 21:46:31.427 [281473221845216] DEBUG - Completed: [192.168.147.1:28217] 200 GET /video/:/transcode/universal/ping?session=8u64il5igz554kxo20fas27s (9 live) #f2c GZIP 0ms 323 bytes (pipelined: 1)
Mar 24, 2026 21:46:31.429 [281473183813856] DEBUG - [Req#f0d] Client [vkjphyua8spggnvg82dvmqg3] reporting timeline state paused, progress of 15000/6739000ms for guid=, playbackTime=0ms ratingKey=1 url=, key=/library/metadata/1, containerKey=, metadataId=1, source=
Mar 24, 2026 21:46:31.432 [281473183813856] DEBUG - [Req#f0d] [Now] User is oscaarp (ID: 1)
Mar 24, 2026 21:46:31.432 [281473183813856] DEBUG - [Req#f0d] [Now] Device is Safari (Safari).
Mar 24, 2026 21:46:31.432 [281473183813856] DEBUG - [Req#f0d] [Now] Profile is Web
Mar 24, 2026 21:46:31.432 [281473183813856] DEBUG - [Req#f0d] [Now] Updated play state for /library/metadata/1.
Mar 24, 2026 21:46:31.433 [281473183813856] DEBUG - [Req#f0d] Statistics: (qjt50inxtzsqjpbem7hjo0tw) Reporting active playback in state 1 of type 1 (scrobble: 0) for account 1
Mar 24, 2026 21:46:31.435 [281473219735776] DEBUG - Completed: [192.168.147.1:60143] 200 GET /:/timeline?ratingKey=1&key=%2Flibrary%2Fmetadata%2F1&playbackTime=0&playQueueItemID=1&state=paused&hasMDE=1&time=15000&duration=6739000 (9 live) #f0d GZIP 12ms 885 bytes (pipelined: 4)
Mar 24, 2026 21:46:37.064 [281473138962656] DEBUG - player xam579evnt45h5kjfj02yqja was last refreshed 23 seconds ago
Mar 24, 2026 21:46:41.425 [281473175224544] DEBUG - Request: [192.168.147.1:28217 (Subnet)] GET /:/timeline?ratingKey=1&key=%2Flibrary%2Fmetadata%2F1&playbackTime=0&playQueueItemID=1&state=paused&hasMDE=1&time=15000&duration=6739000 (8 live) #f2f GZIP Signed-in Token (oscaarp)
Mar 24, 2026 21:46:41.427 [281473175224544] DEBUG - [Req#f2f] Client [vkjphyua8spggnvg82dvmqg3] reporting timeline state paused, progress of 15000/6739000ms for guid=, playbackTime=0ms ratingKey=1 url=, key=/library/metadata/1, containerKey=, metadataId=1, source=
Mar 24, 2026 21:46:41.427 [281473175224544] DEBUG - [Req#f2f] [Now] User is oscaarp (ID: 1)
Mar 24, 2026 21:46:41.427 [281473175224544] DEBUG - [Req#f2f] [Now] Device is Safari (Safari).
Mar 24, 2026 21:46:41.427 [281473175224544] DEBUG - [Req#f2f] [Now] Profile is Web
Mar 24, 2026 21:46:41.427 [281473175224544] DEBUG - [Req#f2f] [Now] Updated play state for /library/metadata/1.
Mar 24, 2026 21:46:41.427 [281473175224544] DEBUG - [Req#f2f] Statistics: (qjt50inxtzsqjpbem7hjo0tw) Reporting active playback in state 1 of type 1 (scrobble: 0) for account 1
Mar 24, 2026 21:46:41.429 [281473221845216] DEBUG - Completed: [192.168.147.1:28217] 200 GET /:/timeline?ratingKey=1&key=%2Flibrary%2Fmetadata%2F1&playbackTime=0&playQueueItemID=1&state=paused&hasMDE=1&time=15000&duration=6739000 (8 live) #f2f GZIP 4ms 885 bytes (pipelined: 2)
Mar 24, 2026 21:46:45.736 [281473175224544] DEBUG - Request: [192.168.147.1:24469 (Subnet)] GET /player/proxy/poll?deviceClass=pc&protocolVersion=2&protocolCapabilities=timeline%2Cplayback%2Cnavigation%2Cplayqueues%2Cprovider-playback&timeout=1 (9 live) #f2e GZIP Signed-in Token (oscaarp)
Mar 24, 2026 21:46:45.736 [281473219735776] DEBUG - Completed: [192.168.147.1:36143] 204 GET /player/proxy/poll?deviceClass=pc&protocolVersion=2&protocolCapabilities=timeline%2Cplayback%2Cnavigation%2Cplayqueues%2Cprovider-playback&timeout=1 (9 live) #ec5 GZIP 31042ms 203 bytes (pipelined: 3)
Mar 24, 2026 21:46:47.066 [281473160417504] DEBUG - player xam579evnt45h5kjfj02yqja was last refreshed 2 seconds ago
Mar 24, 2026 21:46:51.431 [281473175224544] DEBUG - Request: [192.168.147.1:28217 (Subnet)] GET /:/timeline?ratingKey=1&key=%2Flibrary%2Fmetadata%2F1&playbackTime=0&playQueueItemID=1&state=paused&hasMDE=1&time=15000&duration=6739000 (8 live) #f5d GZIP Signed-in Token (oscaarp)
Mar 24, 2026 21:46:51.432 [281473175224544] DEBUG - [Req#f5d] Client [vkjphyua8spggnvg82dvmqg3] reporting timeline state paused, progress of 15000/6739000ms for guid=, playbackTime=0ms ratingKey=1 url=, key=/library/metadata/1, containerKey=, metadataId=1, source=
Mar 24, 2026 21:46:51.432 [281473175224544] DEBUG - [Req#f5d] [Now] User is oscaarp (ID: 1)
Mar 24, 2026 21:46:51.432 [281473175224544] DEBUG - [Req#f5d] [Now] Device is Safari (Safari).
Mar 24, 2026 21:46:51.432 [281473175224544] DEBUG - [Req#f5d] [Now] Profile is Web
Mar 24, 2026 21:46:51.432 [281473175224544] DEBUG - [Req#f5d] [Now] Updated play state for /library/metadata/1.
Mar 24, 2026 21:46:51.432 [281473175224544] DEBUG - [Req#f5d] Statistics: (qjt50inxtzsqjpbem7hjo0tw) Reporting active playback in state 1 of type 1 (scrobble: 0) for account 1
Mar 24, 2026 21:46:51.434 [281473221845216] DEBUG - Completed: [192.168.147.1:28217] 200 GET /:/timeline?ratingKey=1&key=%2Flibrary%2Fmetadata%2F1&playbackTime=0&playQueueItemID=1&state=paused&hasMDE=1&time=15000&duration=6739000 (8 live) #f5d GZIP 2ms 885 bytes (pipelined: 3)
Mar 24, 2026 21:46:57.069 [281473160417504] DEBUG - player xam579evnt45h5kjfj02yqja was last refreshed 12 seconds ago
Mar 24, 2026 21:47:01.433 [281473183813856] DEBUG - Request: [192.168.147.1:28217 (Subnet)] GET /:/timeline?ratingKey=1&key=%2Flibrary%2Fmetadata%2F1&playbackTime=0&playQueueItemID=1&state=paused&hasMDE=1&time=15000&duration=6739000 (7 live) #f86 GZIP Signed-in Token (oscaarp)
Mar 24, 2026 21:47:01.434 [281473183813856] DEBUG - [Req#f86] Client [vkjphyua8spggnvg82dvmqg3] reporting timeline state paused, progress of 15000/6739000ms for guid=, playbackTime=0ms ratingKey=1 url=, key=/library/metadata/1, containerKey=, metadataId=1, source=
Mar 24, 2026 21:47:01.434 [281473183813856] DEBUG - [Req#f86] [Now] User is oscaarp (ID: 1)
Mar 24, 2026 21:47:01.435 [281473183813856] DEBUG - [Req#f86] [Now] Device is Safari (Safari).
Mar 24, 2026 21:47:01.435 [281473183813856] DEBUG - [Req#f86] [Now] Profile is Web
Mar 24, 2026 21:47:01.435 [281473183813856] DEBUG - [Req#f86] [Now] Updated play state for /library/metadata/1.
Mar 24, 2026 21:47:01.435 [281473183813856] DEBUG - [Req#f86] Statistics: (qjt50inxtzsqjpbem7hjo0tw) Reporting active playback in state 1 of type 1 (scrobble: 0) for account 1
Mar 24, 2026 21:47:01.436 [281473185923296] DEBUG - Request: [192.168.147.1:30527 (Subnet)] GET /video/:/transcode/universal/ping?session=8u64il5igz554kxo20fas27s (8 live) #f6d GZIP Signed-in Token (oscaarp)
Mar 24, 2026 21:47:01.436 [281473185923296] DEBUG - [Req#f6d/Transcode] [Now] Freshening session based on ping for vkjphyua8spggnvg82dvmqg3_Video
Mar 24, 2026 21:47:01.436 [281473185923296] DEBUG - [Req#f6d/Transcode] Received transcode session ping for session 8u64il5igz554kxo20fas27s.
Mar 24, 2026 21:47:01.437 [281473221845216] DEBUG - Completed: [192.168.147.1:30527] 200 GET /video/:/transcode/universal/ping?session=8u64il5igz554kxo20fas27s (8 live) #f6d GZIP 0ms 323 bytes (pipelined: 1)
Mar 24, 2026 21:47:01.437 [281473221845216] DEBUG - Completed: [192.168.147.1:28217] 200 GET /:/timeline?ratingKey=1&key=%2Flibrary%2Fmetadata%2F1&playbackTime=0&playQueueItemID=1&state=paused&hasMDE=1&time=15000&duration=6739000 (8 live) #f86 GZIP 4ms 875 bytes (pipelined: 4)
Mar 24, 2026 21:47:07.075 [281473160417504] DEBUG - player xam579evnt45h5kjfj02yqja was last refreshed 22 seconds ago
Mar 24, 2026 21:47:11.442 [281473185923296] DEBUG - Request: [192.168.147.1:30527 (Subnet)] GET /:/timeline?ratingKey=1&key=%2Flibrary%2Fmetadata%2F1&playbackTime=0&playQueueItemID=1&state=paused&hasMDE=1&time=15000&duration=6739000 (8 live) #faf GZIP Signed-in Token (oscaarp)
Mar 24, 2026 21:47:11.450 [281473185923296] DEBUG - [Req#faf] Client [vkjphyua8spggnvg82dvmqg3] reporting timeline state paused, progress of 15000/6739000ms for guid=, playbackTime=0ms ratingKey=1 url=, key=/library/metadata/1, containerKey=, metadataId=1, source=
Mar 24, 2026 21:47:11.451 [281473185923296] DEBUG - [Req#faf] [Now] User is oscaarp (ID: 1)
Mar 24, 2026 21:47:11.451 [281473185923296] DEBUG - [Req#faf] [Now] Device is Safari (Safari).
Mar 24, 2026 21:47:11.451 [281473185923296] DEBUG - [Req#faf] [Now] Profile is Web
Mar 24, 2026 21:47:11.451 [281473185923296] DEBUG - [Req#faf] [Now] Updated play state for /library/metadata/1.
Mar 24, 2026 21:47:11.452 [281473185923296] DEBUG - [Req#faf] Statistics: (qjt50inxtzsqjpbem7hjo0tw) Reporting active playback in state 1 of type 1 (scrobble: 0) for account 1
Mar 24, 2026 21:47:11.454 [281473219735776] DEBUG - Completed: [192.168.147.1:30527] 200 GET /:/timeline?ratingKey=1&key=%2Flibrary%2Fmetadata%2F1&playbackTime=0&playQueueItemID=1&state=paused&hasMDE=1&time=15000&duration=6739000 (8 live) #faf GZIP 15ms 875 bytes (pipelined: 2)
Mar 24, 2026 21:47:16.687 [281473175224544] DEBUG - Request: [192.168.147.1:41248 (Subnet)] GET /player/proxy/poll?deviceClass=pc&protocolVersion=2&protocolCapabilities=timeline%2Cplayback%2Cnavigation%2Cplayqueues%2Cprovider-playback&timeout=1 (9 live) #fae GZIP Signed-in Token (oscaarp)
Mar 24, 2026 21:47:16.687 [281473219735776] DEBUG - Completed: [192.168.147.1:24469] 204 GET /player/proxy/poll?deviceClass=pc&protocolVersion=2&protocolCapabilities=timeline%2Cplayback%2Cnavigation%2Cplayqueues%2Cprovider-playback&timeout=1 (9 live) #f2e GZIP 30951ms 203 bytes (pipelined: 1)
Mar 24, 2026 21:47:17.079 [281473160417504] DEBUG - player xam579evnt45h5kjfj02yqja was last refreshed 1 seconds ago
Mar 24, 2026 21:47:17.380 [281473175224544] DEBUG - [Req#fe7/Transcode/8u64il5igz554kxo20fas27s/a1741535-7d37-4f3c-b4ed-31e52f32092e] Transcoder segment range: 0 - 33 (33)
Mar 24, 2026 21:47:21.441 [281473175224544] DEBUG - Request: [192.168.147.1:30527 (Subnet)] GET /:/timeline?ratingKey=1&key=%2Flibrary%2Fmetadata%2F1&playbackTime=0&playQueueItemID=1&state=paused&hasMDE=1&time=15000&duration=6739000 (7 live) #fd6 GZIP Signed-in Token (oscaarp)
Mar 24, 2026 21:47:21.443 [281473175224544] DEBUG - [Req#fd6] Client [vkjphyua8spggnvg82dvmqg3] reporting timeline state paused, progress of 15000/6739000ms for guid=, playbackTime=0ms ratingKey=1 url=, key=/library/metadata/1, containerKey=, metadataId=1, source=
Mar 24, 2026 21:47:21.444 [281473175224544] DEBUG - [Req#fd6] [Now] User is oscaarp (ID: 1)
Mar 24, 2026 21:47:21.444 [281473175224544] DEBUG - [Req#fd6] [Now] Device is Safari (Safari).
Mar 24, 2026 21:47:21.444 [281473175224544] DEBUG - [Req#fd6] [Now] Profile is Web
Mar 24, 2026 21:47:21.444 [281473175224544] DEBUG - [Req#fd6] [Now] Updated play state for /library/metadata/1.
Mar 24, 2026 21:47:21.445 [281473175224544] DEBUG - [Req#fd6] Statistics: (qjt50inxtzsqjpbem7hjo0tw) Reporting active playback in state 1 of type 1 (scrobble: 0) for account 1
Mar 24, 2026 21:47:21.450 [281473221845216] DEBUG - Completed: [192.168.147.1:30527] 200 GET /:/timeline?ratingKey=1&key=%2Flibrary%2Fmetadata%2F1&playbackTime=0&playQueueItemID=1&state=paused&hasMDE=1&time=15000&duration=6739000 (7 live) #fd6 GZIP 8ms 874 bytes (pipelined: 3)
Mar 24, 2026 21:47:22.334 [281473221845216] DEBUG - CERT: incomplete TLS handshake from [::ffff:192.168.147.1]:52205: stream truncated
Mar 24, 2026 21:47:27.080 [281473138962656] DEBUG - player xam579evnt45h5kjfj02yqja was last refreshed 11 seconds ago
Mar 24, 2026 21:47:31.447 [281473185923296] DEBUG - Request: [192.168.147.1:30527 (Subnet)] GET /:/timeline?ratingKey=1&key=%2Flibrary%2Fmetadata%2F1&playbackTime=0&playQueueItemID=1&state=paused&hasMDE=1&time=15000&duration=6739000 (8 live) #1002 GZIP Signed-in Token (oscaarp)
Mar 24, 2026 21:47:31.448 [281473185923296] DEBUG - [Req#1002] Client [vkjphyua8spggnvg82dvmqg3] reporting timeline state paused, progress of 15000/6739000ms for guid=, playbackTime=0ms ratingKey=1 url=, key=/library/metadata/1, containerKey=, metadataId=1, source=
Mar 24, 2026 21:47:31.448 [281473185923296] DEBUG - [Req#1002] [Now] User is oscaarp (ID: 1)
Mar 24, 2026 21:47:31.448 [281473185923296] DEBUG - [Req#1002] [Now] Device is Safari (Safari).
Mar 24, 2026 21:47:31.448 [281473185923296] DEBUG - [Req#1002] [Now] Profile is Web
Mar 24, 2026 21:47:31.448 [281473185923296] DEBUG - [Req#1002] [Now] Updated play state for /library/metadata/1.
Mar 24, 2026 21:47:31.448 [281473185923296] DEBUG - [Req#1002] Statistics: (qjt50inxtzsqjpbem7hjo0tw) Reporting active playback in state 1 of type 1 (scrobble: 0) for account 1
Mar 24, 2026 21:47:31.450 [281473183813856] DEBUG - Request: [192.168.147.1:65447 (Subnet)] GET /video/:/transcode/universal/ping?session=8u64il5igz554kxo20fas27s (9 live) #1005 GZIP Signed-in Token (oscaarp)
Mar 24, 2026 21:47:31.450 [281473221845216] DEBUG - Completed: [192.168.147.1:30527] 200 GET /:/timeline?ratingKey=1&key=%2Flibrary%2Fmetadata%2F1&playbackTime=0&playQueueItemID=1&state=paused&hasMDE=1&time=15000&duration=6739000 (9 live) #1002 GZIP 3ms 874 bytes (pipelined: 4)
Mar 24, 2026 21:47:31.450 [281473183813856] DEBUG - [Req#1005/Transcode] [Now] Freshening session based on ping for vkjphyua8spggnvg82dvmqg3_Video
Mar 24, 2026 21:47:31.450 [281473183813856] DEBUG - [Req#1005/Transcode] Received transcode session ping for session 8u64il5igz554kxo20fas27s.
Mar 24, 2026 21:47:31.450 [281473219735776] DEBUG - Completed: [192.168.147.1:65447] 200 GET /video/:/transcode/universal/ping?session=8u64il5igz554kxo20fas27s (9 live) #1005 GZIP 0ms 323 bytes (pipelined: 1)
Mar 24, 2026 21:47:34.496 [281473175224544] DEBUG - Request: [192.168.147.1:32026 (Subnet)] GET /hubs/continueWatching?contentDirectoryID=1&excludeElements=Actor%2CCollection%2CCountry%2CLabel%2CMood%2CPart%2CProducer%2CSimilar%2CPhoto%2CVast%2CTopic&excludeFields=file%2Ctagline&includeDetails=1 (9 live) #102a GZIP Signed-in Token (oscaarp)
Mar 24, 2026 21:47:34.496 [281473175224544] DEBUG - [Req#102a] HubCache: Retrieving '1/continueWatching/1/hubs/continueWatching/esexternal-media,indirect-media/contentDirectoryID=1&excludeElements=Actor%2CCollection%2CCountry%2CLabel%2CMood%2CPart%2CProducer%2CSimilar%2CPhoto%2CVast%2CTopic&excludeFields=file%2Ctagline&includeDetails=1' from the cache.
Mar 24, 2026 21:47:34.499 [281473175224544] DEBUG - [Req#102a] HubCache: 14 hubs cached, 53.3% hit ratio.
Mar 24, 2026 21:47:34.500 [281473219735776] DEBUG - Completed: [192.168.147.1:32026] 200 GET /hubs/continueWatching?contentDirectoryID=1&excludeElements=Actor%2CCollection%2CCountry%2CLabel%2CMood%2CPart%2CProducer%2CSimilar%2CPhoto%2CVast%2CTopic&excludeFields=file%2Ctagline&includeDetails=1 (10 live) #102a GZIP 3ms 508 bytes (pipelined: 1)
Mar 24, 2026 21:47:34.500 [281473185923296] DEBUG - Request: [192.168.147.1:63649 (Subnet)] GET /hubs/promoted?includeMeta=1&excludeContinueWatching=1&excludeElements=Actor%2CCollection%2CCountry%2CLabel%2CMood%2CPart%2CProducer%2CSimilar%2CPhoto%2CVast%2CTopic&excludeFields=file%2Ctagline&includeRecentChannels=1&includeDetails=1&count=10&contentDirectoryID=1&pinnedContentDirectoryID=1 (11 live) #1032 GZIP Signed-in Token (oscaarp)
Mar 24, 2026 21:47:34.500 [281473185923296] DEBUG - [Req#1032] HubCache: Retrieving '1/home.continue/1/hubs/promoted/esexternal-media,indirect-media/contentDirectoryID=1&count=10&excludeContinueWatching=1&excludeElements=Actor%2CCollection%2CCountry%2CLabel%2CMood%2CPart%2CProducer%2CSimilar%2CPhoto%2CVast%2CTopic&excludeFields=file%2Ctagline&includeDetails=1&includeMeta=1&includeRecentChannels=1&pinnedContentDirectoryID=1' from the cache.
Mar 24, 2026 21:47:34.501 [281473185923296] DEBUG - [Req#1032] HubCache: Retrieving '1/home.ondeck/1/hubs/promoted/esexternal-media,indirect-media/contentDirectoryID=1&count=10&excludeContinueWatching=1&excludeElements=Actor%2CCollection%2CCountry%2CLabel%2CMood%2CPart%2CProducer%2CSimilar%2CPhoto%2CVast%2CTopic&excludeFields=file%2Ctagline&includeDetails=1&includeMeta=1&includeRecentChannels=1&pinnedContentDirectoryID=1' from the cache.
Mar 24, 2026 21:47:34.502 [281473185923296] DEBUG - [Req#1032] HubCache: Retrieving '1/movie.recentlyadded.1/1/hubs/promoted/esexternal-media,indirect-media/contentDirectoryID=1&count=10&excludeContinueWatching=1&excludeElements=Actor%2CCollection%2CCountry%2CLabel%2CMood%2CPart%2CProducer%2CSimilar%2CPhoto%2CVast%2CTopic&excludeFields=file%2Ctagline&includeDetails=1&includeMeta=1&includeRecentChannels=1&pinnedContentDirectoryID=1' from the cache.
Mar 24, 2026 21:47:34.503 [281473185923296] DEBUG - [Req#1032] HubCache: Retrieving '1/movie.curated.1/1/hubs/promoted/esexternal-media,indirect-media/contentDirectoryID=1&count=10&excludeContinueWatching=1&excludeElements=Actor%2CCollection%2CCountry%2CLabel%2CMood%2CPart%2CProducer%2CSimilar%2CPhoto%2CVast%2CTopic&excludeFields=file%2Ctagline&includeDetails=1&includeMeta=1&includeRecentChannels=1&pinnedContentDirectoryID=1' from the cache.
Mar 24, 2026 21:47:34.506 [281473219735776] DEBUG - Completed: [192.168.147.1:63649] 200 GET /hubs/promoted?includeMeta=1&excludeContinueWatching=1&excludeElements=Actor%2CCollection%2CCountry%2CLabel%2CMood%2CPart%2CProducer%2CSimilar%2CPhoto%2CVast%2CTopic&excludeFields=file%2Ctagline&includeRecentChannels=1&includeDetails=1&count=10&contentDirectoryID=1&pinnedContentDirectoryID=1 (11 live) #1032 GZIP 6ms 1400 bytes (pipelined: 1)
Mar 24, 2026 21:47:35.293 [281473185923296] DEBUG - Request: [192.168.147.1:63649 (Subnet)] GET /hubs/continueWatching?contentDirectoryID=1&excludeElements=Actor%2CCollection%2CCountry%2CLabel%2CMood%2CPart%2CProducer%2CSimilar%2CPhoto%2CVast%2CTopic&excludeFields=file%2Ctagline&includeDetails=1 (11 live) #1035 GZIP Signed-in Token (oscaarp)
Mar 24, 2026 21:47:35.293 [281473175224544] DEBUG - Request: [192.168.147.1:32026 (Subnet)] GET /hubs/continueWatching?contentDirectoryID=1&excludeElements=Actor%2CCollection%2CCountry%2CLabel%2CMood%2CPart%2CProducer%2CSimilar%2CPhoto%2CVast%2CTopic&excludeFields=file%2Ctagline&includeDetails=1 (11 live) #1034 GZIP Signed-in Token (oscaarp)
Mar 24, 2026 21:47:35.293 [281473175224544] DEBUG - [Req#1034] HubCache: Retrieving '1/continueWatching/1/hubs/continueWatching/esexternal-media,indirect-media/contentDirectoryID=1&excludeElements=Actor%2CCollection%2CCountry%2CLabel%2CMood%2CPart%2CProducer%2CSimilar%2CPhoto%2CVast%2CTopic&excludeFields=file%2Ctagline&includeDetails=1' from the cache.
Mar 24, 2026 21:47:35.293 [281473185923296] DEBUG - [Req#1035] HubCache: Retrieving '1/continueWatching/1/hubs/continueWatching/esexternal-media,indirect-media/contentDirectoryID=1&excludeElements=Actor%2CCollection%2CCountry%2CLabel%2CMood%2CPart%2CProducer%2CSimilar%2CPhoto%2CVast%2CTopic&excludeFields=file%2Ctagline&includeDetails=1' from the cache.
Mar 24, 2026 21:47:35.294 [281473219735776] DEBUG - Completed: [192.168.147.1:32026] 200 GET /hubs/continueWatching?contentDirectoryID=1&excludeElements=Actor%2CCollection%2CCountry%2CLabel%2CMood%2CPart%2CProducer%2CSimilar%2CPhoto%2CVast%2CTopic&excludeFields=file%2Ctagline&includeDetails=1 (11 live) #1034 GZIP 1ms 508 bytes (pipelined: 2)
Mar 24, 2026 21:47:35.294 [281473221845216] DEBUG - Completed: [192.168.147.1:63649] 200 GET /hubs/continueWatching?contentDirectoryID=1&excludeElements=Actor%2CCollection%2CCountry%2CLabel%2CMood%2CPart%2CProducer%2CSimilar%2CPhoto%2CVast%2CTopic&excludeFields=file%2Ctagline&includeDetails=1 (11 live) #1035 GZIP 1ms 508 bytes (pipelined: 2)
Mar 24, 2026 21:47:37.083 [281473138962656] DEBUG - player xam579evnt45h5kjfj02yqja was last refreshed 21 seconds ago
Mar 24, 2026 21:47:39.490 [281473175224544] DEBUG - Request: [192.168.147.1:63649 (Subnet)] GET /hubs/sections/1?count=10&excludeElements=Actor%2CCollection%2CCountry%2CLabel%2CMood%2CPart%2CProducer%2CSimilar%2CPhoto%2CVast%2CTopic&excludeFields=file%2Ctagline&includeMeta=1&includeRecentChannels=1&includeDetails=1 (11 live) #1039 GZIP Signed-in Token (oscaarp)
Mar 24, 2026 21:47:39.491 [281473175224544] DEBUG - [Req#1039] HubCache: Adding '1/movie.inprogress.1/1/hubs/sections/1/esexternal-media,indirect-media/count=10&excludeElements=Actor%2CCollection%2CCountry%2CLabel%2CMood%2CPart%2CProducer%2CSimilar%2CPhoto%2CVast%2CTopic&excludeFields=file%2Ctagline&includeDetails=1&includeMeta=1&includeRecentChannels=1' to the cache (1/movie.inprogress.1/1/hubs/sections/1/esexternal-media,indirect-media/count=10&excludeElements=Actor%2CCollection%2CCountry%2CLabel%2CMood%2CPart%2CProducer%2CSimilar%2CPhoto%2CVast%2CTopic&excludeFields=file%2Ctagline&includeDetails=1&includeMeta=1&includeRecentChannels=1).
Mar 24, 2026 21:47:39.496 [281473175224544] DEBUG - [Req#1039] HubCache: Computed '1/movie.inprogress.1/1/hubs/sections/1/esexternal-media,indirect-media/count=10&excludeElements=Actor%2CCollection%2CCountry%2CLabel%2CMood%2CPart%2CProducer%2CSimilar%2CPhoto%2CVast%2CTopic&excludeFields=file%2Ctagline&includeDetails=1&includeMeta=1&includeRecentChannels=1' in 4 ms.
Mar 24, 2026 21:47:39.496 [281473175224544] DEBUG - [Req#1039] HubCache: Adding '1/movie.recentlyreleased.1/1/hubs/sections/1/esexternal-media,indirect-media/count=10&excludeElements=Actor%2CCollection%2CCountry%2CLabel%2CMood%2CPart%2CProducer%2CSimilar%2CPhoto%2CVast%2CTopic&excludeFields=file%2Ctagline&includeDetails=1&includeMeta=1&includeRecentChannels=1' to the cache (1/movie.recentlyreleased.1/1/hubs/sections/1/esexternal-media,indirect-media/count=10&excludeElements=Actor%2CCollection%2CCountry%2CLabel%2CMood%2CPart%2CProducer%2CSimilar%2CPhoto%2CVast%2CTopic&excludeFields=file%2Ctagline&includeDetails=1&includeMeta=1&includeRecentChannels=1).
Mar 24, 2026 21:47:39.499 [281473175224544] DEBUG - [Req#1039] HubCache: Computed '1/movie.recentlyreleased.1/1/hubs/sections/1/esexternal-media,indirect-media/count=10&excludeElements=Actor%2CCollection%2CCountry%2CLabel%2CMood%2CPart%2CProducer%2CSimilar%2CPhoto%2CVast%2CTopic&excludeFields=file%2Ctagline&includeDetails=1&includeMeta=1&includeRecentChannels=1' in 2 ms.
Mar 24, 2026 21:47:39.499 [281473175224544] DEBUG - [Req#1039] HubCache: Adding '1/movie.recentlyadded.1/1/hubs/sections/1/esexternal-media,indirect-media/count=10&excludeElements=Actor%2CCollection%2CCountry%2CLabel%2CMood%2CPart%2CProducer%2CSimilar%2CPhoto%2CVast%2CTopic&excludeFields=file%2Ctagline&includeDetails=1&includeMeta=1&includeRecentChannels=1' to the cache (1/movie.recentlyadded.1/1/hubs/sections/1/esexternal-media,indirect-media/count=10&excludeElements=Actor%2CCollection%2CCountry%2CLabel%2CMood%2CPart%2CProducer%2CSimilar%2CPhoto%2CVast%2CTopic&excludeFields=file%2Ctagline&includeDetails=1&includeMeta=1&includeRecentChannels=1).
Mar 24, 2026 21:47:39.501 [281473175224544] DEBUG - [Req#1039] HubCache: Computed '1/movie.recentlyadded.1/1/hubs/sections/1/esexternal-media,indirect-media/count=10&excludeElements=Actor%2CCollection%2CCountry%2CLabel%2CMood%2CPart%2CProducer%2CSimilar%2CPhoto%2CVast%2CTopic&excludeFields=file%2Ctagline&includeDetails=1&includeMeta=1&includeRecentChannels=1' in 2 ms.
Mar 24, 2026 21:47:39.501 [281473175224544] DEBUG - [Req#1039] HubCache: Adding '1/recent.library.playlists.1/1/hubs/sections/1/esexternal-media,indirect-media/count=10&excludeElements=Actor%2CCollection%2CCountry%2CLabel%2CMood%2CPart%2CProducer%2CSimilar%2CPhoto%2CVast%2CTopic&excludeFields=file%2Ctagline&includeDetails=1&includeMeta=1&includeRecentChannels=1' to the cache (1/recent.library.playlists.1/1/hubs/sections/1/esexternal-media,indirect-media/count=10&excludeElements=Actor%2CCollection%2CCountry%2CLabel%2CMood%2CPart%2CProducer%2CSimilar%2CPhoto%2CVast%2CTopic&excludeFields=file%2Ctagline&includeDetails=1&includeMeta=1&includeRecentChannels=1).
Mar 24, 2026 21:47:39.501 [281473175224544] DEBUG - [Req#1039] HubCache: Adding '1/movie.genre.1/1/hubs/sections/1/esexternal-media,indirect-media/count=10&excludeElements=Actor%2CCollection%2CCountry%2CLabel%2CMood%2CPart%2CProducer%2CSimilar%2CPhoto%2CVast%2CTopic&excludeFields=file%2Ctagline&includeDetails=1&includeMeta=1&includeRecentChannels=1' to the cache (1/movie.genre.1/1/hubs/sections/1/esexternal-media,indirect-media/count=10&excludeElements=Actor%2CCollection%2CCountry%2CLabel%2CMood%2CPart%2CProducer%2CSimilar%2CPhoto%2CVast%2CTopic&excludeFields=file%2Ctagline&includeDetails=1&includeMeta=1&includeRecentChannels=1).
Mar 24, 2026 21:47:39.504 [281473175224544] DEBUG - [Req#1039] HubCache: Computed '1/movie.genre.1/1/hubs/sections/1/esexternal-media,indirect-media/count=10&excludeElements=Actor%2CCollection%2CCountry%2CLabel%2CMood%2CPart%2CProducer%2CSimilar%2CPhoto%2CVast%2CTopic&excludeFields=file%2Ctagline&includeDetails=1&includeMeta=1&includeRecentChannels=1' in 3 ms.
Mar 24, 2026 21:47:39.504 [281473175224544] DEBUG - [Req#1039] HubCache: Adding '1/movie.by.actor.or.director.1/1/hubs/sections/1/esexternal-media,indirect-media/count=10&excludeElements=Actor%2CCollection%2CCountry%2CLabel%2CMood%2CPart%2CProducer%2CSimilar%2CPhoto%2CVast%2CTopic&excludeFields=file%2Ctagline&includeDetails=1&includeMeta=1&includeRecentChannels=1' to the cache (1/movie.by.actor.or.director.1/1/hubs/sections/1/esexternal-media,indirect-media/count=10&excludeElements=Actor%2CCollection%2CCountry%2CLabel%2CMood%2CPart%2CProducer%2CSimilar%2CPhoto%2CVast%2CTopic&excludeFields=file%2Ctagline&includeDetails=1&includeMeta=1&includeRecentChannels=1).
Mar 24, 2026 21:47:39.506 [281473175224544] DEBUG - [Req#1039] HubCache: Computed '1/movie.by.actor.or.director.1/1/hubs/sections/1/esexternal-media,indirect-media/count=10&excludeElements=Actor%2CCollection%2CCountry%2CLabel%2CMood%2CPart%2CProducer%2CSimilar%2CPhoto%2CVast%2CTopic&excludeFields=file%2Ctagline&includeDetails=1&includeMeta=1&includeRecentChannels=1' in 1 ms.
Mar 24, 2026 21:47:39.506 [281473175224544] DEBUG - [Req#1039] HubCache: Adding '1/movie.topunwatched.1/1/hubs/sections/1/esexternal-media,indirect-media/count=10&excludeElements=Actor%2CCollection%2CCountry%2CLabel%2CMood%2CPart%2CProducer%2CSimilar%2CPhoto%2CVast%2CTopic&excludeFields=file%2Ctagline&includeDetails=1&includeMeta=1&includeRecentChannels=1' to the cache (1/movie.topunwatched.1/1/hubs/sections/1/esexternal-media,indirect-media/count=10&excludeElements=Actor%2CCollection%2CCountry%2CLabel%2CMood%2CPart%2CProducer%2CSimilar%2CPhoto%2CVast%2CTopic&excludeFields=file%2Ctagline&includeDetails=1&includeMeta=1&includeRecentChannels=1).
Mar 24, 2026 21:47:39.507 [281473175224544] DEBUG - [Req#1039] HubCache: Computed '1/movie.topunwatched.1/1/hubs/sections/1/esexternal-media,indirect-media/count=10&excludeElements=Actor%2CCollection%2CCountry%2CLabel%2CMood%2CPart%2CProducer%2CSimilar%2CPhoto%2CVast%2CTopic&excludeFields=file%2Ctagline&includeDetails=1&includeMeta=1&includeRecentChannels=1' in 1 ms.
Mar 24, 2026 21:47:39.507 [281473175224544] DEBUG - [Req#1039] HubCache: Adding '1/movie.curated.1/1/hubs/sections/1/esexternal-media,indirect-media/count=10&excludeElements=Actor%2CCollection%2CCountry%2CLabel%2CMood%2CPart%2CProducer%2CSimilar%2CPhoto%2CVast%2CTopic&excludeFields=file%2Ctagline&includeDetails=1&includeMeta=1&includeRecentChannels=1' to the cache (1/movie.curated.1/1/hubs/sections/1/esexternal-media,indirect-media/count=10&excludeElements=Actor%2CCollection%2CCountry%2CLabel%2CMood%2CPart%2CProducer%2CSimilar%2CPhoto%2CVast%2CTopic&excludeFields=file%2Ctagline&includeDetails=1&includeMeta=1&includeRecentChannels=1).
Mar 24, 2026 21:47:39.508 [281473175224544] DEBUG - [Req#1039] HubCache: Adding '1/movie.recentlyviewed.1/1/hubs/sections/1/esexternal-media,indirect-media/count=10&excludeElements=Actor%2CCollection%2CCountry%2CLabel%2CMood%2CPart%2CProducer%2CSimilar%2CPhoto%2CVast%2CTopic&excludeFields=file%2Ctagline&includeDetails=1&includeMeta=1&includeRecentChannels=1' to the cache (1/movie.recentlyviewed.1/1/hubs/sections/1/esexternal-media,indirect-media/count=10&excludeElements=Actor%2CCollection%2CCountry%2CLabel%2CMood%2CPart%2CProducer%2CSimilar%2CPhoto%2CVast%2CTopic&excludeFields=file%2Ctagline&includeDetails=1&includeMeta=1&includeRecentChannels=1).
Mar 24, 2026 21:47:39.509 [281473175224544] DEBUG - [Req#1039] HubCache: Computed '1/movie.recentlyviewed.1/1/hubs/sections/1/esexternal-media,indirect-media/count=10&excludeElements=Actor%2CCollection%2CCountry%2CLabel%2CMood%2CPart%2CProducer%2CSimilar%2CPhoto%2CVast%2CTopic&excludeFields=file%2Ctagline&includeDetails=1&includeMeta=1&includeRecentChannels=1' in 1 ms.
Mar 24, 2026 21:47:39.510 [281473219735776] DEBUG - Completed: [192.168.147.1:63649] 200 GET /hubs/sections/1?count=10&excludeElements=Actor%2CCollection%2CCountry%2CLabel%2CMood%2CPart%2CProducer%2CSimilar%2CPhoto%2CVast%2CTopic&excludeFields=file%2Ctagline&includeMeta=1&includeRecentChannels=1&includeDetails=1 (11 live) #1039 GZIP 19ms 1572 bytes (pipelined: 3)
Mar 24, 2026 21:47:41.450 [281473185923296] DEBUG - Request: [192.168.147.1:30527 (Subnet)] GET /:/timeline?ratingKey=1&key=%2Flibrary%2Fmetadata%2F1&playbackTime=0&playQueueItemID=1&state=paused&hasMDE=1&time=15000&duration=6739000 (11 live) #102b GZIP Signed-in Token (oscaarp)
Mar 24, 2026 21:47:41.451 [281473185923296] DEBUG - [Req#102b] Client [vkjphyua8spggnvg82dvmqg3] reporting timeline state paused, progress of 15000/6739000ms for guid=, playbackTime=0ms ratingKey=1 url=, key=/library/metadata/1, containerKey=, metadataId=1, source=
Mar 24, 2026 21:47:41.451 [281473185923296] DEBUG - [Req#102b] [Now] User is oscaarp (ID: 1)
Mar 24, 2026 21:47:41.451 [281473185923296] DEBUG - [Req#102b] [Now] Device is Safari (Safari).
Mar 24, 2026 21:47:41.451 [281473185923296] DEBUG - [Req#102b] [Now] Profile is Web
Mar 24, 2026 21:47:41.451 [281473185923296] DEBUG - [Req#102b] [Now] Updated play state for /library/metadata/1.
Mar 24, 2026 21:47:41.451 [281473185923296] DEBUG - [Req#102b] Statistics: (qjt50inxtzsqjpbem7hjo0tw) Reporting active playback in state 1 of type 1 (scrobble: 0) for account 1
Mar 24, 2026 21:47:41.453 [281473219735776] DEBUG - Completed: [192.168.147.1:30527] 200 GET /:/timeline?ratingKey=1&key=%2Flibrary%2Fmetadata%2F1&playbackTime=0&playQueueItemID=1&state=paused&hasMDE=1&time=15000&duration=6739000 (11 live) #102b GZIP 3ms 883 bytes (pipelined: 5)
Mar 24, 2026 21:47:47.085 [281473126306016] DEBUG - player xam579evnt45h5kjfj02yqja was last refreshed 31 seconds ago
Mar 24, 2026 21:47:47.085 [281473126306016] DEBUG - player xam579evnt45h5kjfj02yqja was not refreshed for over 30 seconds, dropping it.
Mar 24, 2026 21:47:47.085 [281473221845216] DEBUG - Completed: [192.168.147.1:41248] 204 GET /player/proxy/poll?deviceClass=pc&protocolVersion=2&protocolCapabilities=timeline%2Cplayback%2Cnavigation%2Cplayqueues%2Cprovider-playback&timeout=1 (10 live) #fae GZIP 30398ms 203 bytes (pipelined: 1)
Mar 24, 2026 21:47:49.723 [281473183813856] DEBUG - Request: [192.168.147.1:41248 (Subnet)] GET /player/proxy/poll?deviceClass=pc&protocolVersion=2&protocolCapabilities=timeline%2Cplayback%2Cnavigation%2Cplayqueues%2Cprovider-playback&timeout=1 (10 live) #107a GZIP Signed-in Token (oscaarp)
Mar 24, 2026 21:47:49.723 [281473183813856] DEBUG - [Req#107a/CompanionProxy] registered new player: xam579evnt45h5kjfj02yqja (192.168.147.1)
Mar 24, 2026 21:47:51.450 [281473185923296] DEBUG - Request: [192.168.147.1:30527 (Subnet)] GET /:/timeline?ratingKey=1&key=%2Flibrary%2Fmetadata%2F1&playbackTime=0&playQueueItemID=1&state=paused&hasMDE=1&time=15000&duration=6739000 (9 live) #1067 GZIP Signed-in Token (oscaarp)
Mar 24, 2026 21:47:51.451 [281473185923296] DEBUG - [Req#1067] Client [vkjphyua8spggnvg82dvmqg3] reporting timeline state paused, progress of 15000/6739000ms for guid=, playbackTime=0ms ratingKey=1 url=, key=/library/metadata/1, containerKey=, metadataId=1, source=
Mar 24, 2026 21:47:51.451 [281473185923296] DEBUG - [Req#1067] [Now] User is oscaarp (ID: 1)
Mar 24, 2026 21:47:51.452 [281473185923296] DEBUG - [Req#1067] [Now] Device is Safari (Safari).
Mar 24, 2026 21:47:51.452 [281473185923296] DEBUG - [Req#1067] [Now] Profile is Web
Mar 24, 2026 21:47:51.452 [281473185923296] DEBUG - [Req#1067] [Now] Updated play state for /library/metadata/1.
Mar 24, 2026 21:47:51.452 [281473185923296] DEBUG - [Req#1067] Statistics: (qjt50inxtzsqjpbem7hjo0tw) Reporting active playback in state 1 of type 1 (scrobble: 0) for account 1
Mar 24, 2026 21:47:51.454 [281473219735776] DEBUG - Completed: [192.168.147.1:30527] 200 GET /:/timeline?ratingKey=1&key=%2Flibrary%2Fmetadata%2F1&playbackTime=0&playQueueItemID=1&state=paused&hasMDE=1&time=15000&duration=6739000 (9 live) #1067 GZIP 3ms 883 bytes (pipelined: 6)
Mar 24, 2026 21:47:57.090 [281473160417504] DEBUG - player xam579evnt45h5kjfj02yqja was last refreshed 8 seconds ago
Mar 24, 2026 21:47:58.096 [281473183813856] DEBUG - [Req#1033/Transcode/8u64il5igz554kxo20fas27s/a1741535-7d37-4f3c-b4ed-31e52f32092e] Transcoder segment range: 0 - 34 (34)
Mar 24, 2026 21:48:01.454 [281473183813856] DEBUG - Request: [192.168.147.1:30527 (Subnet)] GET /:/timeline?ratingKey=1&key=%2Flibrary%2Fmetadata%2F1&playbackTime=0&playQueueItemID=1&state=paused&hasMDE=1&time=15000&duration=6739000 (7 live) #1090 GZIP Signed-in Token (oscaarp)
Mar 24, 2026 21:48:01.454 [281473185923296] DEBUG - Request: [192.168.147.1:29301 (Subnet)] GET /video/:/transcode/universal/ping?session=8u64il5igz554kxo20fas27s (8 live) #10a5 GZIP Signed-in Token (oscaarp)
Mar 24, 2026 21:48:01.455 [281473185923296] DEBUG - [Req#10a5/Transcode] [Now] Freshening session based on ping for vkjphyua8spggnvg82dvmqg3_Video
Mar 24, 2026 21:48:01.455 [281473185923296] DEBUG - [Req#10a5/Transcode] Received transcode session ping for session 8u64il5igz554kxo20fas27s.
Mar 24, 2026 21:48:01.455 [281473221845216] DEBUG - Completed: [192.168.147.1:29301] 200 GET /video/:/transcode/universal/ping?session=8u64il5igz554kxo20fas27s (8 live) #10a5 GZIP 1ms 323 bytes (pipelined: 1)
Mar 24, 2026 21:48:01.463 [281473183813856] DEBUG - [Req#1090] Client [vkjphyua8spggnvg82dvmqg3] reporting timeline state paused, progress of 15000/6739000ms for guid=, playbackTime=0ms ratingKey=1 url=, key=/library/metadata/1, containerKey=, metadataId=1, source=
Mar 24, 2026 21:48:01.463 [281473183813856] DEBUG - [Req#1090] [Now] User is oscaarp (ID: 1)
Mar 24, 2026 21:48:01.463 [281473183813856] DEBUG - [Req#1090] [Now] Device is Safari (Safari).
Mar 24, 2026 21:48:01.464 [281473183813856] DEBUG - [Req#1090] [Now] Profile is Web
Mar 24, 2026 21:48:01.464 [281473183813856] DEBUG - [Req#1090] [Now] Updated play state for /library/metadata/1.
Mar 24, 2026 21:48:01.464 [281473183813856] DEBUG - [Req#1090] Statistics: (qjt50inxtzsqjpbem7hjo0tw) Reporting active playback in state 1 of type 1 (scrobble: 0) for account 1
Mar 24, 2026 21:48:01.466 [281473221845216] DEBUG - Completed: [192.168.147.1:30527] 200 GET /:/timeline?ratingKey=1&key=%2Flibrary%2Fmetadata%2F1&playbackTime=0&playQueueItemID=1&state=paused&hasMDE=1&time=15000&duration=6739000 (8 live) #1090 GZIP 13ms 883 bytes (pipelined: 7)
Mar 24, 2026 21:48:02.703 [281473183813856] DEBUG - Request: [192.168.147.1:28377 (Subnet)] GET /hubs/promoted?includeMeta=1&excludeContinueWatching=1&excludeElements=Actor%2CCollection%2CCountry%2CLabel%2CMood%2CPart%2CProducer%2CSimilar%2CPhoto%2CVast%2CTopic&excludeFields=file%2Ctagline&includeRecentChannels=1&includeDetails=1&count=10&contentDirectoryID=1&pinnedContentDirectoryID=1 (10 live) #10c0 GZIP Signed-in Token (oscaarp)
Mar 24, 2026 21:48:02.703 [281473183813856] DEBUG - [Req#10c0] HubCache: Retrieving '1/home.continue/1/hubs/promoted/esexternal-media,indirect-media/contentDirectoryID=1&count=10&excludeContinueWatching=1&excludeElements=Actor%2CCollection%2CCountry%2CLabel%2CMood%2CPart%2CProducer%2CSimilar%2CPhoto%2CVast%2CTopic&excludeFields=file%2Ctagline&includeDetails=1&includeMeta=1&includeRecentChannels=1&pinnedContentDirectoryID=1' from the cache.
Mar 24, 2026 21:48:02.703 [281473183813856] DEBUG - [Req#10c0] HubCache: Retrieving '1/home.ondeck/1/hubs/promoted/esexternal-media,indirect-media/contentDirectoryID=1&count=10&excludeContinueWatching=1&excludeElements=Actor%2CCollection%2CCountry%2CLabel%2CMood%2CPart%2CProducer%2CSimilar%2CPhoto%2CVast%2CTopic&excludeFields=file%2Ctagline&includeDetails=1&includeMeta=1&includeRecentChannels=1&pinnedContentDirectoryID=1' from the cache.
Mar 24, 2026 21:48:02.704 [281473175224544] DEBUG - Request: [192.168.147.1:26493 (Subnet)] GET /hubs/continueWatching?contentDirectoryID=1&excludeElements=Actor%2CCollection%2CCountry%2CLabel%2CMood%2CPart%2CProducer%2CSimilar%2CPhoto%2CVast%2CTopic&excludeFields=file%2Ctagline&includeDetails=1 (10 live) #10ae GZIP Signed-in Token (oscaarp)
Mar 24, 2026 21:48:02.704 [281473175224544] DEBUG - [Req#10ae] HubCache: Retrieving '1/continueWatching/1/hubs/continueWatching/esexternal-media,indirect-media/contentDirectoryID=1&excludeElements=Actor%2CCollection%2CCountry%2CLabel%2CMood%2CPart%2CProducer%2CSimilar%2CPhoto%2CVast%2CTopic&excludeFields=file%2Ctagline&includeDetails=1' from the cache.
Mar 24, 2026 21:48:02.704 [281473183813856] DEBUG - [Req#10c0] HubCache: Retrieving '1/movie.recentlyadded.1/1/hubs/promoted/esexternal-media,indirect-media/contentDirectoryID=1&count=10&excludeContinueWatching=1&excludeElements=Actor%2CCollection%2CCountry%2CLabel%2CMood%2CPart%2CProducer%2CSimilar%2CPhoto%2CVast%2CTopic&excludeFields=file%2Ctagline&includeDetails=1&includeMeta=1&includeRecentChannels=1&pinnedContentDirectoryID=1' from the cache.
Mar 24, 2026 21:48:02.704 [281473183813856] DEBUG - [Req#10c0] HubCache: Retrieving '1/movie.curated.1/1/hubs/promoted/esexternal-media,indirect-media/contentDirectoryID=1&count=10&excludeContinueWatching=1&excludeElements=Actor%2CCollection%2CCountry%2CLabel%2CMood%2CPart%2CProducer%2CSimilar%2CPhoto%2CVast%2CTopic&excludeFields=file%2Ctagline&includeDetails=1&includeMeta=1&includeRecentChannels=1&pinnedContentDirectoryID=1' from the cache.
Mar 24, 2026 21:48:02.705 [281473219735776] DEBUG - Completed: [192.168.147.1:26493] 200 GET /hubs/continueWatching?contentDirectoryID=1&excludeElements=Actor%2CCollection%2CCountry%2CLabel%2CMood%2CPart%2CProducer%2CSimilar%2CPhoto%2CVast%2CTopic&excludeFields=file%2Ctagline&includeDetails=1 (10 live) #10ae GZIP 2ms 508 bytes (pipelined: 1)
Mar 24, 2026 21:48:02.707 [281473219735776] DEBUG - Completed: [192.168.147.1:28377] 200 GET /hubs/promoted?includeMeta=1&excludeContinueWatching=1&excludeElements=Actor%2CCollection%2CCountry%2CLabel%2CMood%2CPart%2CProducer%2CSimilar%2CPhoto%2CVast%2CTopic&excludeFields=file%2Ctagline&includeRecentChannels=1&includeDetails=1&count=10&contentDirectoryID=1&pinnedContentDirectoryID=1 (10 live) #10c0 GZIP 5ms 1400 bytes (pipelined: 1)
Mar 24, 2026 21:48:03.461 [281473175224544] DEBUG - Request: [192.168.147.1:28377 (Subnet)] GET /library/sections/1/all?sort=addedAt:desc&contentDirectoryID=1&excludeElements=Actor%2CCollection%2CCountry%2CLabel%2CMood%2CPart%2CProducer%2CSimilar%2CPhoto%2CVast%2CTopic&excludeFields=file%2Ctagline&includeDetails=1&includeUserState=0 (10 live) #10c3 Page 0-0 GZIP Signed-in Token (oscaarp)
Mar 24, 2026 21:48:03.474 [281473175224544] WARN - [Req#10c3] QueryParser: Invalid field 'contentDirectoryID' found, ignoring.
Mar 24, 2026 21:48:03.475 [281473175224544] DEBUG - [Req#10c3] Setting container serialization range to [0, 0] (total=-1)
Mar 24, 2026 21:48:03.480 [281473219735776] DEBUG - Completed: [192.168.147.1:28377] 200 GET /library/sections/1/all?sort=addedAt:desc&contentDirectoryID=1&excludeElements=Actor%2CCollection%2CCountry%2CLabel%2CMood%2CPart%2CProducer%2CSimilar%2CPhoto%2CVast%2CTopic&excludeFields=file%2Ctagline&includeDetails=1&includeUserState=0 (10 live) #10c3 GZIP Page 0-0 19ms 1496 bytes (pipelined: 2)
Mar 24, 2026 21:48:07.095 [281473138962656] DEBUG - player xam579evnt45h5kjfj02yqja was last refreshed 18 seconds ago
Mar 24, 2026 21:48:08.466 [281473185923296] DEBUG - Request: [192.168.147.1:28377 (Subnet)] GET /library/metadata/1?includeUserState=1 (10 live) #10c5 GZIP Signed-in Token (oscaarp)
Mar 24, 2026 21:48:08.478 [281473185923296] DEBUG - We're going to try to auto-select an audio stream for account 1.
Mar 24, 2026 21:48:08.478 [281473185923296] DEBUG - Selecting best audio stream for part ID 1 (language: )
Mar 24, 2026 21:48:08.478 [281473185923296] DEBUG - We're going to try to auto-select a subtitle for account 1.
Mar 24, 2026 21:48:08.478 [281473185923296] DEBUG - Audio Stream: 2, Subtitle Stream: -1
Mar 24, 2026 21:48:08.498 [281473221845216] DEBUG - Completed: [192.168.147.1:28377] 200 GET /library/metadata/1?includeUserState=1 (10 live) #10c5 GZIP 32ms 4490 bytes (pipelined: 3)
Mar 24, 2026 21:48:08.545 [281473175224544] DEBUG - Request: [192.168.147.1:28377 (Subnet)] GET /library/metadata/1?includeExtras=1&includeExternalMetadata=1&checkFiles=1&includeUserState=1&includeReviews=1&includeExternalMedia=1 (10 live) #10d6 GZIP Signed-in Token (oscaarp)
Mar 24, 2026 21:48:08.551 [281473175224544] DEBUG - We're going to try to auto-select an audio stream for account 1.
Mar 24, 2026 21:48:08.551 [281473175224544] DEBUG - Selecting best audio stream for part ID 1 (language: )
Mar 24, 2026 21:48:08.551 [281473175224544] DEBUG - We're going to try to auto-select a subtitle for account 1.
Mar 24, 2026 21:48:08.551 [281473175224544] DEBUG - Audio Stream: 2, Subtitle Stream: -1
Mar 24, 2026 21:48:08.555 [281473219735776] DEBUG - Completed: [192.168.147.1:28377] 200 GET /library/metadata/1?includeExtras=1&includeExternalMetadata=1&checkFiles=1&includeUserState=1&includeReviews=1&includeExternalMedia=1 (10 live) #10d6 GZIP 10ms 4518 bytes (pipelined: 4)
Mar 24, 2026 21:48:08.625 [281473183813856] DEBUG - Request: [192.168.147.1:28377 (Subnet)] GET /hubs/metadata/1/related?excludeElements=Actor%2CCollection%2CCountry%2CLabel%2CMood%2CPart%2CProducer%2CSimilar%2CPhoto%2CVast%2CTopic&excludeFields=file%2Ctagline&includeAugmentations=1&includeExternalMetadata=1&includeMeta=1&wait=1 (10 live) #10d7 GZIP Signed-in Token (oscaarp)
Mar 24, 2026 21:48:08.638 [281473219735776] DEBUG - Completed: [192.168.147.1:28377] 200 GET /hubs/metadata/1/related?excludeElements=Actor%2CCollection%2CCountry%2CLabel%2CMood%2CPart%2CProducer%2CSimilar%2CPhoto%2CVast%2CTopic&excludeFields=file%2Ctagline&includeAugmentations=1&includeExternalMetadata=1&includeMeta=1&wait=1 (10 live) #10d7 GZIP 13ms 478 bytes (pipelined: 5)
Mar 24, 2026 21:48:11.454 [281473175224544] DEBUG - Request: [192.168.147.1:29301 (Subnet)] GET /:/timeline?ratingKey=1&key=%2Flibrary%2Fmetadata%2F1&playbackTime=0&playQueueItemID=1&state=paused&hasMDE=1&time=15000&duration=6739000 (10 live) #10af GZIP Signed-in Token (oscaarp)
Mar 24, 2026 21:48:11.455 [281473175224544] DEBUG - [Req#10af] Client [vkjphyua8spggnvg82dvmqg3] reporting timeline state paused, progress of 15000/6739000ms for guid=, playbackTime=0ms ratingKey=1 url=, key=/library/metadata/1, containerKey=, metadataId=1, source=
Mar 24, 2026 21:48:11.455 [281473175224544] DEBUG - [Req#10af] [Now] User is oscaarp (ID: 1)
Mar 24, 2026 21:48:11.455 [281473175224544] DEBUG - [Req#10af] [Now] Device is Safari (Safari).
Mar 24, 2026 21:48:11.455 [281473175224544] DEBUG - [Req#10af] [Now] Profile is Web
Mar 24, 2026 21:48:11.455 [281473175224544] DEBUG - [Req#10af] [Now] Updated play state for /library/metadata/1.
Mar 24, 2026 21:48:11.456 [281473175224544] DEBUG - [Req#10af] Statistics: (qjt50inxtzsqjpbem7hjo0tw) Reporting active playback in state 1 of type 1 (scrobble: 0) for account 1
Mar 24, 2026 21:48:11.458 [281473221845216] DEBUG - Completed: [192.168.147.1:29301] 200 GET /:/timeline?ratingKey=1&key=%2Flibrary%2Fmetadata%2F1&playbackTime=0&playQueueItemID=1&state=paused&hasMDE=1&time=15000&duration=6739000 (10 live) #10af GZIP 3ms 883 bytes (pipelined: 2)
Mar 24, 2026 21:48:11.470 [281473183813856] DEBUG - Request: [192.168.147.1:28377 (Subnet)] GET /library/metadata/1?includeUserState=1 (10 live) #10de GZIP Signed-in Token (oscaarp)
Mar 24, 2026 21:48:11.476 [281473183813856] DEBUG - We're going to try to auto-select an audio stream for account 1.
Mar 24, 2026 21:48:11.476 [281473183813856] DEBUG - Selecting best audio stream for part ID 1 (language: )
Mar 24, 2026 21:48:11.476 [281473183813856] DEBUG - We're going to try to auto-select a subtitle for account 1.
Mar 24, 2026 21:48:11.476 [281473183813856] DEBUG - Audio Stream: 2, Subtitle Stream: -1
Mar 24, 2026 21:48:11.477 [281473219735776] DEBUG - Completed: [192.168.147.1:28377] 200 GET /library/metadata/1?includeUserState=1 (10 live) #10de GZIP 7ms 4490 bytes (pipelined: 6)
Mar 24, 2026 21:48:12.950 [281473183813856] DEBUG - Request: [192.168.147.1:28377 (Subnet)] POST /playQueues?own=1&excludeElements=Actor%2CCollection%2CCountry%2CDirector%2CGenre%2CLabel%2CMood%2CPart%2CProducer%2CRole%2CSimilar%2CWriter%2CPhoto&excludeFields=file%2Ctagline&uri=server%3A%2F%2F0b7ef4be55a6ce2cbd71deb676303551923b4830%2Fcom.plexapp.plugins.library%2Flibrary%2Fmetadata%2F1&type=video&continuous=0&includeRelated=0&shuffle=0&repeat=0&extrasPrefixCount=0 (10 live) #10ec GZIP Signed-in Token (oscaarp)
Mar 24, 2026 21:48:12.951 [281473183813856] DEBUG - [Req#10ec] PlayQueue: Converted 'server://0b7ef4be55a6ce2cbd71deb676303551923b4830/com.plexapp.plugins.library/library/metadata/1' to 'library://x/item/%2Flibrary%2Fmetadata%2F1'
Mar 24, 2026 21:48:12.956 [281473183813856] DEBUG - [Req#10ec] PlayQueue: Start index: 0 End index: 0 Count: 1
Mar 24, 2026 21:48:12.957 [281473183813856] DEBUG - [Req#10ec] PlayQueue: Added 1 items in 0.0 sec.
Mar 24, 2026 21:48:12.962 [281473183813856] DEBUG - [Req#10ec] Extras: Looking for extras for item plex://movie/679da669f094efa3368f34e1 with unwatched: 1 fromLibrary: 1 fromTheater: 0 fromBluray: 0 and preroll count: 0.
Mar 24, 2026 21:48:12.962 [281473183813856] DEBUG - [Req#10ec] Extras: Using allowable content ratings: G, PG, PG-13.
Mar 24, 2026 21:48:12.962 [281473183813856] DEBUG - [Req#10ec] Extras: Using genres: Drama, Suspense.
Mar 24, 2026 21:48:12.962 [281473183813856] WARN - [Req#10ec] QueryParser: Invalid field 'guid!<' found, ignoring.
Mar 24, 2026 21:48:12.964 [281473183813856] DEBUG - [Req#10ec] Extras: Found 0 extras from library.
Mar 24, 2026 21:48:12.968 [281473221845216] DEBUG - Completed: [192.168.147.1:28377] 200 POST /playQueues?own=1&excludeElements=Actor%2CCollection%2CCountry%2CDirector%2CGenre%2CLabel%2CMood%2CPart%2CProducer%2CRole%2CSimilar%2CWriter%2CPhoto&excludeFields=file%2Ctagline&uri=server%3A%2F%2F0b7ef4be55a6ce2cbd71deb676303551923b4830%2Fcom.plexapp.plugins.library%2Flibrary%2Fmetadata%2F1&type=video&continuous=0&includeRelated=0&shuffle=0&repeat=0&extrasPrefixCount=0 (10 live) #10ec GZIP 18ms 1388 bytes (pipelined: 7)
Mar 24, 2026 21:48:13.018 [281473185923296] DEBUG - Request: [192.168.147.1:28377 (Subnet)] GET /library/metadata/1?checkFiles=1&includeChapters=1&includeMarkers=1&includeUserState=1 (10 live) #10f8 GZIP Signed-in Token (oscaarp)
Mar 24, 2026 21:48:13.025 [281473185923296] DEBUG - We're going to try to auto-select an audio stream for account 1.
Mar 24, 2026 21:48:13.025 [281473185923296] DEBUG - Selecting best audio stream for part ID 1 (language: )
Mar 24, 2026 21:48:13.025 [281473185923296] DEBUG - We're going to try to auto-select a subtitle for account 1.
Mar 24, 2026 21:48:13.025 [281473185923296] DEBUG - Audio Stream: 2, Subtitle Stream: -1
Mar 24, 2026 21:48:13.028 [281473221845216] DEBUG - Completed: [192.168.147.1:28377] 200 GET /library/metadata/1?checkFiles=1&includeChapters=1&includeMarkers=1&includeUserState=1 (10 live) #10f8 GZIP 9ms 4508 bytes (pipelined: 8)
Mar 24, 2026 21:48:13.059 [281473175224544] DEBUG - Request: [192.168.147.1:28377 (Subnet)] GET /video/:/transcode/universal/decision?directPlay=1&directStream=1&directStreamAudio=1&protocol=dash&fastSeek=1&path=%2Flibrary%2Fmetadata%2F1&session=o2fqar3ifd0lata7zdz9kq0w&mediaIndex=0&partIndex=0&mediaBufferSize=50000&hasMDE=1&subtitleSize=100&videoQuality=100&videoResolution=4096x2160&audioBoost=100&subtitles=none&location=lan (10 live) #10f9 GZIP Signed-in Token (oscaarp)
Mar 24, 2026 21:48:13.059 [281473175224544] DEBUG - [Req#10f9/Transcode] Found session GUID of o2fqar3ifd0lata7zdz9kq0w in session start.
Mar 24, 2026 21:48:13.062 [281473175224544] DEBUG - [Req#10f9/Transcode] TranscodeUniversalRequest: adapting profile with augmentation data: add-transcode-target(type=videoProfile&context=all&protocol=dash&container=mp4&videoCodec=h264,hevc&audioCodec=aac)+add-limitation(scope=videoAudioCodec&scopeName=h264&scopeType=videoCodec&context=all&protocol=dash&type=match&name=video.orientation&list=0)+add-limitation(scope=videoCodec&scopeName=h264&type=upperBound&name=video.level&value=51)+add-limitation(scope=videoTranscodeTarget&scopeName=h264&scopeType=videoCodec&context=all&protocol=dash&type=upperBound&name=video.width&value=4096)+add-limitation(scope=videoTranscodeTarget&scopeName=h264&scopeType=videoCodec&context=all&protocol=dash&type=upperBound&name=video.height&value=2160)+add-limitation(scope=videoTranscodeTarget&scopeName=h264&scopeType=videoCodec&context=all&protocol=dash&type=upperBound&name=video.bitDepth&value=8)+add-limitation(scope=videoTranscodeTarget&scopeName=h264&scopeType=videoCodec&context=all&protocol=dash&type=upperBound&name=video.frameRate&value=60)+add-limitation(scope=videoTranscodeTarget&scopeName=h264&scopeType=videoCodec&context=all&protocol=dash&type=upperBound&name=video.bitrate&value=60000)+add-limitation(scope=videoTranscodeTarget&scopeName=hevc&scopeType=videoCodec&context=all&protocol=dash&type=upperBound&name=video.width&value=4096)+add-limitation(scope=videoTranscodeTarget&scopeName=hevc&scopeType=videoCodec&context=all&protocol=dash&type=upperBound&name=video.height&value=2160)+add-limitation(scope=videoTranscodeTarget&scopeName=hevc&scopeType=videoCodec&context=all&protocol=dash&type=upperBound&name=video.bitDepth&value=10)+add-limitation(scope=videoTranscodeTarget&scopeName=hevc&scopeType=videoCodec&context=all&protocol=dash&type=upperBound&name=video.frameRate&value=60)+add-limitation(scope=videoTranscodeTarget&scopeName=hevc&scopeType=videoCodec&context=all&protocol=dash&type=upperBound&name=video.bitrate&value=80000)+add-limitation(scope=videoTranscodeTarget&scopeName=hevc&scopeType=videoCodec&context=all&type=match&name=video.colorTrc&protocol=dash&list=bt709|bt470m|bt470bg|smpte170m|smpte240m|bt2020-10|smpte2084&isRequired=false)+add-limitation(scope=videoCodec&scopeName=hevc&type=notMatch&name=video.DOVIProfile&value=5)+add-transcode-target-settings(type=videoProfile&context=all&protocol=dash&IncludeMapInEmptyVTT=true)
Mar 24, 2026 21:48:13.064 [281473175224544] DEBUG - [Req#10f9/Transcode] TranscodeUniversalRequest: using augmented profile Generic
Mar 24, 2026 21:48:13.064 [281473175224544] DEBUG - [Req#10f9/Transcode] Downloading document http://127.0.0.1:32400/library/metadata/1?includeBandwidths=1&offset=-1&X-Plex-Incomplete-Segments=1&X-Plex-Session-Identifier=xam579evnt45h5kjfj02yqja
Mar 24, 2026 21:48:13.068 [281473175224544] DEBUG - [Req#10f9/Transcode] We're going to try to auto-select an audio stream for account 1.
Mar 24, 2026 21:48:13.068 [281473175224544] DEBUG - [Req#10f9/Transcode] Selecting best audio stream for part ID 1 (language: )
Mar 24, 2026 21:48:13.068 [281473175224544] DEBUG - [Req#10f9/Transcode] We're going to try to auto-select a subtitle for account 1.
Mar 24, 2026 21:48:13.068 [281473175224544] DEBUG - [Req#10f9/Transcode] Audio Stream: 2, Subtitle Stream: -1
Mar 24, 2026 21:48:13.071 [281473175224544] DEBUG - [Req#10f9/Transcode] Streaming Resource: Added session 0xffff9317cb48:xam579evnt45h5kjfj02yqja
Mar 24, 2026 21:48:13.071 [281473175224544] DEBUG - [Req#10f9/Transcode] Streaming Resource: Reached Decision id=1 codes=(MDE=1000,Direct play OK.) media=(id=1 part=(id=1 decision=direct play protocol=dash streams=(Video=(id=1 decision= width=1920 height=1080) Audio=(id=2 decision= channels=0 rate=0))))
Mar 24, 2026 21:48:13.072 [281473219735776] DEBUG - Completed: [192.168.147.1:28377] 200 GET /video/:/transcode/universal/decision?directPlay=1&directStream=1&directStreamAudio=1&protocol=dash&fastSeek=1&path=%2Flibrary%2Fmetadata%2F1&session=o2fqar3ifd0lata7zdz9kq0w&mediaIndex=0&partIndex=0&mediaBufferSize=50000&hasMDE=1&subtitleSize=100&videoQuality=100&videoResolution=4096x2160&audioBoost=100&subtitles=none&location=lan (10 live) #10f9 GZIP 13ms 4467 bytes (pipelined: 9)
Mar 24, 2026 21:48:13.711 [281473183813856] DEBUG - Request: [192.168.147.1:28377 (Subnet)] GET /:/timeline?key=%2Flibrary%2Fmetadata%2F1&ratingKey=1&state=buffering&time=0&duration=6739580&playbackTime=0&playQueueItemID=2&context=home%3Ahub.movie.recentlyadded&row=0&col=0 (10 live) #10fc GZIP Signed-in Token (oscaarp)
Mar 24, 2026 21:48:13.711 [281473185923296] DEBUG - Request: [192.168.147.1:26493 (Subnet)] GET /:/timeline?key=%2Flibrary%2Fmetadata%2F1&ratingKey=1&state=playing&time=0&duration=6739580&playbackTime=0&playQueueItemID=2&timeStalled=0&context=home%3Ahub.movie.recentlyadded&row=0&col=0&timeToFirstFrame=0 (10 live) #10c2 GZIP Signed-in Token (oscaarp)
Mar 24, 2026 21:48:13.712 [281473185923296] DEBUG - [Req#10c2] Client [xam579evnt45h5kjfj02yqja] reporting timeline state playing, progress of 0/6739580ms for guid=, playbackTime=0ms ratingKey=1 url=, key=/library/metadata/1, containerKey=, metadataId=1, source=
Mar 24, 2026 21:48:13.714 [281473183813856] DEBUG - [Req#10fc] Client [xam579evnt45h5kjfj02yqja] reporting timeline state buffering, progress of 0/6739580ms for guid=, playbackTime=0ms ratingKey=1 url=, key=/library/metadata/1, containerKey=, metadataId=1, source=
Mar 24, 2026 21:48:13.715 [281473175224544] DEBUG - Request: [192.168.147.1:25697 (Subnet)] GET /library/parts/1/1774381610/file.mkv?Accept=application%2Fjson&Accept-Language=es (11 live) #10c1 Signed-in Token (oscaarp) (range: bytes=0-) 
Mar 24, 2026 21:48:13.720 [281473175224544] DEBUG - Content-Length of /movies/Los domingos (2025).mkv is 4837282237 (of total: 4837282237).
Mar 24, 2026 21:48:13.725 [281473183813856] DEBUG - [Req#10fc] We're going to try to auto-select an audio stream for account 1.
Mar 24, 2026 21:48:13.725 [281473183813856] DEBUG - [Req#10fc] Selecting best audio stream for part ID 1 (language: )
Mar 24, 2026 21:48:13.725 [281473183813856] DEBUG - [Req#10fc] We're going to try to auto-select a subtitle for account 1.
Mar 24, 2026 21:48:13.725 [281473183813856] DEBUG - [Req#10fc] Audio Stream: 2, Subtitle Stream: -1
Mar 24, 2026 21:48:13.733 [281473183813856] DEBUG - [Req#10fc] [Now] User is oscaarp (ID: 1)
Mar 24, 2026 21:48:13.733 [281473183813856] DEBUG - [Req#10fc] [Now] Device is Tizen (TV 2025).
Mar 24, 2026 21:48:13.735 [281473183813856] ERROR - [Req#10fc] Unable to find client profile for device; platform=Tizen, platformVersion=9, device=25_RSM_QD, model=TQ55S92FAEXXC
Mar 24, 2026 21:48:13.735 [281473183813856] DEBUG - [Req#10fc] [Now] Updated play state for /library/metadata/1.
Mar 24, 2026 21:48:13.735 [281473183813856] DEBUG - [Req#10fc] Statistics: (xam579evnt45h5kjfj02yqja) Reporting active playback in state 2 of type 1 (scrobble: 0) for account 1
Mar 24, 2026 21:48:13.738 [281473185923296] DEBUG - [Req#10c2] [Now] User is oscaarp (ID: 1)
Mar 24, 2026 21:48:13.738 [281473185923296] DEBUG - [Req#10c2] [Now] Device is Tizen (TV 2025).
Mar 24, 2026 21:48:13.738 [281473185923296] ERROR - [Req#10c2] Unable to find client profile for device; platform=Tizen, platformVersion=9, device=25_RSM_QD, model=TQ55S92FAEXXC
Mar 24, 2026 21:48:13.738 [281473185923296] DEBUG - [Req#10c2] [Now] Updated play state for /library/metadata/1.
Mar 24, 2026 21:48:13.738 [281473185923296] DEBUG - [Req#10c2] Statistics: (xam579evnt45h5kjfj02yqja) Reporting active playback in state 2 of type 1 (scrobble: 0) for account 1
Mar 24, 2026 21:48:13.739 [281473219735776] DEBUG - Completed: [192.168.147.1:28377] 200 GET /:/timeline?key=%2Flibrary%2Fmetadata%2F1&ratingKey=1&state=buffering&time=0&duration=6739580&playbackTime=0&playQueueItemID=2&context=home%3Ahub.movie.recentlyadded&row=0&col=0 (11 live) #10fc GZIP 28ms 469 bytes (pipelined: 10)
Mar 24, 2026 21:48:13.740 [281473219735776] DEBUG - Completed: [192.168.147.1:26493] 200 GET /:/timeline?key=%2Flibrary%2Fmetadata%2F1&ratingKey=1&state=playing&time=0&duration=6739580&playbackTime=0&playQueueItemID=2&timeStalled=0&context=home%3Ahub.movie.recentlyadded&row=0&col=0&timeToFirstFrame=0 (11 live) #10c2 GZIP 29ms 469 bytes (pipelined: 2)
Mar 24, 2026 21:48:13.750 [281473175224544] DEBUG - Request: [192.168.147.1:30527 (Subnet)] GET /status/sessions (11 live) #10b6 GZIP Signed-in Token (oscaarp)
Mar 24, 2026 21:48:13.750 [281473175224544] DEBUG - [Req#10b6] [Now] Adding 2 sessions.
Mar 24, 2026 21:48:13.752 [281473221845216] DEBUG - Completed: [192.168.147.1:30527] 200 GET /status/sessions (11 live) #10b6 GZIP 2ms 4932 bytes (pipelined: 8)
Mar 24, 2026 21:48:13.789 [281473183813856] DEBUG - Request: [192.168.147.1:26493 (Subnet)] GET /playQueues/3?own=1&excludeElements=Actor%2CCollection%2CCountry%2CDirector%2CGenre%2CLabel%2CMood%2CPart%2CProducer%2CRole%2CSimilar%2CWriter%2CPhoto&excludeFields=file%2Ctagline&uri=server%3A%2F%2F0b7ef4be55a6ce2cbd71deb676303551923b4830%2Fcom.plexapp.plugins.library%2Flibrary%2Fmetadata%2F1&type=video&continuous=0&includeRelated=0&shuffle=0&repeat=0&extrasPrefixCount=0 (11 live) #110e GZIP Signed-in Token (oscaarp)
Mar 24, 2026 21:48:13.790 [281473183813856] DEBUG - [Req#110e] PlayQueue: total generated: 1, before cursor: 0, after cursor: 0
Mar 24, 2026 21:48:13.790 [281473183813856] DEBUG - [Req#110e] PlayQueue: No need to refresh, active window is operational.
Mar 24, 2026 21:48:13.791 [281473183813856] DEBUG - [Req#110e] PlayQueue: Client xam579evnt45h5kjfj02yqja requested ownership of play queue 3, but already had it.
Mar 24, 2026 21:48:13.792 [281473221845216] DEBUG - Completed: [192.168.147.1:26493] 200 GET /playQueues/3?own=1&excludeElements=Actor%2CCollection%2CCountry%2CDirector%2CGenre%2CLabel%2CMood%2CPart%2CProducer%2CRole%2CSimilar%2CWriter%2CPhoto&excludeFields=file%2Ctagline&uri=server%3A%2F%2F0b7ef4be55a6ce2cbd71deb676303551923b4830%2Fcom.plexapp.plugins.library%2Flibrary%2Fmetadata%2F1&type=video&continuous=0&includeRelated=0&shuffle=0&repeat=0&extrasPrefixCount=0 (11 live) #110e GZIP 2ms 1388 bytes (pipelined: 3)
Mar 24, 2026 21:48:13.973 [281473221845216] DEBUG - Failed to stream media, client probably disconnected after 11154000 bytes: 32 - Broken pipe
Mar 24, 2026 21:48:13.973 [281473221845216] DEBUG - Completed after connection close: [192.168.147.1:25697] 206 GET /library/parts/1/1774381610/file.mkv?Accept=application%2Fjson&Accept-Language=es (11 live) #10c1 257ms 11154000 bytes (pipelined: 1) (range: bytes=0-) 
Mar 24, 2026 21:48:14.047 [281473175224544] DEBUG - Request: [192.168.147.1:59893 (Subnet)] GET /library/parts/1/1774381610/file.mkv?Accept=application%2Fjson&Accept-Language=es (11 live) #10fe Signed-in Token (oscaarp) (range: bytes=4836935504-) 
Mar 24, 2026 21:48:14.049 [281473175224544] DEBUG - Content-Length of /movies/Los domingos (2025).mkv is 346733 (of total: 4837282237).
Mar 24, 2026 21:48:14.052 [281473221845216] DEBUG - Completed: [192.168.147.1:59893] 206 GET /library/parts/1/1774381610/file.mkv?Accept=application%2Fjson&Accept-Language=es (11 live) #10fe 5ms 346733 bytes (pipelined: 1) (range: bytes=4836935504-) 
Mar 24, 2026 21:48:14.138 [281473183813856] DEBUG - Request: [192.168.147.1:48558 (Subnet)] GET /library/parts/1/1774381610/file.mkv?Accept=application%2Fjson&Accept-Language=es (11 live) #1113 Signed-in Token (oscaarp) (range: bytes=2883584-) 
Mar 24, 2026 21:48:14.140 [281473183813856] DEBUG - Content-Length of /movies/Los domingos (2025).mkv is 4834398653 (of total: 4837282237).
Mar 24, 2026 21:48:14.632 [281473175224544] DEBUG - Request: [192.168.147.1:26493 (Subnet)] GET /:/timeline?key=%2Flibrary%2Fmetadata%2F1&ratingKey=1&state=buffering&time=0&duration=6739580&playbackTime=963&playQueueItemID=2&context=home%3Ahub.movie.recentlyadded&row=0&col=0 (11 live) #1110 GZIP Signed-in Token (oscaarp)
Mar 24, 2026 21:48:14.634 [281473175224544] DEBUG - [Req#1110] Client [xam579evnt45h5kjfj02yqja] reporting timeline state buffering, progress of 0/6739580ms for guid=, playbackTime=963ms ratingKey=1 url=, key=/library/metadata/1, containerKey=, metadataId=1, source=
Mar 24, 2026 21:48:14.634 [281473175224544] DEBUG - [Req#1110] [Now] User is oscaarp (ID: 1)
Mar 24, 2026 21:48:14.634 [281473175224544] DEBUG - [Req#1110] [Now] Device is Tizen (TV 2025).
Mar 24, 2026 21:48:14.635 [281473175224544] ERROR - [Req#1110] Unable to find client profile for device; platform=Tizen, platformVersion=9, device=25_RSM_QD, model=TQ55S92FAEXXC
Mar 24, 2026 21:48:14.635 [281473175224544] DEBUG - [Req#1110] [Now] Updated play state for /library/metadata/1.
Mar 24, 2026 21:48:14.636 [281473175224544] DEBUG - [Req#1110] Statistics: (xam579evnt45h5kjfj02yqja) Reporting active playback in state 2 of type 1 (scrobble: 0) for account 1
Mar 24, 2026 21:48:14.638 [281473221845216] DEBUG - Completed: [192.168.147.1:26493] 200 GET /:/timeline?key=%2Flibrary%2Fmetadata%2F1&ratingKey=1&state=buffering&time=0&duration=6739580&playbackTime=963&playQueueItemID=2&context=home%3Ahub.movie.recentlyadded&row=0&col=0 (11 live) #1110 GZIP 5ms 469 bytes (pipelined: 4)
Mar 24, 2026 21:48:14.649 [281473183813856] DEBUG - Request: [192.168.147.1:29301 (Subnet)] GET /status/sessions (11 live) #10eb GZIP Signed-in Token (oscaarp)
Mar 24, 2026 21:48:14.649 [281473183813856] DEBUG - [Req#10eb] [Now] Adding 2 sessions.
Mar 24, 2026 21:48:14.651 [281473219735776] DEBUG - Completed: [192.168.147.1:29301] 200 GET /status/sessions (11 live) #10eb GZIP 2ms 4932 bytes (pipelined: 3)
Mar 24, 2026 21:48:15.000 [281473175224544] DEBUG - Request: [192.168.147.1:26493 (Subnet)] GET /:/timeline?key=%2Flibrary%2Fmetadata%2F1&ratingKey=1&state=playing&time=0&duration=6739580&playbackTime=963&playQueueItemID=2&timeStalled=0&context=home%3Ahub.movie.recentlyadded&row=0&col=0 (11 live) #111e GZIP Signed-in Token (oscaarp)
Mar 24, 2026 21:48:15.001 [281473175224544] DEBUG - [Req#111e] Client [xam579evnt45h5kjfj02yqja] reporting timeline state playing, progress of 0/6739580ms for guid=, playbackTime=963ms ratingKey=1 url=, key=/library/metadata/1, containerKey=, metadataId=1, source=
Mar 24, 2026 21:48:15.001 [281473175224544] DEBUG - [Req#111e] [Now] User is oscaarp (ID: 1)
Mar 24, 2026 21:48:15.001 [281473175224544] DEBUG - [Req#111e] [Now] Device is Tizen (TV 2025).
Mar 24, 2026 21:48:15.001 [281473175224544] ERROR - [Req#111e] Unable to find client profile for device; platform=Tizen, platformVersion=9, device=25_RSM_QD, model=TQ55S92FAEXXC
Mar 24, 2026 21:48:15.001 [281473175224544] DEBUG - [Req#111e] [Now] Updated play state for /library/metadata/1.
Mar 24, 2026 21:48:15.002 [281473175224544] DEBUG - [Req#111e] Statistics: (xam579evnt45h5kjfj02yqja) Reporting active playback in state 0 of type 1 (scrobble: 0) for account 1
Mar 24, 2026 21:48:15.004 [281473219735776] DEBUG - Completed: [192.168.147.1:26493] 200 GET /:/timeline?key=%2Flibrary%2Fmetadata%2F1&ratingKey=1&state=playing&time=0&duration=6739580&playbackTime=963&playQueueItemID=2&timeStalled=0&context=home%3Ahub.movie.recentlyadded&row=0&col=0 (11 live) #111e GZIP 4ms 469 bytes (pipelined: 5)
Mar 24, 2026 21:48:15.015 [281473183813856] DEBUG - Request: [192.168.147.1:30527 (Subnet)] GET /status/sessions (11 live) #110f GZIP Signed-in Token (oscaarp)
Mar 24, 2026 21:48:15.015 [281473183813856] DEBUG - [Req#110f] [Now] Adding 2 sessions.
Mar 24, 2026 21:48:15.018 [281473221845216] DEBUG - Completed: [192.168.147.1:30527] 200 GET /status/sessions (11 live) #110f GZIP 3ms 5450 bytes (pipelined: 9)
Mar 24, 2026 21:48:17.100 [281473132634336] DEBUG - player xam579evnt45h5kjfj02yqja was last refreshed 28 seconds ago
Mar 24, 2026 21:48:20.727 [281473185923296] DEBUG - Request: [192.168.147.1:26493 (Subnet)] GET /player/proxy/poll?deviceClass=pc&protocolVersion=2&protocolCapabilities=timeline%2Cplayback%2Cnavigation%2Cplayqueues%2Cprovider-playback&timeout=1 (11 live) #1127 GZIP Signed-in Token (oscaarp)
Mar 24, 2026 21:48:20.728 [281473221845216] DEBUG - Completed: [192.168.147.1:41248] 204 GET /player/proxy/poll?deviceClass=pc&protocolVersion=2&protocolCapabilities=timeline%2Cplayback%2Cnavigation%2Cplayqueues%2Cprovider-playback&timeout=1 (11 live) #107a GZIP 31004ms 203 bytes (pipelined: 2)
Mar 24, 2026 21:48:21.462 [281473183813856] DEBUG - Request: [192.168.147.1:29301 (Subnet)] GET /:/timeline?ratingKey=1&key=%2Flibrary%2Fmetadata%2F1&playbackTime=0&playQueueItemID=1&state=paused&hasMDE=1&time=15000&duration=6739000 (10 live) #111f GZIP Signed-in Token (oscaarp)
Mar 24, 2026 21:48:21.463 [281473183813856] DEBUG - [Req#111f] Client [vkjphyua8spggnvg82dvmqg3] reporting timeline state paused, progress of 15000/6739000ms for guid=, playbackTime=0ms ratingKey=1 url=, key=/library/metadata/1, containerKey=, metadataId=1, source=
Mar 24, 2026 21:48:21.463 [281473183813856] DEBUG - [Req#111f] [Now] User is oscaarp (ID: 1)
Mar 24, 2026 21:48:21.463 [281473183813856] DEBUG - [Req#111f] [Now] Device is Safari (Safari).
Mar 24, 2026 21:48:21.463 [281473183813856] DEBUG - [Req#111f] [Now] Profile is Web
Mar 24, 2026 21:48:21.463 [281473183813856] DEBUG - [Req#111f] [Now] Updated play state for /library/metadata/1.
Mar 24, 2026 21:48:21.464 [281473183813856] DEBUG - [Req#111f] Statistics: (qjt50inxtzsqjpbem7hjo0tw) Reporting active playback in state 1 of type 1 (scrobble: 0) for account 1
Mar 24, 2026 21:48:21.465 [281473221845216] DEBUG - Completed: [192.168.147.1:29301] 200 GET /:/timeline?ratingKey=1&key=%2Flibrary%2Fmetadata%2F1&playbackTime=0&playQueueItemID=1&state=paused&hasMDE=1&time=15000&duration=6739000 (10 live) #111f GZIP 2ms 883 bytes (pipelined: 4)
Mar 24, 2026 21:48:25.264 [281473175224544] DEBUG - Request: [192.168.147.1:28377 (Subnet)] GET /:/timeline?key=%2Flibrary%2Fmetadata%2F1&ratingKey=1&state=playing&time=10391&duration=6739580&playbackTime=11193&playQueueItemID=2&context=home%3Ahub.movie.recentlyadded&row=0&col=0 (10 live) #110d GZIP Signed-in Token (oscaarp)
Mar 24, 2026 21:48:25.265 [281473175224544] DEBUG - [Req#110d] Client [xam579evnt45h5kjfj02yqja] reporting timeline state playing, progress of 10391/6739580ms for guid=, playbackTime=11193ms ratingKey=1 url=, key=/library/metadata/1, containerKey=, metadataId=1, source=
Mar 24, 2026 21:48:25.265 [281473175224544] DEBUG - [Req#110d] [Now] User is oscaarp (ID: 1)
Mar 24, 2026 21:48:25.265 [281473175224544] DEBUG - [Req#110d] [Now] Device is Tizen (TV 2025).
Mar 24, 2026 21:48:25.266 [281473175224544] ERROR - [Req#110d] Unable to find client profile for device; platform=Tizen, platformVersion=9, device=25_RSM_QD, model=TQ55S92FAEXXC
Mar 24, 2026 21:48:25.266 [281473175224544] DEBUG - [Req#110d] [Now] Updated play state for /library/metadata/1.
Mar 24, 2026 21:48:25.267 [281473175224544] DEBUG - [Req#110d] Statistics: (xam579evnt45h5kjfj02yqja) Reporting active playback in state 0 of type 1 (scrobble: 0) for account 1
Mar 24, 2026 21:48:25.268 [281473219735776] DEBUG - Completed: [192.168.147.1:28377] 200 GET /:/timeline?key=%2Flibrary%2Fmetadata%2F1&ratingKey=1&state=playing&time=10391&duration=6739580&playbackTime=11193&playQueueItemID=2&context=home%3Ahub.movie.recentlyadded&row=0&col=0 (10 live) #110d GZIP 4ms 469 bytes (pipelined: 11)
Mar 24, 2026 21:48:27.104 [281473132634336] DEBUG - player xam579evnt45h5kjfj02yqja was last refreshed 7 seconds ago
Mar 24, 2026 21:48:31.467 [281473175224544] DEBUG - Request: [192.168.147.1:30527 (Subnet)] GET /:/timeline?ratingKey=1&key=%2Flibrary%2Fmetadata%2F1&playbackTime=0&playQueueItemID=1&state=paused&hasMDE=1&time=15000&duration=6739000 (10 live) #1128 GZIP Signed-in Token (oscaarp)
Mar 24, 2026 21:48:31.468 [281473175224544] DEBUG - [Req#1128] Client [vkjphyua8spggnvg82dvmqg3] reporting timeline state paused, progress of 15000/6739000ms for guid=, playbackTime=0ms ratingKey=1 url=, key=/library/metadata/1, containerKey=, metadataId=1, source=
Mar 24, 2026 21:48:31.468 [281473175224544] DEBUG - [Req#1128] [Now] User is oscaarp (ID: 1)
Mar 24, 2026 21:48:31.468 [281473175224544] DEBUG - [Req#1128] [Now] Device is Safari (Safari).
Mar 24, 2026 21:48:31.468 [281473175224544] DEBUG - [Req#1128] [Now] Profile is Web
Mar 24, 2026 21:48:31.468 [281473175224544] DEBUG - [Req#1128] [Now] Updated play state for /library/metadata/1.
Mar 24, 2026 21:48:31.468 [281473183813856] DEBUG - Request: [192.168.147.1:29301 (Subnet)] GET /video/:/transcode/universal/ping?session=8u64il5igz554kxo20fas27s (10 live) #1143 GZIP Signed-in Token (oscaarp)
Mar 24, 2026 21:48:31.468 [281473175224544] DEBUG - [Req#1128] Statistics: (qjt50inxtzsqjpbem7hjo0tw) Reporting active playback in state 1 of type 1 (scrobble: 0) for account 1
Mar 24, 2026 21:48:31.470 [281473183813856] DEBUG - [Req#1143/Transcode] [Now] Freshening session based on ping for vkjphyua8spggnvg82dvmqg3_Video
Mar 24, 2026 21:48:31.470 [281473183813856] DEBUG - [Req#1143/Transcode] Received transcode session ping for session 8u64il5igz554kxo20fas27s.
Mar 24, 2026 21:48:31.470 [281473219735776] DEBUG - Completed: [192.168.147.1:30527] 200 GET /:/timeline?ratingKey=1&key=%2Flibrary%2Fmetadata%2F1&playbackTime=0&playQueueItemID=1&state=paused&hasMDE=1&time=15000&duration=6739000 (10 live) #1128 GZIP 3ms 883 bytes (pipelined: 10)
Mar 24, 2026 21:48:31.471 [281473221845216] DEBUG - Completed: [192.168.147.1:29301] 200 GET /video/:/transcode/universal/ping?session=8u64il5igz554kxo20fas27s (10 live) #1143 GZIP 2ms 323 bytes (pipelined: 5)
Mar 24, 2026 21:48:34.859 [281473183813856] DEBUG - Request: [192.168.147.1:28377 (Subnet)] GET /:/timeline?key=%2Flibrary%2Fmetadata%2F1&ratingKey=1&state=paused&time=19896&duration=6739580&playbackTime=20810&playQueueItemID=2&context=home%3Ahub.movie.recentlyadded&row=0&col=0 (10 live) #1157 GZIP Signed-in Token (oscaarp)
Mar 24, 2026 21:48:34.860 [281473183813856] DEBUG - [Req#1157] Client [xam579evnt45h5kjfj02yqja] reporting timeline state paused, progress of 19896/6739580ms for guid=, playbackTime=20810ms ratingKey=1 url=, key=/library/metadata/1, containerKey=, metadataId=1, source=
Mar 24, 2026 21:48:34.865 [281473183813856] DEBUG - [Req#1157] [Now] User is oscaarp (ID: 1)
Mar 24, 2026 21:48:34.865 [281473183813856] DEBUG - [Req#1157] [Now] Device is Tizen (TV 2025).
Mar 24, 2026 21:48:34.865 [281473183813856] ERROR - [Req#1157] Unable to find client profile for device; platform=Tizen, platformVersion=9, device=25_RSM_QD, model=TQ55S92FAEXXC
Mar 24, 2026 21:48:34.865 [281473183813856] DEBUG - [Req#1157] [Now] Updated play state for /library/metadata/1.
Mar 24, 2026 21:48:34.865 [281473183813856] DEBUG - [Req#1157] Statistics: (xam579evnt45h5kjfj02yqja) Reporting active playback in state 1 of type 1 (scrobble: 0) for account 1
Mar 24, 2026 21:48:34.867 [281473219735776] DEBUG - Completed: [192.168.147.1:28377] 200 GET /:/timeline?key=%2Flibrary%2Fmetadata%2F1&ratingKey=1&state=paused&time=19896&duration=6739580&playbackTime=20810&playQueueItemID=2&context=home%3Ahub.movie.recentlyadded&row=0&col=0 (10 live) #1157 GZIP 8ms 469 bytes (pipelined: 12)
Mar 24, 2026 21:48:36.629 [281473219735776] DEBUG - Failed to stream media, client probably disconnected after 32151504 bytes: 32 - Broken pipe
Mar 24, 2026 21:48:36.629 [281473219735776] DEBUG - Completed after connection close: [192.168.147.1:48558] 206 GET /library/parts/1/1774381610/file.mkv?Accept=application%2Fjson&Accept-Language=es (10 live) #1113 22491ms 32151504 bytes (pipelined: 1) (range: bytes=2883584-) 
Mar 24, 2026 21:48:36.665 [281473183813856] DEBUG - Request: [192.168.147.1:18103 (Subnet)] GET /library/parts/1/1774381610/file.mkv?Accept=application%2Fjson&Accept-Language=es (10 live) #1116 Signed-in Token (oscaarp) (range: bytes=57188087-) 
Mar 24, 2026 21:48:36.667 [281473183813856] DEBUG - Content-Length of /movies/Los domingos (2025).mkv is 4780094150 (of total: 4837282237).
Mar 24, 2026 21:48:36.780 [281473185923296] DEBUG - Request: [192.168.147.1:28377 (Subnet)] GET /:/timeline?key=%2Flibrary%2Fmetadata%2F1&ratingKey=1&state=buffering&time=19896&duration=6739580&playbackTime=20810&playQueueItemID=2&context=home%3Ahub.movie.recentlyadded&row=0&col=0 (10 live) #1185 GZIP Signed-in Token (oscaarp)
Mar 24, 2026 21:48:36.781 [281473185923296] DEBUG - [Req#1185] Client [xam579evnt45h5kjfj02yqja] reporting timeline state buffering, progress of 19896/6739580ms for guid=, playbackTime=20810ms ratingKey=1 url=, key=/library/metadata/1, containerKey=, metadataId=1, source=
Mar 24, 2026 21:48:36.781 [281473185923296] DEBUG - [Req#1185] [Now] User is oscaarp (ID: 1)
Mar 24, 2026 21:48:36.782 [281473185923296] DEBUG - [Req#1185] [Now] Device is Tizen (TV 2025).
Mar 24, 2026 21:48:36.782 [281473185923296] ERROR - [Req#1185] Unable to find client profile for device; platform=Tizen, platformVersion=9, device=25_RSM_QD, model=TQ55S92FAEXXC
Mar 24, 2026 21:48:36.782 [281473185923296] DEBUG - [Req#1185] [Now] Updated play state for /library/metadata/1.
Mar 24, 2026 21:48:36.783 [281473185923296] DEBUG - [Req#1185] Statistics: (xam579evnt45h5kjfj02yqja) Reporting active playback in state 2 of type 1 (scrobble: 0) for account 1
Mar 24, 2026 21:48:36.795 [281473221845216] DEBUG - Completed: [192.168.147.1:28377] 200 GET /:/timeline?key=%2Flibrary%2Fmetadata%2F1&ratingKey=1&state=buffering&time=19896&duration=6739580&playbackTime=20810&playQueueItemID=2&context=home%3Ahub.movie.recentlyadded&row=0&col=0 (10 live) #1185 GZIP 14ms 469 bytes (pipelined: 13)
Mar 24, 2026 21:48:36.796 [281473183813856] DEBUG - Request: [192.168.147.1:48927 (Subnet)] GET /:/timeline?key=%2Flibrary%2Fmetadata%2F1&ratingKey=1&state=buffering&time=109896&duration=6739580&playbackTime=20810&playQueueItemID=2&timeStalled=0&context=home%3Ahub.movie.recentlyadded&row=0&col=0 (14 live) #118a GZIP Signed-in Token (oscaarp)
Mar 24, 2026 21:48:36.796 [281473175224544] DEBUG - Request: [192.168.147.1:50783 (Subnet)] GET /:/timeline?key=%2Flibrary%2Fmetadata%2F1&ratingKey=1&state=playing&time=109896&duration=6739580&playbackTime=20824&playQueueItemID=2&timeStalled=0&context=home%3Ahub.movie.recentlyadded&row=0&col=0 (14 live) #1193 GZIP Signed-in Token (oscaarp)
Mar 24, 2026 21:48:36.797 [281473185923296] DEBUG - Request: [192.168.147.1:54122 (Subnet)] GET /:/timeline?key=%2Flibrary%2Fmetadata%2F1&ratingKey=1&state=playing&time=109896&duration=6739580&playbackTime=20810&playQueueItemID=2&timeStalled=0&context=home%3Ahub.movie.recentlyadded&row=0&col=0 (14 live) #1194 GZIP Signed-in Token (oscaarp)
Mar 24, 2026 21:48:36.797 [281473115758816] DEBUG - Request: [192.168.147.1:33477 (Subnet)] GET /:/timeline?key=%2Flibrary%2Fmetadata%2F1&ratingKey=1&state=buffering&time=109896&duration=6739580&playbackTime=20824&playQueueItemID=2&context=home%3Ahub.movie.recentlyadded&row=0&col=0 (14 live) #1195 GZIP Signed-in Token (oscaarp)
Mar 24, 2026 21:48:36.798 [281473175224544] DEBUG - [Req#1193] Client [xam579evnt45h5kjfj02yqja] reporting timeline state playing, progress of 109896/6739580ms for guid=, playbackTime=20824ms ratingKey=1 url=, key=/library/metadata/1, containerKey=, metadataId=1, source=
Mar 24, 2026 21:48:36.798 [281473183813856] DEBUG - [Req#118a] Client [xam579evnt45h5kjfj02yqja] reporting timeline state buffering, progress of 109896/6739580ms for guid=, playbackTime=20810ms ratingKey=1 url=, key=/library/metadata/1, containerKey=, metadataId=1, source=
Mar 24, 2026 21:48:36.798 [281473185923296] DEBUG - [Req#1194] Client [xam579evnt45h5kjfj02yqja] reporting timeline state playing, progress of 109896/6739580ms for guid=, playbackTime=20810ms ratingKey=1 url=, key=/library/metadata/1, containerKey=, metadataId=1, source=
Mar 24, 2026 21:48:36.799 [281473115758816] DEBUG - [Req#1195] Client [xam579evnt45h5kjfj02yqja] reporting timeline state buffering, progress of 109896/6739580ms for guid=, playbackTime=20824ms ratingKey=1 url=, key=/library/metadata/1, containerKey=, metadataId=1, source=
Mar 24, 2026 21:48:36.799 [281473175224544] DEBUG - [Req#1193] Play progress on 1 'Los domingos' - got played 109896 ms by account 1!
Mar 24, 2026 21:48:36.800 [281473183813856] DEBUG - [Req#118a] Play progress on 1 'Los domingos' - got played 109896 ms by account 1!
Mar 24, 2026 21:48:36.800 [281473183813856] DEBUG - [Req#118a] [Now] User is oscaarp (ID: 1)
Mar 24, 2026 21:48:36.800 [281473183813856] DEBUG - [Req#118a] [Now] Device is Tizen (TV 2025).
Mar 24, 2026 21:48:36.800 [281473185923296] DEBUG - [Req#1194] Play progress on 1 'Los domingos' - got played 109896 ms by account 1!
Mar 24, 2026 21:48:36.801 [281473115758816] DEBUG - [Req#1195] Play progress on 1 'Los domingos' - got played 109896 ms by account 1!
Mar 24, 2026 21:48:36.801 [281473183813856] ERROR - [Req#118a] Unable to find client profile for device; platform=Tizen, platformVersion=9, device=25_RSM_QD, model=TQ55S92FAEXXC
Mar 24, 2026 21:48:36.801 [281473183813856] DEBUG - [Req#118a] [Now] Updated play state for /library/metadata/1.
Mar 24, 2026 21:48:36.802 [281473183813856] DEBUG - [Req#118a] Statistics: (xam579evnt45h5kjfj02yqja) Reporting active playback in state 2 of type 1 (scrobble: 0) for account 1
Mar 24, 2026 21:48:36.802 [281473185923296] DEBUG - [Req#1194] [Now] User is oscaarp (ID: 1)
Mar 24, 2026 21:48:36.802 [281473185923296] DEBUG - [Req#1194] [Now] Device is Tizen (TV 2025).
Mar 24, 2026 21:48:36.803 [281473185923296] ERROR - [Req#1194] Unable to find client profile for device; platform=Tizen, platformVersion=9, device=25_RSM_QD, model=TQ55S92FAEXXC
Mar 24, 2026 21:48:36.803 [281473185923296] DEBUG - [Req#1194] [Now] Updated play state for /library/metadata/1.
Mar 24, 2026 21:48:36.803 [281473185923296] DEBUG - [Req#1194] Statistics: (xam579evnt45h5kjfj02yqja) Reporting active playback in state 2 of type 1 (scrobble: 0) for account 1
Mar 24, 2026 21:48:36.803 [281473219735776] DEBUG - Completed: [192.168.147.1:48927] 200 GET /:/timeline?key=%2Flibrary%2Fmetadata%2F1&ratingKey=1&state=buffering&time=109896&duration=6739580&playbackTime=20810&playQueueItemID=2&timeStalled=0&context=home%3Ahub.movie.recentlyadded&row=0&col=0 (14 live) #118a GZIP 7ms 496 bytes (pipelined: 1)
Mar 24, 2026 21:48:36.804 [281473115758816] DEBUG - [Req#1195] [Now] User is oscaarp (ID: 1)
Mar 24, 2026 21:48:36.804 [281473115758816] DEBUG - [Req#1195] [Now] Device is Tizen (TV 2025).
Mar 24, 2026 21:48:36.804 [281473115758816] ERROR - [Req#1195] Unable to find client profile for device; platform=Tizen, platformVersion=9, device=25_RSM_QD, model=TQ55S92FAEXXC
Mar 24, 2026 21:48:36.804 [281473115758816] DEBUG - [Req#1195] [Now] Updated play state for /library/metadata/1.
Mar 24, 2026 21:48:36.804 [281473115758816] DEBUG - [Req#1195] Statistics: (xam579evnt45h5kjfj02yqja) Reporting active playback in state 2 of type 1 (scrobble: 0) for account 1
Mar 24, 2026 21:48:36.804 [281473221845216] DEBUG - Completed: [192.168.147.1:54122] 200 GET /:/timeline?key=%2Flibrary%2Fmetadata%2F1&ratingKey=1&state=playing&time=109896&duration=6739580&playbackTime=20810&playQueueItemID=2&timeStalled=0&context=home%3Ahub.movie.recentlyadded&row=0&col=0 (14 live) #1194 GZIP 7ms 496 bytes (pipelined: 1)
Mar 24, 2026 21:48:36.805 [281473221845216] DEBUG - Completed: [192.168.147.1:33477] 200 GET /:/timeline?key=%2Flibrary%2Fmetadata%2F1&ratingKey=1&state=buffering&time=109896&duration=6739580&playbackTime=20824&playQueueItemID=2&context=home%3Ahub.movie.recentlyadded&row=0&col=0 (14 live) #1195 GZIP 8ms 496 bytes (pipelined: 1)
Mar 24, 2026 21:48:36.806 [281473175224544] DEBUG - [Req#1193] [Now] User is oscaarp (ID: 1)
Mar 24, 2026 21:48:36.806 [281473175224544] DEBUG - [Req#1193] [Now] Device is Tizen (TV 2025).
Mar 24, 2026 21:48:36.806 [281473175224544] ERROR - [Req#1193] Unable to find client profile for device; platform=Tizen, platformVersion=9, device=25_RSM_QD, model=TQ55S92FAEXXC
Mar 24, 2026 21:48:36.806 [281473175224544] DEBUG - [Req#1193] [Now] Updated play state for /library/metadata/1.
Mar 24, 2026 21:48:36.806 [281473158308064] DEBUG - [Req#1193] HubCache: Expiring '1/continueWatching/1/hubs/continueWatching/esexternal-media,indirect-media/contentDirectoryID=1&excludeElements=Actor%2CCollection%2CCountry%2CLabel%2CMood%2CPart%2CProducer%2CSimilar%2CPhoto%2CVast%2CTopic&excludeFields=file%2Ctagline&includeDetails=1' because of event plex.event.play.session.state.update.
Mar 24, 2026 21:48:36.806 [281473158308064] DEBUG - [Req#1193] HubCache: Expiring '1/movie.by.actor.or.director.1/1/hubs/sections/1/enexternal-media,indirect-media/count=20&excludeElements=Actor%2CCollection%2CCountry%2CDirector%2CGenre%2CLabel%2CLocation%2CMood%2CPart%2CProducer%2CSimilar%2CPhoto%2CRole%2CVast%2CTopic%2CWriter&excludeFields=file%2Ctagline%2Csummary&includeLibraryPlaylists=1&includeStations=1' because event plex.event.play.session.state.update referenced an item the hub contained
Mar 24, 2026 21:48:36.806 [281473158308064] DEBUG - [Req#1193] HubCache: Expiring '1/movie.by.actor.or.director.1/1/hubs/sections/1/esexternal-media,indirect-media/count=10&excludeElements=Actor%2CCollection%2CCountry%2CLabel%2CMood%2CPart%2CProducer%2CSimilar%2CPhoto%2CVast%2CTopic&excludeFields=file%2Ctagline&includeDetails=1&includeMeta=1&includeRecentChannels=1' because event plex.event.play.session.state.update referenced an item the hub contained
Mar 24, 2026 21:48:36.806 [281473158308064] DEBUG - [Req#1193] HubCache: Expiring '1/movie.genre.1/1/hubs/sections/1/enexternal-media,indirect-media/count=20&excludeElements=Actor%2CCollection%2CCountry%2CDirector%2CGenre%2CLabel%2CLocation%2CMood%2CPart%2CProducer%2CSimilar%2CPhoto%2CRole%2CVast%2CTopic%2CWriter&excludeFields=file%2Ctagline%2Csummary&includeLibraryPlaylists=1&includeStations=1' because event plex.event.play.session.state.update referenced an item the hub contained
Mar 24, 2026 21:48:36.806 [281473158308064] DEBUG - [Req#1193] HubCache: Expiring '1/movie.genre.1/1/hubs/sections/1/esexternal-media,indirect-media/count=10&excludeElements=Actor%2CCollection%2CCountry%2CLabel%2CMood%2CPart%2CProducer%2CSimilar%2CPhoto%2CVast%2CTopic&excludeFields=file%2Ctagline&includeDetails=1&includeMeta=1&includeRecentChannels=1' because event plex.event.play.session.state.update referenced an item the hub contained
Mar 24, 2026 21:48:36.806 [281473158308064] DEBUG - [Req#1193] HubCache: Expiring '1/movie.inprogress.1/1/hubs/sections/1/enexternal-media,indirect-media/count=20&excludeElements=Actor%2CCollection%2CCountry%2CDirector%2CGenre%2CLabel%2CLocation%2CMood%2CPart%2CProducer%2CSimilar%2CPhoto%2CRole%2CVast%2CTopic%2CWriter&excludeFields=file%2Ctagline%2Csummary&includeLibraryPlaylists=1&includeStations=1' because of event plex.event.play.session.state.update.
Mar 24, 2026 21:48:36.806 [281473158308064] DEBUG - [Req#1193] HubCache: Expiring '1/movie.inprogress.1/1/hubs/sections/1/esexternal-media,indirect-media/count=10&excludeElements=Actor%2CCollection%2CCountry%2CLabel%2CMood%2CPart%2CProducer%2CSimilar%2CPhoto%2CVast%2CTopic&excludeFields=file%2Ctagline&includeDetails=1&includeMeta=1&includeRecentChannels=1' because of event plex.event.play.session.state.update.
Mar 24, 2026 21:48:36.806 [281473175224544] DEBUG - [Req#1193] Statistics: (xam579evnt45h5kjfj02yqja) Reporting active playback in state 2 of type 1 (scrobble: 0) for account 1
Mar 24, 2026 21:48:36.806 [281473158308064] DEBUG - [Req#1193] HubCache: Expiring '1/movie.recentlyadded.1/1/hubs/promoted/esexternal-media,indirect-media/contentDirectoryID=1&count=10&excludeContinueWatching=1&excludeElements=Actor%2CCollection%2CCountry%2CLabel%2CMood%2CPart%2CProducer%2CSimilar%2CPhoto%2CVast%2CTopic&excludeFields=file%2Ctagline&includeDetails=1&includeMeta=1&includeRecentChannels=1&pinnedContentDirectoryID=1' because event plex.event.play.session.state.update referenced an item the hub contained
Mar 24, 2026 21:48:36.806 [281473158308064] DEBUG - [Req#1193] HubCache: Expiring '1/movie.recentlyadded.1/1/hubs/sections/1/enexternal-media,indirect-media/count=20&excludeElements=Actor%2CCollection%2CCountry%2CDirector%2CGenre%2CLabel%2CLocation%2CMood%2CPart%2CProducer%2CSimilar%2CPhoto%2CRole%2CVast%2CTopic%2CWriter&excludeFields=file%2Ctagline%2Csummary&includeLibraryPlaylists=1&includeStations=1' because event plex.event.play.session.state.update referenced an item the hub contained
Mar 24, 2026 21:48:36.806 [281473158308064] DEBUG - [Req#1193] HubCache: Expiring '1/movie.recentlyadded.1/1/hubs/sections/1/esexternal-media,indirect-media/count=10&excludeElements=Actor%2CCollection%2CCountry%2CLabel%2CMood%2CPart%2CProducer%2CSimilar%2CPhoto%2CVast%2CTopic&excludeFields=file%2Ctagline&includeDetails=1&includeMeta=1&includeRecentChannels=1' because event plex.event.play.session.state.update referenced an item the hub contained
Mar 24, 2026 21:48:36.806 [281473158308064] DEBUG - [Req#1193] HubCache: Expiring '1/movie.recentlyreleased.1/1/hubs/sections/1/enexternal-media,indirect-media/count=20&excludeElements=Actor%2CCollection%2CCountry%2CDirector%2CGenre%2CLabel%2CLocation%2CMood%2CPart%2CProducer%2CSimilar%2CPhoto%2CRole%2CVast%2CTopic%2CWriter&excludeFields=file%2Ctagline%2Csummary&includeLibraryPlaylists=1&includeStations=1' because event plex.event.play.session.state.update referenced an item the hub contained
Mar 24, 2026 21:48:36.806 [281473158308064] DEBUG - [Req#1193] HubCache: Expiring '1/movie.recentlyreleased.1/1/hubs/sections/1/esexternal-media,indirect-media/count=10&excludeElements=Actor%2CCollection%2CCountry%2CLabel%2CMood%2CPart%2CProducer%2CSimilar%2CPhoto%2CVast%2CTopic&excludeFields=file%2Ctagline&includeDetails=1&includeMeta=1&includeRecentChannels=1' because event plex.event.play.session.state.update referenced an item the hub contained
Mar 24, 2026 21:48:36.806 [281473158308064] DEBUG - [Req#1193] HubCache: Expiring '1/movie.recentlyviewed.1/1/hubs/sections/1/enexternal-media,indirect-media/count=20&excludeElements=Actor%2CCollection%2CCountry%2CDirector%2CGenre%2CLabel%2CLocation%2CMood%2CPart%2CProducer%2CSimilar%2CPhoto%2CRole%2CVast%2CTopic%2CWriter&excludeFields=file%2Ctagline%2Csummary&includeLibraryPlaylists=1&includeStations=1' because of event plex.event.play.session.state.update.
Mar 24, 2026 21:48:36.806 [281473158308064] DEBUG - [Req#1193] HubCache: Expiring '1/movie.recentlyviewed.1/1/hubs/sections/1/esexternal-media,indirect-media/count=10&excludeElements=Actor%2CCollection%2CCountry%2CLabel%2CMood%2CPart%2CProducer%2CSimilar%2CPhoto%2CVast%2CTopic&excludeFields=file%2Ctagline&includeDetails=1&includeMeta=1&includeRecentChannels=1' because of event plex.event.play.session.state.update.
Mar 24, 2026 21:48:36.806 [281473158308064] DEBUG - [Req#1193] HubCache: Expiring '1/movie.topunwatched.1/1/hubs/sections/1/enexternal-media,indirect-media/count=20&excludeElements=Actor%2CCollection%2CCountry%2CDirector%2CGenre%2CLabel%2CLocation%2CMood%2CPart%2CProducer%2CSimilar%2CPhoto%2CRole%2CVast%2CTopic%2CWriter&excludeFields=file%2Ctagline%2Csummary&includeLibraryPlaylists=1&includeStations=1' because event plex.event.play.session.state.update referenced an item the hub contained
Mar 24, 2026 21:48:36.806 [281473158308064] DEBUG - [Req#1193] HubCache: Expiring '1/movie.topunwatched.1/1/hubs/sections/1/esexternal-media,indirect-media/count=10&excludeElements=Actor%2CCollection%2CCountry%2CLabel%2CMood%2CPart%2CProducer%2CSimilar%2CPhoto%2CVast%2CTopic&excludeFields=file%2Ctagline&includeDetails=1&includeMeta=1&includeRecentChannels=1' because event plex.event.play.session.state.update referenced an item the hub contained
Mar 24, 2026 21:48:36.807 [281473221845216] DEBUG - Completed: [192.168.147.1:50783] 200 GET /:/timeline?key=%2Flibrary%2Fmetadata%2F1&ratingKey=1&state=playing&time=109896&duration=6739580&playbackTime=20824&playQueueItemID=2&timeStalled=0&context=home%3Ahub.movie.recentlyadded&row=0&col=0 (14 live) #1193 GZIP 10ms 496 bytes (pipelined: 1)
Mar 24, 2026 21:48:36.819 [281473183813856] DEBUG - Request: [192.168.147.1:28377 (Subnet)] GET /:/timeline?key=%2Flibrary%2Fmetadata%2F1&ratingKey=1&state=buffering&time=109896&duration=6739580&playbackTime=20833&playQueueItemID=2&context=home%3Ahub.movie.recentlyadded&row=0&col=0 (14 live) #1192 GZIP Signed-in Token (oscaarp)
Mar 24, 2026 21:48:36.819 [281473183813856] DEBUG - [Req#1192] Client [xam579evnt45h5kjfj02yqja] reporting timeline state buffering, progress of 109896/6739580ms for guid=, playbackTime=20833ms ratingKey=1 url=, key=/library/metadata/1, containerKey=, metadataId=1, source=
Mar 24, 2026 21:48:36.820 [281473183813856] DEBUG - [Req#1192] Play progress on 1 'Los domingos' - got played 109896 ms by account 1!
Mar 24, 2026 21:48:36.820 [281473183813856] DEBUG - [Req#1192] [Now] User is oscaarp (ID: 1)
Mar 24, 2026 21:48:36.820 [281473183813856] DEBUG - [Req#1192] [Now] Device is Tizen (TV 2025).
Mar 24, 2026 21:48:36.820 [281473183813856] ERROR - [Req#1192] Unable to find client profile for device; platform=Tizen, platformVersion=9, device=25_RSM_QD, model=TQ55S92FAEXXC
Mar 24, 2026 21:48:36.820 [281473183813856] DEBUG - [Req#1192] [Now] Updated play state for /library/metadata/1.
Mar 24, 2026 21:48:36.820 [281473183813856] DEBUG - [Req#1192] Statistics: (xam579evnt45h5kjfj02yqja) Reporting active playback in state 2 of type 1 (scrobble: 0) for account 1
Mar 24, 2026 21:48:36.821 [281473221845216] DEBUG - Completed: [192.168.147.1:28377] 200 GET /:/timeline?key=%2Flibrary%2Fmetadata%2F1&ratingKey=1&state=buffering&time=109896&duration=6739580&playbackTime=20833&playQueueItemID=2&context=home%3Ahub.movie.recentlyadded&row=0&col=0 (14 live) #1192 GZIP 1ms 496 bytes (pipelined: 14)
Mar 24, 2026 21:48:37.109 [281473126306016] DEBUG - player xam579evnt45h5kjfj02yqja was last refreshed 17 seconds ago
Mar 24, 2026 21:48:37.498 [281473115758816] DEBUG - Request: [192.168.147.1:28377 (Subnet)] GET /:/timeline?key=%2Flibrary%2Fmetadata%2F1&ratingKey=1&state=playing&time=109896&duration=6739580&playbackTime=20833&playQueueItemID=2&timeStalled=0&context=home%3Ahub.movie.recentlyadded&row=0&col=0 (14 live) #11b9 GZIP Signed-in Token (oscaarp)
Mar 24, 2026 21:48:37.499 [281473115758816] DEBUG - [Req#11b9] Client [xam579evnt45h5kjfj02yqja] reporting timeline state playing, progress of 109896/6739580ms for guid=, playbackTime=20833ms ratingKey=1 url=, key=/library/metadata/1, containerKey=, metadataId=1, source=
Mar 24, 2026 21:48:37.502 [281473115758816] DEBUG - [Req#11b9] Play progress on 1 'Los domingos' - got played 109896 ms by account 1!
Mar 24, 2026 21:48:37.503 [281473115758816] DEBUG - [Req#11b9] [Now] User is oscaarp (ID: 1)
Mar 24, 2026 21:48:37.503 [281473115758816] DEBUG - [Req#11b9] [Now] Device is Tizen (TV 2025).
Mar 24, 2026 21:48:37.503 [281473115758816] ERROR - [Req#11b9] Unable to find client profile for device; platform=Tizen, platformVersion=9, device=25_RSM_QD, model=TQ55S92FAEXXC
Mar 24, 2026 21:48:37.503 [281473115758816] DEBUG - [Req#11b9] [Now] Updated play state for /library/metadata/1.
Mar 24, 2026 21:48:37.504 [281473115758816] DEBUG - [Req#11b9] Statistics: (xam579evnt45h5kjfj02yqja) Reporting active playback in state 0 of type 1 (scrobble: 0) for account 1
Mar 24, 2026 21:48:37.507 [281473219735776] DEBUG - Completed: [192.168.147.1:28377] 200 GET /:/timeline?key=%2Flibrary%2Fmetadata%2F1&ratingKey=1&state=playing&time=109896&duration=6739580&playbackTime=20833&playQueueItemID=2&timeStalled=0&context=home%3Ahub.movie.recentlyadded&row=0&col=0 (14 live) #11b9 GZIP 9ms 496 bytes (pipelined: 15)
Mar 24, 2026 21:48:38.691 [281473175224544] DEBUG - [Req#1196/Transcode/8u64il5igz554kxo20fas27s/a1741535-7d37-4f3c-b4ed-31e52f32092e] Transcoder segment range: 0 - 35 (35)
Mar 24, 2026 21:48:41.468 [281473115758816] DEBUG - Request: [192.168.147.1:29301 (Subnet)] GET /:/timeline?ratingKey=1&key=%2Flibrary%2Fmetadata%2F1&playbackTime=0&playQueueItemID=1&state=paused&hasMDE=1&time=15000&duration=6739000 (14 live) #1171 GZIP Signed-in Token (oscaarp)
Mar 24, 2026 21:48:41.469 [281473115758816] DEBUG - [Req#1171] Client [vkjphyua8spggnvg82dvmqg3] reporting timeline state paused, progress of 15000/6739000ms for guid=, playbackTime=0ms ratingKey=1 url=, key=/library/metadata/1, containerKey=, metadataId=1, source=
Mar 24, 2026 21:48:41.469 [281473115758816] DEBUG - [Req#1171] [Now] User is oscaarp (ID: 1)
Mar 24, 2026 21:48:41.469 [281473115758816] DEBUG - [Req#1171] [Now] Device is Safari (Safari).
Mar 24, 2026 21:48:41.469 [281473115758816] DEBUG - [Req#1171] [Now] Profile is Web
Mar 24, 2026 21:48:41.469 [281473115758816] DEBUG - [Req#1171] [Now] Updated play state for /library/metadata/1.
Mar 24, 2026 21:48:41.469 [281473115758816] DEBUG - [Req#1171] Statistics: (qjt50inxtzsqjpbem7hjo0tw) Reporting active playback in state 1 of type 1 (scrobble: 0) for account 1
Mar 24, 2026 21:48:41.471 [281473219735776] DEBUG - Completed: [192.168.147.1:29301] 200 GET /:/timeline?ratingKey=1&key=%2Flibrary%2Fmetadata%2F1&playbackTime=0&playQueueItemID=1&state=paused&hasMDE=1&time=15000&duration=6739000 (14 live) #1171 GZIP 2ms 904 bytes (pipelined: 6)
Mar 24, 2026 21:48:44.840 [281473219735776] DEBUG - Failed to stream media, client probably disconnected after 36328224 bytes: 104 - Connection reset by peer
Mar 24, 2026 21:48:44.840 [281473219735776] DEBUG - Completed after connection close: [192.168.147.1:18103] 206 GET /library/parts/1/1774381610/file.mkv?Accept=application%2Fjson&Accept-Language=es (14 live) #1116 8175ms 36328224 bytes (pipelined: 1) (range: bytes=57188087-) 
Mar 24, 2026 21:48:44.916 [281473185923296] DEBUG - Request: [192.168.147.1:57171 (Subnet)] GET /library/parts/1/1774381610/file.mkv?Accept=application%2Fjson&Accept-Language=es (14 live) #11ca Signed-in Token (oscaarp) (range: bytes=296440582-) 
Mar 24, 2026 21:48:44.918 [281473185923296] DEBUG - Content-Length of /movies/Los domingos (2025).mkv is 4540841655 (of total: 4837282237).
Mar 24, 2026 21:48:44.965 [281473115758816] DEBUG - Request: [192.168.147.1:28377 (Subnet)] GET /:/timeline?key=%2Flibrary%2Fmetadata%2F1&ratingKey=1&state=buffering&time=117020&duration=6739580&playbackTime=28271&playQueueItemID=2&context=home%3Ahub.movie.recentlyadded&row=0&col=0 (14 live) #11c1 GZIP Signed-in Token (oscaarp)
Mar 24, 2026 21:48:44.965 [281473115758816] DEBUG - [Req#11c1] Client [xam579evnt45h5kjfj02yqja] reporting timeline state buffering, progress of 117020/6739580ms for guid=, playbackTime=28271ms ratingKey=1 url=, key=/library/metadata/1, containerKey=, metadataId=1, source=
Mar 24, 2026 21:48:44.966 [281473115758816] DEBUG - [Req#11c1] Play progress on 1 'Los domingos' - got played 117020 ms by account 1!
Mar 24, 2026 21:48:44.966 [281473115758816] DEBUG - [Req#11c1] [Now] User is oscaarp (ID: 1)
Mar 24, 2026 21:48:44.966 [281473115758816] DEBUG - [Req#11c1] [Now] Device is Tizen (TV 2025).
Mar 24, 2026 21:48:44.966 [281473115758816] ERROR - [Req#11c1] Unable to find client profile for device; platform=Tizen, platformVersion=9, device=25_RSM_QD, model=TQ55S92FAEXXC
Mar 24, 2026 21:48:44.966 [281473115758816] DEBUG - [Req#11c1] [Now] Updated play state for /library/metadata/1.
Mar 24, 2026 21:48:44.966 [281473115758816] DEBUG - [Req#11c1] Statistics: (xam579evnt45h5kjfj02yqja) Reporting active playback in state 2 of type 1 (scrobble: 0) for account 1
Mar 24, 2026 21:48:44.967 [281473219735776] DEBUG - Completed: [192.168.147.1:28377] 200 GET /:/timeline?key=%2Flibrary%2Fmetadata%2F1&ratingKey=1&state=buffering&time=117020&duration=6739580&playbackTime=28271&playQueueItemID=2&context=home%3Ahub.movie.recentlyadded&row=0&col=0 (14 live) #11c1 GZIP 2ms 496 bytes (pipelined: 16)
Mar 24, 2026 21:48:44.980 [281473175224544] DEBUG - Request: [192.168.147.1:50783 (Subnet)] GET /:/timeline?key=%2Flibrary%2Fmetadata%2F1&ratingKey=1&state=buffering&time=444518&duration=6739580&playbackTime=28271&playQueueItemID=2&timeStalled=0&context=home%3Ahub.movie.recentlyadded&row=0&col=0 (14 live) #11b2 GZIP Signed-in Token (oscaarp)
Mar 24, 2026 21:48:44.980 [281473175224544] DEBUG - [Req#11b2] Client [xam579evnt45h5kjfj02yqja] reporting timeline state buffering, progress of 444518/6739580ms for guid=, playbackTime=28271ms ratingKey=1 url=, key=/library/metadata/1, containerKey=, metadataId=1, source=
Mar 24, 2026 21:48:44.981 [281473175224544] DEBUG - [Req#11b2] Play progress on 1 'Los domingos' - got played 444518 ms by account 1!
Mar 24, 2026 21:48:44.981 [281473175224544] DEBUG - [Req#11b2] [Now] User is oscaarp (ID: 1)
Mar 24, 2026 21:48:44.981 [281473175224544] DEBUG - [Req#11b2] [Now] Device is Tizen (TV 2025).
Mar 24, 2026 21:48:44.981 [281473175224544] ERROR - [Req#11b2] Unable to find client profile for device; platform=Tizen, platformVersion=9, device=25_RSM_QD, model=TQ55S92FAEXXC
Mar 24, 2026 21:48:44.981 [281473175224544] DEBUG - [Req#11b2] [Now] Updated play state for /library/metadata/1.
Mar 24, 2026 21:48:44.981 [281473175224544] DEBUG - [Req#11b2] Statistics: (xam579evnt45h5kjfj02yqja) Reporting active playback in state 2 of type 1 (scrobble: 0) for account 1
Mar 24, 2026 21:48:44.982 [281473221845216] DEBUG - Completed: [192.168.147.1:50783] 200 GET /:/timeline?key=%2Flibrary%2Fmetadata%2F1&ratingKey=1&state=buffering&time=444518&duration=6739580&playbackTime=28271&playQueueItemID=2&timeStalled=0&context=home%3Ahub.movie.recentlyadded&row=0&col=0 (14 live) #11b2 GZIP 1ms 496 bytes (pipelined: 2)
Mar 24, 2026 21:48:45.019 [281473185923296] DEBUG - Request: [192.168.147.1:50783 (Subnet)] GET /:/timeline?key=%2Flibrary%2Fmetadata%2F1&ratingKey=1&state=playing&time=444518&duration=6739580&playbackTime=28271&playQueueItemID=2&timeStalled=0&context=home%3Ahub.movie.recentlyadded&row=0&col=0 (14 live) #11f4 GZIP Signed-in Token (oscaarp)
Mar 24, 2026 21:48:45.019 [281473185923296] DEBUG - [Req#11f4] Client [xam579evnt45h5kjfj02yqja] reporting timeline state playing, progress of 444518/6739580ms for guid=, playbackTime=28271ms ratingKey=1 url=, key=/library/metadata/1, containerKey=, metadataId=1, source=
Mar 24, 2026 21:48:45.019 [281473185923296] DEBUG - [Req#11f4] Play progress on 1 'Los domingos' - got played 444518 ms by account 1!
Mar 24, 2026 21:48:45.019 [281473185923296] DEBUG - [Req#11f4] [Now] User is oscaarp (ID: 1)
Mar 24, 2026 21:48:45.019 [281473185923296] DEBUG - [Req#11f4] [Now] Device is Tizen (TV 2025).
Mar 24, 2026 21:48:45.020 [281473185923296] ERROR - [Req#11f4] Unable to find client profile for device; platform=Tizen, platformVersion=9, device=25_RSM_QD, model=TQ55S92FAEXXC
Mar 24, 2026 21:48:45.020 [281473185923296] DEBUG - [Req#11f4] [Now] Updated play state for /library/metadata/1.
Mar 24, 2026 21:48:45.020 [281473185923296] DEBUG - [Req#11f4] Statistics: (xam579evnt45h5kjfj02yqja) Reporting active playback in state 0 of type 1 (scrobble: 0) for account 1
Mar 24, 2026 21:48:45.020 [281473221845216] DEBUG - Completed: [192.168.147.1:50783] 200 GET /:/timeline?key=%2Flibrary%2Fmetadata%2F1&ratingKey=1&state=playing&time=444518&duration=6739580&playbackTime=28271&playQueueItemID=2&timeStalled=0&context=home%3Ahub.movie.recentlyadded&row=0&col=0 (14 live) #11f4 GZIP 1ms 496 bytes (pipelined: 3)
Mar 24, 2026 21:48:45.041 [281473115758816] DEBUG - Request: [192.168.147.1:28377 (Subnet)] GET /:/timeline?key=%2Flibrary%2Fmetadata%2F1&ratingKey=1&state=buffering&time=444518&duration=6739580&playbackTime=28298&playQueueItemID=2&context=home%3Ahub.movie.recentlyadded&row=0&col=0 (14 live) #11ed GZIP Signed-in Token (oscaarp)
Mar 24, 2026 21:48:45.042 [281473115758816] DEBUG - [Req#11ed] Client [xam579evnt45h5kjfj02yqja] reporting timeline state buffering, progress of 444518/6739580ms for guid=, playbackTime=28298ms ratingKey=1 url=, key=/library/metadata/1, containerKey=, metadataId=1, source=
Mar 24, 2026 21:48:45.042 [281473115758816] DEBUG - [Req#11ed] Play progress on 1 'Los domingos' - got played 444518 ms by account 1!
Mar 24, 2026 21:48:45.042 [281473115758816] DEBUG - [Req#11ed] [Now] User is oscaarp (ID: 1)
Mar 24, 2026 21:48:45.042 [281473115758816] DEBUG - [Req#11ed] [Now] Device is Tizen (TV 2025).
Mar 24, 2026 21:48:45.043 [281473115758816] ERROR - [Req#11ed] Unable to find client profile for device; platform=Tizen, platformVersion=9, device=25_RSM_QD, model=TQ55S92FAEXXC
Mar 24, 2026 21:48:45.043 [281473115758816] DEBUG - [Req#11ed] [Now] Updated play state for /library/metadata/1.
Mar 24, 2026 21:48:45.043 [281473115758816] DEBUG - [Req#11ed] Statistics: (xam579evnt45h5kjfj02yqja) Reporting active playback in state 2 of type 1 (scrobble: 0) for account 1
Mar 24, 2026 21:48:45.045 [281473219735776] DEBUG - Completed: [192.168.147.1:28377] 200 GET /:/timeline?key=%2Flibrary%2Fmetadata%2F1&ratingKey=1&state=buffering&time=444518&duration=6739580&playbackTime=28298&playQueueItemID=2&context=home%3Ahub.movie.recentlyadded&row=0&col=0 (14 live) #11ed GZIP 4ms 496 bytes (pipelined: 17)
Mar 24, 2026 21:48:45.458 [281473175224544] DEBUG - Request: [192.168.147.1:28377 (Subnet)] GET /:/timeline?key=%2Flibrary%2Fmetadata%2F1&ratingKey=1&state=playing&time=444518&duration=6739580&playbackTime=28298&playQueueItemID=2&timeStalled=0&context=home%3Ahub.movie.recentlyadded&row=0&col=0 (14 live) #1203 GZIP Signed-in Token (oscaarp)
Mar 24, 2026 21:48:45.459 [281473175224544] DEBUG - [Req#1203] Client [xam579evnt45h5kjfj02yqja] reporting timeline state playing, progress of 444518/6739580ms for guid=, playbackTime=28298ms ratingKey=1 url=, key=/library/metadata/1, containerKey=, metadataId=1, source=
Mar 24, 2026 21:48:45.460 [281473175224544] DEBUG - [Req#1203] Play progress on 1 'Los domingos' - got played 444518 ms by account 1!
Mar 24, 2026 21:48:45.460 [281473175224544] DEBUG - [Req#1203] [Now] User is oscaarp (ID: 1)
Mar 24, 2026 21:48:45.460 [281473175224544] DEBUG - [Req#1203] [Now] Device is Tizen (TV 2025).
Mar 24, 2026 21:48:45.460 [281473175224544] ERROR - [Req#1203] Unable to find client profile for device; platform=Tizen, platformVersion=9, device=25_RSM_QD, model=TQ55S92FAEXXC
Mar 24, 2026 21:48:45.460 [281473175224544] DEBUG - [Req#1203] [Now] Updated play state for /library/metadata/1.
Mar 24, 2026 21:48:45.461 [281473175224544] DEBUG - [Req#1203] Statistics: (xam579evnt45h5kjfj02yqja) Reporting active playback in state 0 of type 1 (scrobble: 0) for account 1
Mar 24, 2026 21:48:45.462 [281473221845216] DEBUG - Completed: [192.168.147.1:28377] 200 GET /:/timeline?key=%2Flibrary%2Fmetadata%2F1&ratingKey=1&state=playing&time=444518&duration=6739580&playbackTime=28298&playQueueItemID=2&timeStalled=0&context=home%3Ahub.movie.recentlyadded&row=0&col=0 (14 live) #1203 GZIP 4ms 496 bytes (pipelined: 18)
Mar 24, 2026 21:48:47.109 [281473168896224] DEBUG - player xam579evnt45h5kjfj02yqja was last refreshed 27 seconds ago
Mar 24, 2026 21:48:47.298 [281473221845216] DEBUG - Failed to stream media, client probably disconnected after 33206336 bytes: 32 - Broken pipe
Mar 24, 2026 21:48:47.298 [281473221845216] DEBUG - Completed after connection close: [192.168.147.1:57171] 206 GET /library/parts/1/1774381610/file.mkv?Accept=application%2Fjson&Accept-Language=es (14 live) #11ca 2381ms 33206336 bytes (pipelined: 1) (range: bytes=296440582-) 
Mar 24, 2026 21:48:47.346 [281473183813856] DEBUG - Request: [192.168.147.1:28377 (Subnet)] GET /:/timeline?key=%2Flibrary%2Fmetadata%2F1&ratingKey=1&state=stopped&time=446339&duration=6739580&playbackTime=30205&playQueueItemID=2&context=home%3Ahub.movie.recentlyadded&row=0&col=0&continuing=0 (13 live) #120a GZIP Signed-in Token (oscaarp)
Mar 24, 2026 21:48:47.347 [281473183813856] DEBUG - [Req#120a] Client [xam579evnt45h5kjfj02yqja] reporting timeline state stopped, progress of 446339/6739580ms for guid=, playbackTime=30205ms ratingKey=1 url=, key=/library/metadata/1, containerKey=, metadataId=1, source=
Mar 24, 2026 21:48:47.348 [281473183813856] DEBUG - [Req#120a] Play progress on 1 'Los domingos' - got played 446339 ms by account 1!
Mar 24, 2026 21:48:47.356 [281473183813856] DEBUG - [Req#120a] [Now] User is oscaarp (ID: 1)
Mar 24, 2026 21:48:47.356 [281473183813856] DEBUG - [Req#120a] [Now] Device is Tizen (TV 2025).
Mar 24, 2026 21:48:47.356 [281473183813856] ERROR - [Req#120a] Unable to find client profile for device; platform=Tizen, platformVersion=9, device=25_RSM_QD, model=TQ55S92FAEXXC
Mar 24, 2026 21:48:47.356 [281473183813856] DEBUG - [Req#120a] [Now] Updated play state for /library/metadata/1.
Mar 24, 2026 21:48:47.357 [281473183813856] DEBUG - [Req#120a] Statistics: (xam579evnt45h5kjfj02yqja) Reporting active playback in state 3 of type 1 (scrobble: 0) for account 1
Mar 24, 2026 21:48:47.358 [281473183813856] DEBUG - [Req#120a] Streaming Resource: Terminated session 0xffff9317cb48:xam579evnt45h5kjfj02yqja with reason Client stopped playback.
Mar 24, 2026 21:48:47.358 [281473183813856] DEBUG - [Req#120a] Streaming Resource: Removing session 0xffff9317cb48:xam579evnt45h5kjfj02yqja
Mar 24, 2026 21:48:47.359 [281473219735776] DEBUG - Completed: [192.168.147.1:28377] 200 GET /:/timeline?key=%2Flibrary%2Fmetadata%2F1&ratingKey=1&state=stopped&time=446339&duration=6739580&playbackTime=30205&playQueueItemID=2&context=home%3Ahub.movie.recentlyadded&row=0&col=0&continuing=0 (13 live) #120a GZIP 12ms 496 bytes (pipelined: 19)
Mar 24, 2026 21:48:48.026 [281473175224544] DEBUG - Request: [192.168.147.1:28377 (Subnet)] GET /hubs/continueWatching?contentDirectoryID=1&excludeElements=Actor%2CCollection%2CCountry%2CLabel%2CMood%2CPart%2CProducer%2CSimilar%2CPhoto%2CVast%2CTopic&excludeFields=file%2Ctagline&includeDetails=1 (13 live) #1218 GZIP Signed-in Token (oscaarp)
Mar 24, 2026 21:48:48.027 [281473175224544] DEBUG - [Req#1218] HubCache: Adding '1/continueWatching/1/hubs/continueWatching/esexternal-media,indirect-media/contentDirectoryID=1&excludeElements=Actor%2CCollection%2CCountry%2CLabel%2CMood%2CPart%2CProducer%2CSimilar%2CPhoto%2CVast%2CTopic&excludeFields=file%2Ctagline&includeDetails=1' to the cache (1/continueWatching/1/hubs/continueWatching/esexternal-media,indirect-media/contentDirectoryID=1&excludeElements=Actor%2CCollection%2CCountry%2CLabel%2CMood%2CPart%2CProducer%2CSimilar%2CPhoto%2CVast%2CTopic&excludeFields=file%2Ctagline&includeDetails=1).
Mar 24, 2026 21:48:48.030 [281473183813856] DEBUG - Request: [192.168.147.1:50783 (Subnet)] GET /hubs/promoted?includeMeta=1&excludeContinueWatching=1&excludeElements=Actor%2CCollection%2CCountry%2CLabel%2CMood%2CPart%2CProducer%2CSimilar%2CPhoto%2CVast%2CTopic&excludeFields=file%2Ctagline&includeRecentChannels=1&includeDetails=1&count=10&contentDirectoryID=1&pinnedContentDirectoryID=1 (13 live) #11fc GZIP Signed-in Token (oscaarp)
Mar 24, 2026 21:48:48.031 [281473183813856] DEBUG - [Req#11fc] HubCache: Retrieving '1/home.continue/1/hubs/promoted/esexternal-media,indirect-media/contentDirectoryID=1&count=10&excludeContinueWatching=1&excludeElements=Actor%2CCollection%2CCountry%2CLabel%2CMood%2CPart%2CProducer%2CSimilar%2CPhoto%2CVast%2CTopic&excludeFields=file%2Ctagline&includeDetails=1&includeMeta=1&includeRecentChannels=1&pinnedContentDirectoryID=1' from the cache.
Mar 24, 2026 21:48:48.031 [281473183813856] DEBUG - [Req#11fc] HubCache: 8 hubs cached, 54.9% hit ratio.
Mar 24, 2026 21:48:48.031 [281473183813856] DEBUG - [Req#11fc] HubCache: Retrieving '1/home.ondeck/1/hubs/promoted/esexternal-media,indirect-media/contentDirectoryID=1&count=10&excludeContinueWatching=1&excludeElements=Actor%2CCollection%2CCountry%2CLabel%2CMood%2CPart%2CProducer%2CSimilar%2CPhoto%2CVast%2CTopic&excludeFields=file%2Ctagline&includeDetails=1&includeMeta=1&includeRecentChannels=1&pinnedContentDirectoryID=1' from the cache.
Mar 24, 2026 21:48:48.032 [281473175224544] DEBUG - [Req#1218] HubCache: Computed '1/continueWatching/1/hubs/continueWatching/esexternal-media,indirect-media/contentDirectoryID=1&excludeElements=Actor%2CCollection%2CCountry%2CLabel%2CMood%2CPart%2CProducer%2CSimilar%2CPhoto%2CVast%2CTopic&excludeFields=file%2Ctagline&includeDetails=1' in 4 ms.
Mar 24, 2026 21:48:48.033 [281473183813856] DEBUG - [Req#11fc] HubCache: Adding '1/movie.recentlyadded.1/1/hubs/promoted/esexternal-media,indirect-media/contentDirectoryID=1&count=10&excludeContinueWatching=1&excludeElements=Actor%2CCollection%2CCountry%2CLabel%2CMood%2CPart%2CProducer%2CSimilar%2CPhoto%2CVast%2CTopic&excludeFields=file%2Ctagline&includeDetails=1&includeMeta=1&includeRecentChannels=1&pinnedContentDirectoryID=1' to the cache (1/movie.recentlyadded.1/1/hubs/promoted/esexternal-media,indirect-media/contentDirectoryID=1&count=10&excludeContinueWatching=1&excludeElements=Actor%2CCollection%2CCountry%2CLabel%2CMood%2CPart%2CProducer%2CSimilar%2CPhoto%2CVast%2CTopic&excludeFields=file%2Ctagline&includeDetails=1&includeMeta=1&includeRecentChannels=1&pinnedContentDirectoryID=1).
Mar 24, 2026 21:48:48.033 [281473221845216] DEBUG - Completed: [192.168.147.1:28377] 200 GET /hubs/continueWatching?contentDirectoryID=1&excludeElements=Actor%2CCollection%2CCountry%2CLabel%2CMood%2CPart%2CProducer%2CSimilar%2CPhoto%2CVast%2CTopic&excludeFields=file%2Ctagline&includeDetails=1 (13 live) #1218 GZIP 6ms 1410 bytes (pipelined: 20)
Mar 24, 2026 21:48:48.036 [281473183813856] DEBUG - [Req#11fc] HubCache: Computed '1/movie.recentlyadded.1/1/hubs/promoted/esexternal-media,indirect-media/contentDirectoryID=1&count=10&excludeContinueWatching=1&excludeElements=Actor%2CCollection%2CCountry%2CLabel%2CMood%2CPart%2CProducer%2CSimilar%2CPhoto%2CVast%2CTopic&excludeFields=file%2Ctagline&includeDetails=1&includeMeta=1&includeRecentChannels=1&pinnedContentDirectoryID=1' in 3 ms.
Mar 24, 2026 21:48:48.037 [281473183813856] DEBUG - [Req#11fc] HubCache: Retrieving '1/movie.curated.1/1/hubs/promoted/esexternal-media,indirect-media/contentDirectoryID=1&count=10&excludeContinueWatching=1&excludeElements=Actor%2CCollection%2CCountry%2CLabel%2CMood%2CPart%2CProducer%2CSimilar%2CPhoto%2CVast%2CTopic&excludeFields=file%2Ctagline&includeDetails=1&includeMeta=1&includeRecentChannels=1&pinnedContentDirectoryID=1' from the cache.
Mar 24, 2026 21:48:48.038 [281473221845216] DEBUG - Completed: [192.168.147.1:50783] 200 GET /hubs/promoted?includeMeta=1&excludeContinueWatching=1&excludeElements=Actor%2CCollection%2CCountry%2CLabel%2CMood%2CPart%2CProducer%2CSimilar%2CPhoto%2CVast%2CTopic&excludeFields=file%2Ctagline&includeRecentChannels=1&includeDetails=1&count=10&contentDirectoryID=1&pinnedContentDirectoryID=1 (13 live) #11fc GZIP 7ms 1431 bytes (pipelined: 4)
Mar 24, 2026 21:48:48.099 [281473115758816] DEBUG - Request: [192.168.147.1:50783 (Subnet)] GET /photo/:/transcode?url=%2Flibrary%2Fmetadata%2F1%2Fart%2F1774383036&width=1232&height=693&minSize=1&upscale=1 (13 live) #121f GZIP Signed-in Token (oscaarp)
Mar 24, 2026 21:48:48.100 [281473115758816] DEBUG - [Req#121f/PhotoTranscoder] Request for url [/library/metadata/1/art/1774383036] (is local: 1 upscaled: 1)
Mar 24, 2026 21:48:48.102 [281473115758816] DEBUG - Content-Length of /config/Library/Application Support/Plex Media Server/Cache/PhotoTranscoder/98/98b63d839ee49a82a0488859d9b5f881bf1a0404.jpg is 47476 (of total: 47476).
Mar 24, 2026 21:48:48.104 [281473219735776] DEBUG - Completed: [192.168.147.1:50783] 200 GET /photo/:/transcode?url=%2Flibrary%2Fmetadata%2F1%2Fart%2F1774383036&width=1232&height=693&minSize=1&upscale=1 (13 live) #121f GZIP 4ms 47476 bytes (pipelined: 5)
Mar 24, 2026 21:48:48.107 [281473175224544] DEBUG - Request: [192.168.147.1:28377 (Subnet)] GET /library/metadata/1?includeUserState=1 (13 live) #121d GZIP Signed-in Token (oscaarp)
Mar 24, 2026 21:48:48.113 [281473175224544] DEBUG - We're going to try to auto-select an audio stream for account 1.
Mar 24, 2026 21:48:48.113 [281473175224544] DEBUG - Selecting best audio stream for part ID 1 (language: )
Mar 24, 2026 21:48:48.113 [281473175224544] DEBUG - We're going to try to auto-select a subtitle for account 1.
Mar 24, 2026 21:48:48.113 [281473175224544] DEBUG - Audio Stream: 2, Subtitle Stream: -1
Mar 24, 2026 21:48:48.116 [281473219735776] DEBUG - Completed: [192.168.147.1:28377] 200 GET /library/metadata/1?includeUserState=1 (13 live) #121d GZIP 9ms 4520 bytes (pipelined: 21)
Mar 24, 2026 21:48:48.918 [281473185923296] DEBUG - Request: [192.168.147.1:28377 (Subnet)] GET /library/metadata/1?excludeElements=Actor%2CCollection%2CCountry%2CLabel%2CMood%2CPart%2CProducer%2CSimilar%2CPhoto%2CVast%2CTopic&excludeFields=file%2Ctagline&includeDetails=1&includeUserState=0 (13 live) #1228 Page 2-25 GZIP Signed-in Token (oscaarp)
Mar 24, 2026 21:48:48.926 [281473185923296] DEBUG - [Req#1228] Setting container serialization range to [2, 25] (total=-1)
Mar 24, 2026 21:48:48.926 [281473219735776] DEBUG - Completed: [192.168.147.1:28377] 200 GET /library/metadata/1?excludeElements=Actor%2CCollection%2CCountry%2CLabel%2CMood%2CPart%2CProducer%2CSimilar%2CPhoto%2CVast%2CTopic&excludeFields=file%2Ctagline&includeDetails=1&includeUserState=0 (13 live) #1228 GZIP Page 2-25 8ms 599 bytes (pipelined: 22)
Mar 24, 2026 21:48:51.470 [281473175224544] DEBUG - Request: [192.168.147.1:29301 (Subnet)] GET /:/timeline?ratingKey=1&key=%2Flibrary%2Fmetadata%2F1&playbackTime=0&playQueueItemID=1&state=paused&hasMDE=1&time=15000&duration=6739000 (12 live) #11d8 GZIP Signed-in Token (oscaarp)
Mar 24, 2026 21:48:51.471 [281473175224544] DEBUG - [Req#11d8] Client [vkjphyua8spggnvg82dvmqg3] reporting timeline state paused, progress of 15000/6739000ms for guid=, playbackTime=0ms ratingKey=1 url=, key=/library/metadata/1, containerKey=, metadataId=1, source=
Mar 24, 2026 21:48:51.471 [281473175224544] DEBUG - [Req#11d8] [Now] User is oscaarp (ID: 1)
Mar 24, 2026 21:48:51.472 [281473175224544] DEBUG - [Req#11d8] [Now] Device is Safari (Safari).
Mar 24, 2026 21:48:51.472 [281473175224544] DEBUG - [Req#11d8] [Now] Profile is Web
Mar 24, 2026 21:48:51.472 [281473175224544] DEBUG - [Req#11d8] [Now] Updated play state for /library/metadata/1.
Mar 24, 2026 21:48:51.472 [281473175224544] DEBUG - [Req#11d8] Statistics: (qjt50inxtzsqjpbem7hjo0tw) Reporting active playback in state 1 of type 1 (scrobble: 0) for account 1
Mar 24, 2026 21:48:51.474 [281473219735776] DEBUG - Completed: [192.168.147.1:29301] 200 GET /:/timeline?ratingKey=1&key=%2Flibrary%2Fmetadata%2F1&playbackTime=0&playQueueItemID=1&state=paused&hasMDE=1&time=15000&duration=6739000 (12 live) #11d8 GZIP 3ms 906 bytes (pipelined: 7)
Mar 24, 2026 21:48:51.481 [281473183813856] DEBUG - Request: [192.168.147.1:28377 (Subnet)] GET /library/metadata/1?includeUserState=1 (12 live) #122a GZIP Signed-in Token (oscaarp)
Mar 24, 2026 21:48:51.487 [281473183813856] DEBUG - We're going to try to auto-select an audio stream for account 1.
Mar 24, 2026 21:48:51.487 [281473183813856] DEBUG - Selecting best audio stream for part ID 1 (language: )
Mar 24, 2026 21:48:51.487 [281473183813856] DEBUG - We're going to try to auto-select a subtitle for account 1.
Mar 24, 2026 21:48:51.487 [281473183813856] DEBUG - Audio Stream: 2, Subtitle Stream: -1
Mar 24, 2026 21:48:51.490 [281473219735776] DEBUG - Completed: [192.168.147.1:28377] 200 GET /library/metadata/1?includeUserState=1 (12 live) #122a GZIP 8ms 4520 bytes (pipelined: 23)
Mar 24, 2026 21:48:51.733 [281473115758816] DEBUG - Request: [192.168.147.1:28377 (Subnet)] GET /player/proxy/poll?deviceClass=pc&protocolVersion=2&protocolCapabilities=timeline%2Cplayback%2Cnavigation%2Cplayqueues%2Cprovider-playback&timeout=1 (12 live) #1238 GZIP Signed-in Token (oscaarp)
Mar 24, 2026 21:48:51.733 [281473219735776] DEBUG - Completed: [192.168.147.1:26493] 204 GET /player/proxy/poll?deviceClass=pc&protocolVersion=2&protocolCapabilities=timeline%2Cplayback%2Cnavigation%2Cplayqueues%2Cprovider-playback&timeout=1 (12 live) #1127 GZIP 31006ms 203 bytes (pipelined: 6)
Mar 24, 2026 21:48:57.110 [281473143288032] DEBUG - player xam579evnt45h5kjfj02yqja was last refreshed 6 seconds ago
Mar 24, 2026 21:48:57.918 [281473221845216] DEBUG - [EventSourceClient/pubsub/139.162.158.105:443] EventSource: Got event [data] '<Message host="139.162.158.15" port="443" command="startRelay"/>'
Mar 24, 2026 21:48:57.918 [281473221845216] DEBUG - [EventSourceClient/pubsub/139.162.158.105:443/HCl#42] HTTP requesting GET https://downloads.plex.tv/relay/relay_v1.pub
Mar 24, 2026 21:48:57.990 [281473193701600] DEBUG - [HttpClient/HCl#42] HTTP/2.0 (0.1s) 200 response from GET https://downloads.plex.tv/relay/relay_v1.pub
Mar 24, 2026 21:48:57.991 [281473221845216] DEBUG - [EventSourceClient/pubsub/139.162.158.105:443] Relay: refreshed host key from https://downloads.plex.tv/relay/relay_v1.pub
Mar 24, 2026 21:48:57.994 [281473221845216] DEBUG - [EventSourceClient/pubsub/139.162.158.105:443] Relay: starting relay.
Mar 24, 2026 21:48:57.994 [281473221845216] DEBUG - [EventSourceClient/pubsub/139.162.158.105:443/JobRunner] Job running: PLEXTOKEN=xxxxxxxxxxxxxxxxxxxx "/usr/lib/plexmediaserver/Plex Relay" -p 443 -N -R 0:127.0.0.1:32401 -o StrictHostKeyChecking=yes -o "UserKnownHostsFile=/config/Library/Application Support/Plex Media Server/Cache/relayHostKey.txt" -o LogLevel=VERBOSE -o PreferredAuthentications=password -o PubkeyAuthentication=no -l oscaarp -F /dev/null 139.162.158.15
Mar 24, 2026 21:48:57.997 [281473221845216] DEBUG - [EventSourceClient/pubsub/139.162.158.105:443/JobRunner] Jobs: Starting child process with pid 462
Mar 24, 2026 21:48:58.804 [281473115758816] DEBUG - [Req#11e6] [PlexRelay] Authenticated to 139.162.158.15 ([139.162.158.15]:443).
Mar 24, 2026 21:48:59.325 [281473115758816] INFO - [Req#1258] [PlexRelay] Allocated port 11687 for remote forward to 127.0.0.1:32401
Mar 24, 2026 21:49:01.482 [281473183813856] DEBUG - Request: [192.168.147.1:29301 (Subnet)] GET /:/timeline?ratingKey=1&key=%2Flibrary%2Fmetadata%2F1&playbackTime=0&playQueueItemID=1&state=paused&hasMDE=1&time=15000&duration=6739000 (9 live) #1237 GZIP Signed-in Token (oscaarp)
Mar 24, 2026 21:49:01.484 [281473185923296] DEBUG - Request: [192.168.147.1:24335 (Subnet)] GET /video/:/transcode/universal/ping?session=8u64il5igz554kxo20fas27s (10 live) #125c GZIP Signed-in Token (oscaarp)
Mar 24, 2026 21:49:01.485 [281473183813856] DEBUG - [Req#1237] Client [vkjphyua8spggnvg82dvmqg3] reporting timeline state paused, progress of 15000/6739000ms for guid=, playbackTime=0ms ratingKey=1 url=, key=/library/metadata/1, containerKey=, metadataId=1, source=
Mar 24, 2026 21:49:01.485 [281473185923296] DEBUG - [Req#125c/Transcode] [Now] Freshening session based on ping for vkjphyua8spggnvg82dvmqg3_Video
Mar 24, 2026 21:49:01.485 [281473185923296] DEBUG - [Req#125c/Transcode] Received transcode session ping for session 8u64il5igz554kxo20fas27s.
Mar 24, 2026 21:49:01.485 [281473183813856] DEBUG - [Req#1237] [Now] User is oscaarp (ID: 1)
Mar 24, 2026 21:49:01.485 [281473183813856] DEBUG - [Req#1237] [Now] Device is Safari (Safari).
Mar 24, 2026 21:49:01.485 [281473183813856] DEBUG - [Req#1237] [Now] Profile is Web
Mar 24, 2026 21:49:01.485 [281473221845216] DEBUG - Completed: [192.168.147.1:24335] 200 GET /video/:/transcode/universal/ping?session=8u64il5igz554kxo20fas27s (10 live) #125c GZIP 0ms 323 bytes (pipelined: 1)
Mar 24, 2026 21:49:01.485 [281473183813856] DEBUG - [Req#1237] [Now] Updated play state for /library/metadata/1.
Mar 24, 2026 21:49:01.485 [281473183813856] DEBUG - [Req#1237] Statistics: (qjt50inxtzsqjpbem7hjo0tw) Reporting active playback in state 1 of type 1 (scrobble: 0) for account 1
Mar 24, 2026 21:49:01.489 [281473219735776] DEBUG - Completed: [192.168.147.1:29301] 200 GET /:/timeline?ratingKey=1&key=%2Flibrary%2Fmetadata%2F1&playbackTime=0&playQueueItemID=1&state=paused&hasMDE=1&time=15000&duration=6739000 (10 live) #1237 GZIP 7ms 906 bytes (pipelined: 8)
Mar 24, 2026 21:49:01.495 [281473115758816] DEBUG - Request: [192.168.147.1:50783 (Subnet)] GET /library/metadata/1?includeUserState=1 (10 live) #1227 GZIP Signed-in Token (oscaarp)
Mar 24, 2026 21:49:01.504 [281473115758816] DEBUG - We're going to try to auto-select an audio stream for account 1.
Mar 24, 2026 21:49:01.504 [281473115758816] DEBUG - Selecting best audio stream for part ID 1 (language: )
Mar 24, 2026 21:49:01.504 [281473115758816] DEBUG - We're going to try to auto-select a subtitle for account 1.
Mar 24, 2026 21:49:01.504 [281473115758816] DEBUG - Audio Stream: 2, Subtitle Stream: -1
Mar 24, 2026 21:49:01.507 [281473221845216] DEBUG - Completed: [192.168.147.1:50783] 200 GET /library/metadata/1?includeUserState=1 (10 live) #1227 GZIP 12ms 4520 bytes (pipelined: 6)
Mar 24, 2026 21:49:07.115 [281473168896224] DEBUG - player xam579evnt45h5kjfj02yqja was last refreshed 16 seconds ago
Mar 24, 2026 21:49:11.481 [281473115758816] DEBUG - Request: [192.168.147.1:24335 (Subnet)] GET /:/timeline?ratingKey=1&key=%2Flibrary%2Fmetadata%2F1&playbackTime=0&playQueueItemID=1&state=paused&hasMDE=1&time=15000&duration=6739000 (10 live) #1268 GZIP Signed-in Token (oscaarp)
Mar 24, 2026 21:49:11.482 [281473115758816] DEBUG - [Req#1268] Client [vkjphyua8spggnvg82dvmqg3] reporting timeline state paused, progress of 15000/6739000ms for guid=, playbackTime=0ms ratingKey=1 url=, key=/library/metadata/1, containerKey=, metadataId=1, source=
Mar 24, 2026 21:49:11.482 [281473115758816] DEBUG - [Req#1268] [Now] User is oscaarp (ID: 1)
Mar 24, 2026 21:49:11.482 [281473115758816] DEBUG - [Req#1268] [Now] Device is Safari (Safari).
Mar 24, 2026 21:49:11.482 [281473115758816] DEBUG - [Req#1268] [Now] Profile is Web
Mar 24, 2026 21:49:11.482 [281473115758816] DEBUG - [Req#1268] [Now] Updated play state for /library/metadata/1.
Mar 24, 2026 21:49:11.483 [281473115758816] DEBUG - [Req#1268] Statistics: (qjt50inxtzsqjpbem7hjo0tw) Reporting active playback in state 1 of type 1 (scrobble: 0) for account 1
Mar 24, 2026 21:49:11.485 [281473221845216] DEBUG - Completed: [192.168.147.1:24335] 200 GET /:/timeline?ratingKey=1&key=%2Flibrary%2Fmetadata%2F1&playbackTime=0&playQueueItemID=1&state=paused&hasMDE=1&time=15000&duration=6739000 (10 live) #1268 GZIP 3ms 906 bytes (pipelined: 2)
Mar 24, 2026 21:49:11.491 [281473175224544] DEBUG - Request: [192.168.147.1:50783 (Subnet)] GET /library/metadata/1?includeUserState=1 (10 live) #126d GZIP Signed-in Token (oscaarp)
Mar 24, 2026 21:49:11.496 [281473175224544] DEBUG - We're going to try to auto-select an audio stream for account 1.
Mar 24, 2026 21:49:11.496 [281473175224544] DEBUG - Selecting best audio stream for part ID 1 (language: )
Mar 24, 2026 21:49:11.496 [281473175224544] DEBUG - We're going to try to auto-select a subtitle for account 1.
Mar 24, 2026 21:49:11.496 [281473175224544] DEBUG - Audio Stream: 2, Subtitle Stream: -1
Mar 24, 2026 21:49:11.498 [281473221845216] DEBUG - Completed: [192.168.147.1:50783] 200 GET /library/metadata/1?includeUserState=1 (10 live) #126d GZIP 6ms 4520 bytes (pipelined: 7)
Mar 24, 2026 21:49:12.955 [281473160417504] DEBUG - [Req#10ec] BPQ: onConsiderProcessing: Idle (true)
Mar 24, 2026 21:49:12.955 [281473160417504] DEBUG - [Req#10ec] BPQ: [Idle] -> [Processing]
Mar 24, 2026 21:49:12.957 [281473160417504] DEBUG - [Req#10ec] BPQ: generating queue items from 0 generator(s)
Mar 24, 2026 21:49:12.957 [281473160417504] DEBUG - [Req#10ec] BPQ: generated 0 item(s) for queue
Mar 24, 2026 21:49:12.958 [281473160417504] DEBUG - [Req#10ec] BPQ: [Processing] -> [Idle]
Mar 24, 2026 21:49:17.120 [281473156198624] DEBUG - player xam579evnt45h5kjfj02yqja was last refreshed 26 seconds ago
Mar 24, 2026 21:49:17.792 [281473185923296] DEBUG - Request: [192.168.147.1:21383 (Subnet)] GET /media/providers (11 live) #1264 TLS GZIP Signed-in Token (oscaarp)
Mar 24, 2026 21:49:17.799 [281473219735776] DEBUG - Completed: [192.168.147.1:21383] 200 GET /media/providers (11 live) #1264 TLS GZIP 6ms 4456 bytes (pipelined: 1)
Mar 24, 2026 21:49:20.614 [281473115758816] DEBUG - Request: [192.168.147.1:21383 (Subnet)] GET /library/search?query=Mas+palomas&searchTypes=availabilityPlatforms%2Ccategories%2Clivetv%2Cmovies%2CotherVideos%2Cpeople%2Ctvod%2Ctv&limit=100 (11 live) #12b0 TLS GZIP Signed-in Token (oscaarp)
Mar 24, 2026 21:49:20.641 [281473175224544] DEBUG - [Req#12ae/Transcode/8u64il5igz554kxo20fas27s/a1741535-7d37-4f3c-b4ed-31e52f32092e] Transcoder segment range: 0 - 36 (36)
Mar 24, 2026 21:49:20.673 [281473221845216] DEBUG - Completed: [192.168.147.1:21383] 200 GET /library/search?query=Mas+palomas&searchTypes=availabilityPlatforms%2Ccategories%2Clivetv%2Cmovies%2CotherVideos%2Cpeople%2Ctvod%2Ctv&limit=100 (12 live) #12b0 TLS GZIP 59ms 395 bytes (pipelined: 2)
Mar 24, 2026 21:49:21.425 [281473221845216] DEBUG - Request: didn't get any data from 127.0.0.1:42868: End of file
Mar 24, 2026 21:49:22.742 [281473185923296] DEBUG - Request: [192.168.147.1:50783 (Subnet)] GET /player/proxy/poll?deviceClass=pc&protocolVersion=2&protocolCapabilities=timeline%2Cplayback%2Cnavigation%2Cplayqueues%2Cprovider-playback&timeout=1 (12 live) #1295 GZIP Signed-in Token (oscaarp)
Mar 24, 2026 21:49:22.780 [281473221845216] DEBUG - Completed: [192.168.147.1:28377] 204 GET /player/proxy/poll?deviceClass=pc&protocolVersion=2&protocolCapabilities=timeline%2Cplayback%2Cnavigation%2Cplayqueues%2Cprovider-playback&timeout=1 (12 live) #1238 GZIP 31047ms 203 bytes (pipelined: 24)
Mar 24, 2026 21:49:22.799 [281473183813856] DEBUG - Request: [192.168.147.1:21383 (Subnet)] GET /library/search?query=Mas+palomas&searchTypes=movies&limit=100 (11 live) #12bf TLS GZIP Signed-in Token (oscaarp)
Mar 24, 2026 21:49:22.860 [281473221845216] DEBUG - Completed: [192.168.147.1:21383] 200 GET /library/search?query=Mas+palomas&searchTypes=movies&limit=100 (11 live) #12bf TLS GZIP 61ms 395 bytes (pipelined: 3)
Mar 24, 2026 21:49:27.028 [281473185923296] DEBUG - Request: [192.168.147.1:32169 (Subnet)] GET /player/proxy/poll?deviceClass=pc&protocolVersion=2&protocolCapabilities=timeline%2Cplayback%2Cnavigation%2Cplayqueues%2Cprovider-playback&timeout=1 (8 live) #12bd GZIP Signed-in Token (oscaarp)
Mar 24, 2026 21:49:27.029 [281473219735776] DEBUG - Completed: [192.168.147.1:50783] 204 GET /player/proxy/poll?deviceClass=pc&protocolVersion=2&protocolCapabilities=timeline%2Cplayback%2Cnavigation%2Cplayqueues%2Cprovider-playback&timeout=1 (8 live) #1295 GZIP 4287ms 203 bytes (pipelined: 8)
Mar 24, 2026 21:49:27.524 [281473115758816] DEBUG - Request: [192.168.147.1:41143 (Subnet)] GET /:/timeline?ratingKey=1&key=%2Flibrary%2Fmetadata%2F1&playbackTime=0&playQueueItemID=1&state=paused&hasMDE=1&time=15000&duration=6739000 (8 live) #12db GZIP Signed-in Token (oscaarp)
Mar 24, 2026 21:49:27.530 [281473115758816] DEBUG - [Req#12db] Client [vkjphyua8spggnvg82dvmqg3] reporting timeline state paused, progress of 15000/6739000ms for guid=, playbackTime=0ms ratingKey=1 url=, key=/library/metadata/1, containerKey=, metadataId=1, source=
Mar 24, 2026 21:49:27.530 [281473115758816] DEBUG - [Req#12db] [Now] User is oscaarp (ID: 1)
Mar 24, 2026 21:49:27.530 [281473115758816] DEBUG - [Req#12db] [Now] Device is Safari (Safari).
Mar 24, 2026 21:49:27.530 [281473115758816] DEBUG - [Req#12db] [Now] Profile is Web
Mar 24, 2026 21:49:27.530 [281473115758816] DEBUG - [Req#12db] [Now] Updated play state for /library/metadata/1.
Mar 24, 2026 21:49:27.531 [281473115758816] DEBUG - [Req#12db] Statistics: (qjt50inxtzsqjpbem7hjo0tw) Reporting active playback in state 1 of type 1 (scrobble: 0) for account 1
Mar 24, 2026 21:49:27.533 [281473221845216] DEBUG - Completed: [192.168.147.1:41143] 200 GET /:/timeline?ratingKey=1&key=%2Flibrary%2Fmetadata%2F1&playbackTime=0&playQueueItemID=1&state=paused&hasMDE=1&time=15000&duration=6739000 (8 live) #12db GZIP 9ms 905 bytes (pipelined: 1)
Mar 24, 2026 21:49:28.301 [281473175224544] DEBUG - Request: [192.168.147.1:49015 (Subnet)] GET /library/search?query=El+sexto+sentido&searchTypes=movies&limit=100 (9 live) #12df TLS GZIP Signed-in Token (oscaarp)
Mar 24, 2026 21:49:28.328 [281473219735776] DEBUG - Completed: [192.168.147.1:49015] 200 GET /library/search?query=El+sexto+sentido&searchTypes=movies&limit=100 (9 live) #12df TLS GZIP 27ms 395 bytes (pipelined: 1)
Mar 24, 2026 21:49:37.126 [281473117868256] DEBUG - player xam579evnt45h5kjfj02yqja was last refreshed 10 seconds ago
Mar 24, 2026 21:49:37.934 [281473219735776] DEBUG - [EventSourceClient/pubsub/139.162.158.105:443] Failure: 125 - Operation canceled.
Mar 24, 2026 21:49:37.934 [281473219735776] DEBUG - [EventSourceClient/pubsub/139.162.158.105:443] MyPlex: We appear to have lost Internet connectivity, resetting device URL cache.
Mar 24, 2026 21:49:37.943 [281473219735776] ERROR - [EventSourceClient/pubsub/139.162.158.105:443] Retrying in 15 seconds.
Mar 24, 2026 21:49:40.331 [281473221845216] DEBUG - CERT: incomplete TLS handshake from 127.0.0.1:33714: stream truncated
Mar 24, 2026 21:49:43.590 [281473175224544] DEBUG - Request: [192.168.147.1:49015 (Subnet)] GET /media/providers (9 live) #12eb TLS GZIP Signed-in Token (oscaarp)
Mar 24, 2026 21:49:43.604 [281473221845216] DEBUG - Completed: [192.168.147.1:49015] 200 GET /media/providers (9 live) #12eb TLS GZIP 13ms 4456 bytes (pipelined: 2)
Mar 24, 2026 21:49:47.136 [281473117868256] DEBUG - player xam579evnt45h5kjfj02yqja was last refreshed 20 seconds ago
Mar 24, 2026 21:49:52.953 [281473221845216] DEBUG - [EventSourceClient/pubsub/139.162.158.105:443] Resolving 139.162.158.105 port 443
Mar 24, 2026 21:49:52.953 [281473221845216] DEBUG - [EventSourceClient/pubsub/139.162.158.105:443] Resolved 139.162.158.105 to 139.162.158.105:443
Mar 24, 2026 21:49:53.079 [281473221845216] DEBUG - [EventSourceClient/pubsub/139.162.158.105:443] Connected in 125 ms.
Mar 24, 2026 21:49:53.079 [281473221845216] DEBUG - [EventSourceClient/pubsub/139.162.158.105:443] Wrote data, reading reply.
Mar 24, 2026 21:49:53.480 [281473219735776] DEBUG - [EventSourceClient/pubsub/139.162.158.105:443] Read HTTP reply header.
Mar 24, 2026 21:49:53.481 [281473219735776] DEBUG - [EventSourceClient/pubsub/139.162.158.105:443] MyPlex: We appear to have regained Internet connectivity.
Mar 24, 2026 21:49:53.534 [281473219735776] DEBUG - [EventSourceClient/pubsub/139.162.158.105:443] PublicAddressManager: Obtaining public address and mapping port.
Mar 24, 2026 21:49:53.534 [281473219735776] DEBUG - [EventSourceClient/pubsub/139.162.158.105:443] MyPlex: async reachability check - current mapped state: 'Mapped - Not Published (Not Reachable)'.
Mar 24, 2026 21:49:53.534 [281473168896224] DEBUG - [EventSourceClient/pubsub/139.162.158.105:443] PublicAddressManager: Obtaining public IP.
Mar 24, 2026 21:49:53.534 [281473162526944] DEBUG - [EventSourceClient/pubsub/139.162.158.105:443] NAT: UPnP, attempting port mapping.
Mar 24, 2026 21:49:53.534 [281473219735776] DEBUG - [EventSourceClient/pubsub/139.162.158.105:443] MyPlex: Requesting reachability check.
Mar 24, 2026 21:49:53.534 [281473168896224] DEBUG - [EventSourceClient/pubsub/139.162.158.105:443/HCl#43] HTTP requesting GET https://v4.plex.tv/pms/:/ip
Mar 24, 2026 21:49:53.534 [281473219735776] DEBUG - [EventSourceClient/pubsub/139.162.158.105:443/HCl#44] HTTP requesting PUT https://plex.tv/api/servers/0b7ef4be55a6ce2cbd71deb676303551923b4830/connectivity?X-Plex-Token=xxxxxxxxxxxxxxxxxxxx&asyncIdentifier=b166cf2f-9e33-4c85-824f-93c336eb0c34
Mar 24, 2026 21:49:54.005 [281473193701600] DEBUG - [HttpClient/HCl#44] HTTP/1.1 (0.5s) 200 response from PUT https://plex.tv/api/servers/0b7ef4be55a6ce2cbd71deb676303551923b4830/connectivity?X-Plex-Token=xxxxxxxxxxxxxxxxxxxx&asyncIdentifier=b166cf2f-9e33-4c85-824f-93c336eb0c34
Mar 24, 2026 21:49:54.005 [281473219735776] DEBUG - [EventSourceClient/pubsub/139.162.158.105:443] Successfully connected to 139.162.158.105.
Mar 24, 2026 21:49:54.054 [281473193701600] DEBUG - [HttpClient/HCl#43] HTTP/1.1 (0.5s) 200 response from GET https://v4.plex.tv/pms/:/ip
Mar 24, 2026 21:49:54.054 [281473168896224] DEBUG - [EventSourceClient/pubsub/139.162.158.105:443] PublicAddressManager: Got public IP from v4.plex.tv: 79.117.226.16
Mar 24, 2026 21:49:54.118 [281473221845216] DEBUG - [EventSourceClient/pubsub/139.162.158.105:443] EventSource: Got event [data] '<Message address="" port="0" asyncIdentifier="b166cf2f-9e33-4c85-824f-93c336eb0c34" connectivity="0" command="notifyConnectivity"/>'
Mar 24, 2026 21:49:54.118 [281473221845216] DEBUG - [EventSourceClient/pubsub/139.162.158.105:443] PubSub: Got notified of reachability for async identifier b166cf2f-9e33-4c85-824f-93c336eb0c34: 0 for :0 (responded in 113 ms)
Mar 24, 2026 21:49:54.119 [281473221845216] DEBUG - [EventSourceClient/pubsub/139.162.158.105:443] MyPlex: reachability check - current mapping state: 'Mapped - Not Published (Not Reachable)'.
Mar 24, 2026 21:49:54.119 [281473221845216] DEBUG - [EventSourceClient/pubsub/139.162.158.105:443] MyPlex: mapping state set to 'Mapped - Not Published (Not Reachable)'.
Mar 24, 2026 21:49:57.146 [281473156198624] DEBUG - player xam579evnt45h5kjfj02yqja was last refreshed 30 seconds ago
Mar 24, 2026 21:49:57.904 [281473183813856] DEBUG - Request: [192.168.147.1:43486 (Subnet)] GET /player/proxy/poll?deviceClass=pc&protocolVersion=2&protocolCapabilities=timeline%2Cplayback%2Cnavigation%2Cplayqueues%2Cprovider-playback&timeout=1 (9 live) #12e8 GZIP Signed-in Token (oscaarp)
Mar 24, 2026 21:49:57.904 [281473219735776] DEBUG - Completed: [192.168.147.1:32169] 204 GET /player/proxy/poll?deviceClass=pc&protocolVersion=2&protocolCapabilities=timeline%2Cplayback%2Cnavigation%2Cplayqueues%2Cprovider-playback&timeout=1 (9 live) #12bd GZIP 30875ms 203 bytes (pipelined: 1)
Mar 24, 2026 21:50:02.633 [281473115758816] DEBUG - [Req#1353/Transcode/8u64il5igz554kxo20fas27s/a1741535-7d37-4f3c-b4ed-31e52f32092e] Transcoder segment range: 0 - 37 (37)
Mar 24, 2026 21:50:05.581 [281473162526944] DEBUG - [EventSourceClient/pubsub/139.162.158.105:443] NAT: UPnP, didn't find usable IGD.
Mar 24, 2026 21:50:05.582 [281473162526944] DEBUG - [EventSourceClient/pubsub/139.162.158.105:443] NAT: PMP, attempting mapping.
Mar 24, 2026 21:50:05.839 [281473162526944] WARN - [EventSourceClient/pubsub/139.162.158.105:443] NAT: PMP, got an error: Not Supported by gateway.
Mar 24, 2026 21:50:05.839 [281473162526944] DEBUG - [EventSourceClient/pubsub/139.162.158.105:443] NAT: UPnP, attempting port mapping.
Mar 24, 2026 21:50:06.088 [281473168896224] DEBUG - [EventSourceClient/pubsub/139.162.158.105:443] NAT: UPnP, getPublicIP didn't find usable IGD.
Mar 24, 2026 21:50:06.345 [281473168896224] WARN - [EventSourceClient/pubsub/139.162.158.105:443] NAT: PMP, got an error: Not Supported by gateway.
Mar 24, 2026 21:50:06.346 [281473168896224] DEBUG - [EventSourceClient/pubsub/139.162.158.105:443] MyPlex: sendMapping resetting state - previous mapping state: 'Mapped - Not Published (Not Reachable)'.
Mar 24, 2026 21:50:06.346 [281473168896224] DEBUG - [EventSourceClient/pubsub/139.162.158.105:443] MyPlex: mapping state set to 'Unknown'.
Mar 24, 2026 21:50:06.352 [281473168896224] DEBUG - [EventSourceClient/pubsub/139.162.158.105:443] MyPlex: Sending Server Info to myPlex (user=oscaarpelagio@gmail.com, ip=79.117.226.16, port=0)
Mar 24, 2026 21:50:06.352 [281473168896224] DEBUG - [EventSourceClient/pubsub/139.162.158.105:443/HCl#45] HTTP requesting POST https://plex.tv/servers.xml?auth_token=xxxxxxxxxxxxxxxxxxxx
Mar 24, 2026 21:50:06.872 [281473193701600] DEBUG - [HttpClient/HCl#45] HTTP/1.1 (0.5s) 422 response from POST https://plex.tv/servers.xml?auth_token=xxxxxxxxxxxxxxxxxxxx
Mar 24, 2026 21:50:06.873 [281473168896224] DEBUG - [EventSourceClient/pubsub/139.162.158.105:443] MyPlex: Published Mapping State response was 422
Mar 24, 2026 21:50:06.873 [281473168896224] DEBUG - [EventSourceClient/pubsub/139.162.158.105:443] MyPlex: Got response for 0b7ef4be55a6ce2cbd71deb676303551923b4830 ~ registered :0
Mar 24, 2026 21:50:06.873 [281473168896224] DEBUG - [EventSourceClient/pubsub/139.162.158.105:443] MyPlex: updating mapped state - current state: 'Mapped - Not Published (Not Reachable)'
Mar 24, 2026 21:50:06.873 [281473168896224] DEBUG - [EventSourceClient/pubsub/139.162.158.105:443] MyPlex: mapping state set to 'Mapped - Publishing'.
Mar 24, 2026 21:50:06.873 [281473168896224] DEBUG - [EventSourceClient/pubsub/139.162.158.105:443] MyPlex: async reachability check - current mapped state: 'Mapped - Publishing'.
Mar 24, 2026 21:50:06.873 [281473168896224] DEBUG - [EventSourceClient/pubsub/139.162.158.105:443] MyPlex: requesting connectivity refresh too soon after the last request, skipping.
Mar 24, 2026 21:50:06.874 [281473168896224] DEBUG - [EventSourceClient/pubsub/139.162.158.105:443] MyPlex: Updating device connections (from timer: 0)
Mar 24, 2026 21:50:06.874 [281473168896224] DEBUG - [EventSourceClient/pubsub/139.162.158.105:443/HCl#46] HTTP requesting PUT https://plex.tv/devices/0b7ef4be55a6ce2cbd71deb676303551923b4830?Connection[][uri]=http://192.168.1.129:32400&Connection[][uri]=http://192.168.147.7:32400&httpsEnabled=1&httpsRequired=0&dnsRebindingProtection=0&natLoopbackSupported=0&X-Plex-Token=xxxxxxxxxxxxxxxxxxxx
Mar 24, 2026 21:50:07.013 [281473193701600] DEBUG - [HttpClient/HCl#46] HTTP/1.1 (0.1s) 200 response from PUT https://plex.tv/devices/0b7ef4be55a6ce2cbd71deb676303551923b4830?Connection[][uri]=http://192.168.1.129:32400&Connection[][uri]=http://192.168.147.7:32400&httpsEnabled=1&httpsRequired=0&dnsRebindingProtection=0&natLoopbackSupported=0&X-Plex-Token=xxxxxxxxxxxxxxxxxxxx (reused)
Mar 24, 2026 21:50:07.157 [281473151979744] DEBUG - player xam579evnt45h5kjfj02yqja was last refreshed 10 seconds ago
Mar 24, 2026 21:51:52.696 [281473185923296] DEBUG - Request: [192.168.147.1:41803 (Subnet)] GET /myplex/account (7 live) #1364 GZIP Signed-in Token (oscaarp)
Mar 24, 2026 21:51:52.706 [281473221845216] DEBUG - Completed: [192.168.147.1:41803] 200 GET /myplex/account (7 live) #1364 GZIP 19ms 3379 bytes (pipelined: 1)
Mar 24, 2026 21:51:53.146 [281473115758816] DEBUG - Request: [192.168.147.1:59070 (Subnet)] GET /media/providers (8 live) #138c TLS GZIP Signed-in Token (oscaarp)
Mar 24, 2026 21:51:53.167 [281473221845216] DEBUG - Completed: [192.168.147.1:59070] 200 GET /media/providers (8 live) #138c TLS GZIP 21ms 4549 bytes (pipelined: 1)
Mar 24, 2026 21:52:01.285 [281473168896224] DEBUG - player xam579evnt45h5kjfj02yqja was last refreshed 124 seconds ago
Mar 24, 2026 21:52:01.285 [281473168896224] DEBUG - player xam579evnt45h5kjfj02yqja was not refreshed for over 30 seconds, dropping it.
Mar 24, 2026 21:52:01.286 [281473221845216] DEBUG - Completed: [192.168.147.1:43486] 204 GET /player/proxy/poll?deviceClass=pc&protocolVersion=2&protocolCapabilities=timeline%2Cplayback%2Cnavigation%2Cplayqueues%2Cprovider-playback&timeout=1 (8 live) #12e8 GZIP 19257ms 203 bytes (pipelined: 1)
Mar 24, 2026 21:52:01.386 [281473175224544] DEBUG - Request: [192.168.147.1:43486 (Subnet)] GET /player/proxy/poll?deviceClass=pc&protocolVersion=2&protocolCapabilities=timeline%2Cplayback%2Cnavigation%2Cplayqueues%2Cprovider-playback&timeout=1 (8 live) #13a7 GZIP Signed-in Token (oscaarp)
Mar 24, 2026 21:52:01.387 [281473175224544] DEBUG - [Req#13a7/CompanionProxy] registered new player: xam579evnt45h5kjfj02yqja (192.168.147.1)
Mar 24, 2026 21:52:01.455 [281473185923296] DEBUG - Request: [192.168.147.1:41803 (Subnet)] GET /:/timeline?ratingKey=1&key=%2Flibrary%2Fmetadata%2F1&playbackTime=0&playQueueItemID=1&state=paused&hasMDE=1&time=15000&duration=6739000 (8 live) #138d GZIP Signed-in Token (oscaarp)
Mar 24, 2026 21:52:01.459 [281473183813856] DEBUG - Request: [192.168.147.1:24191 (Subnet)] GET /video/:/transcode/universal/ping?session=8u64il5igz554kxo20fas27s (9 live) #138e GZIP Signed-in Token (oscaarp)
Mar 24, 2026 21:52:01.460 [281473183813856] DEBUG - [Req#138e/Transcode] [Now] Freshening session based on ping for vkjphyua8spggnvg82dvmqg3_Video
Mar 24, 2026 21:52:01.460 [281473183813856] DEBUG - [Req#138e/Transcode] Received transcode session ping for session 8u64il5igz554kxo20fas27s.
Mar 24, 2026 21:52:01.460 [281473219735776] DEBUG - Completed: [192.168.147.1:24191] 200 GET /video/:/transcode/universal/ping?session=8u64il5igz554kxo20fas27s (9 live) #138e GZIP 1ms 323 bytes (pipelined: 1)
Mar 24, 2026 21:52:01.461 [281473185923296] DEBUG - [Req#138d] Client [vkjphyua8spggnvg82dvmqg3] reporting timeline state paused, progress of 15000/6739000ms for guid=, playbackTime=0ms ratingKey=1 url=, key=/library/metadata/1, containerKey=, metadataId=1, source=
Mar 24, 2026 21:52:01.461 [281473185923296] DEBUG - [Req#138d] [Now] User is oscaarp (ID: 1)
Mar 24, 2026 21:52:01.461 [281473185923296] DEBUG - [Req#138d] [Now] Device is Safari (Safari).
Mar 24, 2026 21:52:01.461 [281473185923296] DEBUG - [Req#138d] [Now] Profile is Web
Mar 24, 2026 21:52:01.461 [281473185923296] DEBUG - [Req#138d] [Now] Updated play state for /library/metadata/1.
Mar 24, 2026 21:52:01.462 [281473185923296] DEBUG - [Req#138d] Statistics: (qjt50inxtzsqjpbem7hjo0tw) Reporting active playback in state 1 of type 1 (scrobble: 0) for account 1
Mar 24, 2026 21:52:01.465 [281473221845216] DEBUG - Completed: [192.168.147.1:41803] 200 GET /:/timeline?ratingKey=1&key=%2Flibrary%2Fmetadata%2F1&playbackTime=0&playQueueItemID=1&state=paused&hasMDE=1&time=15000&duration=6739000 (9 live) #138d GZIP 10ms 904 bytes (pipelined: 2)
Mar 24, 2026 21:52:01.983 [281473162526944] DEBUG - [EventSourceClient/pubsub/139.162.158.105:443] NAT: UPnP, didn't find usable IGD.
Mar 24, 2026 21:52:01.983 [281473162526944] DEBUG - [EventSourceClient/pubsub/139.162.158.105:443] PublicAddressManager: Mapping failed.
Mar 24, 2026 21:52:01.989 [281473162526944] DEBUG - [EventSourceClient/pubsub/139.162.158.105:443] MyPlex: mapping state set to 'Mapped - Not Published'.
Mar 24, 2026 21:52:01.990 [281473162526944] DEBUG - [EventSourceClient/pubsub/139.162.158.105:443] MyPlex: sendMapping resetting state - previous mapping state: 'Mapped - Not Published'.
Mar 24, 2026 21:52:01.990 [281473162526944] DEBUG - [EventSourceClient/pubsub/139.162.158.105:443] MyPlex: mapping state set to 'Unknown'.
Mar 24, 2026 21:52:01.993 [281473162526944] DEBUG - [EventSourceClient/pubsub/139.162.158.105:443] MyPlex: Sending Server Info to myPlex (user=oscaarpelagio@gmail.com, ip=79.117.226.16, port=0)
Mar 24, 2026 21:52:01.994 [281473162526944] DEBUG - [EventSourceClient/pubsub/139.162.158.105:443/HCl#47] HTTP requesting POST https://plex.tv/servers.xml?auth_token=xxxxxxxxxxxxxxxxxxxx
Mar 24, 2026 21:52:02.739 [281473193701600] DEBUG - [HttpClient/HCl#47] HTTP/1.1 (0.7s) 422 response from POST https://plex.tv/servers.xml?auth_token=xxxxxxxxxxxxxxxxxxxx
Mar 24, 2026 21:52:02.740 [281473162526944] DEBUG - [EventSourceClient/pubsub/139.162.158.105:443] MyPlex: Published Mapping State response was 422
Mar 24, 2026 21:52:02.740 [281473162526944] DEBUG - [EventSourceClient/pubsub/139.162.158.105:443] MyPlex: Got response for 0b7ef4be55a6ce2cbd71deb676303551923b4830 ~ registered :0
Mar 24, 2026 21:52:02.740 [281473162526944] DEBUG - [EventSourceClient/pubsub/139.162.158.105:443] MyPlex: updating mapped state - current state: 'Mapped - Not Published'
Mar 24, 2026 21:52:02.740 [281473162526944] DEBUG - [EventSourceClient/pubsub/139.162.158.105:443] MyPlex: mapping state set to 'Mapped - Publishing'.
Mar 24, 2026 21:52:02.740 [281473162526944] DEBUG - [EventSourceClient/pubsub/139.162.158.105:443] MyPlex: async reachability check - current mapped state: 'Mapped - Publishing'.
Mar 24, 2026 21:52:02.740 [281473162526944] DEBUG - [EventSourceClient/pubsub/139.162.158.105:443] MyPlex: Requesting reachability check.
Mar 24, 2026 21:52:02.740 [281473162526944] DEBUG - [EventSourceClient/pubsub/139.162.158.105:443/HCl#48] HTTP requesting PUT https://plex.tv/api/servers/0b7ef4be55a6ce2cbd71deb676303551923b4830/connectivity?X-Plex-Token=xxxxxxxxxxxxxxxxxxxx&asyncIdentifier=77a565a8-d1fe-491e-a296-67250bb61e77
Mar 24, 2026 21:52:02.916 [281473193701600] DEBUG - [HttpClient/HCl#48] HTTP/1.1 (0.2s) 200 response from PUT https://plex.tv/api/servers/0b7ef4be55a6ce2cbd71deb676303551923b4830/connectivity?X-Plex-Token=xxxxxxxxxxxxxxxxxxxx&asyncIdentifier=77a565a8-d1fe-491e-a296-67250bb61e77 (reused)
Mar 24, 2026 21:52:02.922 [281473162526944] DEBUG - [EventSourceClient/pubsub/139.162.158.105:443] MyPlex: Last published value didn't change, we're done.
Mar 24, 2026 21:52:02.991 [281473221845216] DEBUG - [EventSourceClient/pubsub/139.162.158.105:443] EventSource: Got event [data] '<Message address="" port="0" asyncIdentifier="77a565a8-d1fe-491e-a296-67250bb61e77" connectivity="0" command="notifyConnectivity"/>'
Mar 24, 2026 21:52:02.992 [281473221845216] DEBUG - [EventSourceClient/pubsub/139.162.158.105:443] PubSub: Got notified of reachability for async identifier 77a565a8-d1fe-491e-a296-67250bb61e77: 0 for :0 (responded in 74 ms)
Mar 24, 2026 21:52:02.992 [281473221845216] DEBUG - [EventSourceClient/pubsub/139.162.158.105:443] MyPlex: reachability check - current mapping state: 'Mapped - Publishing'.
Mar 24, 2026 21:52:02.992 [281473221845216] DEBUG - [EventSourceClient/pubsub/139.162.158.105:443] MyPlex: mapping state set to 'Mapped - Not Published (Not Reachable)'.
Mar 24, 2026 21:52:03.057 [281473183813856] DEBUG - Request: [192.168.147.1:24191 (Subnet)] GET /myplex/account (9 live) #13aa GZIP Signed-in Token (oscaarp)
Mar 24, 2026 21:52:03.058 [281473221845216] DEBUG - Completed: [192.168.147.1:24191] 200 GET /myplex/account (9 live) #13aa GZIP 1ms 3396 bytes (pipelined: 2)
Mar 24, 2026 21:52:08.377 [281473185923296] DEBUG - Request: [192.168.147.1:64777 (Subnet)] GET /media/providers (10 live) #13a9 TLS GZIP Signed-in Token (oscaarp)
Mar 24, 2026 21:52:08.382 [281473221845216] DEBUG - Completed: [192.168.147.1:64777] 200 GET /media/providers (10 live) #13a9 TLS GZIP 5ms 4456 bytes (pipelined: 1)
Mar 24, 2026 21:52:11.285 [281473168896224] DEBUG - player xam579evnt45h5kjfj02yqja was last refreshed 10 seconds ago
Mar 24, 2026 21:52:11.595 [281473183813856] DEBUG - Request: [192.168.147.1:41803 (Subnet)] GET /:/timeline?ratingKey=1&key=%2Flibrary%2Fmetadata%2F1&playbackTime=0&playQueueItemID=1&state=paused&hasMDE=1&time=15000&duration=6739000 (9 live) #13b1 GZIP Signed-in Token (oscaarp)
Mar 24, 2026 21:52:11.596 [281473183813856] DEBUG - [Req#13b1] Client [vkjphyua8spggnvg82dvmqg3] reporting timeline state paused, progress of 15000/6739000ms for guid=, playbackTime=0ms ratingKey=1 url=, key=/library/metadata/1, containerKey=, metadataId=1, source=
Mar 24, 2026 21:52:11.597 [281473183813856] DEBUG - [Req#13b1] [Now] User is oscaarp (ID: 1)
Mar 24, 2026 21:52:11.597 [281473183813856] DEBUG - [Req#13b1] [Now] Device is Safari (Safari).
Mar 24, 2026 21:52:11.597 [281473183813856] DEBUG - [Req#13b1] [Now] Profile is Web
Mar 24, 2026 21:52:11.597 [281473183813856] DEBUG - [Req#13b1] [Now] Updated play state for /library/metadata/1.
Mar 24, 2026 21:52:11.597 [281473183813856] DEBUG - [Req#13b1] Statistics: (qjt50inxtzsqjpbem7hjo0tw) Reporting active playback in state 1 of type 1 (scrobble: 0) for account 1
Mar 24, 2026 21:52:11.599 [281473221845216] DEBUG - Completed: [192.168.147.1:41803] 200 GET /:/timeline?ratingKey=1&key=%2Flibrary%2Fmetadata%2F1&playbackTime=0&playQueueItemID=1&state=paused&hasMDE=1&time=15000&duration=6739000 (9 live) #13b1 GZIP 4ms 904 bytes (pipelined: 3)
Mar 24, 2026 21:52:21.290 [281473117868256] DEBUG - player xam579evnt45h5kjfj02yqja was last refreshed 20 seconds ago
Mar 24, 2026 21:52:31.292 [281473168896224] DEBUG - player xam579evnt45h5kjfj02yqja was last refreshed 30 seconds ago
Mar 24, 2026 21:52:32.435 [281473183813856] DEBUG - Request: [192.168.147.1:36776 (Subnet)] GET /player/proxy/poll?deviceClass=pc&protocolVersion=2&protocolCapabilities=timeline%2Cplayback%2Cnavigation%2Cplayqueues%2Cprovider-playback&timeout=1 (7 live) #13f0 GZIP Signed-in Token (oscaarp)
Mar 24, 2026 21:52:32.436 [281473221845216] DEBUG - Completed: [192.168.147.1:43486] 204 GET /player/proxy/poll?deviceClass=pc&protocolVersion=2&protocolCapabilities=timeline%2Cplayback%2Cnavigation%2Cplayqueues%2Cprovider-playback&timeout=1 (7 live) #13a7 GZIP 31050ms 203 bytes (pipelined: 2)
Mar 24, 2026 21:52:33.407 [281473175224544] DEBUG - [Req#1444/Transcode/8u64il5igz554kxo20fas27s/a1741535-7d37-4f3c-b4ed-31e52f32092e] Transcoder segment range: 0 - 38 (38)
Mar 24, 2026 21:52:41.298 [281473151979744] DEBUG - player xam579evnt45h5kjfj02yqja was last refreshed 9 seconds ago
Mar 24, 2026 21:52:51.303 [281473117868256] DEBUG - player xam579evnt45h5kjfj02yqja was last refreshed 19 seconds ago
Mar 24, 2026 21:53:01.308 [281473151979744] DEBUG - player xam579evnt45h5kjfj02yqja was last refreshed 29 seconds ago
Mar 24, 2026 21:53:03.412 [281473185923296] DEBUG - Request: [192.168.147.1:45487 (Subnet)] GET /player/proxy/poll?deviceClass=pc&protocolVersion=2&protocolCapabilities=timeline%2Cplayback%2Cnavigation%2Cplayqueues%2Cprovider-playback&timeout=1 (7 live) #144f GZIP Signed-in Token (oscaarp)
Mar 24, 2026 21:53:03.421 [281473221845216] DEBUG - Completed: [192.168.147.1:36776] 204 GET /player/proxy/poll?deviceClass=pc&protocolVersion=2&protocolCapabilities=timeline%2Cplayback%2Cnavigation%2Cplayqueues%2Cprovider-playback&timeout=1 (7 live) #13f0 GZIP 30986ms 203 bytes (pipelined: 1)
Mar 24, 2026 21:53:11.309 [281473151979744] DEBUG - player xam579evnt45h5kjfj02yqja was last refreshed 8 seconds ago
Mar 24, 2026 21:53:14.305 [281473185923296] DEBUG - [Req#14a8/Transcode/8u64il5igz554kxo20fas27s/a1741535-7d37-4f3c-b4ed-31e52f32092e] Transcoder segment range: 0 - 39 (39)
Mar 24, 2026 21:53:19.684 [281473183813856] DEBUG - Request: [192.168.147.1:34945 (Subnet)] GET /library/metadata/1?includeUserState=1 (7 live) #14cc GZIP Signed-in Token (oscaarp)
Mar 24, 2026 21:53:19.740 [281473183813856] DEBUG - We're going to try to auto-select an audio stream for account 1.
Mar 24, 2026 21:53:19.740 [281473183813856] DEBUG - Selecting best audio stream for part ID 1 (language: )
Mar 24, 2026 21:53:19.740 [281473183813856] DEBUG - We're going to try to auto-select a subtitle for account 1.
Mar 24, 2026 21:53:19.740 [281473183813856] DEBUG - Audio Stream: 2, Subtitle Stream: -1
Mar 24, 2026 21:53:19.784 [281473219735776] DEBUG - Completed: [192.168.147.1:34945] 200 GET /library/metadata/1?includeUserState=1 (7 live) #14cc GZIP 100ms 4520 bytes (pipelined: 1)
Mar 24, 2026 21:53:19.840 [281473185923296] DEBUG - Request: [192.168.147.1:34945 (Subnet)] GET /library/metadata/1?excludeElements=Actor%2CCollection%2CCountry%2CLabel%2CMood%2CPart%2CProducer%2CSimilar%2CPhoto%2CVast%2CTopic&excludeFields=file%2Ctagline&includeDetails=1&includeUserState=0 (7 live) #14e0 Page 0-9 GZIP Signed-in Token (oscaarp)
Mar 24, 2026 21:53:19.842 [281473185923296] DEBUG - [Req#14e0] Setting container serialization range to [0, 9] (total=-1)
Mar 24, 2026 21:53:19.842 [281473219735776] DEBUG - Completed: [192.168.147.1:34945] 200 GET /library/metadata/1?excludeElements=Actor%2CCollection%2CCountry%2CLabel%2CMood%2CPart%2CProducer%2CSimilar%2CPhoto%2CVast%2CTopic&excludeFields=file%2Ctagline&includeDetails=1&includeUserState=0 (7 live) #14e0 GZIP Page 0-9 2ms 3868 bytes (pipelined: 2)
Mar 24, 2026 21:53:21.310 [281473151979744] DEBUG - player xam579evnt45h5kjfj02yqja was last refreshed 18 seconds ago
Mar 24, 2026 21:53:31.313 [281473162526944] DEBUG - player xam579evnt45h5kjfj02yqja was last refreshed 28 seconds ago
Mar 24, 2026 21:53:32.594 [281473149243616] DEBUG - Putting plug-in com.plexapp.agents.imdb to sleep.
Mar 24, 2026 21:53:32.601 [281473149243616] DEBUG - Stopping [com.plexapp.agents.imdb].
Mar 24, 2026 21:53:32.601 [281473149243616] DEBUG - [com.plexapp.agents.imdb] Killing.
Mar 24, 2026 21:53:32.611 [281473232089312] WARN - JobManager: Could not find job for handle 293
Mar 24, 2026 21:53:34.443 [281473175224544] DEBUG - Request: [192.168.147.1:34945 (Subnet)] GET /player/proxy/poll?deviceClass=pc&protocolVersion=2&protocolCapabilities=timeline%2Cplayback%2Cnavigation%2Cplayqueues%2Cprovider-playback&timeout=1 (7 live) #14e1 GZIP Signed-in Token (oscaarp)
Mar 24, 2026 21:53:34.444 [281473219735776] DEBUG - Completed: [192.168.147.1:45487] 204 GET /player/proxy/poll?deviceClass=pc&protocolVersion=2&protocolCapabilities=timeline%2Cplayback%2Cnavigation%2Cplayqueues%2Cprovider-playback&timeout=1 (7 live) #144f GZIP 31032ms 203 bytes (pipelined: 1)
Mar 24, 2026 21:53:41.318 [281473151979744] DEBUG - player xam579evnt45h5kjfj02yqja was last refreshed 7 seconds ago
Mar 24, 2026 21:53:42.619 [281473149243616] DEBUG - Stopping file watcher for com.plexapp.agents.imdb
Mar 24, 2026 21:53:51.323 [281473151979744] DEBUG - player xam579evnt45h5kjfj02yqja was last refreshed 17 seconds ago
Mar 24, 2026 21:53:55.238 [281473175224544] DEBUG - [Req#14df/Transcode/8u64il5igz554kxo20fas27s/a1741535-7d37-4f3c-b4ed-31e52f32092e] Transcoder segment range: 0 - 40 (40)
Mar 24, 2026 21:54:01.323 [281473117868256] DEBUG - player xam579evnt45h5kjfj02yqja was last refreshed 27 seconds ago
Mar 24, 2026 21:54:11.328 [281473162526944] DEBUG - player xam579evnt45h5kjfj02yqja was last refreshed 37 seconds ago
Mar 24, 2026 21:54:11.328 [281473162526944] DEBUG - player xam579evnt45h5kjfj02yqja was not refreshed for over 30 seconds, dropping it.
Mar 24, 2026 21:54:11.329 [281473219735776] DEBUG - Completed: [192.168.147.1:34945] 204 GET /player/proxy/poll?deviceClass=pc&protocolVersion=2&protocolCapabilities=timeline%2Cplayback%2Cnavigation%2Cplayqueues%2Cprovider-playback&timeout=1 (6 live) #14e1 GZIP 36886ms 203 bytes (pipelined: 3)
Mar 24, 2026 21:54:18.759 [281473221845216] DEBUG - handleStreamRead code 2: End of file
Mar 24, 2026 21:54:18.759 [281473221845216] DEBUG - NotificationStream: Removing because of error
Mar 24, 2026 21:54:18.769 [281473221845216] DEBUG - Completed after connection close: [192.168.147.1:24172] -3 GET /:/websockets/notifications (6 live) #d7e GZIP 473044ms 72774 bytes
Mar 24, 2026 21:54:28.290 [281473219735776] DEBUG - handleStreamRead code 2: End of file
Mar 24, 2026 21:54:28.291 [281473219735776] DEBUG - NotificationStream: Removing because of error
Mar 24, 2026 21:54:28.291 [281473219735776] DEBUG - Completed after connection close: [192.168.147.1:16502] -3 GET /:/websockets/notifications (5 live) #d84 GZIP 480070ms 74160 bytes
Mar 24, 2026 21:54:37.304 [281473175224544] DEBUG - [Req#1552/Transcode/8u64il5igz554kxo20fas27s/a1741535-7d37-4f3c-b4ed-31e52f32092e] Transcoder segment range: 0 - 41 (41)
Mar 24, 2026 21:55:12.719 [281473177452768] DEBUG - Shutting down idle session 8u64il5igz554kxo20fas27s (idle time is 180 seconds)
Mar 24, 2026 21:55:12.728 [281473177452768] DEBUG - Killing job.
Mar 24, 2026 21:55:12.728 [281473177452768] DEBUG - Signalling job ID 410 with 9
Mar 24, 2026 21:55:12.729 [281473177452768] DEBUG - Job was already killed, not killing again.
Mar 24, 2026 21:55:12.729 [281473177452768] DEBUG - Stopping transcode session 8u64il5igz554kxo20fas27s
Mar 24, 2026 21:55:12.733 [281473117868256] DEBUG - Cleaning directory for session 8u64il5igz554kxo20fas27s (/config/Library/Application Support/Plex Media Server/Cache/Transcode/Sessions/plex-transcode-8u64il5igz554kxo20fas27s-a1741535-7d37-4f3c-b4ed-31e52f32092e)
Mar 24, 2026 21:55:12.735 [281473232089312] DEBUG - Jobs: '/usr/lib/plexmediaserver/Plex Transcoder' exit code for process 410 is -9 (signal: Killed)
Mar 24, 2026 21:55:12.764 [281473177452768] DEBUG - Transcoder: Cleaning old transcode directories.
Mar 24, 2026 21:55:12.767 [281473177452768] DEBUG - Whacked session 8u64il5igz554kxo20fas27s, 0 remaining.
Mar 24, 2026 21:55:12.767 [281473177452768] DEBUG - Killed 1 idle sessions out of a total of 1.
Mar 24, 2026 21:55:15.036 [281473168896224] DEBUG - [Req#dca/Transcode] Streaming Resource: Timing out session 0xffff92ec4f78:vkjphyua8spggnvg82dvmqg3
Mar 24, 2026 21:55:15.037 [281473117868256] DEBUG - [Req#dca/Transcode] Job was already killed, not killing again.
Mar 24, 2026 21:55:15.037 [281473117868256] DEBUG - [Req#dca/Transcode] Job was already killed, not killing again.
Mar 24, 2026 21:55:15.038 [281473117868256] DEBUG - [Req#dca/Transcode] Transcoder: Cleaning old transcode directories.
Mar 24, 2026 21:55:15.041 [281473117868256] DEBUG - [Req#dca/Transcode] Whacked session 8u64il5igz554kxo20fas27s, 0 remaining.
Mar 24, 2026 21:55:15.049 [281473168896224] DEBUG - [Req#dca/Transcode] Streaming Resource: Terminated session 0xffff92ec4f78:vkjphyua8spggnvg82dvmqg3 with reason Client stopped playback.
Mar 24, 2026 21:55:15.049 [281473168896224] DEBUG - [Req#dca/Transcode] Streaming Resource: Removing session 0xffff92ec4f78:vkjphyua8spggnvg82dvmqg3
Mar 24, 2026 21:55:41.047 [281473162526944] DEBUG - [Now] Removing idle session for device vkjphyua8spggnvg82dvmqg3_Video.
Mar 24, 2026 21:55:41.047 [281473162526944] DEBUG - Statistics: (qjt50inxtzsqjpbem7hjo0tw) Reporting active playback in state 3 of type 1 (scrobble: 0) for account 1
Mar 24, 2026 21:55:41.053 [281473162526944] DEBUG - Cleaning directory for session 8u64il5igz554kxo20fas27s (/config/Library/Application Support/Plex Media Server/Cache/Transcode/Sessions/plex-transcode-8u64il5igz554kxo20fas27s-a1741535-7d37-4f3c-b4ed-31e52f32092e)
Mar 24, 2026 21:55:41.054 [281473162526944] DEBUG - Deleting stale file "/run/plex-temp/pms-fc53ad29-caaf-4dcc-9343-1bee7a4f9643/EasyAudioEncoder/Convert to WAV (to 8ch or less)/8u64il5igz554kxo20fas27s_410-0-353.ec3"
Mar 24, 2026 21:55:41.054 [281473162526944] DEBUG - Deleting stale file "/run/plex-temp/pms-fc53ad29-caaf-4dcc-9343-1bee7a4f9643/EasyAudioEncoder/Convert to WAV (to 8ch or less)/8u64il5igz554kxo20fas27s_410-0-353.wav"
Mar 24, 2026 21:55:46.266 [281473183813856] DEBUG - Request: [192.168.147.1:46098 (Subnet)] GET /status/sessions (3 live) #15d1 GZIP Signed-in Token (oscaarp)
Mar 24, 2026 21:55:46.298 [281473183813856] DEBUG - [Req#15d1] [Now] Adding 0 sessions.
Mar 24, 2026 21:55:46.328 [281473219735776] DEBUG - Completed: [192.168.147.1:46098] 200 GET /status/sessions (3 live) #15d1 GZIP 62ms 478 bytes (pipelined: 1)
Mar 24, 2026 21:55:51.964 [281473183813856] DEBUG - Request: [192.168.147.1:46098 (Subnet)] GET /:/timeline?ratingKey=1&key=%2Flibrary%2Fmetadata%2F1&playbackTime=0&playQueueItemID=1&state=paused&hasMDE=1&time=15000&duration=6739000 (3 live) #162e GZIP Signed-in Token (oscaarp)
Mar 24, 2026 21:55:51.985 [281473183813856] DEBUG - [Req#162e] Client [vkjphyua8spggnvg82dvmqg3] reporting timeline state paused, progress of 15000/6739000ms for guid=, playbackTime=0ms ratingKey=1 url=, key=/library/metadata/1, containerKey=, metadataId=1, source=
Mar 24, 2026 21:55:52.005 [281473183813856] DEBUG - [Req#162e] We're going to try to auto-select an audio stream for account 1.
Mar 24, 2026 21:55:52.006 [281473183813856] DEBUG - [Req#162e] Selecting best audio stream for part ID 1 (language: )
Mar 24, 2026 21:55:52.006 [281473183813856] DEBUG - [Req#162e] We're going to try to auto-select a subtitle for account 1.
Mar 24, 2026 21:55:52.006 [281473183813856] DEBUG - [Req#162e] Audio Stream: 2, Subtitle Stream: -1
Mar 24, 2026 21:55:52.025 [281473183813856] DEBUG - [Req#162e] [Now] User is oscaarp (ID: 1)
Mar 24, 2026 21:55:52.029 [281473183813856] DEBUG - [Req#162e] [Now] Device is Safari (Safari).
Mar 24, 2026 21:55:52.030 [281473183813856] DEBUG - [Req#162e] [Now] Profile is Web
Mar 24, 2026 21:55:52.030 [281473183813856] DEBUG - [Req#162e] [Now] Updated play state for /library/metadata/1.
Mar 24, 2026 21:55:52.030 [281473183813856] DEBUG - [Req#162e] Statistics: (qjt50inxtzsqjpbem7hjo0tw) Reporting active playback in state 1 of type 1 (scrobble: 0) for account 1
Mar 24, 2026 21:55:52.031 [281473219735776] DEBUG - Completed: [192.168.147.1:46098] 200 GET /:/timeline?ratingKey=1&key=%2Flibrary%2Fmetadata%2F1&playbackTime=0&playQueueItemID=1&state=paused&hasMDE=1&time=15000&duration=6739000 (3 live) #162e GZIP 66ms 536 bytes (pipelined: 2)
Mar 24, 2026 21:55:52.098 [281473183813856] DEBUG - Request: [192.168.147.1:46098 (Subnet)] GET /status/sessions (3 live) #1633 GZIP Signed-in Token (oscaarp)
Mar 24, 2026 21:55:52.098 [281473183813856] DEBUG - [Req#1633] [Now] Adding 1 sessions.
Mar 24, 2026 21:55:52.098 [281473219735776] DEBUG - Completed: [192.168.147.1:46098] 200 GET /status/sessions (3 live) #1633 GZIP 0ms 478 bytes (pipelined: 3)
Mar 24, 2026 21:56:25.366 [281473183813856] DEBUG - [Req#162d] [PlexRelay] Transferred: sent 5132, received 4188 bytes, in 342.4 seconds
Mar 24, 2026 21:56:25.368 [281473183813856] DEBUG - [Req#1636] [PlexRelay] Bytes per second: sent 15.0, received 12.2
Mar 24, 2026 21:56:25.371 [281473232089312] DEBUG - Jobs: '/usr/lib/plexmediaserver/Plex Relay' exit code for process 462 is 255 (failure)
Mar 24, 2026 21:56:32.263 [281473183813856] DEBUG - Request: [192.168.147.1:26862 (Subnet)] GET /:/timeline?ratingKey=1&key=%2Flibrary%2Fmetadata%2F1&playbackTime=0&playQueueItemID=1&state=paused&hasMDE=1&time=15000&duration=6739000 (4 live) #1638 GZIP Signed-in Token (oscaarp)
Mar 24, 2026 21:56:32.264 [281473185923296] DEBUG - Request: [192.168.147.1:33896 (Subnet)] GET /video/:/transcode/universal/ping?session=8u64il5igz554kxo20fas27s (4 live) #163c GZIP Signed-in Token (oscaarp)
Mar 24, 2026 21:56:32.267 [281473183813856] DEBUG - [Req#1638] Client [vkjphyua8spggnvg82dvmqg3] reporting timeline state paused, progress of 15000/6739000ms for guid=, playbackTime=0ms ratingKey=1 url=, key=/library/metadata/1, containerKey=, metadataId=1, source=
Mar 24, 2026 21:56:32.270 [281473185923296] WARN - [Req#163c/Transcode] Got a transcode session ping without a valid session ID.
Mar 24, 2026 21:56:32.271 [281473183813856] DEBUG - [Req#1638] [Now] User is oscaarp (ID: 1)
Mar 24, 2026 21:56:32.272 [281473219735776] DEBUG - Completed: [192.168.147.1:33896] 404 GET /video/:/transcode/universal/ping?session=8u64il5igz554kxo20fas27s (4 live) #163c GZIP 8ms 507 bytes (pipelined: 1)
Mar 24, 2026 21:56:32.273 [281473183813856] DEBUG - [Req#1638] [Now] Device is Safari (Safari).
Mar 24, 2026 21:56:32.275 [281473183813856] DEBUG - [Req#1638] [Now] Profile is Web
Mar 24, 2026 21:56:32.275 [281473183813856] DEBUG - [Req#1638] [Now] Updated play state for /library/metadata/1.
Mar 24, 2026 21:56:32.276 [281473183813856] DEBUG - [Req#1638] Statistics: (qjt50inxtzsqjpbem7hjo0tw) Reporting active playback in state 1 of type 1 (scrobble: 0) for account 1
Mar 24, 2026 21:56:32.278 [281473219735776] DEBUG - Completed: [192.168.147.1:26862] 200 GET /:/timeline?ratingKey=1&key=%2Flibrary%2Fmetadata%2F1&playbackTime=0&playQueueItemID=1&state=paused&hasMDE=1&time=15000&duration=6739000 (4 live) #1638 GZIP 15ms 536 bytes (pipelined: 1)
Mar 24, 2026 21:56:32.346 [281473185923296] DEBUG - Request: [192.168.147.1:33896 (Subnet)] GET /status/sessions (4 live) #163e GZIP Signed-in Token (oscaarp)
Mar 24, 2026 21:56:32.346 [281473185923296] DEBUG - [Req#163e] [Now] Adding 1 sessions.
Mar 24, 2026 21:56:32.347 [281473219735776] DEBUG - Completed: [192.168.147.1:33896] 200 GET /status/sessions (4 live) #163e GZIP 0ms 478 bytes (pipelined: 2)
Mar 24, 2026 21:56:32.778 [281473183813856] DEBUG - Request: [192.168.147.1:26862 (Subnet)] GET /video/:/transcode/universal/decision?hasMDE=1&path=%2Flibrary%2Fmetadata%2F1&mediaIndex=0&partIndex=0&protocol=dash&fastSeek=1&directPlay=0&directStream=1&subtitleSize=100&audioBoost=100&location=lan&addDebugOverlay=0&autoAdjustQuality=0&directStreamAudio=0&mediaBufferSize=102400&session=vo56gwtsvkqvv73n7dyubxc5&subtitles=burn&Accept-Language=es (4 live) #1641 GZIP Signed-in Token (oscaarp)
Mar 24, 2026 21:56:32.778 [281473183813856] DEBUG - [Req#1641/Transcode] Found session GUID of vo56gwtsvkqvv73n7dyubxc5 in session start.
Mar 24, 2026 21:56:32.792 [281473183813856] DEBUG - [Req#1641/Transcode] TranscodeUniversalRequest: adapting profile with augmentation data: add-limitation(scope=videoCodec&scopeName=*&type=upperBound&name=video.frameRate&value=60&replace=true)+append-transcode-target-codec(type=videoProfile&context=streaming&videoCodec=h264%2Chevc&audioCodec=aac&protocol=dash)
Mar 24, 2026 21:56:32.793 [281473183813856] DEBUG - [Req#1641/Transcode] TranscodeUniversalRequest: using augmented profile Web
Mar 24, 2026 21:56:32.794 [281473183813856] DEBUG - [Req#1641/Transcode] Downloading document http://127.0.0.1:32400/library/metadata/1?includeBandwidths=1&offset=-1&X-Plex-Incomplete-Segments=1&X-Plex-Session-Identifier=vkjphyua8spggnvg82dvmqg3
Mar 24, 2026 21:56:32.802 [281473183813856] DEBUG - [Req#1641/Transcode] We're going to try to auto-select an audio stream for account 1.
Mar 24, 2026 21:56:32.802 [281473183813856] DEBUG - [Req#1641/Transcode] Selecting best audio stream for part ID 1 (language: )
Mar 24, 2026 21:56:32.802 [281473183813856] DEBUG - [Req#1641/Transcode] We're going to try to auto-select a subtitle for account 1.
Mar 24, 2026 21:56:32.802 [281473183813856] DEBUG - [Req#1641/Transcode] Audio Stream: 2, Subtitle Stream: -1
Mar 24, 2026 21:56:32.812 [281473183813856] DEBUG - [Req#1641/Transcode] MDE: Selected protocol dash; container: mp4
Mar 24, 2026 21:56:32.812 [281473183813856] DEBUG - [Req#1641/Transcode] MDE: analyzing media item 1
Mar 24, 2026 21:56:32.812 [281473183813856] DEBUG - [Req#1641/Transcode] MDE: Los domingos (2025): Direct Play is disabled
Mar 24, 2026 21:56:32.812 [281473183813856] DEBUG - [Req#1641/Transcode] MDE: Los domingos (2025): media must be transcoded in order to use the dash protocol
Mar 24, 2026 21:56:32.812 [281473183813856] DEBUG - [Req#1641/Transcode] MDE: Los domingos (2025): no direct play video profile exists for http/mkv/h264
Mar 24, 2026 21:56:32.812 [281473183813856] DEBUG - [Req#1641/Transcode] MDE: Los domingos (2025): no direct play video profile exists for http/mkv/h264/eac3
Mar 24, 2026 21:56:32.812 [281473183813856] DEBUG - [Req#1641/Transcode] MDE: Los domingos (2025): no direct play video profile exists for http/mkv/h264/ac3
Mar 24, 2026 21:56:32.812 [281473183813856] DEBUG - [Req#1641/Transcode] MDE: Los domingos (2025): Audio Direct Streaming is disabled, so video's audio stream will be transcoded
Mar 24, 2026 21:56:32.814 [281473183813856] DEBUG - [Req#1641/Transcode] MDE: Cannot direct stream audio stream due to profile or setting limitations
Mar 24, 2026 21:56:32.814 [281473183813856] DEBUG - [Req#1641/Transcode] MDE: Los domingos (2025): selected media 0 / 1
Mar 24, 2026 21:56:32.816 [281473183813856] DEBUG - [Req#1641/Transcode] Streaming Resource: Added session 0xffff95bb4038:vkjphyua8spggnvg82dvmqg3
Mar 24, 2026 21:56:32.816 [281473183813856] DEBUG - [Req#1641/Transcode] Streaming Resource: Reached Decision id=1 codes=(General=1001,Direct play not available; Conversion OK. Direct Play=3000,App cannot direct play this item. Direct play is disabled. Transcode=1001,Direct play not available; Conversion OK.) media=(id=1 part=(id=1 decision=transcode container=mp4 protocol=dash streams=(Video=(id=1 decision=copy width=1920 height=1080) Audio=(id=2 decision=transcode bitrate=256 encoder=aac channels=2 rate=48000))))
Mar 24, 2026 21:56:32.817 [281473221845216] DEBUG - Completed: [192.168.147.1:26862] 200 GET /video/:/transcode/universal/decision?hasMDE=1&path=%2Flibrary%2Fmetadata%2F1&mediaIndex=0&partIndex=0&protocol=dash&fastSeek=1&directPlay=0&directStream=1&subtitleSize=100&audioBoost=100&location=lan&addDebugOverlay=0&autoAdjustQuality=0&directStreamAudio=0&mediaBufferSize=102400&session=vo56gwtsvkqvv73n7dyubxc5&subtitles=burn&Accept-Language=es (4 live) #1641 GZIP 39ms 4669 bytes (pipelined: 2)
Mar 24, 2026 21:56:33.021 [281473185923296] DEBUG - Request: [192.168.147.1:33896 (Subnet)] GET /video/:/transcode/universal/start.mpd?hasMDE=1&path=%2Flibrary%2Fmetadata%2F1&mediaIndex=0&partIndex=0&protocol=dash&fastSeek=1&directPlay=0&directStream=1&subtitleSize=100&audioBoost=100&location=lan&addDebugOverlay=0&autoAdjustQuality=0&directStreamAudio=0&mediaBufferSize=102400&session=vo56gwtsvkqvv73n7dyubxc5&subtitles=burn&Accept-Language=es (4 live) #1642 GZIP Signed-in Token (oscaarp)
Mar 24, 2026 21:56:33.021 [281473185923296] DEBUG - [Req#1642/Transcode] Found session GUID of vo56gwtsvkqvv73n7dyubxc5 in session start.
Mar 24, 2026 21:56:33.024 [281473185923296] DEBUG - [Req#1642/Transcode] TranscodeUniversalRequest: adapting profile with augmentation data: add-limitation(scope=videoCodec&scopeName=*&type=upperBound&name=video.frameRate&value=60&replace=true)+append-transcode-target-codec(type=videoProfile&context=streaming&videoCodec=h264%2Chevc&audioCodec=aac&protocol=dash)
Mar 24, 2026 21:56:33.024 [281473185923296] DEBUG - [Req#1642/Transcode] TranscodeUniversalRequest: using augmented profile Web
Mar 24, 2026 21:56:33.024 [281473185923296] DEBUG - [Req#1642/Transcode] Downloading document http://127.0.0.1:32400/library/metadata/1?checkFiles=1&includeBandwidths=1&offset=-1&X-Plex-Incomplete-Segments=1&X-Plex-Session-Identifier=vkjphyua8spggnvg82dvmqg3
Mar 24, 2026 21:56:33.032 [281473185923296] DEBUG - [Req#1642/Transcode] We're going to try to auto-select an audio stream for account 1.
Mar 24, 2026 21:56:33.032 [281473185923296] DEBUG - [Req#1642/Transcode] Selecting best audio stream for part ID 1 (language: )
Mar 24, 2026 21:56:33.032 [281473185923296] DEBUG - [Req#1642/Transcode] We're going to try to auto-select a subtitle for account 1.
Mar 24, 2026 21:56:33.032 [281473185923296] DEBUG - [Req#1642/Transcode] Audio Stream: 2, Subtitle Stream: -1
Mar 24, 2026 21:56:33.034 [281473185923296] DEBUG - [Req#1642/Transcode] Found session GUID of vo56gwtsvkqvv73n7dyubxc5 in session start.
Mar 24, 2026 21:56:33.034 [281473185923296] DEBUG - [Req#1642/Transcode] Cleaning directory for session vo56gwtsvkqvv73n7dyubxc5 ()
Mar 24, 2026 21:56:33.035 [281473185923296] DEBUG - [Req#1642/Transcode] Starting a transcode session vo56gwtsvkqvv73n7dyubxc5 at offset -1.0 (state=3)
Mar 24, 2026 21:56:33.037 [281473185923296] DEBUG - [Req#1642/Transcode] [Universal] Using local file path instead of URL: /movies/Los domingos (2025).mkv
Mar 24, 2026 21:56:33.038 [281473185923296] DEBUG - [Req#1642/Transcode/JobRunner] Job running: EAE_ROOT=/run/plex-temp/pms-fc53ad29-caaf-4dcc-9343-1bee7a4f9643/EasyAudioEncoder FFMPEG_EXTERNAL_LIBS='/config/Library/Application\ Support/Plex\ Media\ Server/Codecs/74455c4-a119aa85fdef32b7dbfbf8a2-linux-aarch64/' X_PLEX_TOKEN=xxxxxxxxxxxxxxxxxxxxxxxxxxxxxxxxxxxxxxxxxx "/usr/lib/plexmediaserver/Plex Transcoder" -codec:0 h264 -codec:1 eac3_eae -eae_prefix:1 vo56gwtsvkqvv73n7dyubxc5_ -ss 0 -noaccurate_seek -analyzeduration 20000000 -probesize 20000000 -i "/movies/Los domingos (2025).mkv" -start_at_zero -copyts -fps_mode cfr -y -nostats -loglevel quiet -loglevel_plex error -progressurl http://127.0.0.1:32400/video/:/transcode/session/vo56gwtsvkqvv73n7dyubxc5/a8ddcddb-5d13-482d-92f1-249500225b37/progress -map 0:0 -metadata:s:0 language=spa -codec:0 copy -filter_complex "[0:1] aresample=async=1:ochl='stereo':rematrix_maxval=0.000000dB:osr=48000[0]" -map "[0]" -metadata:s:1 language=spa -codec:1 aac -b:1 256k -f dash -seg_duration 5 -dash_segment_type mp4 -init_seg_name 'init-stream$RepresentationID$.m4s' -media_seg_name 'chunk-stream$RepresentationID$-$Number%05d$.m4s' -window_size 5 -delete_removed false -skip_to_segment 1 -manifest_name "http://127.0.0.1:32400/video/:/transcode/session/vo56gwtsvkqvv73n7dyubxc5/a8ddcddb-5d13-482d-92f1-249500225b37/manifest?X-Plex-Http-Pipeline=infinite" -avoid_negative_ts disabled -map_metadata -1 -map_chapters -1 dash
Mar 24, 2026 21:56:33.038 [281473185923296] DEBUG - [Req#1642/Transcode/JobRunner] In directory: "/config/Library/Application Support/Plex Media Server/Cache/Transcode/Sessions/plex-transcode-vo56gwtsvkqvv73n7dyubxc5-a8ddcddb-5d13-482d-92f1-249500225b37"
Mar 24, 2026 21:56:33.042 [281473185923296] DEBUG - [Req#1642/Transcode/JobRunner] Jobs: Starting child process with pid 475
Mar 24, 2026 21:56:33.116 [281473183813856] DEBUG - Request: [127.0.0.1:54994 (Loopback)] PUT /video/:/transcode/session/vo56gwtsvkqvv73n7dyubxc5/a8ddcddb-5d13-482d-92f1-249500225b37/progress/stream?index=0&id=0&codec=h264&type=video (5 live) #163d Signed-in Token (oscaarp) (range: bytes=0-) 
Mar 24, 2026 21:56:33.117 [281473219735776] DEBUG - Completed: [127.0.0.1:54994] 200 PUT /video/:/transcode/session/vo56gwtsvkqvv73n7dyubxc5/a8ddcddb-5d13-482d-92f1-249500225b37/progress/stream?index=0&id=0&codec=h264&type=video (5 live) #163d 0ms 195 bytes (pipelined: 1) (range: bytes=0-) 
Mar 24, 2026 21:56:33.117 [281473183813856] DEBUG - Request: [127.0.0.1:54994 (Loopback)] PUT /video/:/transcode/session/vo56gwtsvkqvv73n7dyubxc5/a8ddcddb-5d13-482d-92f1-249500225b37/progress/stream?index=1&id=0&codec=eac3&type=audio (5 live) #1649 Signed-in Token (oscaarp) (range: bytes=0-) 
Mar 24, 2026 21:56:33.117 [281473219735776] DEBUG - Completed: [127.0.0.1:54994] 200 PUT /video/:/transcode/session/vo56gwtsvkqvv73n7dyubxc5/a8ddcddb-5d13-482d-92f1-249500225b37/progress/stream?index=1&id=0&codec=eac3&type=audio (5 live) #1649 0ms 195 bytes (pipelined: 2) (range: bytes=0-) 
Mar 24, 2026 21:56:33.117 [281473183813856] DEBUG - Request: [127.0.0.1:54994 (Loopback)] PUT /video/:/transcode/session/vo56gwtsvkqvv73n7dyubxc5/a8ddcddb-5d13-482d-92f1-249500225b37/progress/stream?index=2&id=0&codec=ac3&type=audio (5 live) #164a Signed-in Token (oscaarp) (range: bytes=0-) 
Mar 24, 2026 21:56:33.120 [281473221845216] DEBUG - Completed: [127.0.0.1:54994] 200 PUT /video/:/transcode/session/vo56gwtsvkqvv73n7dyubxc5/a8ddcddb-5d13-482d-92f1-249500225b37/progress/stream?index=2&id=0&codec=ac3&type=audio (5 live) #164a 3ms 195 bytes (pipelined: 3) (range: bytes=0-) 
Mar 24, 2026 21:56:33.133 [281473183813856] DEBUG - Request: [127.0.0.1:54994 (Loopback)] PUT /video/:/transcode/session/vo56gwtsvkqvv73n7dyubxc5/a8ddcddb-5d13-482d-92f1-249500225b37/progress/streamDetail?index=0&id=0&codec=h264&type=video&profile=Main&language=spa&width=1920&height=1080&interlaced=0&level=42&frameRate=50.000&disp_default=1 (5 live) #164b Signed-in Token (oscaarp) (range: bytes=0-) 
Mar 24, 2026 21:56:33.133 [281473221845216] DEBUG - Completed: [127.0.0.1:54994] 200 PUT /video/:/transcode/session/vo56gwtsvkqvv73n7dyubxc5/a8ddcddb-5d13-482d-92f1-249500225b37/progress/streamDetail?index=0&id=0&codec=h264&type=video&profile=Main&language=spa&width=1920&height=1080&interlaced=0&level=42&frameRate=50.000&disp_default=1 (5 live) #164b 0ms 195 bytes (pipelined: 4) (range: bytes=0-) 
Mar 24, 2026 21:56:33.133 [281473175224544] DEBUG - Request: [127.0.0.1:54994 (Loopback)] PUT /video/:/transcode/session/vo56gwtsvkqvv73n7dyubxc5/a8ddcddb-5d13-482d-92f1-249500225b37/progress/streamDetail?index=1&id=0&codec=eac3&type=audio&bitrate=576000&language=spa&channels=6&layout=5.1%28side%29&sampleRate=48000 (5 live) #164c Signed-in Token (oscaarp) (range: bytes=0-) 
Mar 24, 2026 21:56:33.133 [281473221845216] DEBUG - Completed: [127.0.0.1:54994] 200 PUT /video/:/transcode/session/vo56gwtsvkqvv73n7dyubxc5/a8ddcddb-5d13-482d-92f1-249500225b37/progress/streamDetail?index=1&id=0&codec=eac3&type=audio&bitrate=576000&language=spa&channels=6&layout=5.1%28side%29&sampleRate=48000 (5 live) #164c 0ms 195 bytes (pipelined: 5) (range: bytes=0-) 
Mar 24, 2026 21:56:33.133 [281473183813856] DEBUG - Request: [127.0.0.1:54994 (Loopback)] PUT /video/:/transcode/session/vo56gwtsvkqvv73n7dyubxc5/a8ddcddb-5d13-482d-92f1-249500225b37/progress/streamDetail?index=2&id=0&codec=ac3&type=audio&bitrate=640000&language=spa&channels=6&layout=5.1%28side%29&sampleRate=48000&disp_default=1 (5 live) #164d Signed-in Token (oscaarp) (range: bytes=0-) 
Mar 24, 2026 21:56:33.133 [281473219735776] DEBUG - Completed: [127.0.0.1:54994] 200 PUT /video/:/transcode/session/vo56gwtsvkqvv73n7dyubxc5/a8ddcddb-5d13-482d-92f1-249500225b37/progress/streamDetail?index=2&id=0&codec=ac3&type=audio&bitrate=640000&language=spa&channels=6&layout=5.1%28side%29&sampleRate=48000&disp_default=1 (5 live) #164d 0ms 195 bytes (pipelined: 6) (range: bytes=0-) 
Mar 24, 2026 21:56:33.133 [281473175224544] DEBUG - Request: [127.0.0.1:54994 (Loopback)] PUT /video/:/transcode/session/vo56gwtsvkqvv73n7dyubxc5/a8ddcddb-5d13-482d-92f1-249500225b37/progress/streamDetail?index=3&id=0&codec=subrip&type=subtitle&language=spa (5 live) #164e Signed-in Token (oscaarp) (range: bytes=0-) 
Mar 24, 2026 21:56:33.136 [281473221845216] DEBUG - Completed: [127.0.0.1:54994] 200 PUT /video/:/transcode/session/vo56gwtsvkqvv73n7dyubxc5/a8ddcddb-5d13-482d-92f1-249500225b37/progress/streamDetail?index=3&id=0&codec=subrip&type=subtitle&language=spa (5 live) #164e 3ms 195 bytes (pipelined: 7) (range: bytes=0-) 
Mar 24, 2026 21:56:33.138 [281473183813856] DEBUG - Request: [127.0.0.1:54994 (Loopback)] PUT /video/:/transcode/session/vo56gwtsvkqvv73n7dyubxc5/a8ddcddb-5d13-482d-92f1-249500225b37/progress?duration=6739.580000 (5 live) #164f Signed-in Token (oscaarp) (range: bytes=0-) 
Mar 24, 2026 21:56:33.138 [281473219735776] DEBUG - Completed: [127.0.0.1:54994] 204 PUT /video/:/transcode/session/vo56gwtsvkqvv73n7dyubxc5/a8ddcddb-5d13-482d-92f1-249500225b37/progress?duration=6739.580000 (5 live) #164f 0ms 203 bytes (pipelined: 8) (range: bytes=0-) 
Mar 24, 2026 21:56:33.138 [281473185923296] DEBUG - [Req#1642/Transcode] Started session successfully: vo56gwtsvkqvv73n7dyubxc5
Mar 24, 2026 21:56:33.138 [281473175224544] DEBUG - Request: [127.0.0.1:54994 (Loopback)] PUT /video/:/transcode/session/vo56gwtsvkqvv73n7dyubxc5/a8ddcddb-5d13-482d-92f1-249500225b37/progress?width=1920&height=1080 (5 live) #1650 Signed-in Token (oscaarp) (range: bytes=0-) 
Mar 24, 2026 21:56:33.139 [281473219735776] DEBUG - Completed: [127.0.0.1:54994] 206 PUT /video/:/transcode/session/vo56gwtsvkqvv73n7dyubxc5/a8ddcddb-5d13-482d-92f1-249500225b37/progress?width=1920&height=1080 (5 live) #1650 0ms 355 bytes (pipelined: 9) (range: bytes=0-) 
Mar 24, 2026 21:56:33.139 [281473219735776] DEBUG - Completed: [192.168.147.1:33896] 200 GET /video/:/transcode/universal/start.mpd?hasMDE=1&path=%2Flibrary%2Fmetadata%2F1&mediaIndex=0&partIndex=0&protocol=dash&fastSeek=1&directPlay=0&directStream=1&subtitleSize=100&audioBoost=100&location=lan&addDebugOverlay=0&autoAdjustQuality=0&directStreamAudio=0&mediaBufferSize=102400&session=vo56gwtsvkqvv73n7dyubxc5&subtitles=burn&Accept-Language=es (5 live) #1642 GZIP 118ms 1081 bytes (pipelined: 3)
Mar 24, 2026 21:56:33.214 [281473175224544] DEBUG - Request: [192.168.147.1:26862 (Subnet)] GET /status/sessions (5 live) #1645 GZIP Signed-in Token (oscaarp)
Mar 24, 2026 21:56:33.214 [281473175224544] DEBUG - [Req#1645] [Now] Adding 1 sessions.
Mar 24, 2026 21:56:33.215 [281473219735776] DEBUG - Completed: [192.168.147.1:26862] 200 GET /status/sessions (5 live) #1645 GZIP 0ms 478 bytes (pipelined: 3)
Mar 24, 2026 21:56:33.235 [281473185923296] DEBUG - [Req#1648/Transcode/vo56gwtsvkqvv73n7dyubxc5/a8ddcddb-5d13-482d-92f1-249500225b37] Transcoder segment range: 0 - 0 (0)
Mar 24, 2026 21:56:33.265 [281473183813856] DEBUG - Request: [192.168.147.1:33896 (Subnet)] GET /video/:/transcode/universal/session/vo56gwtsvkqvv73n7dyubxc5/1/header (5 live) #1654 GZIP Signed-in
Mar 24, 2026 21:56:33.265 [281473183813856] DEBUG - [Req#1654/Transcode/vo56gwtsvkqvv73n7dyubxc5] Exists("/config/Library/Application Support/Plex Media Server/Cache/Transcode/Sessions/plex-transcode-vo56gwtsvkqvv73n7dyubxc5-a8ddcddb-5d13-482d-92f1-249500225b37/init-stream1.m4s") => 1
Mar 24, 2026 21:56:33.265 [281473183813856] DEBUG - Content-Length of /config/Library/Application Support/Plex Media Server/Cache/Transcode/Sessions/plex-transcode-vo56gwtsvkqvv73n7dyubxc5-a8ddcddb-5d13-482d-92f1-249500225b37/init-stream1.m4s is 765 (of total: 765).
Mar 24, 2026 21:56:33.266 [281473219735776] DEBUG - Completed: [192.168.147.1:33896] 200 GET /video/:/transcode/universal/session/vo56gwtsvkqvv73n7dyubxc5/1/header (5 live) #1654 GZIP 0ms 765 bytes (pipelined: 4)
Mar 24, 2026 21:56:33.266 [281473175224544] DEBUG - Request: [192.168.147.1:26862 (Subnet)] GET /video/:/transcode/universal/session/vo56gwtsvkqvv73n7dyubxc5/0/header (5 live) #1656 GZIP Signed-in
Mar 24, 2026 21:56:33.267 [281473175224544] DEBUG - [Req#1656/Transcode/vo56gwtsvkqvv73n7dyubxc5] Exists("/config/Library/Application Support/Plex Media Server/Cache/Transcode/Sessions/plex-transcode-vo56gwtsvkqvv73n7dyubxc5-a8ddcddb-5d13-482d-92f1-249500225b37/init-stream0.m4s") => 1
Mar 24, 2026 21:56:33.267 [281473175224544] DEBUG - Content-Length of /config/Library/Application Support/Plex Media Server/Cache/Transcode/Sessions/plex-transcode-vo56gwtsvkqvv73n7dyubxc5-a8ddcddb-5d13-482d-92f1-249500225b37/init-stream0.m4s is 830 (of total: 830).
Mar 24, 2026 21:56:33.267 [281473219735776] DEBUG - Completed: [192.168.147.1:26862] 200 GET /video/:/transcode/universal/session/vo56gwtsvkqvv73n7dyubxc5/0/header (5 live) #1656 GZIP 0ms 830 bytes (pipelined: 4)
Mar 24, 2026 21:56:33.320 [281473185923296] DEBUG - [Req#1657/Transcode/vo56gwtsvkqvv73n7dyubxc5/a8ddcddb-5d13-482d-92f1-249500225b37] Transcoder segment range: 0 - 1 (1)
Mar 24, 2026 21:56:33.328 [281473183813856] DEBUG - Request: [192.168.147.1:33896 (Subnet)] GET /video/:/transcode/universal/session/vo56gwtsvkqvv73n7dyubxc5/0/2.m4s (5 live) #1659 GZIP Signed-in
Mar 24, 2026 21:56:33.328 [281473183813856] DEBUG - [Req#1659/Transcode/vo56gwtsvkqvv73n7dyubxc5] Asked for segment 2 from session.
Mar 24, 2026 21:56:33.329 [281473175224544] DEBUG - Request: [192.168.147.1:26862 (Subnet)] GET /video/:/transcode/universal/session/vo56gwtsvkqvv73n7dyubxc5/1/2.m4s (5 live) #165a GZIP Signed-in
Mar 24, 2026 21:56:33.329 [281473175224544] DEBUG - [Req#165a/Transcode/vo56gwtsvkqvv73n7dyubxc5] Asked for segment 2 from session.
Mar 24, 2026 21:56:33.434 [281473185923296] DEBUG - [Req#165b/Transcode/vo56gwtsvkqvv73n7dyubxc5/a8ddcddb-5d13-482d-92f1-249500225b37] Transcoder segment range: 0 - 2 (2)
Mar 24, 2026 21:56:33.529 [281473183813856] DEBUG - [Req#1659/Transcode/vo56gwtsvkqvv73n7dyubxc5] Returning segment 2 from session
Mar 24, 2026 21:56:33.529 [281473183813856] DEBUG - Content-Length of /config/Library/Application Support/Plex Media Server/Cache/Transcode/Sessions/plex-transcode-vo56gwtsvkqvv73n7dyubxc5-a8ddcddb-5d13-482d-92f1-249500225b37/init-stream0.m4s,/config/Library/Application Support/Plex Media Server/Cache/Transcode/Sessions/plex-transcode-vo56gwtsvkqvv73n7dyubxc5-a8ddcddb-5d13-482d-92f1-249500225b37/chunk-stream0-00003.m4s is 440253 (of total: 440253).
Mar 24, 2026 21:56:33.529 [281473175224544] DEBUG - [Req#165a/Transcode/vo56gwtsvkqvv73n7dyubxc5] Returning segment 2 from session
Mar 24, 2026 21:56:33.529 [281473175224544] DEBUG - Content-Length of /config/Library/Application Support/Plex Media Server/Cache/Transcode/Sessions/plex-transcode-vo56gwtsvkqvv73n7dyubxc5-a8ddcddb-5d13-482d-92f1-249500225b37/init-stream1.m4s,/config/Library/Application Support/Plex Media Server/Cache/Transcode/Sessions/plex-transcode-vo56gwtsvkqvv73n7dyubxc5-a8ddcddb-5d13-482d-92f1-249500225b37/chunk-stream1-00003.m4s is 153793 (of total: 153793).
Mar 24, 2026 21:56:33.530 [281473221845216] DEBUG - Completed: [192.168.147.1:26862] 200 GET /video/:/transcode/universal/session/vo56gwtsvkqvv73n7dyubxc5/1/2.m4s (6 live) #165a GZIP 201ms 153793 bytes (pipelined: 5)
Mar 24, 2026 21:56:33.531 [281473219735776] DEBUG - Completed: [192.168.147.1:33896] 200 GET /video/:/transcode/universal/session/vo56gwtsvkqvv73n7dyubxc5/0/2.m4s (6 live) #1659 GZIP 203ms 440253 bytes (pipelined: 5)
Mar 24, 2026 21:56:33.570 [281473185923296] DEBUG - Request: [192.168.147.1:26862 (Subnet)] GET /video/:/transcode/universal/session/vo56gwtsvkqvv73n7dyubxc5/0/3.m4s (6 live) #165e GZIP Signed-in
Mar 24, 2026 21:56:33.570 [281473185923296] DEBUG - [Req#165e/Transcode/vo56gwtsvkqvv73n7dyubxc5] Asked for segment 3 from session.
Mar 24, 2026 21:56:33.572 [281473183813856] DEBUG - Request: [192.168.147.1:33896 (Subnet)] GET /video/:/transcode/universal/session/vo56gwtsvkqvv73n7dyubxc5/1/3.m4s (6 live) #165f GZIP Signed-in
Mar 24, 2026 21:56:33.572 [281473183813856] DEBUG - [Req#165f/Transcode/vo56gwtsvkqvv73n7dyubxc5] Asked for segment 3 from session.
Mar 24, 2026 21:56:33.588 [281473175224544] DEBUG - [Req#165d/Transcode/vo56gwtsvkqvv73n7dyubxc5/a8ddcddb-5d13-482d-92f1-249500225b37] Transcoder segment range: 0 - 3 (3)
Mar 24, 2026 21:56:33.672 [281473183813856] DEBUG - [Req#165f/Transcode/vo56gwtsvkqvv73n7dyubxc5] Returning segment 3 from session
Mar 24, 2026 21:56:33.672 [281473183813856] DEBUG - Content-Length of /config/Library/Application Support/Plex Media Server/Cache/Transcode/Sessions/plex-transcode-vo56gwtsvkqvv73n7dyubxc5-a8ddcddb-5d13-482d-92f1-249500225b37/init-stream1.m4s,/config/Library/Application Support/Plex Media Server/Cache/Transcode/Sessions/plex-transcode-vo56gwtsvkqvv73n7dyubxc5-a8ddcddb-5d13-482d-92f1-249500225b37/chunk-stream1-00004.m4s is 143639 (of total: 143639).
Mar 24, 2026 21:56:33.672 [281473185923296] DEBUG - [Req#165e/Transcode/vo56gwtsvkqvv73n7dyubxc5] Returning segment 3 from session
Mar 24, 2026 21:56:33.672 [281473185923296] DEBUG - Content-Length of /config/Library/Application Support/Plex Media Server/Cache/Transcode/Sessions/plex-transcode-vo56gwtsvkqvv73n7dyubxc5-a8ddcddb-5d13-482d-92f1-249500225b37/init-stream0.m4s,/config/Library/Application Support/Plex Media Server/Cache/Transcode/Sessions/plex-transcode-vo56gwtsvkqvv73n7dyubxc5-a8ddcddb-5d13-482d-92f1-249500225b37/chunk-stream0-00004.m4s is 1323808 (of total: 1323808).
Mar 24, 2026 21:56:33.673 [281473221845216] DEBUG - Completed: [192.168.147.1:33896] 200 GET /video/:/transcode/universal/session/vo56gwtsvkqvv73n7dyubxc5/1/3.m4s (6 live) #165f GZIP 100ms 143639 bytes (pipelined: 6)
Mar 24, 2026 21:56:33.675 [281473219735776] DEBUG - Completed: [192.168.147.1:26862] 200 GET /video/:/transcode/universal/session/vo56gwtsvkqvv73n7dyubxc5/0/3.m4s (6 live) #165e GZIP 105ms 1323808 bytes (pipelined: 6)
Mar 24, 2026 21:56:33.703 [281473175224544] DEBUG - [Req#1660/Transcode/vo56gwtsvkqvv73n7dyubxc5/a8ddcddb-5d13-482d-92f1-249500225b37] Transcoder segment range: 0 - 4 (4)
Mar 24, 2026 21:56:33.723 [281473183813856] DEBUG - Request: [192.168.147.1:33896 (Subnet)] GET /video/:/transcode/universal/session/vo56gwtsvkqvv73n7dyubxc5/1/4.m4s (6 live) #1663 GZIP Signed-in
Mar 24, 2026 21:56:33.723 [281473183813856] DEBUG - [Req#1663/Transcode/vo56gwtsvkqvv73n7dyubxc5] Asked for segment 4 from session.
Mar 24, 2026 21:56:33.723 [281473183813856] DEBUG - [Req#1663/Transcode/vo56gwtsvkqvv73n7dyubxc5] Returning segment 4 from session
Mar 24, 2026 21:56:33.723 [281473183813856] DEBUG - Content-Length of /config/Library/Application Support/Plex Media Server/Cache/Transcode/Sessions/plex-transcode-vo56gwtsvkqvv73n7dyubxc5-a8ddcddb-5d13-482d-92f1-249500225b37/init-stream1.m4s,/config/Library/Application Support/Plex Media Server/Cache/Transcode/Sessions/plex-transcode-vo56gwtsvkqvv73n7dyubxc5-a8ddcddb-5d13-482d-92f1-249500225b37/chunk-stream1-00005.m4s is 172270 (of total: 172270).
Mar 24, 2026 21:56:33.723 [281473219735776] DEBUG - Completed: [192.168.147.1:33896] 200 GET /video/:/transcode/universal/session/vo56gwtsvkqvv73n7dyubxc5/1/4.m4s (6 live) #1663 GZIP 0ms 172270 bytes (pipelined: 7)
Mar 24, 2026 21:56:33.726 [281473185923296] DEBUG - Request: [192.168.147.1:26862 (Subnet)] GET /video/:/transcode/universal/session/vo56gwtsvkqvv73n7dyubxc5/0/4.m4s (6 live) #1664 GZIP Signed-in
Mar 24, 2026 21:56:33.726 [281473185923296] DEBUG - [Req#1664/Transcode/vo56gwtsvkqvv73n7dyubxc5] Asked for segment 4 from session.
Mar 24, 2026 21:56:33.726 [281473185923296] DEBUG - [Req#1664/Transcode/vo56gwtsvkqvv73n7dyubxc5] Returning segment 4 from session
Mar 24, 2026 21:56:33.726 [281473185923296] DEBUG - Content-Length of /config/Library/Application Support/Plex Media Server/Cache/Transcode/Sessions/plex-transcode-vo56gwtsvkqvv73n7dyubxc5-a8ddcddb-5d13-482d-92f1-249500225b37/init-stream0.m4s,/config/Library/Application Support/Plex Media Server/Cache/Transcode/Sessions/plex-transcode-vo56gwtsvkqvv73n7dyubxc5-a8ddcddb-5d13-482d-92f1-249500225b37/chunk-stream0-00005.m4s is 2940523 (of total: 2940523).
Mar 24, 2026 21:56:33.730 [281473219735776] DEBUG - Completed: [192.168.147.1:26862] 200 GET /video/:/transcode/universal/session/vo56gwtsvkqvv73n7dyubxc5/0/4.m4s (6 live) #1664 GZIP 3ms 2940523 bytes (pipelined: 7)
Mar 24, 2026 21:56:33.732 [281473175224544] DEBUG - Request: [192.168.147.1:33896 (Subnet)] GET /video/:/transcode/universal/session/vo56gwtsvkqvv73n7dyubxc5/1/5.m4s (6 live) #1667 GZIP Signed-in
Mar 24, 2026 21:56:33.732 [281473175224544] DEBUG - [Req#1667/Transcode/vo56gwtsvkqvv73n7dyubxc5] Asked for segment 5 from session.
Mar 24, 2026 21:56:33.823 [281473183813856] DEBUG - Request: [192.168.147.1:26862 (Subnet)] GET /video/:/transcode/universal/session/vo56gwtsvkqvv73n7dyubxc5/0/5.m4s (6 live) #1668 GZIP Signed-in
Mar 24, 2026 21:56:33.823 [281473183813856] DEBUG - [Req#1668/Transcode/vo56gwtsvkqvv73n7dyubxc5] Asked for segment 5 from session.
Mar 24, 2026 21:56:33.891 [281473185923296] DEBUG - [Req#1665/Transcode/vo56gwtsvkqvv73n7dyubxc5/a8ddcddb-5d13-482d-92f1-249500225b37] Transcoder segment range: 0 - 5 (5)
Mar 24, 2026 21:56:33.924 [281473183813856] DEBUG - [Req#1668/Transcode/vo56gwtsvkqvv73n7dyubxc5] Returning segment 5 from session
Mar 24, 2026 21:56:33.924 [281473183813856] DEBUG - Content-Length of /config/Library/Application Support/Plex Media Server/Cache/Transcode/Sessions/plex-transcode-vo56gwtsvkqvv73n7dyubxc5-a8ddcddb-5d13-482d-92f1-249500225b37/init-stream0.m4s,/config/Library/Application Support/Plex Media Server/Cache/Transcode/Sessions/plex-transcode-vo56gwtsvkqvv73n7dyubxc5-a8ddcddb-5d13-482d-92f1-249500225b37/chunk-stream0-00006.m4s is 613379 (of total: 613379).
Mar 24, 2026 21:56:33.925 [281473221845216] DEBUG - Completed: [192.168.147.1:26862] 200 GET /video/:/transcode/universal/session/vo56gwtsvkqvv73n7dyubxc5/0/5.m4s (6 live) #1668 GZIP 102ms 613379 bytes (pipelined: 8)
Mar 24, 2026 21:56:33.932 [281473175224544] DEBUG - [Req#1667/Transcode/vo56gwtsvkqvv73n7dyubxc5] Returning segment 5 from session
Mar 24, 2026 21:56:33.933 [281473175224544] DEBUG - Content-Length of /config/Library/Application Support/Plex Media Server/Cache/Transcode/Sessions/plex-transcode-vo56gwtsvkqvv73n7dyubxc5-a8ddcddb-5d13-482d-92f1-249500225b37/init-stream1.m4s,/config/Library/Application Support/Plex Media Server/Cache/Transcode/Sessions/plex-transcode-vo56gwtsvkqvv73n7dyubxc5-a8ddcddb-5d13-482d-92f1-249500225b37/chunk-stream1-00006.m4s is 118389 (of total: 118389).
Mar 24, 2026 21:56:33.933 [281473221845216] DEBUG - Completed: [192.168.147.1:33896] 200 GET /video/:/transcode/universal/session/vo56gwtsvkqvv73n7dyubxc5/1/5.m4s (6 live) #1667 GZIP 200ms 118389 bytes (pipelined: 8)
Mar 24, 2026 21:56:33.945 [281473185923296] DEBUG - Request: [192.168.147.1:26862 (Subnet)] GET /video/:/transcode/universal/session/vo56gwtsvkqvv73n7dyubxc5/1/6.m4s (6 live) #166b GZIP Signed-in
Mar 24, 2026 21:56:33.945 [281473185923296] DEBUG - [Req#166b/Transcode/vo56gwtsvkqvv73n7dyubxc5] Asked for segment 6 from session.
Mar 24, 2026 21:56:33.946 [281473183813856] DEBUG - Request: [192.168.147.1:33896 (Subnet)] GET /video/:/transcode/universal/session/vo56gwtsvkqvv73n7dyubxc5/0/6.m4s (6 live) #166c GZIP Signed-in
Mar 24, 2026 21:56:33.946 [281473183813856] DEBUG - [Req#166c/Transcode/vo56gwtsvkqvv73n7dyubxc5] Asked for segment 6 from session.
Mar 24, 2026 21:56:33.990 [281473175224544] DEBUG - [Req#1669/Transcode/vo56gwtsvkqvv73n7dyubxc5/a8ddcddb-5d13-482d-92f1-249500225b37] Transcoder segment range: 0 - 6 (6)
Mar 24, 2026 21:56:34.045 [281473185923296] DEBUG - [Req#166b/Transcode/vo56gwtsvkqvv73n7dyubxc5] Returning segment 6 from session
Mar 24, 2026 21:56:34.046 [281473185923296] DEBUG - Content-Length of /config/Library/Application Support/Plex Media Server/Cache/Transcode/Sessions/plex-transcode-vo56gwtsvkqvv73n7dyubxc5-a8ddcddb-5d13-482d-92f1-249500225b37/init-stream1.m4s,/config/Library/Application Support/Plex Media Server/Cache/Transcode/Sessions/plex-transcode-vo56gwtsvkqvv73n7dyubxc5-a8ddcddb-5d13-482d-92f1-249500225b37/chunk-stream1-00007.m4s is 152549 (of total: 152549).
Mar 24, 2026 21:56:34.046 [281473183813856] DEBUG - [Req#166c/Transcode/vo56gwtsvkqvv73n7dyubxc5] Returning segment 6 from session
Mar 24, 2026 21:56:34.046 [281473183813856] DEBUG - Content-Length of /config/Library/Application Support/Plex Media Server/Cache/Transcode/Sessions/plex-transcode-vo56gwtsvkqvv73n7dyubxc5-a8ddcddb-5d13-482d-92f1-249500225b37/init-stream0.m4s,/config/Library/Application Support/Plex Media Server/Cache/Transcode/Sessions/plex-transcode-vo56gwtsvkqvv73n7dyubxc5-a8ddcddb-5d13-482d-92f1-249500225b37/chunk-stream0-00007.m4s is 607685 (of total: 607685).
Mar 24, 2026 21:56:34.046 [281473221845216] DEBUG - Completed: [192.168.147.1:26862] 200 GET /video/:/transcode/universal/session/vo56gwtsvkqvv73n7dyubxc5/1/6.m4s (6 live) #166b GZIP 101ms 152549 bytes (pipelined: 9)
Mar 24, 2026 21:56:34.047 [281473219735776] DEBUG - Completed: [192.168.147.1:33896] 200 GET /video/:/transcode/universal/session/vo56gwtsvkqvv73n7dyubxc5/0/6.m4s (6 live) #166c GZIP 101ms 607685 bytes (pipelined: 9)
Mar 24, 2026 21:56:34.085 [281473175224544] DEBUG - [Req#166d/Transcode/vo56gwtsvkqvv73n7dyubxc5/a8ddcddb-5d13-482d-92f1-249500225b37] Transcoder segment range: 0 - 7 (7)
Mar 24, 2026 21:56:34.129 [281473185923296] DEBUG - Request: [192.168.147.1:33896 (Subnet)] GET /video/:/transcode/universal/session/vo56gwtsvkqvv73n7dyubxc5/0/7.m4s (6 live) #1670 GZIP Signed-in
Mar 24, 2026 21:56:34.129 [281473185923296] DEBUG - [Req#1670/Transcode/vo56gwtsvkqvv73n7dyubxc5] Asked for segment 7 from session.
Mar 24, 2026 21:56:34.129 [281473185923296] DEBUG - [Req#1670/Transcode/vo56gwtsvkqvv73n7dyubxc5] Returning segment 7 from session
Mar 24, 2026 21:56:34.129 [281473185923296] DEBUG - Content-Length of /config/Library/Application Support/Plex Media Server/Cache/Transcode/Sessions/plex-transcode-vo56gwtsvkqvv73n7dyubxc5-a8ddcddb-5d13-482d-92f1-249500225b37/init-stream0.m4s,/config/Library/Application Support/Plex Media Server/Cache/Transcode/Sessions/plex-transcode-vo56gwtsvkqvv73n7dyubxc5-a8ddcddb-5d13-482d-92f1-249500225b37/chunk-stream0-00008.m4s is 421055 (of total: 421055).
Mar 24, 2026 21:56:34.130 [281473183813856] DEBUG - Request: [192.168.147.1:26862 (Subnet)] GET /video/:/transcode/universal/session/vo56gwtsvkqvv73n7dyubxc5/1/7.m4s (6 live) #166f GZIP Signed-in
Mar 24, 2026 21:56:34.130 [281473183813856] DEBUG - [Req#166f/Transcode/vo56gwtsvkqvv73n7dyubxc5] Asked for segment 7 from session.
Mar 24, 2026 21:56:34.130 [281473183813856] DEBUG - [Req#166f/Transcode/vo56gwtsvkqvv73n7dyubxc5] Returning segment 7 from session
Mar 24, 2026 21:56:34.130 [281473183813856] DEBUG - Content-Length of /config/Library/Application Support/Plex Media Server/Cache/Transcode/Sessions/plex-transcode-vo56gwtsvkqvv73n7dyubxc5-a8ddcddb-5d13-482d-92f1-249500225b37/init-stream1.m4s,/config/Library/Application Support/Plex Media Server/Cache/Transcode/Sessions/plex-transcode-vo56gwtsvkqvv73n7dyubxc5-a8ddcddb-5d13-482d-92f1-249500225b37/chunk-stream1-00008.m4s is 167658 (of total: 167658).
Mar 24, 2026 21:56:34.130 [281473221845216] DEBUG - Completed: [192.168.147.1:26862] 200 GET /video/:/transcode/universal/session/vo56gwtsvkqvv73n7dyubxc5/1/7.m4s (6 live) #166f GZIP 0ms 167658 bytes (pipelined: 10)
Mar 24, 2026 21:56:34.130 [281473219735776] DEBUG - Completed: [192.168.147.1:33896] 200 GET /video/:/transcode/universal/session/vo56gwtsvkqvv73n7dyubxc5/0/7.m4s (6 live) #1670 GZIP 1ms 421055 bytes (pipelined: 10)
Mar 24, 2026 21:56:34.143 [281473175224544] DEBUG - Request: [192.168.147.1:26862 (Subnet)] GET /video/:/transcode/universal/session/vo56gwtsvkqvv73n7dyubxc5/0/8.m4s (6 live) #1673 GZIP Signed-in
Mar 24, 2026 21:56:34.143 [281473175224544] DEBUG - [Req#1673/Transcode/vo56gwtsvkqvv73n7dyubxc5] Asked for segment 8 from session.
Mar 24, 2026 21:56:34.144 [281473185923296] DEBUG - Request: [192.168.147.1:33896 (Subnet)] GET /video/:/transcode/universal/session/vo56gwtsvkqvv73n7dyubxc5/1/8.m4s (6 live) #1674 GZIP Signed-in
Mar 24, 2026 21:56:34.144 [281473185923296] DEBUG - [Req#1674/Transcode/vo56gwtsvkqvv73n7dyubxc5] Asked for segment 8 from session.
Mar 24, 2026 21:56:34.175 [281473183813856] DEBUG - [Req#1671/Transcode/vo56gwtsvkqvv73n7dyubxc5/a8ddcddb-5d13-482d-92f1-249500225b37] Transcoder segment range: 0 - 8 (8)
Mar 24, 2026 21:56:34.248 [281473175224544] DEBUG - [Req#1673/Transcode/vo56gwtsvkqvv73n7dyubxc5] Returning segment 8 from session
Mar 24, 2026 21:56:34.248 [281473185923296] DEBUG - [Req#1674/Transcode/vo56gwtsvkqvv73n7dyubxc5] Returning segment 8 from session
Mar 24, 2026 21:56:34.248 [281473185923296] DEBUG - Content-Length of /config/Library/Application Support/Plex Media Server/Cache/Transcode/Sessions/plex-transcode-vo56gwtsvkqvv73n7dyubxc5-a8ddcddb-5d13-482d-92f1-249500225b37/init-stream1.m4s,/config/Library/Application Support/Plex Media Server/Cache/Transcode/Sessions/plex-transcode-vo56gwtsvkqvv73n7dyubxc5-a8ddcddb-5d13-482d-92f1-249500225b37/chunk-stream1-00009.m4s is 153370 (of total: 153370).
Mar 24, 2026 21:56:34.248 [281473175224544] DEBUG - Content-Length of /config/Library/Application Support/Plex Media Server/Cache/Transcode/Sessions/plex-transcode-vo56gwtsvkqvv73n7dyubxc5-a8ddcddb-5d13-482d-92f1-249500225b37/init-stream0.m4s,/config/Library/Application Support/Plex Media Server/Cache/Transcode/Sessions/plex-transcode-vo56gwtsvkqvv73n7dyubxc5-a8ddcddb-5d13-482d-92f1-249500225b37/chunk-stream0-00009.m4s is 458449 (of total: 458449).
Mar 24, 2026 21:56:34.249 [281473219735776] DEBUG - Completed: [192.168.147.1:33896] 200 GET /video/:/transcode/universal/session/vo56gwtsvkqvv73n7dyubxc5/1/8.m4s (6 live) #1674 GZIP 104ms 153370 bytes (pipelined: 11)
Mar 24, 2026 21:56:34.249 [281473221845216] DEBUG - Completed: [192.168.147.1:26862] 200 GET /video/:/transcode/universal/session/vo56gwtsvkqvv73n7dyubxc5/0/8.m4s (6 live) #1673 GZIP 106ms 458449 bytes (pipelined: 11)
Mar 24, 2026 21:56:34.262 [281473183813856] DEBUG - [Req#1676/Transcode/vo56gwtsvkqvv73n7dyubxc5/a8ddcddb-5d13-482d-92f1-249500225b37] Transcoder segment range: 0 - 9 (9)
Mar 24, 2026 21:56:34.268 [281473185923296] DEBUG - Request: [192.168.147.1:33896 (Subnet)] GET /video/:/transcode/universal/session/vo56gwtsvkqvv73n7dyubxc5/0/9.m4s (6 live) #1678 GZIP Signed-in
Mar 24, 2026 21:56:34.268 [281473185923296] DEBUG - [Req#1678/Transcode/vo56gwtsvkqvv73n7dyubxc5] Asked for segment 9 from session.
Mar 24, 2026 21:56:34.268 [281473185923296] DEBUG - [Req#1678/Transcode/vo56gwtsvkqvv73n7dyubxc5] Returning segment 9 from session
Mar 24, 2026 21:56:34.268 [281473185923296] DEBUG - Content-Length of /config/Library/Application Support/Plex Media Server/Cache/Transcode/Sessions/plex-transcode-vo56gwtsvkqvv73n7dyubxc5-a8ddcddb-5d13-482d-92f1-249500225b37/init-stream0.m4s,/config/Library/Application Support/Plex Media Server/Cache/Transcode/Sessions/plex-transcode-vo56gwtsvkqvv73n7dyubxc5-a8ddcddb-5d13-482d-92f1-249500225b37/chunk-stream0-00010.m4s is 530210 (of total: 530210).
Mar 24, 2026 21:56:34.269 [281473221845216] DEBUG - Completed: [192.168.147.1:33896] 200 GET /video/:/transcode/universal/session/vo56gwtsvkqvv73n7dyubxc5/0/9.m4s (6 live) #1678 GZIP 1ms 530210 bytes (pipelined: 12)
Mar 24, 2026 21:56:34.269 [281473175224544] DEBUG - Request: [192.168.147.1:26862 (Subnet)] GET /video/:/transcode/universal/session/vo56gwtsvkqvv73n7dyubxc5/1/9.m4s (6 live) #1679 GZIP Signed-in
Mar 24, 2026 21:56:34.269 [281473175224544] DEBUG - [Req#1679/Transcode/vo56gwtsvkqvv73n7dyubxc5] Asked for segment 9 from session.
Mar 24, 2026 21:56:34.269 [281473175224544] DEBUG - [Req#1679/Transcode/vo56gwtsvkqvv73n7dyubxc5] Returning segment 9 from session
Mar 24, 2026 21:56:34.269 [281473175224544] DEBUG - Content-Length of /config/Library/Application Support/Plex Media Server/Cache/Transcode/Sessions/plex-transcode-vo56gwtsvkqvv73n7dyubxc5-a8ddcddb-5d13-482d-92f1-249500225b37/init-stream1.m4s,/config/Library/Application Support/Plex Media Server/Cache/Transcode/Sessions/plex-transcode-vo56gwtsvkqvv73n7dyubxc5-a8ddcddb-5d13-482d-92f1-249500225b37/chunk-stream1-00010.m4s is 169985 (of total: 169985).
Mar 24, 2026 21:56:34.270 [281473219735776] DEBUG - Completed: [192.168.147.1:26862] 200 GET /video/:/transcode/universal/session/vo56gwtsvkqvv73n7dyubxc5/1/9.m4s (6 live) #1679 GZIP 0ms 169985 bytes (pipelined: 12)
Mar 24, 2026 21:56:34.350 [281473183813856] DEBUG - [Req#167a/Transcode/vo56gwtsvkqvv73n7dyubxc5/a8ddcddb-5d13-482d-92f1-249500225b37] Transcoder segment range: 0 - 10 (10)
Mar 24, 2026 21:56:34.381 [281473185923296] DEBUG - Request: [192.168.147.1:33896 (Subnet)] GET /video/:/transcode/universal/session/vo56gwtsvkqvv73n7dyubxc5/0/10.m4s (7 live) #167c GZIP Signed-in
Mar 24, 2026 21:56:34.381 [281473185923296] DEBUG - [Req#167c/Transcode/vo56gwtsvkqvv73n7dyubxc5] Asked for segment 10 from session.
Mar 24, 2026 21:56:34.381 [281473185923296] DEBUG - [Req#167c/Transcode/vo56gwtsvkqvv73n7dyubxc5] Returning segment 10 from session
Mar 24, 2026 21:56:34.381 [281473185923296] DEBUG - Content-Length of /config/Library/Application Support/Plex Media Server/Cache/Transcode/Sessions/plex-transcode-vo56gwtsvkqvv73n7dyubxc5-a8ddcddb-5d13-482d-92f1-249500225b37/init-stream0.m4s,/config/Library/Application Support/Plex Media Server/Cache/Transcode/Sessions/plex-transcode-vo56gwtsvkqvv73n7dyubxc5-a8ddcddb-5d13-482d-92f1-249500225b37/chunk-stream0-00011.m4s is 1427047 (of total: 1427047).
Mar 24, 2026 21:56:34.382 [281473175224544] DEBUG - Request: [192.168.147.1:26862 (Subnet)] GET /video/:/transcode/universal/session/vo56gwtsvkqvv73n7dyubxc5/1/10.m4s (7 live) #167d GZIP Signed-in
Mar 24, 2026 21:56:34.382 [281473175224544] DEBUG - [Req#167d/Transcode/vo56gwtsvkqvv73n7dyubxc5] Asked for segment 10 from session.
Mar 24, 2026 21:56:34.382 [281473175224544] DEBUG - [Req#167d/Transcode/vo56gwtsvkqvv73n7dyubxc5] Returning segment 10 from session
Mar 24, 2026 21:56:34.382 [281473175224544] DEBUG - Content-Length of /config/Library/Application Support/Plex Media Server/Cache/Transcode/Sessions/plex-transcode-vo56gwtsvkqvv73n7dyubxc5-a8ddcddb-5d13-482d-92f1-249500225b37/init-stream1.m4s,/config/Library/Application Support/Plex Media Server/Cache/Transcode/Sessions/plex-transcode-vo56gwtsvkqvv73n7dyubxc5-a8ddcddb-5d13-482d-92f1-249500225b37/chunk-stream1-00011.m4s is 153833 (of total: 153833).
Mar 24, 2026 21:56:34.383 [281473221845216] DEBUG - Completed: [192.168.147.1:33896] 200 GET /video/:/transcode/universal/session/vo56gwtsvkqvv73n7dyubxc5/0/10.m4s (7 live) #167c GZIP 1ms 1427047 bytes (pipelined: 13)
Mar 24, 2026 21:56:34.384 [281473221845216] DEBUG - Completed: [192.168.147.1:26862] 200 GET /video/:/transcode/universal/session/vo56gwtsvkqvv73n7dyubxc5/1/10.m4s (7 live) #167d GZIP 1ms 153833 bytes (pipelined: 13)
Mar 24, 2026 21:56:34.403 [281473183813856] DEBUG - Request: [192.168.147.1:33896 (Subnet)] GET /video/:/transcode/universal/session/vo56gwtsvkqvv73n7dyubxc5/0/11.m4s (7 live) #167f GZIP Signed-in
Mar 24, 2026 21:56:34.403 [281473183813856] DEBUG - [Req#167f/Transcode/vo56gwtsvkqvv73n7dyubxc5] Asked for segment 11 from session.
Mar 24, 2026 21:56:34.404 [281473185923296] DEBUG - Request: [192.168.147.1:26862 (Subnet)] GET /video/:/transcode/universal/session/vo56gwtsvkqvv73n7dyubxc5/1/11.m4s (7 live) #1680 GZIP Signed-in
Mar 24, 2026 21:56:34.404 [281473185923296] DEBUG - [Req#1680/Transcode/vo56gwtsvkqvv73n7dyubxc5] Asked for segment 11 from session.
Mar 24, 2026 21:56:34.439 [281473175224544] DEBUG - [Req#167e/Transcode/vo56gwtsvkqvv73n7dyubxc5/a8ddcddb-5d13-482d-92f1-249500225b37] Transcoder segment range: 0 - 11 (11)
Mar 24, 2026 21:56:34.503 [281473183813856] DEBUG - [Req#167f/Transcode/vo56gwtsvkqvv73n7dyubxc5] Returning segment 11 from session
Mar 24, 2026 21:56:34.503 [281473183813856] DEBUG - Content-Length of /config/Library/Application Support/Plex Media Server/Cache/Transcode/Sessions/plex-transcode-vo56gwtsvkqvv73n7dyubxc5-a8ddcddb-5d13-482d-92f1-249500225b37/init-stream0.m4s,/config/Library/Application Support/Plex Media Server/Cache/Transcode/Sessions/plex-transcode-vo56gwtsvkqvv73n7dyubxc5-a8ddcddb-5d13-482d-92f1-249500225b37/chunk-stream0-00012.m4s is 2512261 (of total: 2512261).
Mar 24, 2026 21:56:34.504 [281473185923296] DEBUG - [Req#1680/Transcode/vo56gwtsvkqvv73n7dyubxc5] Returning segment 11 from session
Mar 24, 2026 21:56:34.504 [281473185923296] DEBUG - Content-Length of /config/Library/Application Support/Plex Media Server/Cache/Transcode/Sessions/plex-transcode-vo56gwtsvkqvv73n7dyubxc5-a8ddcddb-5d13-482d-92f1-249500225b37/init-stream1.m4s,/config/Library/Application Support/Plex Media Server/Cache/Transcode/Sessions/plex-transcode-vo56gwtsvkqvv73n7dyubxc5-a8ddcddb-5d13-482d-92f1-249500225b37/chunk-stream1-00012.m4s is 147859 (of total: 147859).
Mar 24, 2026 21:56:34.505 [281473221845216] DEBUG - Completed: [192.168.147.1:26862] 200 GET /video/:/transcode/universal/session/vo56gwtsvkqvv73n7dyubxc5/1/11.m4s (7 live) #1680 GZIP 100ms 147859 bytes (pipelined: 14)
Mar 24, 2026 21:56:34.506 [281473219735776] DEBUG - Completed: [192.168.147.1:33896] 200 GET /video/:/transcode/universal/session/vo56gwtsvkqvv73n7dyubxc5/0/11.m4s (7 live) #167f GZIP 103ms 2512261 bytes (pipelined: 14)
Mar 24, 2026 21:56:34.548 [281473175224544] DEBUG - [Req#1681/Transcode/vo56gwtsvkqvv73n7dyubxc5/a8ddcddb-5d13-482d-92f1-249500225b37] Transcoder segment range: 0 - 12 (12)
Mar 24, 2026 21:56:34.618 [281473183813856] DEBUG - Request: [192.168.147.1:26862 (Subnet)] GET /video/:/transcode/universal/session/vo56gwtsvkqvv73n7dyubxc5/0/12.m4s (7 live) #1683 GZIP Signed-in
Mar 24, 2026 21:56:34.618 [281473183813856] DEBUG - [Req#1683/Transcode/vo56gwtsvkqvv73n7dyubxc5] Asked for segment 12 from session.
Mar 24, 2026 21:56:34.618 [281473183813856] DEBUG - [Req#1683/Transcode/vo56gwtsvkqvv73n7dyubxc5] Returning segment 12 from session
Mar 24, 2026 21:56:34.618 [281473183813856] DEBUG - Content-Length of /config/Library/Application Support/Plex Media Server/Cache/Transcode/Sessions/plex-transcode-vo56gwtsvkqvv73n7dyubxc5-a8ddcddb-5d13-482d-92f1-249500225b37/init-stream0.m4s,/config/Library/Application Support/Plex Media Server/Cache/Transcode/Sessions/plex-transcode-vo56gwtsvkqvv73n7dyubxc5-a8ddcddb-5d13-482d-92f1-249500225b37/chunk-stream0-00013.m4s is 2785028 (of total: 2785028).
Mar 24, 2026 21:56:34.619 [281473185923296] DEBUG - Request: [192.168.147.1:33896 (Subnet)] GET /video/:/transcode/universal/session/vo56gwtsvkqvv73n7dyubxc5/1/12.m4s (7 live) #1684 GZIP Signed-in
Mar 24, 2026 21:56:34.619 [281473185923296] DEBUG - [Req#1684/Transcode/vo56gwtsvkqvv73n7dyubxc5] Asked for segment 12 from session.
Mar 24, 2026 21:56:34.619 [281473185923296] DEBUG - [Req#1684/Transcode/vo56gwtsvkqvv73n7dyubxc5] Returning segment 12 from session
Mar 24, 2026 21:56:34.619 [281473185923296] DEBUG - Content-Length of /config/Library/Application Support/Plex Media Server/Cache/Transcode/Sessions/plex-transcode-vo56gwtsvkqvv73n7dyubxc5-a8ddcddb-5d13-482d-92f1-249500225b37/init-stream1.m4s,/config/Library/Application Support/Plex Media Server/Cache/Transcode/Sessions/plex-transcode-vo56gwtsvkqvv73n7dyubxc5-a8ddcddb-5d13-482d-92f1-249500225b37/chunk-stream1-00013.m4s is 161913 (of total: 161913).
Mar 24, 2026 21:56:34.620 [281473219735776] DEBUG - Completed: [192.168.147.1:33896] 200 GET /video/:/transcode/universal/session/vo56gwtsvkqvv73n7dyubxc5/1/12.m4s (7 live) #1684 GZIP 0ms 161913 bytes (pipelined: 15)
Mar 24, 2026 21:56:34.621 [281473221845216] DEBUG - Completed: [192.168.147.1:26862] 200 GET /video/:/transcode/universal/session/vo56gwtsvkqvv73n7dyubxc5/0/12.m4s (7 live) #1683 GZIP 3ms 2785028 bytes (pipelined: 15)
Mar 24, 2026 21:56:34.649 [281473175224544] DEBUG - [Req#1685/Transcode/vo56gwtsvkqvv73n7dyubxc5/a8ddcddb-5d13-482d-92f1-249500225b37] Transcoder segment range: 0 - 13 (13)
Mar 24, 2026 21:56:34.665 [281473185923296] DEBUG - Request: [192.168.147.1:33896 (Subnet)] GET /video/:/transcode/universal/session/vo56gwtsvkqvv73n7dyubxc5/1/13.m4s (8 live) #1687 GZIP Signed-in
Mar 24, 2026 21:56:34.665 [281473185923296] DEBUG - [Req#1687/Transcode/vo56gwtsvkqvv73n7dyubxc5] Asked for segment 13 from session.
Mar 24, 2026 21:56:34.665 [281473185923296] DEBUG - [Req#1687/Transcode/vo56gwtsvkqvv73n7dyubxc5] Returning segment 13 from session
Mar 24, 2026 21:56:34.665 [281473185923296] DEBUG - Content-Length of /config/Library/Application Support/Plex Media Server/Cache/Transcode/Sessions/plex-transcode-vo56gwtsvkqvv73n7dyubxc5-a8ddcddb-5d13-482d-92f1-249500225b37/init-stream1.m4s,/config/Library/Application Support/Plex Media Server/Cache/Transcode/Sessions/plex-transcode-vo56gwtsvkqvv73n7dyubxc5-a8ddcddb-5d13-482d-92f1-249500225b37/chunk-stream1-00014.m4s is 147770 (of total: 147770).
Mar 24, 2026 21:56:34.666 [281473221845216] DEBUG - Completed: [192.168.147.1:33896] 200 GET /video/:/transcode/universal/session/vo56gwtsvkqvv73n7dyubxc5/1/13.m4s (8 live) #1687 GZIP 0ms 147770 bytes (pipelined: 16)
Mar 24, 2026 21:56:34.666 [281473175224544] DEBUG - Request: [192.168.147.1:26862 (Subnet)] GET /video/:/transcode/universal/session/vo56gwtsvkqvv73n7dyubxc5/0/13.m4s (8 live) #1688 GZIP Signed-in
Mar 24, 2026 21:56:34.666 [281473175224544] DEBUG - [Req#1688/Transcode/vo56gwtsvkqvv73n7dyubxc5] Asked for segment 13 from session.
Mar 24, 2026 21:56:34.666 [281473175224544] DEBUG - [Req#1688/Transcode/vo56gwtsvkqvv73n7dyubxc5] Returning segment 13 from session
Mar 24, 2026 21:56:34.666 [281473175224544] DEBUG - Content-Length of /config/Library/Application Support/Plex Media Server/Cache/Transcode/Sessions/plex-transcode-vo56gwtsvkqvv73n7dyubxc5-a8ddcddb-5d13-482d-92f1-249500225b37/init-stream0.m4s,/config/Library/Application Support/Plex Media Server/Cache/Transcode/Sessions/plex-transcode-vo56gwtsvkqvv73n7dyubxc5-a8ddcddb-5d13-482d-92f1-249500225b37/chunk-stream0-00014.m4s is 2725855 (of total: 2725855).
Mar 24, 2026 21:56:34.668 [281473221845216] DEBUG - Completed: [192.168.147.1:26862] 200 GET /video/:/transcode/universal/session/vo56gwtsvkqvv73n7dyubxc5/0/13.m4s (8 live) #1688 GZIP 2ms 2725855 bytes (pipelined: 16)
Mar 24, 2026 21:56:34.686 [281473183813856] DEBUG - Request: [192.168.147.1:33896 (Subnet)] GET /video/:/transcode/universal/session/vo56gwtsvkqvv73n7dyubxc5/1/14.m4s (8 live) #168b GZIP Signed-in
Mar 24, 2026 21:56:34.686 [281473183813856] DEBUG - [Req#168b/Transcode/vo56gwtsvkqvv73n7dyubxc5] Asked for segment 14 from session.
Mar 24, 2026 21:56:34.689 [281473185923296] DEBUG - Request: [192.168.147.1:26862 (Subnet)] GET /video/:/transcode/universal/session/vo56gwtsvkqvv73n7dyubxc5/0/14.m4s (8 live) #168c GZIP Signed-in
Mar 24, 2026 21:56:34.689 [281473185923296] DEBUG - [Req#168c/Transcode/vo56gwtsvkqvv73n7dyubxc5] Asked for segment 14 from session.
Mar 24, 2026 21:56:34.771 [281473175224544] DEBUG - [Req#1689/Transcode/vo56gwtsvkqvv73n7dyubxc5/a8ddcddb-5d13-482d-92f1-249500225b37] Transcoder segment range: 0 - 14 (14)
Mar 24, 2026 21:56:34.787 [281473183813856] DEBUG - [Req#168b/Transcode/vo56gwtsvkqvv73n7dyubxc5] Returning segment 14 from session
Mar 24, 2026 21:56:34.787 [281473183813856] DEBUG - Content-Length of /config/Library/Application Support/Plex Media Server/Cache/Transcode/Sessions/plex-transcode-vo56gwtsvkqvv73n7dyubxc5-a8ddcddb-5d13-482d-92f1-249500225b37/init-stream1.m4s,/config/Library/Application Support/Plex Media Server/Cache/Transcode/Sessions/plex-transcode-vo56gwtsvkqvv73n7dyubxc5-a8ddcddb-5d13-482d-92f1-249500225b37/chunk-stream1-00015.m4s is 164713 (of total: 164713).
Mar 24, 2026 21:56:34.787 [281473221845216] DEBUG - Completed: [192.168.147.1:33896] 200 GET /video/:/transcode/universal/session/vo56gwtsvkqvv73n7dyubxc5/1/14.m4s (9 live) #168b GZIP 100ms 164713 bytes (pipelined: 17)
Mar 24, 2026 21:56:34.790 [281473185923296] DEBUG - [Req#168c/Transcode/vo56gwtsvkqvv73n7dyubxc5] Returning segment 14 from session
Mar 24, 2026 21:56:34.790 [281473185923296] DEBUG - Content-Length of /config/Library/Application Support/Plex Media Server/Cache/Transcode/Sessions/plex-transcode-vo56gwtsvkqvv73n7dyubxc5-a8ddcddb-5d13-482d-92f1-249500225b37/init-stream0.m4s,/config/Library/Application Support/Plex Media Server/Cache/Transcode/Sessions/plex-transcode-vo56gwtsvkqvv73n7dyubxc5-a8ddcddb-5d13-482d-92f1-249500225b37/chunk-stream0-00015.m4s is 2662002 (of total: 2662002).
Mar 24, 2026 21:56:34.792 [281473221845216] DEBUG - Completed: [192.168.147.1:26862] 200 GET /video/:/transcode/universal/session/vo56gwtsvkqvv73n7dyubxc5/0/14.m4s (9 live) #168c GZIP 102ms 2662002 bytes (pipelined: 17)
Mar 24, 2026 21:56:34.859 [281473175224544] DEBUG - [Req#168d/Transcode/vo56gwtsvkqvv73n7dyubxc5/a8ddcddb-5d13-482d-92f1-249500225b37] Transcoder segment range: 0 - 15 (15)
Mar 24, 2026 21:56:34.913 [281473183813856] DEBUG - Request: [192.168.147.1:33896 (Subnet)] GET /video/:/transcode/universal/session/vo56gwtsvkqvv73n7dyubxc5/1/15.m4s (9 live) #168e GZIP Signed-in
Mar 24, 2026 21:56:34.913 [281473183813856] DEBUG - [Req#168e/Transcode/vo56gwtsvkqvv73n7dyubxc5] Asked for segment 15 from session.
Mar 24, 2026 21:56:34.913 [281473183813856] DEBUG - [Req#168e/Transcode/vo56gwtsvkqvv73n7dyubxc5] Returning segment 15 from session
Mar 24, 2026 21:56:34.913 [281473183813856] DEBUG - Content-Length of /config/Library/Application Support/Plex Media Server/Cache/Transcode/Sessions/plex-transcode-vo56gwtsvkqvv73n7dyubxc5-a8ddcddb-5d13-482d-92f1-249500225b37/init-stream1.m4s,/config/Library/Application Support/Plex Media Server/Cache/Transcode/Sessions/plex-transcode-vo56gwtsvkqvv73n7dyubxc5-a8ddcddb-5d13-482d-92f1-249500225b37/chunk-stream1-00016.m4s is 146600 (of total: 146600).
Mar 24, 2026 21:56:34.913 [281473219735776] DEBUG - Completed: [192.168.147.1:33896] 200 GET /video/:/transcode/universal/session/vo56gwtsvkqvv73n7dyubxc5/1/15.m4s (9 live) #168e GZIP 0ms 146600 bytes (pipelined: 18)
Mar 24, 2026 21:56:34.913 [281473185923296] DEBUG - Request: [192.168.147.1:26862 (Subnet)] GET /video/:/transcode/universal/session/vo56gwtsvkqvv73n7dyubxc5/0/15.m4s (9 live) #168f GZIP Signed-in
Mar 24, 2026 21:56:34.914 [281473185923296] DEBUG - [Req#168f/Transcode/vo56gwtsvkqvv73n7dyubxc5] Asked for segment 15 from session.
Mar 24, 2026 21:56:34.914 [281473185923296] DEBUG - [Req#168f/Transcode/vo56gwtsvkqvv73n7dyubxc5] Returning segment 15 from session
Mar 24, 2026 21:56:34.914 [281473185923296] DEBUG - Content-Length of /config/Library/Application Support/Plex Media Server/Cache/Transcode/Sessions/plex-transcode-vo56gwtsvkqvv73n7dyubxc5-a8ddcddb-5d13-482d-92f1-249500225b37/init-stream0.m4s,/config/Library/Application Support/Plex Media Server/Cache/Transcode/Sessions/plex-transcode-vo56gwtsvkqvv73n7dyubxc5-a8ddcddb-5d13-482d-92f1-249500225b37/chunk-stream0-00016.m4s is 2614071 (of total: 2614071).
Mar 24, 2026 21:56:34.920 [281473221845216] DEBUG - Completed: [192.168.147.1:26862] 200 GET /video/:/transcode/universal/session/vo56gwtsvkqvv73n7dyubxc5/0/15.m4s (9 live) #168f GZIP 6ms 2614071 bytes (pipelined: 18)
Mar 24, 2026 21:56:34.936 [281473175224544] DEBUG - Request: [192.168.147.1:33896 (Subnet)] GET /video/:/transcode/universal/session/vo56gwtsvkqvv73n7dyubxc5/1/16.m4s (9 live) #1692 GZIP Signed-in
Mar 24, 2026 21:56:34.936 [281473175224544] DEBUG - [Req#1692/Transcode/vo56gwtsvkqvv73n7dyubxc5] Asked for segment 16 from session.
Mar 24, 2026 21:56:34.936 [281473183813856] DEBUG - Request: [192.168.147.1:26862 (Subnet)] GET /video/:/transcode/universal/session/vo56gwtsvkqvv73n7dyubxc5/0/16.m4s (9 live) #1693 GZIP Signed-in
Mar 24, 2026 21:56:34.936 [281473183813856] DEBUG - [Req#1693/Transcode/vo56gwtsvkqvv73n7dyubxc5] Asked for segment 16 from session.
Mar 24, 2026 21:56:34.995 [281473185923296] DEBUG - [Req#1690/Transcode/vo56gwtsvkqvv73n7dyubxc5/a8ddcddb-5d13-482d-92f1-249500225b37] Transcoder segment range: 0 - 16 (16)
Mar 24, 2026 21:56:35.038 [281473175224544] DEBUG - [Req#1692/Transcode/vo56gwtsvkqvv73n7dyubxc5] Returning segment 16 from session
Mar 24, 2026 21:56:35.039 [281473183813856] DEBUG - [Req#1693/Transcode/vo56gwtsvkqvv73n7dyubxc5] Returning segment 16 from session
Mar 24, 2026 21:56:35.039 [281473183813856] DEBUG - Content-Length of /config/Library/Application Support/Plex Media Server/Cache/Transcode/Sessions/plex-transcode-vo56gwtsvkqvv73n7dyubxc5-a8ddcddb-5d13-482d-92f1-249500225b37/init-stream0.m4s,/config/Library/Application Support/Plex Media Server/Cache/Transcode/Sessions/plex-transcode-vo56gwtsvkqvv73n7dyubxc5-a8ddcddb-5d13-482d-92f1-249500225b37/chunk-stream0-00017.m4s is 2844525 (of total: 2844525).
Mar 24, 2026 21:56:35.039 [281473175224544] DEBUG - Content-Length of /config/Library/Application Support/Plex Media Server/Cache/Transcode/Sessions/plex-transcode-vo56gwtsvkqvv73n7dyubxc5-a8ddcddb-5d13-482d-92f1-249500225b37/init-stream1.m4s,/config/Library/Application Support/Plex Media Server/Cache/Transcode/Sessions/plex-transcode-vo56gwtsvkqvv73n7dyubxc5-a8ddcddb-5d13-482d-92f1-249500225b37/chunk-stream1-00017.m4s is 163877 (of total: 163877).
Mar 24, 2026 21:56:35.039 [281473219735776] DEBUG - Completed: [192.168.147.1:33896] 200 GET /video/:/transcode/universal/session/vo56gwtsvkqvv73n7dyubxc5/1/16.m4s (9 live) #1692 GZIP 102ms 163877 bytes (pipelined: 19)
Mar 24, 2026 21:56:35.041 [281473219735776] DEBUG - Completed: [192.168.147.1:26862] 200 GET /video/:/transcode/universal/session/vo56gwtsvkqvv73n7dyubxc5/0/16.m4s (9 live) #1693 GZIP 105ms 2844525 bytes (pipelined: 19)
Mar 24, 2026 21:56:35.131 [281473175224544] DEBUG - [Req#1694/Transcode/vo56gwtsvkqvv73n7dyubxc5/a8ddcddb-5d13-482d-92f1-249500225b37] Transcoder segment range: 0 - 17 (17)
Mar 24, 2026 21:56:35.236 [281473185923296] DEBUG - [Req#1698/Transcode/vo56gwtsvkqvv73n7dyubxc5/a8ddcddb-5d13-482d-92f1-249500225b37] Transcoder segment range: 0 - 18 (18)
Mar 24, 2026 21:56:35.367 [281473183813856] DEBUG - [Req#169b/Transcode/vo56gwtsvkqvv73n7dyubxc5/a8ddcddb-5d13-482d-92f1-249500225b37] Transcoder segment range: 0 - 19 (19)
Mar 24, 2026 21:56:35.487 [281473185923296] DEBUG - [Req#169d/Transcode/vo56gwtsvkqvv73n7dyubxc5/a8ddcddb-5d13-482d-92f1-249500225b37] Transcoder segment range: 0 - 20 (20)
Mar 24, 2026 21:56:35.609 [281473175224544] DEBUG - [Req#169f/Transcode/vo56gwtsvkqvv73n7dyubxc5/a8ddcddb-5d13-482d-92f1-249500225b37] Transcoder segment range: 0 - 21 (21)
Mar 24, 2026 21:56:35.715 [281473185923296] DEBUG - [Req#16a1/Transcode/vo56gwtsvkqvv73n7dyubxc5/a8ddcddb-5d13-482d-92f1-249500225b37] Transcoder segment range: 0 - 22 (22)
Mar 24, 2026 21:56:35.801 [281473183813856] DEBUG - [Req#16a4/Transcode/vo56gwtsvkqvv73n7dyubxc5/a8ddcddb-5d13-482d-92f1-249500225b37] Transcoder segment range: 0 - 23 (23)
Mar 24, 2026 21:56:35.907 [281473175224544] DEBUG - [Req#16a6/Transcode/vo56gwtsvkqvv73n7dyubxc5/a8ddcddb-5d13-482d-92f1-249500225b37] Transcoder segment range: 0 - 24 (24)
Mar 24, 2026 21:56:36.020 [281473183813856] DEBUG - [Req#16a8/Transcode/vo56gwtsvkqvv73n7dyubxc5/a8ddcddb-5d13-482d-92f1-249500225b37] Transcoder segment range: 0 - 25 (25)
Mar 24, 2026 21:56:36.138 [281473185923296] DEBUG - [Req#16aa/Transcode/vo56gwtsvkqvv73n7dyubxc5/a8ddcddb-5d13-482d-92f1-249500225b37] Transcoder segment range: 0 - 26 (26)
Mar 24, 2026 21:56:36.259 [281473183813856] DEBUG - [Req#16ab/Transcode/vo56gwtsvkqvv73n7dyubxc5/a8ddcddb-5d13-482d-92f1-249500225b37] Transcoder segment range: 0 - 27 (27)
Mar 24, 2026 21:56:36.370 [281473185923296] DEBUG - [Req#16ae/Transcode/vo56gwtsvkqvv73n7dyubxc5/a8ddcddb-5d13-482d-92f1-249500225b37] Transcoder segment range: 0 - 28 (28)
Mar 24, 2026 21:56:36.452 [281473175224544] DEBUG - [Req#16b0/Transcode/vo56gwtsvkqvv73n7dyubxc5/a8ddcddb-5d13-482d-92f1-249500225b37] Transcoder segment range: 0 - 29 (29)
Mar 24, 2026 21:56:36.532 [281473183813856] DEBUG - [Req#16b2/Transcode/vo56gwtsvkqvv73n7dyubxc5/a8ddcddb-5d13-482d-92f1-249500225b37] Transcoder segment range: 0 - 30 (30)
Mar 24, 2026 21:56:36.620 [281473185923296] DEBUG - [Req#16b4/Transcode/vo56gwtsvkqvv73n7dyubxc5/a8ddcddb-5d13-482d-92f1-249500225b37] Transcoder segment range: 0 - 31 (31)
Mar 24, 2026 21:56:36.700 [281473175224544] DEBUG - [Req#16ad/Transcode/vo56gwtsvkqvv73n7dyubxc5/a8ddcddb-5d13-482d-92f1-249500225b37] Session vo56gwtsvkqvv73n7dyubxc5 (4) is throttling
Mar 24, 2026 21:56:36.701 [281473183813856] DEBUG - [Req#16b6/Transcode/vo56gwtsvkqvv73n7dyubxc5/a8ddcddb-5d13-482d-92f1-249500225b37] Throttle - Going into sloth mode.
Mar 24, 2026 21:56:41.073 [281473175224544] DEBUG - [Req#16b5/Transcode/vo56gwtsvkqvv73n7dyubxc5/a8ddcddb-5d13-482d-92f1-249500225b37] Transcoder segment range: 0 - 32 (32)
Mar 24, 2026 21:56:48.549 [281473183813856] DEBUG - Request: [192.168.147.1:62901 (Subnet)] GET /media/providers?includePreferences=1 (6 live) #16c9 GZIP Signed-in Token (oscaarp)
Mar 24, 2026 21:56:48.582 [281473221845216] DEBUG - Completed: [192.168.147.1:62901] 200 GET /media/providers?includePreferences=1 (6 live) #16c9 GZIP 32ms 8308 bytes (pipelined: 1)
Mar 24, 2026 21:56:48.687 [281473185923296] DEBUG - Request: [192.168.147.1:20633 (Subnet)] GET /media/providers?includePreferences=1 (7 live) #16db TLS GZIP Signed-in Token (oscaarp)
Mar 24, 2026 21:56:48.695 [281473221845216] DEBUG - Completed: [192.168.147.1:20633] 200 GET /media/providers?includePreferences=1 (7 live) #16db TLS GZIP 8ms 8308 bytes (pipelined: 1)
Mar 24, 2026 21:56:48.740 [281473175224544] DEBUG - Request: [192.168.147.1:48673 (Subnet)] GET /:/websockets/notifications (8 live) #16de GZIP Signed-in Token (oscaarp)
Mar 24, 2026 21:56:48.741 [281473175224544] DEBUG - WebSocket: Performing handshake from origin file://
Mar 24, 2026 21:56:48.741 [281473175224544] DEBUG - Beginning read from WebSocket
Mar 24, 2026 21:56:51.287 [281473183813856] DEBUG - Request: [192.168.147.1:62901 (Subnet)] GET /player/proxy/poll?deviceClass=pc&protocolVersion=2&protocolCapabilities=timeline%2Cplayback%2Cnavigation%2Cplayqueues%2Cprovider-playback&timeout=1 (8 live) #16dd GZIP Signed-in Token (oscaarp)
Mar 24, 2026 21:56:51.287 [281473183813856] DEBUG - [Req#16dd/CompanionProxy] registered new player: xam579evnt45h5kjfj02yqja (192.168.147.1)
Mar 24, 2026 21:57:01.373 [281473164636384] DEBUG - player xam579evnt45h5kjfj02yqja was last refreshed 10 seconds ago
Mar 24, 2026 21:57:09.691 [281473219735776] DEBUG - WebSocket: client initiated close
Mar 24, 2026 21:57:09.691 [281473219735776] DEBUG - handleStreamRead code 2: End of file
Mar 24, 2026 21:57:09.691 [281473219735776] DEBUG - NotificationStream: Removing because of error
Mar 24, 2026 21:57:09.691 [281473219735776] DEBUG - Completed after connection close: [192.168.147.1:48673] -3 GET /:/websockets/notifications (6 live) #16de GZIP 20950ms 3441 bytes
Mar 24, 2026 21:57:11.375 [281473151979744] DEBUG - player xam579evnt45h5kjfj02yqja was last refreshed 20 seconds ago
Mar 24, 2026 21:57:21.376 [281473132634336] DEBUG - player xam579evnt45h5kjfj02yqja was last refreshed 30 seconds ago
Mar 24, 2026 21:57:27.452 [281473175224544] DEBUG - [Req#16e1/Transcode/vo56gwtsvkqvv73n7dyubxc5/a8ddcddb-5d13-482d-92f1-249500225b37] Transcoder segment range: 0 - 33 (33)
Mar 24, 2026 21:57:31.381 [281473132634336] DEBUG - player xam579evnt45h5kjfj02yqja was last refreshed 40 seconds ago
Mar 24, 2026 21:57:31.381 [281473132634336] DEBUG - player xam579evnt45h5kjfj02yqja was not refreshed for over 30 seconds, dropping it.
Mar 24, 2026 21:57:31.382 [281473221845216] DEBUG - Completed: [192.168.147.1:62901] 204 GET /player/proxy/poll?deviceClass=pc&protocolVersion=2&protocolCapabilities=timeline%2Cplayback%2Cnavigation%2Cplayqueues%2Cprovider-playback&timeout=1 (4 live) #16dd GZIP 40095ms 203 bytes (pipelined: 2)
Mar 24, 2026 21:58:08.233 [281473183813856] DEBUG - [Req#174b/Transcode/vo56gwtsvkqvv73n7dyubxc5/a8ddcddb-5d13-482d-92f1-249500225b37] Transcoder segment range: 0 - 34 (34)
Mar 24, 2026 21:58:49.060 [281473175224544] DEBUG - [Req#17ad/Transcode/vo56gwtsvkqvv73n7dyubxc5/a8ddcddb-5d13-482d-92f1-249500225b37] Transcoder segment range: 0 - 35 (35)
Mar 24, 2026 21:59:31.118 [281473175224544] DEBUG - [Req#180e/Transcode/vo56gwtsvkqvv73n7dyubxc5/a8ddcddb-5d13-482d-92f1-249500225b37] Transcoder segment range: 0 - 36 (36)
Mar 24, 2026 21:59:36.741 [281473177452768] DEBUG - Shutting down idle session vo56gwtsvkqvv73n7dyubxc5 (idle time is 180 seconds)
Mar 24, 2026 21:59:36.741 [281473177452768] DEBUG - Killing job.
Mar 24, 2026 21:59:36.741 [281473177452768] DEBUG - Signalling job ID 475 with 9
Mar 24, 2026 21:59:36.741 [281473177452768] DEBUG - Job was already killed, not killing again.
Mar 24, 2026 21:59:36.741 [281473177452768] DEBUG - Stopping transcode session vo56gwtsvkqvv73n7dyubxc5
Mar 24, 2026 21:59:36.752 [281473132634336] DEBUG - Cleaning directory for session vo56gwtsvkqvv73n7dyubxc5 (/config/Library/Application Support/Plex Media Server/Cache/Transcode/Sessions/plex-transcode-vo56gwtsvkqvv73n7dyubxc5-a8ddcddb-5d13-482d-92f1-249500225b37)
Mar 24, 2026 21:59:36.754 [281473232089312] DEBUG - Jobs: '/usr/lib/plexmediaserver/Plex Transcoder' exit code for process 475 is -9 (signal: Killed)
Mar 24, 2026 21:59:36.782 [281473177452768] DEBUG - Transcoder: Cleaning old transcode directories.
Mar 24, 2026 21:59:36.782 [281473177452768] DEBUG - Whacked session vo56gwtsvkqvv73n7dyubxc5, 0 remaining.
Mar 24, 2026 21:59:36.783 [281473177452768] DEBUG - Killed 1 idle sessions out of a total of 1.
Mar 24, 2026 21:59:36.783 [281473177452768] DEBUG - Cleaning directory for session vo56gwtsvkqvv73n7dyubxc5 (/config/Library/Application Support/Plex Media Server/Cache/Transcode/Sessions/plex-transcode-vo56gwtsvkqvv73n7dyubxc5-a8ddcddb-5d13-482d-92f1-249500225b37)
Mar 24, 2026 21:59:36.783 [281473177452768] DEBUG - Deleting stale file "/run/plex-temp/pms-fc53ad29-caaf-4dcc-9343-1bee7a4f9643/EasyAudioEncoder/Convert to WAV (to 8ch or less)/vo56gwtsvkqvv73n7dyubxc5_475-0-306.ec3"
Mar 24, 2026 21:59:36.783 [281473177452768] DEBUG - Deleting stale file "/run/plex-temp/pms-fc53ad29-caaf-4dcc-9343-1bee7a4f9643/EasyAudioEncoder/Convert to WAV (to 8ch or less)/vo56gwtsvkqvv73n7dyubxc5_475-0-306.wav"
Mar 24, 2026 21:59:41.073 [281473164636384] DEBUG - [Now] Removing idle session for device vkjphyua8spggnvg82dvmqg3_Video.
Mar 24, 2026 21:59:41.073 [281473164636384] DEBUG - Statistics: (qjt50inxtzsqjpbem7hjo0tw) Reporting active playback in state 3 of type 1 (scrobble: 0) for account 1
Mar 24, 2026 21:59:45.915 [281473183813856] DEBUG - Request: [192.168.147.1:49339 (Subnet)] GET /status/sessions (3 live) #1871 GZIP Signed-in Token (oscaarp)
Mar 24, 2026 21:59:45.942 [281473183813856] DEBUG - [Req#1871] [Now] Adding 0 sessions.
Mar 24, 2026 21:59:45.953 [281473221845216] DEBUG - Completed: [192.168.147.1:49339] 200 GET /status/sessions (3 live) #1871 GZIP 38ms 478 bytes (pipelined: 1)
Mar 24, 2026 22:00:02.831 [281473136853216] DEBUG - [Req#1641/Transcode] Streaming Resource: Timing out session 0xffff95bb4038:vkjphyua8spggnvg82dvmqg3
Mar 24, 2026 22:00:02.839 [281473136853216] DEBUG - [Req#1641/Transcode] Streaming Resource: Terminated session 0xffff95bb4038:vkjphyua8spggnvg82dvmqg3 with reason Client stopped playback.
Mar 24, 2026 22:00:02.839 [281473136853216] DEBUG - [Req#1641/Transcode] Streaming Resource: Removing session 0xffff95bb4038:vkjphyua8spggnvg82dvmqg3
Mar 24, 2026 22:00:10.642 [281473132634336] DEBUG - Statistics: Flushing 4 expired bandwidth entries, 2 expired media entries.
Mar 24, 2026 22:00:29.372 [281473136853216] DEBUG - NetworkServiceBrowser: PLAYER departed after not being seen for 182.129056 seconds: 127.0.0.1
Mar 24, 2026 22:00:42.129 [281473151979744] DEBUG - [EventSourceClient/pubsub/139.162.158.105:443] Relay: cleaning up inactive relay connection to 139.162.158.15
Mar 24, 2026 22:04:14.628 [281473185923296] DEBUG - [ViewStateSync] Starting
Mar 24, 2026 22:04:14.644 [281473185923296] DEBUG - [ViewStateSync] No user tokens found; stopping
Mar 24, 2026 22:17:10.308 [281473232089312] DEBUG - Shutting down with signal 15 (Terminated)
Mar 24, 2026 22:17:10.339 [281473232089312] DEBUG - Ordered to stop server.
Mar 24, 2026 22:17:10.374 [281473232089312] DEBUG - [JobRunner] Job running: /usr/lib/plexmediaserver/CrashUploader --sessionStatus=exited --sessionStart=1774383805 --sessionDuration=3225 --version=1.43.0.10492-121068a07 --userId=oscaarpelagio@gmail.com --sentryUrl=https://o17675.ingest.sentry.io/api/1233455/ --sentryKey=xxxxxxxxxxxxxxxxxxxxxxxxxxxxxxxx
Mar 24, 2026 22:17:10.376 [281473232089312] DEBUG - [JobRunner] Jobs: Starting child process with pid 543
Mar 24, 2026 22:17:10.409 [281473332379680] DEBUG - Stopping server...
Mar 24, 2026 22:17:10.409 [281473332379680] DEBUG - HttpServer: Stopping server.
Mar 24, 2026 22:17:10.426 [281473151979744] DEBUG - MetadataItemClusterRequestHandler: a shutdown event has been received
Mar 24, 2026 22:17:10.426 [281473219735776] DEBUG - TranscodeJobManager: [Running] onServerShutdown
Mar 24, 2026 22:17:10.426 [281473219735776] DEBUG - TranscodeJobManager: [Running] -> [Shutdown]
Mar 24, 2026 22:17:10.426 [281473332379680] DEBUG - Server stopped.
Mar 24, 2026 22:17:10.426 [281473332379680] DEBUG - NetworkService: Stopping advertisement.
Mar 24, 2026 22:17:10.428 [281473332379680] DEBUG - Killing plug-ins.
Mar 24, 2026 22:17:10.446 [281473332379680] DEBUG - [com.plexapp.system] Killing.
Mar 24, 2026 22:17:10.450 [281473332379680] DEBUG - ChildProcessMonitor: Waiting for Plex Tuner Service to exit.
Mar 24, 2026 22:17:10.450 [281473332379680] DEBUG - [JobRunner] Signalling job ID 262 with 2
Mar 24, 2026 22:17:10.464 [281473232089312] WARN - JobManager: Could not find job for handle 213
Mar 24, 2026 22:17:10.553 [281473232089312] DEBUG - Jobs: '/usr/lib/plexmediaserver/Plex Tuner Service' exit code for process 262 is 0 (success)
Mar 24, 2026 22:17:10.553 [281473166754016] DEBUG - [ChildProcessMonitor] Plex Tuner Service exited.
Mar 24, 2026 22:17:10.553 [281473332379680] INFO - Killing process: Plex EAE Service (pid: 346)
Mar 24, 2026 22:17:10.553 [281473332379680] DEBUG - Killing job.
Mar 24, 2026 22:17:10.553 [281473332379680] DEBUG - Signalling job ID 346 with 9
Mar 24, 2026 22:17:10.557 [281473232089312] DEBUG - Jobs: '/config/Library/Application Support/Plex Media Server/Codecs/EasyAudioEncoder-0dd4de86f2b9bb8b9b397a90-linux-aarch64/EasyAudioEncoder/EasyAudioEncoder' exit code for process 346 is -9 (signal: Killed)
Mar 24, 2026 22:17:10.570 [281473332379680] DEBUG - Database: Shutting down.
Mar 24, 2026 22:17:10.629 [281473332379680] DEBUG - Database: Shutting down.
